mesaid,line,linetime,offwrist,activity,marker,whitelight,redlight,greenlight,bluelight,wake,interval,dayofweek,daybymidnight,daybynoon
1458,1,20:00:00,0,37.00,0,7.4800,0.4980,0.7040,0.1960,1,ACTIVE,6,1,1
1458,2,20:00:30,0,100.00,0,8.0500,0.4870,0.7680,0.2280,1,ACTIVE,6,1,1
1458,3,20:01:00,0,251.00,0,9.4600,0.5920,0.8940,0.2960,1,ACTIVE,6,1,1
1458,4,20:01:30,0,220.00,0,9.6200,0.9750,0.8370,0.1220,1,ACTIVE,6,1,1
1458,5,20:02:00,0,106.00,0,11.4400,0.7040,1.0900,0.3370,1,ACTIVE,6,1,1
1458,6,20:02:30,0,0.00,0,6.5500,0.4100,0.6180,0.2090,1,ACTIVE,6,1,1
1458,7,20:03:00,0,20.00,0,7.4200,0.4570,0.7040,0.2230,1,ACTIVE,6,1,1
1458,8,20:03:30,0,55.00,0,9.2100,0.5790,0.8750,0.2490,1,ACTIVE,6,1,1
1458,9,20:04:00,0,35.00,0,9.2400,0.5920,0.8750,0.2490,1,ACTIVE,6,1,1
1458,10,20:04:30,0,44.00,0,8.8900,0.5920,0.8370,0.2280,1,ACTIVE,6,1,1
1458,11,20:05:00,0,50.00,0,10.2800,0.5430,0.9960,0.3300,1,ACTIVE,6,1,1
1458,12,20:05:30,0,55.00,0,9.6100,0.4980,0.9330,0.3090,1,ACTIVE,6,1,1
1458,13,20:06:00,0,68.00,0,4.7200,0.4470,0.4190,0.0596,1,ACTIVE,6,1,1
1458,14,20:06:30,0,124.00,0,7.9800,0.4470,0.7680,0.2490,1,ACTIVE,6,1,1
1458,15,20:07:00,0,77.00,0,7.1300,0.2900,0.7040,0.2960,1,ACTIVE,6,1,1
1458,16,20:07:30,0,115.00,0,9.1800,0.4470,0.8940,0.3370,1,ACTIVE,6,1,1
1458,17,20:08:00,0,48.00,0,5.4900,0.3920,0.5090,0.1510,1,ACTIVE,6,1,1
1458,18,20:08:30,0,83.00,0,6.5700,0.4370,0.6180,0.1760,1,ACTIVE,6,1,1
1458,19,20:09:00,0,68.00,0,6.5700,0.4370,0.6180,0.1760,1,ACTIVE,6,1,1
1458,20,20:09:30,0,93.00,0,3.3300,0.3370,0.2900,0.0412,1,ACTIVE,6,1,1
1458,21,20:10:00,0,186.00,0,1.5500,0.1450,0.1390,0.0162,1,ACTIVE,6,1,1
1458,22,20:10:30,0,186.00,0,10.4100,2.4700,0.5550,0.0740,1,ACTIVE,6,1,1
1458,23,20:11:00,0,315.00,0,3.5600,0.4470,0.2900,0.0298,1,ACTIVE,6,1,1
1458,24,20:11:30,0,383.00,0,5.4000,0.6890,0.4370,0.0460,1,ACTIVE,6,1,1
1458,25,20:12:00,0,305.00,0,19.9500,2.3200,1.6700,0.1480,1,ACTIVE,6,1,1
1458,26,20:12:30,0,152.00,0,26.7200,2.7600,2.3200,0.3030,1,ACTIVE,6,1,1
1458,27,20:13:00,0,141.00,0,16.0600,1.9500,1.3200,0.1760,1,ACTIVE,6,1,1
1458,28,20:13:30,0,168.00,0,17.4500,2.3700,1.3800,0.1360,1,ACTIVE,6,1,1
1458,29,20:14:00,0,326.00,0,18.1000,2.7600,1.3500,0.1800,1,ACTIVE,6,1,1
1458,30,20:14:30,0,259.00,0,11.1500,1.6000,0.8560,0.1000,1,ACTIVE,6,1,1
1458,31,20:15:00,0,168.00,0,17.7900,1.9900,1.5000,0.2090,1,ACTIVE,6,1,1
1458,32,20:15:30,0,206.00,0,18.2600,2.2200,1.5000,0.1760,1,ACTIVE,6,1,1
1458,33,20:16:00,0,90.00,0,56.4300,7.6300,4.4400,0.6320,1,ACTIVE,6,1,1
1458,34,20:16:30,0,158.00,0,27.0600,2.7000,2.3700,0.3230,1,ACTIVE,6,1,1
1458,35,20:17:00,0,152.00,0,57.8900,7.1500,4.7400,0.5430,1,ACTIVE,6,1,1
1458,36,20:17:30,0,168.00,0,6.3500,0.7850,0.5200,0.0596,1,ACTIVE,6,1,1
1458,37,20:18:00,0,90.00,0,7.5600,0.9330,0.6180,0.0740,1,ACTIVE,6,1,1
1458,38,20:18:30,0,53.00,0,6.1700,0.7850,0.4980,0.0650,1,ACTIVE,6,1,1
1458,39,20:19:00,0,186.00,0,7.6500,0.9750,0.6180,0.0694,1,ACTIVE,6,1,1
1458,40,20:19:30,0,179.00,0,19.2800,2.2700,1.6000,0.2000,1,ACTIVE,6,1,1
1458,41,20:20:00,0,186.00,0,17.8700,2.5300,1.3800,0.1960,1,ACTIVE,6,1,1
1458,42,20:20:30,0,286.00,0,17.5500,2.7600,1.2900,0.1330,1,ACTIVE,6,1,1
1458,43,20:21:00,0,158.00,0,19.0700,2.5800,1.5000,0.1800,1,ACTIVE,6,1,1
1458,44,20:21:30,0,206.00,0,14.1200,1.7100,1.1600,0.1720,1,ACTIVE,6,1,1
1458,45,20:22:00,0,251.00,0,15.1200,2.0800,1.1800,0.1390,1,ACTIVE,6,1,1
1458,46,20:22:30,0,174.00,0,11.5500,1.8700,0.8370,0.0790,1,ACTIVE,6,1,1
1458,47,20:23:00,0,124.00,0,19.9400,2.7000,1.5700,0.2140,1,ACTIVE,6,1,1
1458,48,20:23:30,0,152.00,0,11.0700,1.6400,0.8370,0.1000,1,ACTIVE,6,1,1
1458,49,20:24:00,0,186.00,0,27.8800,2.6400,2.4700,0.3520,1,ACTIVE,6,1,1
1458,50,20:24:30,0,137.00,0,7.8400,0.9540,0.6460,0.0740,1,ACTIVE,6,1,1
1458,51,20:25:00,0,137.00,0,19.5900,2.4200,1.6000,0.1760,1,ACTIVE,6,1,1
1458,52,20:25:30,0,48.00,0,5.5400,0.7510,0.4370,0.0460,1,ACTIVE,6,1,1
1458,53,20:26:00,0,179.00,0,7.3900,1.0200,0.5790,0.0596,1,ACTIVE,6,1,1
1458,54,20:26:30,0,39.00,0,8.8500,1.1100,0.7200,0.0825,1,ACTIVE,6,1,1
1458,55,20:27:00,0,158.00,0,17.8900,3.9000,1.0400,0.1480,1,ACTIVE,6,1,1
1458,56,20:27:30,0,110.00,0,12.8800,2.0800,0.9330,0.1000,1,ACTIVE,6,1,1
1458,57,20:28:00,0,110.00,0,13.9900,1.8700,1.1100,0.1330,1,ACTIVE,6,1,1
1458,58,20:28:30,0,119.00,0,16.8400,1.3200,1.5400,0.4280,1,ACTIVE,6,1,1
1458,59,20:29:00,0,119.00,0,16.4900,2.0400,1.3500,0.1610,1,ACTIVE,6,1,1
1458,60,20:29:30,0,46.00,0,12.7900,1.6000,1.0400,0.1270,1,ACTIVE,6,1,1
1458,61,20:30:00,0,77.00,0,12.7000,1.9900,0.9330,0.1140,1,ACTIVE,6,1,1
1458,62,20:30:30,0,179.00,0,14.1900,1.4400,1.2400,0.1610,1,ACTIVE,6,1,1
1458,63,20:31:00,0,124.00,0,19.4000,3.3500,1.3500,0.1720,1,ACTIVE,6,1,1
1458,64,20:31:30,0,132.00,0,7.3400,0.9330,0.5920,0.0790,1,ACTIVE,6,1,1
1458,65,20:32:00,0,70.00,0,10.1800,1.1600,0.8560,0.1090,1,ACTIVE,6,1,1
1458,66,20:32:30,0,20.00,0,6.8300,0.8560,0.5550,0.0694,1,ACTIVE,6,1,1
1458,67,20:33:00,0,106.00,0,8.3700,1.0200,0.6890,0.0790,1,ACTIVE,6,1,1
1458,68,20:33:30,0,30.00,0,8.8400,1.0400,0.7350,0.0939,1,ACTIVE,6,1,1
1458,69,20:34:00,0,66.00,0,10.4800,0.9750,0.9330,0.1360,1,ACTIVE,6,1,1
1458,70,20:34:30,0,22.00,0,8.7000,1.0400,0.7200,0.0880,1,ACTIVE,6,1,1
1458,71,20:35:00,0,28.00,0,11.7100,1.1100,1.0400,0.1360,1,ACTIVE,6,1,1
1458,72,20:35:30,0,22.00,0,15.7000,1.7900,1.3200,0.1760,1,ACTIVE,6,1,1
1458,73,20:36:00,0,93.00,0,8.9000,1.1300,0.7200,0.0790,1,ACTIVE,6,1,1
1458,74,20:36:30,0,2.00,0,14.7600,2.1300,1.1300,0.1140,1,ACTIVE,6,1,1
1458,75,20:37:00,0,20.00,0,18.8600,2.7600,1.4400,0.1480,1,ACTIVE,6,1,1
1458,76,20:37:30,0,147.00,0,15.7700,1.9500,1.2900,0.1390,1,ACTIVE,6,1,1
1458,77,20:38:00,0,174.00,0,24.1300,3.5700,1.8300,0.2090,1,ACTIVE,6,1,1
1458,78,20:38:30,0,0.00,0,21.4900,3.1400,1.6400,0.1840,1,ACTIVE,6,1,1
1458,79,20:39:00,0,7.00,0,19.4200,2.8800,1.4700,0.1580,1,ACTIVE,6,1,1
1458,80,20:39:30,0,0.00,0,16.5500,2.5300,1.2400,0.1220,0,ACTIVE,6,1,1
1458,81,20:40:00,0,0.00,0,17.2900,2.6400,1.2900,0.1330,0,ACTIVE,6,1,1
1458,82,20:40:30,0,0.00,0,17.5400,2.6400,1.3200,0.1360,0,ACTIVE,6,1,1
1458,83,20:41:00,0,0.00,0,17.5400,2.6400,1.3200,0.1360,0,ACTIVE,6,1,1
1458,84,20:41:30,0,70.00,0,18.0600,2.6400,1.3800,0.1390,1,ACTIVE,6,1,1
1458,85,20:42:00,0,106.00,0,15.5800,2.0800,1.2400,0.1360,1,ACTIVE,6,1,1
1458,86,20:42:30,0,31.00,0,7.1600,0.9130,0.5790,0.0650,1,ACTIVE,6,1,1
1458,87,20:43:00,0,1.00,0,5.9700,0.7850,0.4770,0.0559,0,ACTIVE,6,1,1
1458,88,20:43:30,0,0.00,0,6.9100,0.8940,0.5550,0.0650,0,ACTIVE,6,1,1
1458,89,20:44:00,0,13.00,0,6.8600,0.8750,0.5550,0.0596,0,ACTIVE,6,1,1
1458,90,20:44:30,0,7.00,0,6.1900,0.8020,0.4980,0.0559,0,ACTIVE,6,1,1
1458,91,20:45:00,0,1.00,0,6.1900,0.8020,0.4980,0.0559,0,ACTIVE,6,1,1
1458,92,20:45:30,0,5.00,0,6.1900,0.8020,0.4980,0.0559,0,ACTIVE,6,1,1
1458,93,20:46:00,0,0.00,0,6.4700,0.8370,0.5200,0.0596,1,ACTIVE,6,1,1
1458,94,20:46:30,0,86.00,0,7.3700,0.9540,0.5920,0.0650,1,ACTIVE,6,1,1
1458,95,20:47:00,0,163.00,0,7.0800,0.8200,0.5920,0.0740,1,ACTIVE,6,1,1
1458,96,20:47:30,0,0.00,0,4.4000,0.5430,0.3600,0.0412,1,ACTIVE,6,1,1
1458,97,20:48:00,0,0.00,0,4.6300,0.5550,0.3840,0.0412,0,ACTIVE,6,1,1
1458,98,20:48:30,0,1.00,0,4.6600,0.5670,0.3840,0.0412,0,ACTIVE,6,1,1
1458,99,20:49:00,0,0.00,0,4.6700,0.5670,0.3840,0.0460,0,ACTIVE,6,1,1
1458,100,20:49:30,0,61.00,0,11.6600,1.3500,0.9750,0.1270,1,ACTIVE,6,1,1
1458,101,20:50:00,0,0.00,0,4.1700,0.5310,0.3370,0.0395,0,ACTIVE,6,1,1
1458,102,20:50:30,0,28.00,0,5.0600,0.6050,0.4190,0.0460,1,ACTIVE,6,1,1
1458,103,20:51:00,0,73.00,0,9.1900,1.1300,0.7510,0.0900,1,ACTIVE,6,1,1
1458,104,20:51:30,0,83.00,0,2.3700,0.2050,0.2090,0.0756,1,REST,6,1,1
1458,105,20:52:00,0,13.00,0,0.1700,0.0042,0.0173,0.0059,1,REST,6,1,1
1458,106,20:52:30,0,15.00,0,0.1700,0.0042,0.0173,0.0059,1,REST,6,1,1
1458,107,20:53:00,0,59.00,0,0.1700,0.0042,0.0173,0.0059,1,REST,6,1,1
1458,108,20:53:30,0,25.00,0,0.1700,0.0042,0.0173,0.0059,1,REST,6,1,1
1458,109,20:54:00,0,315.00,0,0.1900,0.0128,0.0173,0.0059,1,REST,6,1,1
1458,110,20:54:30,0,106.00,0,1.2800,0.1300,0.1120,0.0162,1,REST,6,1,1
1458,111,20:55:00,0,259.00,0,0.1900,0.0128,0.0173,0.0059,1,REST,6,1,1
1458,112,20:55:30,0,600.00,0,0.0200,0.0049,0.0000,0.0059,1,REST,6,1,1
1458,113,20:56:00,0,128.00,0,0.1700,0.0042,0.0173,0.0059,1,REST-S,6,1,1
1458,114,20:56:30,0,0.00,0,0.1200,0.0042,0.0125,0.0000,1,REST-S,6,1,1
1458,115,20:57:00,0,0.00,0,0.1700,0.0042,0.0173,0.0059,1,REST-S,6,1,1
1458,116,20:57:30,0,0.00,0,0.1700,0.0042,0.0173,0.0059,0,REST-S,6,1,1
1458,117,20:58:00,0,0.00,0,0.1700,0.0042,0.0173,0.0059,0,REST-S,6,1,1
1458,118,20:58:30,0,0.00,0,0.1700,0.0042,0.0173,0.0059,0,REST-S,6,1,1
1458,119,20:59:00,0,0.00,0,0.1200,0.0042,0.0125,0.0000,0,REST-S,6,1,1
1458,120,20:59:30,0,0.00,0,0.1700,0.0042,0.0173,0.0059,0,REST-S,6,1,1
1458,121,21:00:00,0,0.00,0,0.1700,0.0042,0.0173,0.0059,0,REST-S,6,1,1
1458,122,21:00:30,0,0.00,0,0.1700,0.0042,0.0173,0.0059,0,REST-S,6,1,1
1458,123,21:01:00,0,0.00,0,0.1700,0.0042,0.0173,0.0059,0,REST-S,6,1,1
1458,124,21:01:30,0,0.00,0,0.1700,0.0042,0.0173,0.0059,0,REST-S,6,1,1
1458,125,21:02:00,0,0.00,0,0.1700,0.0042,0.0173,0.0059,0,REST-S,6,1,1
1458,126,21:02:30,0,0.00,0,0.1700,0.0042,0.0173,0.0059,0,REST-S,6,1,1
1458,127,21:03:00,0,0.00,0,0.1700,0.0042,0.0173,0.0059,0,REST-S,6,1,1
1458,128,21:03:30,0,0.00,0,0.1700,0.0042,0.0173,0.0059,0,REST-S,6,1,1
1458,129,21:04:00,0,0.00,0,0.1700,0.0042,0.0173,0.0059,0,REST-S,6,1,1
1458,130,21:04:30,0,0.00,0,0.1700,0.0042,0.0173,0.0059,0,REST-S,6,1,1
1458,131,21:05:00,0,0.00,0,0.1700,0.0042,0.0173,0.0059,0,REST-S,6,1,1
1458,132,21:05:30,0,0.00,0,0.1700,0.0042,0.0173,0.0059,0,REST-S,6,1,1
1458,133,21:06:00,0,0.00,0,0.1700,0.0042,0.0173,0.0059,0,REST-S,6,1,1
1458,134,21:06:30,0,0.00,0,0.1700,0.0042,0.0173,0.0059,0,REST-S,6,1,1
1458,135,21:07:00,0,0.00,0,0.1700,0.0042,0.0173,0.0059,0,REST-S,6,1,1
1458,136,21:07:30,0,0.00,0,0.1700,0.0042,0.0173,0.0059,0,REST-S,6,1,1
1458,137,21:08:00,0,0.00,0,0.1700,0.0042,0.0173,0.0059,0,REST-S,6,1,1
1458,138,21:08:30,0,0.00,0,0.1700,0.0042,0.0173,0.0059,0,REST-S,6,1,1
1458,139,21:09:00,0,0.00,0,0.1700,0.0042,0.0173,0.0059,0,REST-S,6,1,1
1458,140,21:09:30,0,0.00,0,0.1700,0.0042,0.0173,0.0059,0,REST-S,6,1,1
1458,141,21:10:00,0,0.00,0,0.1700,0.0042,0.0173,0.0059,0,REST-S,6,1,1
1458,142,21:10:30,0,19.00,0,0.1700,0.0042,0.0173,0.0059,1,REST-S,6,1,1
1458,143,21:11:00,0,0.00,0,0.1700,0.0042,0.0173,0.0059,0,REST-S,6,1,1
1458,144,21:11:30,0,24.00,0,0.1700,0.0042,0.0173,0.0059,1,REST-S,6,1,1
1458,145,21:12:00,0,1.00,0,0.1700,0.0042,0.0173,0.0059,0,REST-S,6,1,1
1458,146,21:12:30,0,4.00,0,0.1700,0.0042,0.0173,0.0059,0,REST-S,6,1,1
1458,147,21:13:00,0,0.00,0,0.1700,0.0042,0.0173,0.0059,0,REST-S,6,1,1
1458,148,21:13:30,0,5.00,0,0.1700,0.0042,0.0173,0.0059,0,REST-S,6,1,1
1458,149,21:14:00,0,0.00,0,0.1700,0.0042,0.0173,0.0059,0,REST-S,6,1,1
1458,150,21:14:30,0,0.00,0,0.1700,0.0042,0.0173,0.0059,0,REST-S,6,1,1
1458,151,21:15:00,0,0.00,0,0.1700,0.0042,0.0173,0.0059,0,REST-S,6,1,1
1458,152,21:15:30,0,0.00,0,0.1700,0.0042,0.0173,0.0059,0,REST-S,6,1,1
1458,153,21:16:00,0,24.00,0,0.1700,0.0042,0.0173,0.0059,1,REST-S,6,1,1
1458,154,21:16:30,0,0.00,0,0.1900,0.0128,0.0173,0.0059,0,REST-S,6,1,1
1458,155,21:17:00,0,0.00,0,0.1700,0.0042,0.0173,0.0059,0,REST-S,6,1,1
1458,156,21:17:30,0,5.00,0,0.1900,0.0128,0.0173,0.0059,0,REST-S,6,1,1
1458,157,21:18:00,0,0.00,0,0.1900,0.0128,0.0173,0.0059,0,REST-S,6,1,1
1458,158,21:18:30,0,0.00,0,0.1900,0.0128,0.0173,0.0059,0,REST-S,6,1,1
1458,159,21:19:00,0,0.00,0,0.1900,0.0128,0.0173,0.0059,0,REST-S,6,1,1
1458,160,21:19:30,0,0.00,0,0.1700,0.0042,0.0173,0.0059,0,REST-S,6,1,1
1458,161,21:20:00,0,9.00,0,0.1700,0.0042,0.0173,0.0059,0,REST-S,6,1,1
1458,162,21:20:30,0,0.00,0,0.1700,0.0042,0.0173,0.0059,0,REST-S,6,1,1
1458,163,21:21:00,0,0.00,0,0.1700,0.0042,0.0173,0.0059,0,REST-S,6,1,1
1458,164,21:21:30,0,0.00,0,0.1900,0.0128,0.0173,0.0059,0,REST-S,6,1,1
1458,165,21:22:00,0,0.00,0,0.1700,0.0042,0.0173,0.0059,0,REST-S,6,1,1
1458,166,21:22:30,0,0.00,0,0.1700,0.0042,0.0173,0.0059,0,REST-S,6,1,1
1458,167,21:23:00,0,0.00,0,0.1900,0.0128,0.0173,0.0059,1,REST-S,6,1,1
1458,168,21:23:30,0,0.00,0,0.1900,0.0128,0.0173,0.0059,1,REST-S,6,1,1
1458,169,21:24:00,0,235.00,0,0.1700,0.0042,0.0173,0.0059,1,REST-S,6,1,1
1458,170,21:24:30,0,0.00,0,0.1700,0.0042,0.0173,0.0059,1,REST-S,6,1,1
1458,171,21:25:00,0,73.00,0,0.1700,0.0042,0.0173,0.0059,1,REST-S,6,1,1
1458,172,21:25:30,0,11.00,0,0.1700,0.0042,0.0173,0.0059,1,REST-S,6,1,1
1458,173,21:26:00,0,0.00,0,0.1700,0.0042,0.0173,0.0059,0,REST-S,6,1,1
1458,174,21:26:30,0,0.00,0,0.1700,0.0042,0.0173,0.0059,0,REST-S,6,1,1
1458,175,21:27:00,0,3.00,0,0.1700,0.0042,0.0173,0.0059,0,REST-S,6,1,1
1458,176,21:27:30,0,3.00,0,0.1900,0.0128,0.0173,0.0059,1,REST-S,6,1,1
1458,177,21:28:00,0,15.00,0,0.1700,0.0042,0.0173,0.0059,1,REST-S,6,1,1
1458,178,21:28:30,0,147.00,0,0.1700,0.0042,0.0173,0.0059,1,REST-S,6,1,1
1458,179,21:29:00,0,0.00,0,0.1700,0.0042,0.0173,0.0059,1,REST-S,6,1,1
1458,180,21:29:30,0,63.00,0,0.0200,0.0049,0.0000,0.0059,1,REST-S,6,1,1
1458,181,21:30:00,0,1.00,0,0.1700,0.0042,0.0173,0.0059,1,REST-S,6,1,1
1458,182,21:30:30,0,90.00,0,0.1700,0.0042,0.0173,0.0059,1,REST-S,6,1,1
1458,183,21:31:00,0,46.00,0,0.1700,0.0042,0.0173,0.0059,1,REST-S,6,1,1
1458,184,21:31:30,0,48.00,0,0.1700,0.0042,0.0173,0.0059,1,REST-S,6,1,1
1458,185,21:32:00,0,0.00,0,0.1700,0.0042,0.0173,0.0059,0,REST-S,6,1,1
1458,186,21:32:30,0,0.00,0,0.1700,0.0042,0.0173,0.0059,0,REST-S,6,1,1
1458,187,21:33:00,0,0.00,0,0.1700,0.0042,0.0173,0.0059,0,REST-S,6,1,1
1458,188,21:33:30,0,0.00,0,0.1700,0.0042,0.0173,0.0059,0,REST-S,6,1,1
1458,189,21:34:00,0,3.00,0,0.1700,0.0042,0.0173,0.0059,0,REST-S,6,1,1
1458,190,21:34:30,0,0.00,0,0.1700,0.0042,0.0173,0.0059,0,REST-S,6,1,1
1458,191,21:35:00,0,1.00,0,0.1700,0.0042,0.0173,0.0059,0,REST-S,6,1,1
1458,192,21:35:30,0,0.00,0,0.1700,0.0042,0.0173,0.0059,0,REST-S,6,1,1
1458,193,21:36:00,0,1.00,0,0.1700,0.0042,0.0173,0.0059,0,REST-S,6,1,1
1458,194,21:36:30,0,0.00,0,0.1700,0.0042,0.0173,0.0059,0,REST-S,6,1,1
1458,195,21:37:00,0,0.00,0,0.1700,0.0042,0.0173,0.0059,0,REST-S,6,1,1
1458,196,21:37:30,0,0.00,0,0.1700,0.0042,0.0173,0.0059,0,REST-S,6,1,1
1458,197,21:38:00,0,163.00,0,0.1700,0.0042,0.0173,0.0059,1,REST-S,6,1,1
1458,198,21:38:30,0,4.00,0,0.1700,0.0042,0.0173,0.0059,1,REST-S,6,1,1
1458,199,21:39:00,0,0.00,0,0.1700,0.0042,0.0173,0.0059,0,REST-S,6,1,1
1458,200,21:39:30,0,0.00,0,0.1700,0.0042,0.0173,0.0059,0,REST-S,6,1,1
1458,201,21:40:00,0,0.00,0,0.1700,0.0042,0.0173,0.0059,0,REST-S,6,1,1
1458,202,21:40:30,0,0.00,0,0.1700,0.0042,0.0173,0.0059,0,REST-S,6,1,1
1458,203,21:41:00,0,0.00,0,0.1700,0.0042,0.0173,0.0059,0,REST-S,6,1,1
1458,204,21:41:30,0,0.00,0,0.1900,0.0128,0.0173,0.0059,0,REST-S,6,1,1
1458,205,21:42:00,0,0.00,0,0.1700,0.0042,0.0173,0.0059,0,REST-S,6,1,1
1458,206,21:42:30,0,0.00,0,0.1700,0.0042,0.0173,0.0059,0,REST-S,6,1,1
1458,207,21:43:00,0,0.00,0,0.1700,0.0042,0.0173,0.0059,0,REST-S,6,1,1
1458,208,21:43:30,0,0.00,0,0.1700,0.0042,0.0173,0.0059,0,REST-S,6,1,1
1458,209,21:44:00,0,0.00,0,0.1700,0.0042,0.0173,0.0059,0,REST-S,6,1,1
1458,210,21:44:30,0,0.00,0,0.1700,0.0042,0.0173,0.0059,0,REST-S,6,1,1
1458,211,21:45:00,0,0.00,0,0.1700,0.0042,0.0173,0.0059,0,REST-S,6,1,1
1458,212,21:45:30,0,0.00,0,0.1700,0.0042,0.0173,0.0059,0,REST-S,6,1,1
1458,213,21:46:00,0,0.00,0,0.1700,0.0042,0.0173,0.0059,0,REST-S,6,1,1
1458,214,21:46:30,0,0.00,0,0.1700,0.0042,0.0173,0.0059,0,REST-S,6,1,1
1458,215,21:47:00,0,0.00,0,0.1700,0.0042,0.0173,0.0059,0,REST-S,6,1,1
1458,216,21:47:30,0,0.00,0,0.1900,0.0128,0.0173,0.0059,0,REST-S,6,1,1
1458,217,21:48:00,0,0.00,0,0.1700,0.0042,0.0173,0.0059,0,REST-S,6,1,1
1458,218,21:48:30,0,0.00,0,0.1700,0.0042,0.0173,0.0059,0,REST-S,6,1,1
1458,219,21:49:00,0,0.00,0,0.1700,0.0042,0.0173,0.0059,0,REST-S,6,1,1
1458,220,21:49:30,0,0.00,0,0.1700,0.0042,0.0173,0.0059,0,REST-S,6,1,1
1458,221,21:50:00,0,0.00,0,0.1700,0.0042,0.0173,0.0059,0,REST-S,6,1,1
1458,222,21:50:30,0,0.00,0,0.1700,0.0042,0.0173,0.0059,0,REST-S,6,1,1
1458,223,21:51:00,0,0.00,0,0.1900,0.0128,0.0173,0.0059,0,REST-S,6,1,1
1458,224,21:51:30,0,0.00,0,0.1700,0.0042,0.0173,0.0059,0,REST-S,6,1,1
1458,225,21:52:00,0,0.00,0,0.1700,0.0042,0.0173,0.0059,0,REST-S,6,1,1
1458,226,21:52:30,0,0.00,0,0.1700,0.0042,0.0173,0.0059,0,REST-S,6,1,1
1458,227,21:53:00,0,0.00,0,0.1700,0.0042,0.0173,0.0059,0,REST-S,6,1,1
1458,228,21:53:30,0,0.00,0,0.1700,0.0042,0.0173,0.0059,0,REST-S,6,1,1
1458,229,21:54:00,0,0.00,0,0.1700,0.0042,0.0173,0.0059,0,REST-S,6,1,1
1458,230,21:54:30,0,0.00,0,0.1700,0.0042,0.0173,0.0059,0,REST-S,6,1,1
1458,231,21:55:00,0,0.00,0,0.1900,0.0128,0.0173,0.0059,0,REST-S,6,1,1
1458,232,21:55:30,0,0.00,0,0.1700,0.0042,0.0173,0.0059,0,REST-S,6,1,1
1458,233,21:56:00,0,0.00,0,0.1700,0.0042,0.0173,0.0059,0,REST-S,6,1,1
1458,234,21:56:30,0,0.00,0,0.1700,0.0042,0.0173,0.0059,0,REST-S,6,1,1
1458,235,21:57:00,0,0.00,0,0.1700,0.0042,0.0173,0.0059,0,REST-S,6,1,1
1458,236,21:57:30,0,0.00,0,0.1900,0.0128,0.0173,0.0059,0,REST-S,6,1,1
1458,237,21:58:00,0,0.00,0,0.1700,0.0042,0.0173,0.0059,0,REST-S,6,1,1
1458,238,21:58:30,0,0.00,0,0.1700,0.0042,0.0173,0.0059,0,REST-S,6,1,1
1458,239,21:59:00,0,0.00,0,0.1900,0.0128,0.0173,0.0059,0,REST-S,6,1,1
1458,240,21:59:30,0,147.00,0,0.1700,0.0042,0.0173,0.0059,1,REST-S,6,1,1
1458,241,22:00:00,0,18.00,0,0.1700,0.0042,0.0173,0.0059,1,REST-S,6,1,1
1458,242,22:00:30,0,0.00,0,0.1700,0.0042,0.0173,0.0059,0,REST-S,6,1,1
1458,243,22:01:00,0,0.00,0,0.1700,0.0042,0.0173,0.0059,0,REST-S,6,1,1
1458,244,22:01:30,0,0.00,0,0.1700,0.0042,0.0173,0.0059,0,REST-S,6,1,1
1458,245,22:02:00,0,0.00,0,0.1700,0.0042,0.0173,0.0059,0,REST-S,6,1,1
1458,246,22:02:30,0,0.00,0,0.1700,0.0042,0.0173,0.0059,0,REST-S,6,1,1
1458,247,22:03:00,0,0.00,0,0.1700,0.0042,0.0173,0.0059,0,REST-S,6,1,1
1458,248,22:03:30,0,0.00,0,0.1700,0.0042,0.0173,0.0059,0,REST-S,6,1,1
1458,249,22:04:00,0,0.00,0,0.1700,0.0042,0.0173,0.0059,0,REST-S,6,1,1
1458,250,22:04:30,0,0.00,0,0.1700,0.0042,0.0173,0.0059,0,REST-S,6,1,1
1458,251,22:05:00,0,0.00,0,0.1700,0.0042,0.0173,0.0059,0,REST-S,6,1,1
1458,252,22:05:30,0,0.00,0,0.1700,0.0042,0.0173,0.0059,0,REST-S,6,1,1
1458,253,22:06:00,0,0.00,0,0.1700,0.0042,0.0173,0.0059,0,REST-S,6,1,1
1458,254,22:06:30,0,66.00,0,0.1700,0.0042,0.0173,0.0059,1,REST-S,6,1,1
1458,255,22:07:00,0,20.00,0,0.1700,0.0042,0.0173,0.0059,1,REST-S,6,1,1
1458,256,22:07:30,0,0.00,0,0.1700,0.0042,0.0173,0.0059,0,REST-S,6,1,1
1458,257,22:08:00,0,0.00,0,0.1700,0.0042,0.0173,0.0059,0,REST-S,6,1,1
1458,258,22:08:30,0,0.00,0,0.1700,0.0042,0.0173,0.0059,0,REST-S,6,1,1
1458,259,22:09:00,0,0.00,0,0.1700,0.0042,0.0173,0.0059,1,REST-S,6,1,1
1458,260,22:09:30,0,0.00,0,0.1900,0.0128,0.0173,0.0059,1,REST-S,6,1,1
1458,261,22:10:00,0,259.00,0,0.1700,0.0042,0.0173,0.0059,1,REST-S,6,1,1
1458,262,22:10:30,0,0.00,0,0.1700,0.0042,0.0173,0.0059,1,REST-S,6,1,1
1458,263,22:11:00,0,0.00,0,0.1700,0.0042,0.0173,0.0059,1,REST-S,6,1,1
1458,264,22:11:30,0,0.00,0,0.1900,0.0128,0.0173,0.0059,0,REST-S,6,1,1
1458,265,22:12:00,0,0.00,0,0.1700,0.0042,0.0173,0.0059,1,REST-S,6,1,1
1458,266,22:12:30,0,0.00,0,0.1900,0.0128,0.0173,0.0059,1,REST-S,6,1,1
1458,267,22:13:00,0,179.00,0,0.1700,0.0042,0.0173,0.0059,1,REST-S,6,1,1
1458,268,22:13:30,0,48.00,0,0.1700,0.0042,0.0173,0.0059,1,REST-S,6,1,1
1458,269,22:14:00,0,0.00,0,0.1900,0.0128,0.0173,0.0059,1,REST-S,6,1,1
1458,270,22:14:30,0,0.00,0,0.1900,0.0128,0.0173,0.0059,0,REST-S,6,1,1
1458,271,22:15:00,0,0.00,0,0.1900,0.0128,0.0173,0.0059,0,REST-S,6,1,1
1458,272,22:15:30,0,0.00,0,0.1900,0.0128,0.0173,0.0059,0,REST-S,6,1,1
1458,273,22:16:00,0,13.00,0,0.1900,0.0128,0.0173,0.0059,0,REST-S,6,1,1
1458,274,22:16:30,0,0.00,0,0.1900,0.0128,0.0173,0.0059,0,REST-S,6,1,1
1458,275,22:17:00,0,0.00,0,0.1700,0.0042,0.0173,0.0059,0,REST-S,6,1,1
1458,276,22:17:30,0,0.00,0,0.1900,0.0128,0.0173,0.0059,0,REST-S,6,1,1
1458,277,22:18:00,0,0.00,0,0.1700,0.0042,0.0173,0.0059,0,REST-S,6,1,1
1458,278,22:18:30,0,1.00,0,0.1900,0.0128,0.0173,0.0059,0,REST-S,6,1,1
1458,279,22:19:00,0,0.00,0,0.1700,0.0042,0.0173,0.0059,0,REST-S,6,1,1
1458,280,22:19:30,0,4.00,0,0.1900,0.0128,0.0173,0.0059,0,REST-S,6,1,1
1458,281,22:20:00,0,0.00,0,0.1700,0.0042,0.0173,0.0059,0,REST-S,6,1,1
1458,282,22:20:30,0,0.00,0,0.1900,0.0128,0.0173,0.0059,0,REST-S,6,1,1
1458,283,22:21:00,0,0.00,0,0.1900,0.0128,0.0173,0.0059,0,REST-S,6,1,1
1458,284,22:21:30,0,0.00,0,0.1700,0.0042,0.0173,0.0059,0,REST-S,6,1,1
1458,285,22:22:00,0,0.00,0,0.1900,0.0128,0.0173,0.0059,0,REST-S,6,1,1
1458,286,22:22:30,0,0.00,0,0.1900,0.0128,0.0173,0.0059,0,REST-S,6,1,1
1458,287,22:23:00,0,1.00,0,0.1700,0.0042,0.0173,0.0059,0,REST-S,6,1,1
1458,288,22:23:30,0,0.00,0,0.1900,0.0128,0.0173,0.0059,0,REST-S,6,1,1
1458,289,22:24:00,0,0.00,0,0.1900,0.0128,0.0173,0.0059,0,REST-S,6,1,1
1458,290,22:24:30,0,0.00,0,0.1900,0.0128,0.0173,0.0059,0,REST-S,6,1,1
1458,291,22:25:00,0,0.00,0,0.1900,0.0128,0.0173,0.0059,0,REST-S,6,1,1
1458,292,22:25:30,0,0.00,0,0.1700,0.0042,0.0173,0.0059,0,REST-S,6,1,1
1458,293,22:26:00,0,0.00,0,0.1900,0.0128,0.0173,0.0059,0,REST-S,6,1,1
1458,294,22:26:30,0,0.00,0,0.1900,0.0128,0.0173,0.0059,0,REST-S,6,1,1
1458,295,22:27:00,0,0.00,0,0.1900,0.0128,0.0173,0.0059,0,REST-S,6,1,1
1458,296,22:27:30,0,7.00,0,0.1900,0.0128,0.0173,0.0059,0,REST-S,6,1,1
1458,297,22:28:00,0,4.00,0,0.1900,0.0128,0.0173,0.0059,0,REST-S,6,1,1
1458,298,22:28:30,0,1.00,0,0.1700,0.0042,0.0173,0.0059,0,REST-S,6,1,1
1458,299,22:29:00,0,0.00,0,0.1700,0.0042,0.0173,0.0059,1,REST-S,6,1,1
1458,300,22:29:30,0,0.00,0,0.1700,0.0042,0.0173,0.0059,1,REST-S,6,1,1
1458,301,22:30:00,0,199.00,0,0.0100,0.0049,0.0000,0.0000,1,REST-S,6,1,1
1458,302,22:30:30,0,0.00,0,0.1900,0.0128,0.0173,0.0059,1,REST-S,6,1,1
1458,303,22:31:00,0,1.00,0,0.1900,0.0128,0.0173,0.0059,1,REST-S,6,1,1
1458,304,22:31:30,0,0.00,0,0.1900,0.0128,0.0173,0.0059,0,REST-S,6,1,1
1458,305,22:32:00,0,0.00,0,0.1900,0.0128,0.0173,0.0059,0,REST-S,6,1,1
1458,306,22:32:30,0,0.00,0,0.1700,0.0042,0.0173,0.0059,0,REST-S,6,1,1
1458,307,22:33:00,0,0.00,0,0.1900,0.0128,0.0173,0.0059,0,REST-S,6,1,1
1458,308,22:33:30,0,0.00,0,0.1700,0.0042,0.0173,0.0059,0,REST-S,6,1,1
1458,309,22:34:00,0,0.00,0,0.1900,0.0128,0.0173,0.0059,0,REST-S,6,1,1
1458,310,22:34:30,0,0.00,0,0.1900,0.0128,0.0173,0.0059,0,REST-S,6,1,1
1458,311,22:35:00,0,0.00,0,0.1700,0.0042,0.0173,0.0059,0,REST-S,6,1,1
1458,312,22:35:30,0,0.00,0,0.1900,0.0128,0.0173,0.0059,0,REST-S,6,1,1
1458,313,22:36:00,0,0.00,0,0.1700,0.0042,0.0173,0.0059,0,REST-S,6,1,1
1458,314,22:36:30,0,0.00,0,0.1700,0.0042,0.0173,0.0059,0,REST-S,6,1,1
1458,315,22:37:00,0,0.00,0,0.1700,0.0042,0.0173,0.0059,0,REST-S,6,1,1
1458,316,22:37:30,0,0.00,0,0.1900,0.0128,0.0173,0.0059,0,REST-S,6,1,1
1458,317,22:38:00,0,0.00,0,0.1900,0.0128,0.0173,0.0059,0,REST-S,6,1,1
1458,318,22:38:30,0,0.00,0,0.1700,0.0042,0.0173,0.0059,0,REST-S,6,1,1
1458,319,22:39:00,0,0.00,0,0.1900,0.0128,0.0173,0.0059,0,REST-S,6,1,1
1458,320,22:39:30,0,1.00,0,0.1700,0.0042,0.0173,0.0059,0,REST-S,6,1,1
1458,321,22:40:00,0,0.00,0,0.1700,0.0042,0.0173,0.0059,0,REST-S,6,1,1
1458,322,22:40:30,0,0.00,0,0.1900,0.0128,0.0173,0.0059,0,REST-S,6,1,1
1458,323,22:41:00,0,0.00,0,0.1700,0.0042,0.0173,0.0059,0,REST-S,6,1,1
1458,324,22:41:30,0,0.00,0,0.1700,0.0042,0.0173,0.0059,0,REST-S,6,1,1
1458,325,22:42:00,0,0.00,0,0.1700,0.0042,0.0173,0.0059,0,REST-S,6,1,1
1458,326,22:42:30,0,0.00,0,0.1900,0.0128,0.0173,0.0059,0,REST-S,6,1,1
1458,327,22:43:00,0,0.00,0,0.1900,0.0128,0.0173,0.0059,0,REST-S,6,1,1
1458,328,22:43:30,0,0.00,0,0.1900,0.0128,0.0173,0.0059,0,REST-S,6,1,1
1458,329,22:44:00,0,0.00,0,0.1700,0.0042,0.0173,0.0059,0,REST-S,6,1,1
1458,330,22:44:30,0,0.00,0,0.1700,0.0042,0.0173,0.0059,0,REST-S,6,1,1
1458,331,22:45:00,0,0.00,0,0.1700,0.0042,0.0173,0.0059,0,REST-S,6,1,1
1458,332,22:45:30,0,0.00,0,0.1700,0.0042,0.0173,0.0059,0,REST-S,6,1,1
1458,333,22:46:00,0,0.00,0,0.1900,0.0128,0.0173,0.0059,0,REST-S,6,1,1
1458,334,22:46:30,0,0.00,0,0.1900,0.0128,0.0173,0.0059,0,REST-S,6,1,1
1458,335,22:47:00,0,0.00,0,0.1700,0.0042,0.0173,0.0059,0,REST-S,6,1,1
1458,336,22:47:30,0,0.00,0,0.1900,0.0128,0.0173,0.0059,0,REST-S,6,1,1
1458,337,22:48:00,0,0.00,0,0.1900,0.0128,0.0173,0.0059,0,REST-S,6,1,1
1458,338,22:48:30,0,0.00,0,0.1900,0.0128,0.0173,0.0059,0,REST-S,6,1,1
1458,339,22:49:00,0,0.00,0,0.1900,0.0128,0.0173,0.0059,0,REST-S,6,1,1
1458,340,22:49:30,0,0.00,0,0.1900,0.0128,0.0173,0.0059,0,REST-S,6,1,1
1458,341,22:50:00,0,0.00,0,0.1700,0.0042,0.0173,0.0059,0,REST-S,6,1,1
1458,342,22:50:30,0,0.00,0,0.1700,0.0042,0.0173,0.0059,0,REST-S,6,1,1
1458,343,22:51:00,0,20.00,0,0.1900,0.0128,0.0173,0.0059,0,REST-S,6,1,1
1458,344,22:51:30,0,0.00,0,0.1700,0.0042,0.0173,0.0059,0,REST-S,6,1,1
1458,345,22:52:00,0,0.00,0,0.1700,0.0042,0.0173,0.0059,0,REST-S,6,1,1
1458,346,22:52:30,0,0.00,0,0.1700,0.0042,0.0173,0.0059,0,REST-S,6,1,1
1458,347,22:53:00,0,0.00,0,0.1900,0.0128,0.0173,0.0059,0,REST-S,6,1,1
1458,348,22:53:30,0,0.00,0,0.1900,0.0128,0.0173,0.0059,0,REST-S,6,1,1
1458,349,22:54:00,0,0.00,0,0.1900,0.0128,0.0173,0.0059,0,REST-S,6,1,1
1458,350,22:54:30,0,0.00,0,0.1900,0.0128,0.0173,0.0059,0,REST-S,6,1,1
1458,351,22:55:00,0,0.00,0,0.1700,0.0042,0.0173,0.0059,0,REST-S,6,1,1
1458,352,22:55:30,0,0.00,0,0.1700,0.0042,0.0173,0.0059,0,REST-S,6,1,1
1458,353,22:56:00,0,0.00,0,0.1900,0.0128,0.0173,0.0059,0,REST-S,6,1,1
1458,354,22:56:30,0,0.00,0,0.1900,0.0128,0.0173,0.0059,0,REST-S,6,1,1
1458,355,22:57:00,0,0.00,0,0.1700,0.0042,0.0173,0.0059,0,REST-S,6,1,1
1458,356,22:57:30,0,0.00,0,0.1700,0.0042,0.0173,0.0059,0,REST-S,6,1,1
1458,357,22:58:00,0,0.00,0,0.1700,0.0042,0.0173,0.0059,0,REST-S,6,1,1
1458,358,22:58:30,0,0.00,0,0.1700,0.0042,0.0173,0.0059,0,REST-S,6,1,1
1458,359,22:59:00,0,0.00,0,0.1900,0.0128,0.0173,0.0059,0,REST-S,6,1,1
1458,360,22:59:30,0,0.00,0,0.1900,0.0128,0.0173,0.0059,0,REST-S,6,1,1
1458,361,23:00:00,0,0.00,0,0.1900,0.0128,0.0173,0.0059,0,REST-S,6,1,1
1458,362,23:00:30,0,0.00,0,0.1900,0.0128,0.0173,0.0059,0,REST-S,6,1,1
1458,363,23:01:00,0,0.00,0,0.1700,0.0042,0.0173,0.0059,0,REST-S,6,1,1
1458,364,23:01:30,0,0.00,0,0.1900,0.0128,0.0173,0.0059,0,REST-S,6,1,1
1458,365,23:02:00,0,0.00,0,0.1700,0.0042,0.0173,0.0059,0,REST-S,6,1,1
1458,366,23:02:30,0,0.00,0,0.1700,0.0042,0.0173,0.0059,0,REST-S,6,1,1
1458,367,23:03:00,0,0.00,0,0.1700,0.0042,0.0173,0.0059,0,REST-S,6,1,1
1458,368,23:03:30,0,0.00,0,0.1700,0.0042,0.0173,0.0059,0,REST-S,6,1,1
1458,369,23:04:00,0,0.00,0,0.1900,0.0128,0.0173,0.0059,0,REST-S,6,1,1
1458,370,23:04:30,0,0.00,0,0.1700,0.0042,0.0173,0.0059,0,REST-S,6,1,1
1458,371,23:05:00,0,0.00,0,0.1700,0.0042,0.0173,0.0059,0,REST-S,6,1,1
1458,372,23:05:30,0,0.00,0,0.1900,0.0128,0.0173,0.0059,0,REST-S,6,1,1
1458,373,23:06:00,0,0.00,0,0.1900,0.0128,0.0173,0.0059,0,REST-S,6,1,1
1458,374,23:06:30,0,0.00,0,0.1900,0.0128,0.0173,0.0059,0,REST-S,6,1,1
1458,375,23:07:00,0,0.00,0,0.1700,0.0042,0.0173,0.0059,0,REST-S,6,1,1
1458,376,23:07:30,0,0.00,0,0.1900,0.0128,0.0173,0.0059,0,REST-S,6,1,1
1458,377,23:08:00,0,0.00,0,0.1700,0.0042,0.0173,0.0059,0,REST-S,6,1,1
1458,378,23:08:30,0,0.00,0,0.1900,0.0128,0.0173,0.0059,0,REST-S,6,1,1
1458,379,23:09:00,0,0.00,0,0.1900,0.0128,0.0173,0.0059,0,REST-S,6,1,1
1458,380,23:09:30,0,0.00,0,0.1900,0.0128,0.0173,0.0059,0,REST-S,6,1,1
1458,381,23:10:00,0,0.00,0,0.1700,0.0042,0.0173,0.0059,0,REST-S,6,1,1
1458,382,23:10:30,0,0.00,0,0.1900,0.0128,0.0173,0.0059,0,REST-S,6,1,1
1458,383,23:11:00,0,0.00,0,0.1700,0.0042,0.0173,0.0059,0,REST-S,6,1,1
1458,384,23:11:30,0,0.00,0,0.1700,0.0042,0.0173,0.0059,0,REST-S,6,1,1
1458,385,23:12:00,0,0.00,0,0.1900,0.0128,0.0173,0.0059,0,REST-S,6,1,1
1458,386,23:12:30,0,0.00,0,0.1700,0.0042,0.0173,0.0059,0,REST-S,6,1,1
1458,387,23:13:00,0,0.00,0,0.1700,0.0042,0.0173,0.0059,0,REST-S,6,1,1
1458,388,23:13:30,0,0.00,0,0.1700,0.0042,0.0173,0.0059,0,REST-S,6,1,1
1458,389,23:14:00,0,0.00,0,0.1900,0.0128,0.0173,0.0059,0,REST-S,6,1,1
1458,390,23:14:30,0,0.00,0,0.1700,0.0042,0.0173,0.0059,0,REST-S,6,1,1
1458,391,23:15:00,0,0.00,0,0.1700,0.0042,0.0173,0.0059,0,REST-S,6,1,1
1458,392,23:15:30,0,0.00,0,0.1900,0.0128,0.0173,0.0059,0,REST-S,6,1,1
1458,393,23:16:00,0,0.00,0,0.1700,0.0042,0.0173,0.0059,0,REST-S,6,1,1
1458,394,23:16:30,0,0.00,0,0.1700,0.0042,0.0173,0.0059,0,REST-S,6,1,1
1458,395,23:17:00,0,0.00,0,0.1700,0.0042,0.0173,0.0059,0,REST-S,6,1,1
1458,396,23:17:30,0,0.00,0,0.1900,0.0128,0.0173,0.0059,0,REST-S,6,1,1
1458,397,23:18:00,0,0.00,0,0.1900,0.0128,0.0173,0.0059,0,REST-S,6,1,1
1458,398,23:18:30,0,0.00,0,0.1900,0.0128,0.0173,0.0059,0,REST-S,6,1,1
1458,399,23:19:00,0,0.00,0,0.1700,0.0042,0.0173,0.0059,0,REST-S,6,1,1
1458,400,23:19:30,0,0.00,0,0.1900,0.0128,0.0173,0.0059,0,REST-S,6,1,1
1458,401,23:20:00,0,0.00,0,0.1700,0.0042,0.0173,0.0059,0,REST-S,6,1,1
1458,402,23:20:30,0,0.00,0,0.1700,0.0042,0.0173,0.0059,0,REST-S,6,1,1
1458,403,23:21:00,0,0.00,0,0.1700,0.0042,0.0173,0.0059,0,REST-S,6,1,1
1458,404,23:21:30,0,0.00,0,0.1700,0.0042,0.0173,0.0059,0,REST-S,6,1,1
1458,405,23:22:00,0,0.00,0,0.1700,0.0042,0.0173,0.0059,0,REST-S,6,1,1
1458,406,23:22:30,0,0.00,0,0.1900,0.0128,0.0173,0.0059,0,REST-S,6,1,1
1458,407,23:23:00,0,0.00,0,0.1700,0.0042,0.0173,0.0059,0,REST-S,6,1,1
1458,408,23:23:30,0,0.00,0,0.1900,0.0128,0.0173,0.0059,0,REST-S,6,1,1
1458,409,23:24:00,0,0.00,0,0.1700,0.0042,0.0173,0.0059,0,REST-S,6,1,1
1458,410,23:24:30,0,0.00,0,0.1700,0.0042,0.0173,0.0059,0,REST-S,6,1,1
1458,411,23:25:00,0,0.00,0,0.1900,0.0128,0.0173,0.0059,0,REST-S,6,1,1
1458,412,23:25:30,0,3.00,0,0.1700,0.0042,0.0173,0.0059,0,REST-S,6,1,1
1458,413,23:26:00,0,1.00,0,0.1700,0.0042,0.0173,0.0059,0,REST-S,6,1,1
1458,414,23:26:30,0,0.00,0,0.1900,0.0128,0.0173,0.0059,0,REST-S,6,1,1
1458,415,23:27:00,0,1.00,0,0.1700,0.0042,0.0173,0.0059,0,REST-S,6,1,1
1458,416,23:27:30,0,4.00,0,0.1700,0.0042,0.0173,0.0059,0,REST-S,6,1,1
1458,417,23:28:00,0,1.00,0,0.1700,0.0042,0.0173,0.0059,1,REST-S,6,1,1
1458,418,23:28:30,0,137.00,0,0.1700,0.0042,0.0173,0.0059,1,REST-S,6,1,1
1458,419,23:29:00,0,50.00,0,0.1700,0.0042,0.0173,0.0059,1,REST-S,6,1,1
1458,420,23:29:30,0,33.00,0,0.1200,0.0042,0.0125,0.0000,1,REST-S,6,1,1
1458,421,23:30:00,0,10.00,0,0.0200,0.0049,0.0000,0.0059,1,REST-S,6,1,1
1458,422,23:30:30,0,0.00,0,0.1900,0.0128,0.0173,0.0059,0,REST-S,6,1,1
1458,423,23:31:00,0,1.00,0,0.1700,0.0042,0.0173,0.0059,0,REST-S,6,1,1
1458,424,23:31:30,0,0.00,0,0.1700,0.0042,0.0173,0.0059,0,REST-S,6,1,1
1458,425,23:32:00,0,1.00,0,0.1700,0.0042,0.0173,0.0059,0,REST-S,6,1,1
1458,426,23:32:30,0,0.00,0,0.1700,0.0042,0.0173,0.0059,0,REST-S,6,1,1
1458,427,23:33:00,0,3.00,0,0.1700,0.0042,0.0173,0.0059,0,REST-S,6,1,1
1458,428,23:33:30,0,1.00,0,0.1700,0.0042,0.0173,0.0059,0,REST-S,6,1,1
1458,429,23:34:00,0,2.00,0,0.1700,0.0042,0.0173,0.0059,0,REST-S,6,1,1
1458,430,23:34:30,0,1.00,0,0.1700,0.0042,0.0173,0.0059,0,REST-S,6,1,1
1458,431,23:35:00,0,1.00,0,0.1700,0.0042,0.0173,0.0059,0,REST-S,6,1,1
1458,432,23:35:30,0,5.00,0,0.1700,0.0042,0.0173,0.0059,0,REST-S,6,1,1
1458,433,23:36:00,0,3.00,0,0.1700,0.0042,0.0173,0.0059,0,REST-S,6,1,1
1458,434,23:36:30,0,0.00,0,0.1700,0.0042,0.0173,0.0059,0,REST-S,6,1,1
1458,435,23:37:00,0,0.00,0,0.1700,0.0042,0.0173,0.0059,0,REST-S,6,1,1
1458,436,23:37:30,0,0.00,0,0.1700,0.0042,0.0173,0.0059,0,REST-S,6,1,1
1458,437,23:38:00,0,7.00,0,0.1700,0.0042,0.0173,0.0059,0,REST-S,6,1,1
1458,438,23:38:30,0,8.00,0,0.1700,0.0042,0.0173,0.0059,0,REST-S,6,1,1
1458,439,23:39:00,0,1.00,0,0.1700,0.0042,0.0173,0.0059,0,REST-S,6,1,1
1458,440,23:39:30,0,3.00,0,0.1700,0.0042,0.0173,0.0059,0,REST-S,6,1,1
1458,441,23:40:00,0,0.00,0,0.1700,0.0042,0.0173,0.0059,0,REST-S,6,1,1
1458,442,23:40:30,0,1.00,0,0.1700,0.0042,0.0173,0.0059,0,REST-S,6,1,1
1458,443,23:41:00,0,1.00,0,0.1700,0.0042,0.0173,0.0059,0,REST-S,6,1,1
1458,444,23:41:30,0,1.00,0,0.1700,0.0042,0.0173,0.0059,0,REST-S,6,1,1
1458,445,23:42:00,0,0.00,0,0.1700,0.0042,0.0173,0.0059,0,REST-S,6,1,1
1458,446,23:42:30,0,3.00,0,0.1700,0.0042,0.0173,0.0059,0,REST-S,6,1,1
1458,447,23:43:00,0,0.00,0,0.1900,0.0128,0.0173,0.0059,0,REST-S,6,1,1
1458,448,23:43:30,0,3.00,0,0.1700,0.0042,0.0173,0.0059,0,REST-S,6,1,1
1458,449,23:44:00,0,0.00,0,0.1700,0.0042,0.0173,0.0059,0,REST-S,6,1,1
1458,450,23:44:30,0,0.00,0,0.1700,0.0042,0.0173,0.0059,0,REST-S,6,1,1
1458,451,23:45:00,0,0.00,0,0.1700,0.0042,0.0173,0.0059,0,REST-S,6,1,1
1458,452,23:45:30,0,0.00,0,0.1700,0.0042,0.0173,0.0059,0,REST-S,6,1,1
1458,453,23:46:00,0,1.00,0,0.1700,0.0042,0.0173,0.0059,0,REST-S,6,1,1
1458,454,23:46:30,0,0.00,0,0.1700,0.0042,0.0173,0.0059,0,REST-S,6,1,1
1458,455,23:47:00,0,0.00,0,0.1700,0.0042,0.0173,0.0059,0,REST-S,6,1,1
1458,456,23:47:30,0,0.00,0,0.1700,0.0042,0.0173,0.0059,0,REST-S,6,1,1
1458,457,23:48:00,0,0.00,0,0.1700,0.0042,0.0173,0.0059,0,REST-S,6,1,1
1458,458,23:48:30,0,0.00,0,0.1700,0.0042,0.0173,0.0059,0,REST-S,6,1,1
1458,459,23:49:00,0,0.00,0,0.1700,0.0042,0.0173,0.0059,0,REST-S,6,1,1
1458,460,23:49:30,0,0.00,0,0.1700,0.0042,0.0173,0.0059,0,REST-S,6,1,1
1458,461,23:50:00,0,1.00,0,0.1700,0.0042,0.0173,0.0059,0,REST-S,6,1,1
1458,462,23:50:30,0,0.00,0,0.1700,0.0042,0.0173,0.0059,0,REST-S,6,1,1
1458,463,23:51:00,0,0.00,0,0.1700,0.0042,0.0173,0.0059,0,REST-S,6,1,1
1458,464,23:51:30,0,0.00,0,0.1700,0.0042,0.0173,0.0059,0,REST-S,6,1,1
1458,465,23:52:00,0,0.00,0,0.1700,0.0042,0.0173,0.0059,0,REST-S,6,1,1
1458,466,23:52:30,0,0.00,0,0.1700,0.0042,0.0173,0.0059,0,REST-S,6,1,1
1458,467,23:53:00,0,0.00,0,0.1700,0.0042,0.0173,0.0059,0,REST-S,6,1,1
1458,468,23:53:30,0,0.00,0,0.1700,0.0042,0.0173,0.0059,0,REST-S,6,1,1
1458,469,23:54:00,0,0.00,0,0.1700,0.0042,0.0173,0.0059,0,REST-S,6,1,1
1458,470,23:54:30,0,0.00,0,0.1700,0.0042,0.0173,0.0059,0,REST-S,6,1,1
1458,471,23:55:00,0,0.00,0,0.1700,0.0042,0.0173,0.0059,0,REST-S,6,1,1
1458,472,23:55:30,0,0.00,0,0.1700,0.0042,0.0173,0.0059,0,REST-S,6,1,1
1458,473,23:56:00,0,0.00,0,0.1700,0.0042,0.0173,0.0059,0,REST-S,6,1,1
1458,474,23:56:30,0,0.00,0,0.1700,0.0042,0.0173,0.0059,0,REST-S,6,1,1
1458,475,23:57:00,0,0.00,0,0.1700,0.0042,0.0173,0.0059,0,REST-S,6,1,1
1458,476,23:57:30,0,0.00,0,0.1700,0.0042,0.0173,0.0059,0,REST-S,6,1,1
1458,477,23:58:00,0,0.00,0,0.1700,0.0042,0.0173,0.0059,0,REST-S,6,1,1
1458,478,23:58:30,0,0.00,0,0.1700,0.0042,0.0173,0.0059,0,REST-S,6,1,1
1458,479,23:59:00,0,0.00,0,0.1700,0.0042,0.0173,0.0059,0,REST-S,6,1,1
1458,480,23:59:30,0,63.00,0,0.0200,0.0049,0.0000,0.0059,1,REST-S,6,1,1
1458,481,0:00:00,0,24.00,0,0.1200,0.0042,0.0125,0.0000,1,REST-S,7,2,1
1458,482,0:00:30,0,3.00,0,0.1700,0.0042,0.0173,0.0059,0,REST-S,7,2,1
1458,483,0:01:00,0,1.00,0,0.1700,0.0042,0.0173,0.0059,0,REST-S,7,2,1
1458,484,0:01:30,0,0.00,0,0.1700,0.0042,0.0173,0.0059,0,REST-S,7,2,1
1458,485,0:02:00,0,0.00,0,0.1700,0.0042,0.0173,0.0059,0,REST-S,7,2,1
1458,486,0:02:30,0,3.00,0,0.1700,0.0042,0.0173,0.0059,0,REST-S,7,2,1
1458,487,0:03:00,0,0.00,0,0.1700,0.0042,0.0173,0.0059,0,REST-S,7,2,1
1458,488,0:03:30,0,16.00,0,0.1700,0.0042,0.0173,0.0059,0,REST-S,7,2,1
1458,489,0:04:00,0,0.00,0,0.1700,0.0042,0.0173,0.0059,0,REST-S,7,2,1
1458,490,0:04:30,0,0.00,0,0.1700,0.0042,0.0173,0.0059,0,REST-S,7,2,1
1458,491,0:05:00,0,0.00,0,0.1900,0.0128,0.0173,0.0059,0,REST-S,7,2,1
1458,492,0:05:30,0,1.00,0,0.1700,0.0042,0.0173,0.0059,0,REST-S,7,2,1
1458,493,0:06:00,0,0.00,0,0.1700,0.0042,0.0173,0.0059,0,REST-S,7,2,1
1458,494,0:06:30,0,0.00,0,0.1700,0.0042,0.0173,0.0059,0,REST-S,7,2,1
1458,495,0:07:00,0,0.00,0,0.1700,0.0042,0.0173,0.0059,0,REST-S,7,2,1
1458,496,0:07:30,0,2.00,0,0.1700,0.0042,0.0173,0.0059,0,REST-S,7,2,1
1458,497,0:08:00,0,0.00,0,0.1700,0.0042,0.0173,0.0059,0,REST-S,7,2,1
1458,498,0:08:30,0,0.00,0,0.1700,0.0042,0.0173,0.0059,0,REST-S,7,2,1
1458,499,0:09:00,0,0.00,0,0.1700,0.0042,0.0173,0.0059,0,REST-S,7,2,1
1458,500,0:09:30,0,0.00,0,0.1700,0.0042,0.0173,0.0059,0,REST-S,7,2,1
1458,501,0:10:00,0,1.00,0,0.1700,0.0042,0.0173,0.0059,0,REST-S,7,2,1
1458,502,0:10:30,0,4.00,0,0.1700,0.0042,0.0173,0.0059,0,REST-S,7,2,1
1458,503,0:11:00,0,0.00,0,0.1700,0.0042,0.0173,0.0059,0,REST-S,7,2,1
1458,504,0:11:30,0,0.00,0,0.1700,0.0042,0.0173,0.0059,0,REST-S,7,2,1
1458,505,0:12:00,0,0.00,0,0.1700,0.0042,0.0173,0.0059,0,REST-S,7,2,1
1458,506,0:12:30,0,1.00,0,0.1700,0.0042,0.0173,0.0059,0,REST-S,7,2,1
1458,507,0:13:00,0,0.00,0,0.1700,0.0042,0.0173,0.0059,0,REST-S,7,2,1
1458,508,0:13:30,0,12.00,0,0.1700,0.0042,0.0173,0.0059,0,REST-S,7,2,1
1458,509,0:14:00,0,0.00,0,0.1700,0.0042,0.0173,0.0059,0,REST-S,7,2,1
1458,510,0:14:30,0,0.00,0,0.1700,0.0042,0.0173,0.0059,0,REST-S,7,2,1
1458,511,0:15:00,0,0.00,0,0.1700,0.0042,0.0173,0.0059,0,REST-S,7,2,1
1458,512,0:15:30,0,0.00,0,0.1700,0.0042,0.0173,0.0059,0,REST-S,7,2,1
1458,513,0:16:00,0,0.00,0,0.1700,0.0042,0.0173,0.0059,0,REST-S,7,2,1
1458,514,0:16:30,0,7.00,0,0.1700,0.0042,0.0173,0.0059,0,REST-S,7,2,1
1458,515,0:17:00,0,0.00,0,0.1700,0.0042,0.0173,0.0059,0,REST-S,7,2,1
1458,516,0:17:30,0,0.00,0,0.1700,0.0042,0.0173,0.0059,0,REST-S,7,2,1
1458,517,0:18:00,0,0.00,0,0.1700,0.0042,0.0173,0.0059,0,REST-S,7,2,1
1458,518,0:18:30,0,0.00,0,0.1700,0.0042,0.0173,0.0059,0,REST-S,7,2,1
1458,519,0:19:00,0,0.00,0,0.1700,0.0042,0.0173,0.0059,0,REST-S,7,2,1
1458,520,0:19:30,0,1.00,0,0.1700,0.0042,0.0173,0.0059,0,REST-S,7,2,1
1458,521,0:20:00,0,1.00,0,0.1700,0.0042,0.0173,0.0059,0,REST-S,7,2,1
1458,522,0:20:30,0,0.00,0,0.1700,0.0042,0.0173,0.0059,0,REST-S,7,2,1
1458,523,0:21:00,0,0.00,0,0.1700,0.0042,0.0173,0.0059,0,REST-S,7,2,1
1458,524,0:21:30,0,0.00,0,0.1700,0.0042,0.0173,0.0059,0,REST-S,7,2,1
1458,525,0:22:00,0,0.00,0,0.1700,0.0042,0.0173,0.0059,0,REST-S,7,2,1
1458,526,0:22:30,0,1.00,0,0.1700,0.0042,0.0173,0.0059,0,REST-S,7,2,1
1458,527,0:23:00,0,0.00,0,0.1700,0.0042,0.0173,0.0059,0,REST-S,7,2,1
1458,528,0:23:30,0,5.00,0,0.1700,0.0042,0.0173,0.0059,1,REST-S,7,2,1
1458,529,0:24:00,0,0.00,0,0.1700,0.0042,0.0173,0.0059,0,REST-S,7,2,1
1458,530,0:24:30,0,128.00,0,0.0100,0.0049,0.0000,0.0000,1,REST-S,7,2,1
1458,531,0:25:00,0,28.00,0,0.1700,0.0042,0.0173,0.0059,1,REST-S,7,2,1
1458,532,0:25:30,0,110.00,0,0.0100,0.0049,0.0000,0.0000,1,REST-S,7,2,1
1458,533,0:26:00,0,15.00,0,0.1200,0.0042,0.0125,0.0000,1,REST-S,7,2,1
1458,534,0:26:30,0,115.00,0,0.1700,0.0042,0.0173,0.0059,1,REST-S,7,2,1
1458,535,0:27:00,0,0.00,0,0.1700,0.0042,0.0173,0.0059,1,REST-S,7,2,1
1458,536,0:27:30,0,0.00,0,0.1700,0.0042,0.0173,0.0059,1,REST-S,7,2,1
1458,537,0:28:00,0,70.00,0,0.1700,0.0042,0.0173,0.0059,1,REST-S,7,2,1
1458,538,0:28:30,0,0.00,0,0.1700,0.0042,0.0173,0.0059,0,REST-S,7,2,1
1458,539,0:29:00,0,5.00,0,0.1700,0.0042,0.0173,0.0059,0,REST-S,7,2,1
1458,540,0:29:30,0,0.00,0,0.1700,0.0042,0.0173,0.0059,0,REST-S,7,2,1
1458,541,0:30:00,0,0.00,0,0.1700,0.0042,0.0173,0.0059,0,REST-S,7,2,1
1458,542,0:30:30,0,0.00,0,0.1700,0.0042,0.0173,0.0059,0,REST-S,7,2,1
1458,543,0:31:00,0,0.00,0,0.1900,0.0128,0.0173,0.0059,0,REST-S,7,2,1
1458,544,0:31:30,0,0.00,0,0.1700,0.0042,0.0173,0.0059,0,REST-S,7,2,1
1458,545,0:32:00,0,1.00,0,0.1700,0.0042,0.0173,0.0059,0,REST-S,7,2,1
1458,546,0:32:30,0,0.00,0,0.1700,0.0042,0.0173,0.0059,0,REST-S,7,2,1
1458,547,0:33:00,0,1.00,0,0.1700,0.0042,0.0173,0.0059,0,REST-S,7,2,1
1458,548,0:33:30,0,0.00,0,0.1700,0.0042,0.0173,0.0059,0,REST-S,7,2,1
1458,549,0:34:00,0,0.00,0,0.1900,0.0128,0.0173,0.0059,0,REST-S,7,2,1
1458,550,0:34:30,0,0.00,0,0.1700,0.0042,0.0173,0.0059,0,REST-S,7,2,1
1458,551,0:35:00,0,0.00,0,0.1700,0.0042,0.0173,0.0059,0,REST-S,7,2,1
1458,552,0:35:30,0,0.00,0,0.1900,0.0128,0.0173,0.0059,0,REST-S,7,2,1
1458,553,0:36:00,0,0.00,0,0.1700,0.0042,0.0173,0.0059,0,REST-S,7,2,1
1458,554,0:36:30,0,0.00,0,0.1700,0.0042,0.0173,0.0059,0,REST-S,7,2,1
1458,555,0:37:00,0,0.00,0,0.1900,0.0128,0.0173,0.0059,0,REST-S,7,2,1
1458,556,0:37:30,0,0.00,0,0.1900,0.0128,0.0173,0.0059,0,REST-S,7,2,1
1458,557,0:38:00,0,0.00,0,0.1900,0.0128,0.0173,0.0059,0,REST-S,7,2,1
1458,558,0:38:30,0,0.00,0,0.1700,0.0042,0.0173,0.0059,0,REST-S,7,2,1
1458,559,0:39:00,0,0.00,0,0.1700,0.0042,0.0173,0.0059,0,REST-S,7,2,1
1458,560,0:39:30,0,0.00,0,0.1700,0.0042,0.0173,0.0059,0,REST-S,7,2,1
1458,561,0:40:00,0,0.00,0,0.1900,0.0128,0.0173,0.0059,0,REST-S,7,2,1
1458,562,0:40:30,0,115.00,0,0.0100,0.0049,0.0000,0.0000,1,REST-S,7,2,1
1458,563,0:41:00,0,0.00,0,0.1700,0.0042,0.0173,0.0059,0,REST-S,7,2,1
1458,564,0:41:30,0,0.00,0,0.1900,0.0128,0.0173,0.0059,0,REST-S,7,2,1
1458,565,0:42:00,0,0.00,0,0.1700,0.0042,0.0173,0.0059,0,REST-S,7,2,1
1458,566,0:42:30,0,0.00,0,0.1700,0.0042,0.0173,0.0059,0,REST-S,7,2,1
1458,567,0:43:00,0,0.00,0,0.1900,0.0128,0.0173,0.0059,0,REST-S,7,2,1
1458,568,0:43:30,0,0.00,0,0.1700,0.0042,0.0173,0.0059,0,REST-S,7,2,1
1458,569,0:44:00,0,0.00,0,0.1900,0.0128,0.0173,0.0059,0,REST-S,7,2,1
1458,570,0:44:30,0,0.00,0,0.1700,0.0042,0.0173,0.0059,0,REST-S,7,2,1
1458,571,0:45:00,0,0.00,0,0.1900,0.0128,0.0173,0.0059,0,REST-S,7,2,1
1458,572,0:45:30,0,0.00,0,0.1700,0.0042,0.0173,0.0059,0,REST-S,7,2,1
1458,573,0:46:00,0,0.00,0,0.1700,0.0042,0.0173,0.0059,0,REST-S,7,2,1
1458,574,0:46:30,0,0.00,0,0.1700,0.0042,0.0173,0.0059,0,REST-S,7,2,1
1458,575,0:47:00,0,0.00,0,0.1700,0.0042,0.0173,0.0059,0,REST-S,7,2,1
1458,576,0:47:30,0,0.00,0,0.1700,0.0042,0.0173,0.0059,0,REST-S,7,2,1
1458,577,0:48:00,0,0.00,0,0.1700,0.0042,0.0173,0.0059,0,REST-S,7,2,1
1458,578,0:48:30,0,0.00,0,0.1700,0.0042,0.0173,0.0059,0,REST-S,7,2,1
1458,579,0:49:00,0,0.00,0,0.1700,0.0042,0.0173,0.0059,0,REST-S,7,2,1
1458,580,0:49:30,0,86.00,0,0.1700,0.0042,0.0173,0.0059,1,REST-S,7,2,1
1458,581,0:50:00,0,0.00,0,0.1900,0.0128,0.0173,0.0059,0,REST-S,7,2,1
1458,582,0:50:30,0,1.00,0,0.1700,0.0042,0.0173,0.0059,0,REST-S,7,2,1
1458,583,0:51:00,0,0.00,0,0.1700,0.0042,0.0173,0.0059,0,REST-S,7,2,1
1458,584,0:51:30,0,0.00,0,0.1900,0.0128,0.0173,0.0059,0,REST-S,7,2,1
1458,585,0:52:00,0,0.00,0,0.1700,0.0042,0.0173,0.0059,0,REST-S,7,2,1
1458,586,0:52:30,0,0.00,0,0.1700,0.0042,0.0173,0.0059,0,REST-S,7,2,1
1458,587,0:53:00,0,0.00,0,0.1700,0.0042,0.0173,0.0059,0,REST-S,7,2,1
1458,588,0:53:30,0,0.00,0,0.1900,0.0128,0.0173,0.0059,0,REST-S,7,2,1
1458,589,0:54:00,0,0.00,0,0.1900,0.0128,0.0173,0.0059,0,REST-S,7,2,1
1458,590,0:54:30,0,0.00,0,0.1700,0.0042,0.0173,0.0059,0,REST-S,7,2,1
1458,591,0:55:00,0,0.00,0,0.1700,0.0042,0.0173,0.0059,0,REST-S,7,2,1
1458,592,0:55:30,0,0.00,0,0.1700,0.0042,0.0173,0.0059,0,REST-S,7,2,1
1458,593,0:56:00,0,0.00,0,0.1900,0.0128,0.0173,0.0059,0,REST-S,7,2,1
1458,594,0:56:30,0,0.00,0,0.1900,0.0128,0.0173,0.0059,0,REST-S,7,2,1
1458,595,0:57:00,0,0.00,0,0.1900,0.0128,0.0173,0.0059,0,REST-S,7,2,1
1458,596,0:57:30,0,0.00,0,0.1900,0.0128,0.0173,0.0059,0,REST-S,7,2,1
1458,597,0:58:00,0,0.00,0,0.1900,0.0128,0.0173,0.0059,0,REST-S,7,2,1
1458,598,0:58:30,0,0.00,0,0.1900,0.0128,0.0173,0.0059,0,REST-S,7,2,1
1458,599,0:59:00,0,0.00,0,0.1900,0.0128,0.0173,0.0059,0,REST-S,7,2,1
1458,600,0:59:30,0,0.00,0,0.1700,0.0042,0.0173,0.0059,0,REST-S,7,2,1
1458,601,1:00:00,0,0.00,0,0.1900,0.0128,0.0173,0.0059,0,REST-S,7,2,1
1458,602,1:00:30,0,0.00,0,0.1900,0.0128,0.0173,0.0059,0,REST-S,7,2,1
1458,603,1:01:00,0,14.00,0,0.1700,0.0042,0.0173,0.0059,0,REST-S,7,2,1
1458,604,1:01:30,0,0.00,0,0.1700,0.0042,0.0173,0.0059,0,REST-S,7,2,1
1458,605,1:02:00,0,0.00,0,0.1900,0.0128,0.0173,0.0059,0,REST-S,7,2,1
1458,606,1:02:30,0,0.00,0,0.1900,0.0128,0.0173,0.0059,0,REST-S,7,2,1
1458,607,1:03:00,0,0.00,0,0.1900,0.0128,0.0173,0.0059,0,REST-S,7,2,1
1458,608,1:03:30,0,0.00,0,0.1900,0.0128,0.0173,0.0059,0,REST-S,7,2,1
1458,609,1:04:00,0,0.00,0,0.1700,0.0042,0.0173,0.0059,0,REST-S,7,2,1
1458,610,1:04:30,0,0.00,0,0.1700,0.0042,0.0173,0.0059,0,REST-S,7,2,1
1458,611,1:05:00,0,1.00,0,0.1900,0.0128,0.0173,0.0059,0,REST-S,7,2,1
1458,612,1:05:30,0,0.00,0,0.1700,0.0042,0.0173,0.0059,0,REST-S,7,2,1
1458,613,1:06:00,0,0.00,0,0.1900,0.0128,0.0173,0.0059,0,REST-S,7,2,1
1458,614,1:06:30,0,0.00,0,0.1700,0.0042,0.0173,0.0059,0,REST-S,7,2,1
1458,615,1:07:00,0,0.00,0,0.1700,0.0042,0.0173,0.0059,0,REST-S,7,2,1
1458,616,1:07:30,0,0.00,0,0.1700,0.0042,0.0173,0.0059,0,REST-S,7,2,1
1458,617,1:08:00,0,0.00,0,0.1700,0.0042,0.0173,0.0059,0,REST-S,7,2,1
1458,618,1:08:30,0,0.00,0,0.1900,0.0128,0.0173,0.0059,0,REST-S,7,2,1
1458,619,1:09:00,0,0.00,0,0.1900,0.0128,0.0173,0.0059,0,REST-S,7,2,1
1458,620,1:09:30,0,0.00,0,0.1900,0.0128,0.0173,0.0059,0,REST-S,7,2,1
1458,621,1:10:00,0,0.00,0,0.1700,0.0042,0.0173,0.0059,0,REST-S,7,2,1
1458,622,1:10:30,0,0.00,0,0.1700,0.0042,0.0173,0.0059,0,REST-S,7,2,1
1458,623,1:11:00,0,0.00,0,0.1700,0.0042,0.0173,0.0059,0,REST-S,7,2,1
1458,624,1:11:30,0,0.00,0,0.1700,0.0042,0.0173,0.0059,0,REST-S,7,2,1
1458,625,1:12:00,0,0.00,0,0.1700,0.0042,0.0173,0.0059,0,REST-S,7,2,1
1458,626,1:12:30,0,0.00,0,0.1700,0.0042,0.0173,0.0059,0,REST-S,7,2,1
1458,627,1:13:00,0,0.00,0,0.1700,0.0042,0.0173,0.0059,0,REST-S,7,2,1
1458,628,1:13:30,0,0.00,0,0.1700,0.0042,0.0173,0.0059,0,REST-S,7,2,1
1458,629,1:14:00,0,0.00,0,0.1900,0.0128,0.0173,0.0059,0,REST-S,7,2,1
1458,630,1:14:30,0,0.00,0,0.1700,0.0042,0.0173,0.0059,0,REST-S,7,2,1
1458,631,1:15:00,0,0.00,0,0.1700,0.0042,0.0173,0.0059,0,REST-S,7,2,1
1458,632,1:15:30,0,0.00,0,0.1700,0.0042,0.0173,0.0059,0,REST-S,7,2,1
1458,633,1:16:00,0,0.00,0,0.1900,0.0128,0.0173,0.0059,1,REST-S,7,2,1
1458,634,1:16:30,0,0.00,0,0.1700,0.0042,0.0173,0.0059,1,REST-S,7,2,1
1458,635,1:17:00,0,295.00,0,0.1700,0.0042,0.0173,0.0059,1,REST-S,7,2,1
1458,636,1:17:30,0,0.00,0,0.1900,0.0128,0.0173,0.0059,1,REST-S,7,2,1
1458,637,1:18:00,0,1.00,0,0.1900,0.0128,0.0173,0.0059,1,REST-S,7,2,1
1458,638,1:18:30,0,0.00,0,0.1900,0.0128,0.0173,0.0059,0,REST-S,7,2,1
1458,639,1:19:00,0,0.00,0,0.1700,0.0042,0.0173,0.0059,0,REST-S,7,2,1
1458,640,1:19:30,0,0.00,0,0.1700,0.0042,0.0173,0.0059,0,REST-S,7,2,1
1458,641,1:20:00,0,0.00,0,0.1700,0.0042,0.0173,0.0059,0,REST-S,7,2,1
1458,642,1:20:30,0,0.00,0,0.1900,0.0128,0.0173,0.0059,0,REST-S,7,2,1
1458,643,1:21:00,0,0.00,0,0.1900,0.0128,0.0173,0.0059,0,REST-S,7,2,1
1458,644,1:21:30,0,0.00,0,0.1900,0.0128,0.0173,0.0059,0,REST-S,7,2,1
1458,645,1:22:00,0,0.00,0,0.1700,0.0042,0.0173,0.0059,0,REST-S,7,2,1
1458,646,1:22:30,0,0.00,0,0.1700,0.0042,0.0173,0.0059,0,REST-S,7,2,1
1458,647,1:23:00,0,0.00,0,0.1900,0.0128,0.0173,0.0059,0,REST-S,7,2,1
1458,648,1:23:30,0,0.00,0,0.1700,0.0042,0.0173,0.0059,0,REST-S,7,2,1
1458,649,1:24:00,0,0.00,0,0.1700,0.0042,0.0173,0.0059,0,REST-S,7,2,1
1458,650,1:24:30,0,0.00,0,0.1700,0.0042,0.0173,0.0059,0,REST-S,7,2,1
1458,651,1:25:00,0,19.00,0,0.1700,0.0042,0.0173,0.0059,0,REST-S,7,2,1
1458,652,1:25:30,0,0.00,0,0.1900,0.0128,0.0173,0.0059,0,REST-S,7,2,1
1458,653,1:26:00,0,0.00,0,0.1700,0.0042,0.0173,0.0059,0,REST-S,7,2,1
1458,654,1:26:30,0,0.00,0,0.1700,0.0042,0.0173,0.0059,0,REST-S,7,2,1
1458,655,1:27:00,0,0.00,0,0.1700,0.0042,0.0173,0.0059,0,REST-S,7,2,1
1458,656,1:27:30,0,0.00,0,0.1700,0.0042,0.0173,0.0059,0,REST-S,7,2,1
1458,657,1:28:00,0,0.00,0,0.1900,0.0128,0.0173,0.0059,0,REST-S,7,2,1
1458,658,1:28:30,0,0.00,0,0.1700,0.0042,0.0173,0.0059,0,REST-S,7,2,1
1458,659,1:29:00,0,0.00,0,0.1700,0.0042,0.0173,0.0059,0,REST-S,7,2,1
1458,660,1:29:30,0,0.00,0,0.1700,0.0042,0.0173,0.0059,0,REST-S,7,2,1
1458,661,1:30:00,0,0.00,0,0.1700,0.0042,0.0173,0.0059,0,REST-S,7,2,1
1458,662,1:30:30,0,0.00,0,0.1700,0.0042,0.0173,0.0059,0,REST-S,7,2,1
1458,663,1:31:00,0,0.00,0,0.1700,0.0042,0.0173,0.0059,0,REST-S,7,2,1
1458,664,1:31:30,0,0.00,0,0.1700,0.0042,0.0173,0.0059,0,REST-S,7,2,1
1458,665,1:32:00,0,0.00,0,0.1700,0.0042,0.0173,0.0059,0,REST-S,7,2,1
1458,666,1:32:30,0,0.00,0,0.1700,0.0042,0.0173,0.0059,0,REST-S,7,2,1
1458,667,1:33:00,0,0.00,0,0.1700,0.0042,0.0173,0.0059,0,REST-S,7,2,1
1458,668,1:33:30,0,0.00,0,0.1700,0.0042,0.0173,0.0059,0,REST-S,7,2,1
1458,669,1:34:00,0,0.00,0,0.1700,0.0042,0.0173,0.0059,0,REST-S,7,2,1
1458,670,1:34:30,0,0.00,0,0.1700,0.0042,0.0173,0.0059,0,REST-S,7,2,1
1458,671,1:35:00,0,0.00,0,0.1700,0.0042,0.0173,0.0059,0,REST-S,7,2,1
1458,672,1:35:30,0,0.00,0,0.1900,0.0128,0.0173,0.0059,0,REST-S,7,2,1
1458,673,1:36:00,0,0.00,0,0.1700,0.0042,0.0173,0.0059,0,REST-S,7,2,1
1458,674,1:36:30,0,0.00,0,0.1700,0.0042,0.0173,0.0059,0,REST-S,7,2,1
1458,675,1:37:00,0,0.00,0,0.1700,0.0042,0.0173,0.0059,0,REST-S,7,2,1
1458,676,1:37:30,0,0.00,0,0.1700,0.0042,0.0173,0.0059,1,REST-S,7,2,1
1458,677,1:38:00,0,0.00,0,0.1700,0.0042,0.0173,0.0059,1,REST-S,7,2,1
1458,678,1:38:30,0,243.00,0,0.0100,0.0049,0.0000,0.0000,1,REST-S,7,2,1
1458,679,1:39:00,0,9.00,0,0.1700,0.0042,0.0173,0.0059,1,REST-S,7,2,1
1458,680,1:39:30,0,0.00,0,0.1700,0.0042,0.0173,0.0059,1,REST-S,7,2,1
1458,681,1:40:00,0,0.00,0,0.1700,0.0042,0.0173,0.0059,0,REST-S,7,2,1
1458,682,1:40:30,0,0.00,0,0.1700,0.0042,0.0173,0.0059,0,REST-S,7,2,1
1458,683,1:41:00,0,0.00,0,0.1700,0.0042,0.0173,0.0059,0,REST-S,7,2,1
1458,684,1:41:30,0,5.00,0,0.1700,0.0042,0.0173,0.0059,0,REST-S,7,2,1
1458,685,1:42:00,0,0.00,0,0.1700,0.0042,0.0173,0.0059,0,REST-S,7,2,1
1458,686,1:42:30,0,0.00,0,0.1700,0.0042,0.0173,0.0059,0,REST-S,7,2,1
1458,687,1:43:00,0,0.00,0,0.1700,0.0042,0.0173,0.0059,0,REST-S,7,2,1
1458,688,1:43:30,0,0.00,0,0.1700,0.0042,0.0173,0.0059,0,REST-S,7,2,1
1458,689,1:44:00,0,0.00,0,0.1700,0.0042,0.0173,0.0059,0,REST-S,7,2,1
1458,690,1:44:30,0,0.00,0,0.1700,0.0042,0.0173,0.0059,0,REST-S,7,2,1
1458,691,1:45:00,0,0.00,0,0.1700,0.0042,0.0173,0.0059,0,REST-S,7,2,1
1458,692,1:45:30,0,0.00,0,0.1700,0.0042,0.0173,0.0059,0,REST-S,7,2,1
1458,693,1:46:00,0,0.00,0,0.1700,0.0042,0.0173,0.0059,0,REST-S,7,2,1
1458,694,1:46:30,0,0.00,0,0.1700,0.0042,0.0173,0.0059,0,REST-S,7,2,1
1458,695,1:47:00,0,0.00,0,0.1700,0.0042,0.0173,0.0059,0,REST-S,7,2,1
1458,696,1:47:30,0,1.00,0,0.1900,0.0128,0.0173,0.0059,0,REST-S,7,2,1
1458,697,1:48:00,0,0.00,0,0.1700,0.0042,0.0173,0.0059,0,REST-S,7,2,1
1458,698,1:48:30,0,0.00,0,0.1700,0.0042,0.0173,0.0059,0,REST-S,7,2,1
1458,699,1:49:00,0,0.00,0,0.1900,0.0128,0.0173,0.0059,0,REST-S,7,2,1
1458,700,1:49:30,0,0.00,0,0.1700,0.0042,0.0173,0.0059,0,REST-S,7,2,1
1458,701,1:50:00,0,0.00,0,0.1900,0.0128,0.0173,0.0059,0,REST-S,7,2,1
1458,702,1:50:30,0,0.00,0,0.1900,0.0128,0.0173,0.0059,0,REST-S,7,2,1
1458,703,1:51:00,0,0.00,0,0.1900,0.0128,0.0173,0.0059,0,REST-S,7,2,1
1458,704,1:51:30,0,0.00,0,0.1700,0.0042,0.0173,0.0059,0,REST-S,7,2,1
1458,705,1:52:00,0,0.00,0,0.1700,0.0042,0.0173,0.0059,0,REST-S,7,2,1
1458,706,1:52:30,0,0.00,0,0.1700,0.0042,0.0173,0.0059,0,REST-S,7,2,1
1458,707,1:53:00,0,0.00,0,0.1700,0.0042,0.0173,0.0059,0,REST-S,7,2,1
1458,708,1:53:30,0,14.00,0,0.1700,0.0042,0.0173,0.0059,0,REST-S,7,2,1
1458,709,1:54:00,0,0.00,0,0.1700,0.0042,0.0173,0.0059,0,REST-S,7,2,1
1458,710,1:54:30,0,0.00,0,0.1900,0.0128,0.0173,0.0059,0,REST-S,7,2,1
1458,711,1:55:00,0,0.00,0,0.1900,0.0128,0.0173,0.0059,0,REST-S,7,2,1
1458,712,1:55:30,0,0.00,0,0.1900,0.0128,0.0173,0.0059,0,REST-S,7,2,1
1458,713,1:56:00,0,0.00,0,0.1700,0.0042,0.0173,0.0059,0,REST-S,7,2,1
1458,714,1:56:30,0,0.00,0,0.1700,0.0042,0.0173,0.0059,0,REST-S,7,2,1
1458,715,1:57:00,0,0.00,0,0.1700,0.0042,0.0173,0.0059,0,REST-S,7,2,1
1458,716,1:57:30,0,0.00,0,0.1700,0.0042,0.0173,0.0059,0,REST-S,7,2,1
1458,717,1:58:00,0,0.00,0,0.1700,0.0042,0.0173,0.0059,0,REST-S,7,2,1
1458,718,1:58:30,0,0.00,0,0.1900,0.0128,0.0173,0.0059,0,REST-S,7,2,1
1458,719,1:59:00,0,0.00,0,0.1700,0.0042,0.0173,0.0059,0,REST-S,7,2,1
1458,720,1:59:30,0,0.00,0,0.1700,0.0042,0.0173,0.0059,0,REST-S,7,2,1
1458,721,2:00:00,0,0.00,0,0.1700,0.0042,0.0173,0.0059,0,REST-S,7,2,1
1458,722,2:00:30,0,0.00,0,0.1700,0.0042,0.0173,0.0059,0,REST-S,7,2,1
1458,723,2:01:00,0,0.00,0,0.1900,0.0128,0.0173,0.0059,0,REST-S,7,2,1
1458,724,2:01:30,0,0.00,0,0.1900,0.0128,0.0173,0.0059,0,REST-S,7,2,1
1458,725,2:02:00,0,0.00,0,0.1700,0.0042,0.0173,0.0059,0,REST-S,7,2,1
1458,726,2:02:30,0,0.00,0,0.1700,0.0042,0.0173,0.0059,0,REST-S,7,2,1
1458,727,2:03:00,0,0.00,0,0.1700,0.0042,0.0173,0.0059,0,REST-S,7,2,1
1458,728,2:03:30,0,1.00,0,0.1900,0.0128,0.0173,0.0059,0,REST-S,7,2,1
1458,729,2:04:00,0,0.00,0,0.1900,0.0128,0.0173,0.0059,0,REST-S,7,2,1
1458,730,2:04:30,0,0.00,0,0.1700,0.0042,0.0173,0.0059,0,REST-S,7,2,1
1458,731,2:05:00,0,0.00,0,0.1700,0.0042,0.0173,0.0059,0,REST-S,7,2,1
1458,732,2:05:30,0,0.00,0,0.1700,0.0042,0.0173,0.0059,0,REST-S,7,2,1
1458,733,2:06:00,0,0.00,0,0.1700,0.0042,0.0173,0.0059,0,REST-S,7,2,1
1458,734,2:06:30,0,0.00,0,0.1700,0.0042,0.0173,0.0059,0,REST-S,7,2,1
1458,735,2:07:00,0,0.00,0,0.1700,0.0042,0.0173,0.0059,0,REST-S,7,2,1
1458,736,2:07:30,0,0.00,0,0.1700,0.0042,0.0173,0.0059,0,REST-S,7,2,1
1458,737,2:08:00,0,0.00,0,0.1700,0.0042,0.0173,0.0059,0,REST-S,7,2,1
1458,738,2:08:30,0,0.00,0,0.1700,0.0042,0.0173,0.0059,0,REST-S,7,2,1
1458,739,2:09:00,0,0.00,0,0.1700,0.0042,0.0173,0.0059,0,REST-S,7,2,1
1458,740,2:09:30,0,0.00,0,0.1900,0.0128,0.0173,0.0059,0,REST-S,7,2,1
1458,741,2:10:00,0,0.00,0,0.1700,0.0042,0.0173,0.0059,0,REST-S,7,2,1
1458,742,2:10:30,0,35.00,0,0.1700,0.0042,0.0173,0.0059,1,REST-S,7,2,1
1458,743,2:11:00,0,0.00,0,0.1900,0.0128,0.0173,0.0059,0,REST-S,7,2,1
1458,744,2:11:30,0,0.00,0,0.1700,0.0042,0.0173,0.0059,0,REST-S,7,2,1
1458,745,2:12:00,0,0.00,0,0.1700,0.0042,0.0173,0.0059,0,REST-S,7,2,1
1458,746,2:12:30,0,0.00,0,0.1700,0.0042,0.0173,0.0059,0,REST-S,7,2,1
1458,747,2:13:00,0,0.00,0,0.1700,0.0042,0.0173,0.0059,0,REST-S,7,2,1
1458,748,2:13:30,0,0.00,0,0.1900,0.0128,0.0173,0.0059,0,REST-S,7,2,1
1458,749,2:14:00,0,0.00,0,0.1700,0.0042,0.0173,0.0059,0,REST-S,7,2,1
1458,750,2:14:30,0,0.00,0,0.1700,0.0042,0.0173,0.0059,0,REST-S,7,2,1
1458,751,2:15:00,0,0.00,0,0.1700,0.0042,0.0173,0.0059,0,REST-S,7,2,1
1458,752,2:15:30,0,0.00,0,0.1700,0.0042,0.0173,0.0059,0,REST-S,7,2,1
1458,753,2:16:00,0,0.00,0,0.1700,0.0042,0.0173,0.0059,0,REST-S,7,2,1
1458,754,2:16:30,0,0.00,0,0.1700,0.0042,0.0173,0.0059,0,REST-S,7,2,1
1458,755,2:17:00,0,0.00,0,0.1700,0.0042,0.0173,0.0059,0,REST-S,7,2,1
1458,756,2:17:30,0,0.00,0,0.1700,0.0042,0.0173,0.0059,0,REST-S,7,2,1
1458,757,2:18:00,0,0.00,0,0.1700,0.0042,0.0173,0.0059,0,REST-S,7,2,1
1458,758,2:18:30,0,0.00,0,0.1700,0.0042,0.0173,0.0059,0,REST-S,7,2,1
1458,759,2:19:00,0,0.00,0,0.1700,0.0042,0.0173,0.0059,0,REST-S,7,2,1
1458,760,2:19:30,0,0.00,0,0.1700,0.0042,0.0173,0.0059,0,REST-S,7,2,1
1458,761,2:20:00,0,0.00,0,0.1700,0.0042,0.0173,0.0059,0,REST-S,7,2,1
1458,762,2:20:30,0,0.00,0,0.1700,0.0042,0.0173,0.0059,0,REST-S,7,2,1
1458,763,2:21:00,0,0.00,0,0.1700,0.0042,0.0173,0.0059,0,REST-S,7,2,1
1458,764,2:21:30,0,0.00,0,0.1900,0.0128,0.0173,0.0059,0,REST-S,7,2,1
1458,765,2:22:00,0,0.00,0,0.1700,0.0042,0.0173,0.0059,0,REST-S,7,2,1
1458,766,2:22:30,0,0.00,0,0.1700,0.0042,0.0173,0.0059,0,REST-S,7,2,1
1458,767,2:23:00,0,0.00,0,0.1700,0.0042,0.0173,0.0059,0,REST-S,7,2,1
1458,768,2:23:30,0,0.00,0,0.1700,0.0042,0.0173,0.0059,0,REST-S,7,2,1
1458,769,2:24:00,0,0.00,0,0.1700,0.0042,0.0173,0.0059,0,REST-S,7,2,1
1458,770,2:24:30,0,0.00,0,0.1700,0.0042,0.0173,0.0059,0,REST-S,7,2,1
1458,771,2:25:00,0,0.00,0,0.1700,0.0042,0.0173,0.0059,0,REST-S,7,2,1
1458,772,2:25:30,0,0.00,0,0.1700,0.0042,0.0173,0.0059,0,REST-S,7,2,1
1458,773,2:26:00,0,0.00,0,0.1700,0.0042,0.0173,0.0059,0,REST-S,7,2,1
1458,774,2:26:30,0,0.00,0,0.1700,0.0042,0.0173,0.0059,0,REST-S,7,2,1
1458,775,2:27:00,0,0.00,0,0.1700,0.0042,0.0173,0.0059,0,REST-S,7,2,1
1458,776,2:27:30,0,0.00,0,0.1700,0.0042,0.0173,0.0059,0,REST-S,7,2,1
1458,777,2:28:00,0,0.00,0,0.1700,0.0042,0.0173,0.0059,0,REST-S,7,2,1
1458,778,2:28:30,0,0.00,0,0.1700,0.0042,0.0173,0.0059,0,REST-S,7,2,1
1458,779,2:29:00,0,0.00,0,0.1700,0.0042,0.0173,0.0059,0,REST-S,7,2,1
1458,780,2:29:30,0,0.00,0,0.1700,0.0042,0.0173,0.0059,0,REST-S,7,2,1
1458,781,2:30:00,0,0.00,0,0.1700,0.0042,0.0173,0.0059,0,REST-S,7,2,1
1458,782,2:30:30,0,0.00,0,0.1700,0.0042,0.0173,0.0059,0,REST-S,7,2,1
1458,783,2:31:00,0,0.00,0,0.1700,0.0042,0.0173,0.0059,0,REST-S,7,2,1
1458,784,2:31:30,0,0.00,0,0.1700,0.0042,0.0173,0.0059,0,REST-S,7,2,1
1458,785,2:32:00,0,0.00,0,0.1700,0.0042,0.0173,0.0059,0,REST-S,7,2,1
1458,786,2:32:30,0,0.00,0,0.1700,0.0042,0.0173,0.0059,0,REST-S,7,2,1
1458,787,2:33:00,0,0.00,0,0.1700,0.0042,0.0173,0.0059,0,REST-S,7,2,1
1458,788,2:33:30,0,0.00,0,0.1700,0.0042,0.0173,0.0059,0,REST-S,7,2,1
1458,789,2:34:00,0,0.00,0,0.1700,0.0042,0.0173,0.0059,0,REST-S,7,2,1
1458,790,2:34:30,0,0.00,0,0.1700,0.0042,0.0173,0.0059,0,REST-S,7,2,1
1458,791,2:35:00,0,0.00,0,0.1700,0.0042,0.0173,0.0059,0,REST-S,7,2,1
1458,792,2:35:30,0,0.00,0,0.1700,0.0042,0.0173,0.0059,0,REST-S,7,2,1
1458,793,2:36:00,0,163.00,0,0.1200,0.0042,0.0125,0.0000,1,REST-S,7,2,1
1458,794,2:36:30,0,0.00,0,0.1700,0.0042,0.0173,0.0059,1,REST-S,7,2,1
1458,795,2:37:00,0,83.00,0,0.1700,0.0042,0.0173,0.0059,1,REST-S,7,2,1
1458,796,2:37:30,0,0.00,0,0.1700,0.0042,0.0173,0.0059,0,REST-S,7,2,1
1458,797,2:38:00,0,0.00,0,0.1700,0.0042,0.0173,0.0059,0,REST-S,7,2,1
1458,798,2:38:30,0,0.00,0,0.1900,0.0128,0.0173,0.0059,0,REST-S,7,2,1
1458,799,2:39:00,0,0.00,0,0.1700,0.0042,0.0173,0.0059,0,REST-S,7,2,1
1458,800,2:39:30,0,0.00,0,0.1900,0.0128,0.0173,0.0059,0,REST-S,7,2,1
1458,801,2:40:00,0,0.00,0,0.1900,0.0128,0.0173,0.0059,0,REST-S,7,2,1
1458,802,2:40:30,0,0.00,0,0.1700,0.0042,0.0173,0.0059,0,REST-S,7,2,1
1458,803,2:41:00,0,0.00,0,0.1900,0.0128,0.0173,0.0059,0,REST-S,7,2,1
1458,804,2:41:30,0,0.00,0,0.1900,0.0128,0.0173,0.0059,0,REST-S,7,2,1
1458,805,2:42:00,0,1.00,0,0.1900,0.0128,0.0173,0.0059,0,REST-S,7,2,1
1458,806,2:42:30,0,0.00,0,0.1900,0.0128,0.0173,0.0059,0,REST-S,7,2,1
1458,807,2:43:00,0,26.00,0,0.1900,0.0128,0.0173,0.0059,1,REST-S,7,2,1
1458,808,2:43:30,0,0.00,0,0.1900,0.0128,0.0173,0.0059,0,REST-S,7,2,1
1458,809,2:44:00,0,0.00,0,0.1900,0.0128,0.0173,0.0059,0,REST-S,7,2,1
1458,810,2:44:30,0,0.00,0,0.1900,0.0128,0.0173,0.0059,0,REST-S,7,2,1
1458,811,2:45:00,0,0.00,0,0.1900,0.0128,0.0173,0.0059,0,REST-S,7,2,1
1458,812,2:45:30,0,0.00,0,0.1900,0.0128,0.0173,0.0059,0,REST-S,7,2,1
1458,813,2:46:00,0,0.00,0,0.1900,0.0128,0.0173,0.0059,0,REST-S,7,2,1
1458,814,2:46:30,0,0.00,0,0.1900,0.0128,0.0173,0.0059,0,REST-S,7,2,1
1458,815,2:47:00,0,0.00,0,0.1700,0.0042,0.0173,0.0059,0,REST-S,7,2,1
1458,816,2:47:30,0,0.00,0,0.1700,0.0042,0.0173,0.0059,0,REST-S,7,2,1
1458,817,2:48:00,0,1.00,0,0.1900,0.0128,0.0173,0.0059,0,REST-S,7,2,1
1458,818,2:48:30,0,0.00,0,0.1700,0.0042,0.0173,0.0059,0,REST-S,7,2,1
1458,819,2:49:00,0,0.00,0,0.1700,0.0042,0.0173,0.0059,0,REST-S,7,2,1
1458,820,2:49:30,0,1.00,0,0.1700,0.0042,0.0173,0.0059,0,REST-S,7,2,1
1458,821,2:50:00,0,0.00,0,0.1700,0.0042,0.0173,0.0059,0,REST-S,7,2,1
1458,822,2:50:30,0,0.00,0,0.1700,0.0042,0.0173,0.0059,0,REST-S,7,2,1
1458,823,2:51:00,0,0.00,0,0.1700,0.0042,0.0173,0.0059,0,REST-S,7,2,1
1458,824,2:51:30,0,0.00,0,0.1700,0.0042,0.0173,0.0059,0,REST-S,7,2,1
1458,825,2:52:00,0,0.00,0,0.1700,0.0042,0.0173,0.0059,0,REST-S,7,2,1
1458,826,2:52:30,0,0.00,0,0.1900,0.0128,0.0173,0.0059,0,REST-S,7,2,1
1458,827,2:53:00,0,0.00,0,0.1900,0.0128,0.0173,0.0059,0,REST-S,7,2,1
1458,828,2:53:30,0,0.00,0,0.1900,0.0128,0.0173,0.0059,0,REST-S,7,2,1
1458,829,2:54:00,0,0.00,0,0.1700,0.0042,0.0173,0.0059,0,REST-S,7,2,1
1458,830,2:54:30,0,0.00,0,0.1700,0.0042,0.0173,0.0059,0,REST-S,7,2,1
1458,831,2:55:00,0,0.00,0,0.1700,0.0042,0.0173,0.0059,0,REST-S,7,2,1
1458,832,2:55:30,0,0.00,0,0.1700,0.0042,0.0173,0.0059,0,REST-S,7,2,1
1458,833,2:56:00,0,0.00,0,0.1700,0.0042,0.0173,0.0059,0,REST-S,7,2,1
1458,834,2:56:30,0,0.00,0,0.1700,0.0042,0.0173,0.0059,0,REST-S,7,2,1
1458,835,2:57:00,0,0.00,0,0.1700,0.0042,0.0173,0.0059,0,REST-S,7,2,1
1458,836,2:57:30,0,0.00,0,0.1700,0.0042,0.0173,0.0059,0,REST-S,7,2,1
1458,837,2:58:00,0,0.00,0,0.1700,0.0042,0.0173,0.0059,0,REST-S,7,2,1
1458,838,2:58:30,0,0.00,0,0.1700,0.0042,0.0173,0.0059,0,REST-S,7,2,1
1458,839,2:59:00,0,0.00,0,0.1700,0.0042,0.0173,0.0059,0,REST-S,7,2,1
1458,840,2:59:30,0,0.00,0,0.1700,0.0042,0.0173,0.0059,0,REST-S,7,2,1
1458,841,3:00:00,0,0.00,0,0.1700,0.0042,0.0173,0.0059,0,REST-S,7,2,1
1458,842,3:00:30,0,0.00,0,0.1700,0.0042,0.0173,0.0059,0,REST-S,7,2,1
1458,843,3:01:00,0,0.00,0,0.1700,0.0042,0.0173,0.0059,0,REST-S,7,2,1
1458,844,3:01:30,0,0.00,0,0.1700,0.0042,0.0173,0.0059,0,REST-S,7,2,1
1458,845,3:02:00,0,0.00,0,0.1700,0.0042,0.0173,0.0059,0,REST-S,7,2,1
1458,846,3:02:30,0,0.00,0,0.1700,0.0042,0.0173,0.0059,0,REST-S,7,2,1
1458,847,3:03:00,0,0.00,0,0.1700,0.0042,0.0173,0.0059,0,REST-S,7,2,1
1458,848,3:03:30,0,0.00,0,0.1700,0.0042,0.0173,0.0059,0,REST-S,7,2,1
1458,849,3:04:00,0,0.00,0,0.1700,0.0042,0.0173,0.0059,0,REST-S,7,2,1
1458,850,3:04:30,0,0.00,0,0.1700,0.0042,0.0173,0.0059,0,REST-S,7,2,1
1458,851,3:05:00,0,0.00,0,0.1700,0.0042,0.0173,0.0059,0,REST-S,7,2,1
1458,852,3:05:30,0,0.00,0,0.1700,0.0042,0.0173,0.0059,0,REST-S,7,2,1
1458,853,3:06:00,0,0.00,0,0.1700,0.0042,0.0173,0.0059,0,REST-S,7,2,1
1458,854,3:06:30,0,0.00,0,0.1700,0.0042,0.0173,0.0059,0,REST-S,7,2,1
1458,855,3:07:00,0,0.00,0,0.1700,0.0042,0.0173,0.0059,0,REST-S,7,2,1
1458,856,3:07:30,0,0.00,0,0.1700,0.0042,0.0173,0.0059,0,REST-S,7,2,1
1458,857,3:08:00,0,0.00,0,0.1700,0.0042,0.0173,0.0059,0,REST-S,7,2,1
1458,858,3:08:30,0,0.00,0,0.1700,0.0042,0.0173,0.0059,0,REST-S,7,2,1
1458,859,3:09:00,0,0.00,0,0.1700,0.0042,0.0173,0.0059,0,REST-S,7,2,1
1458,860,3:09:30,0,0.00,0,0.1700,0.0042,0.0173,0.0059,0,REST-S,7,2,1
1458,861,3:10:00,0,0.00,0,0.1700,0.0042,0.0173,0.0059,0,REST-S,7,2,1
1458,862,3:10:30,0,0.00,0,0.1700,0.0042,0.0173,0.0059,0,REST-S,7,2,1
1458,863,3:11:00,0,0.00,0,0.1700,0.0042,0.0173,0.0059,0,REST-S,7,2,1
1458,864,3:11:30,0,0.00,0,0.1700,0.0042,0.0173,0.0059,0,REST-S,7,2,1
1458,865,3:12:00,0,0.00,0,0.1700,0.0042,0.0173,0.0059,0,REST-S,7,2,1
1458,866,3:12:30,0,0.00,0,0.1700,0.0042,0.0173,0.0059,0,REST-S,7,2,1
1458,867,3:13:00,0,0.00,0,0.1700,0.0042,0.0173,0.0059,0,REST-S,7,2,1
1458,868,3:13:30,0,0.00,0,0.1700,0.0042,0.0173,0.0059,0,REST-S,7,2,1
1458,869,3:14:00,0,0.00,0,0.1700,0.0042,0.0173,0.0059,0,REST-S,7,2,1
1458,870,3:14:30,0,0.00,0,0.1700,0.0042,0.0173,0.0059,0,REST-S,7,2,1
1458,871,3:15:00,0,0.00,0,0.1700,0.0042,0.0173,0.0059,0,REST-S,7,2,1
1458,872,3:15:30,0,0.00,0,0.1700,0.0042,0.0173,0.0059,0,REST-S,7,2,1
1458,873,3:16:00,0,1.00,0,0.1700,0.0042,0.0173,0.0059,0,REST-S,7,2,1
1458,874,3:16:30,0,0.00,0,0.1700,0.0042,0.0173,0.0059,0,REST-S,7,2,1
1458,875,3:17:00,0,0.00,0,0.1700,0.0042,0.0173,0.0059,0,REST-S,7,2,1
1458,876,3:17:30,0,0.00,0,0.1700,0.0042,0.0173,0.0059,0,REST-S,7,2,1
1458,877,3:18:00,0,0.00,0,0.1700,0.0042,0.0173,0.0059,0,REST-S,7,2,1
1458,878,3:18:30,0,0.00,0,0.1700,0.0042,0.0173,0.0059,0,REST-S,7,2,1
1458,879,3:19:00,0,0.00,0,0.1700,0.0042,0.0173,0.0059,0,REST-S,7,2,1
1458,880,3:19:30,0,0.00,0,0.1700,0.0042,0.0173,0.0059,0,REST-S,7,2,1
1458,881,3:20:00,0,0.00,0,0.1700,0.0042,0.0173,0.0059,0,REST-S,7,2,1
1458,882,3:20:30,0,0.00,0,0.1700,0.0042,0.0173,0.0059,0,REST-S,7,2,1
1458,883,3:21:00,0,0.00,0,0.1700,0.0042,0.0173,0.0059,0,REST-S,7,2,1
1458,884,3:21:30,0,0.00,0,0.1700,0.0042,0.0173,0.0059,0,REST-S,7,2,1
1458,885,3:22:00,0,1.00,0,0.1700,0.0042,0.0173,0.0059,0,REST-S,7,2,1
1458,886,3:22:30,0,0.00,0,0.1700,0.0042,0.0173,0.0059,0,REST-S,7,2,1
1458,887,3:23:00,0,1.00,0,0.1700,0.0042,0.0173,0.0059,0,REST-S,7,2,1
1458,888,3:23:30,0,0.00,0,0.1700,0.0042,0.0173,0.0059,0,REST-S,7,2,1
1458,889,3:24:00,0,0.00,0,0.1700,0.0042,0.0173,0.0059,0,REST-S,7,2,1
1458,890,3:24:30,0,0.00,0,0.1700,0.0042,0.0173,0.0059,0,REST-S,7,2,1
1458,891,3:25:00,0,0.00,0,0.1700,0.0042,0.0173,0.0059,0,REST-S,7,2,1
1458,892,3:25:30,0,0.00,0,0.1700,0.0042,0.0173,0.0059,0,REST-S,7,2,1
1458,893,3:26:00,0,0.00,0,0.1700,0.0042,0.0173,0.0059,0,REST-S,7,2,1
1458,894,3:26:30,0,0.00,0,0.1700,0.0042,0.0173,0.0059,0,REST-S,7,2,1
1458,895,3:27:00,0,0.00,0,0.1700,0.0042,0.0173,0.0059,0,REST-S,7,2,1
1458,896,3:27:30,0,0.00,0,0.1900,0.0128,0.0173,0.0059,0,REST-S,7,2,1
1458,897,3:28:00,0,0.00,0,0.1700,0.0042,0.0173,0.0059,0,REST-S,7,2,1
1458,898,3:28:30,0,0.00,0,0.1700,0.0042,0.0173,0.0059,0,REST-S,7,2,1
1458,899,3:29:00,0,0.00,0,0.1700,0.0042,0.0173,0.0059,0,REST-S,7,2,1
1458,900,3:29:30,0,0.00,0,0.1700,0.0042,0.0173,0.0059,0,REST-S,7,2,1
1458,901,3:30:00,0,0.00,0,0.1700,0.0042,0.0173,0.0059,0,REST-S,7,2,1
1458,902,3:30:30,0,0.00,0,0.1700,0.0042,0.0173,0.0059,0,REST-S,7,2,1
1458,903,3:31:00,0,1.00,0,0.1700,0.0042,0.0173,0.0059,0,REST-S,7,2,1
1458,904,3:31:30,0,0.00,0,0.1700,0.0042,0.0173,0.0059,0,REST-S,7,2,1
1458,905,3:32:00,0,0.00,0,0.1700,0.0042,0.0173,0.0059,0,REST-S,7,2,1
1458,906,3:32:30,0,0.00,0,0.1700,0.0042,0.0173,0.0059,0,REST-S,7,2,1
1458,907,3:33:00,0,0.00,0,0.1700,0.0042,0.0173,0.0059,0,REST-S,7,2,1
1458,908,3:33:30,0,0.00,0,0.1700,0.0042,0.0173,0.0059,0,REST-S,7,2,1
1458,909,3:34:00,0,0.00,0,0.1700,0.0042,0.0173,0.0059,0,REST-S,7,2,1
1458,910,3:34:30,0,0.00,0,0.1700,0.0042,0.0173,0.0059,0,REST-S,7,2,1
1458,911,3:35:00,0,0.00,0,0.1700,0.0042,0.0173,0.0059,0,REST-S,7,2,1
1458,912,3:35:30,0,0.00,0,0.1700,0.0042,0.0173,0.0059,0,REST-S,7,2,1
1458,913,3:36:00,0,0.00,0,0.1900,0.0128,0.0173,0.0059,0,REST-S,7,2,1
1458,914,3:36:30,0,0.00,0,0.1700,0.0042,0.0173,0.0059,0,REST-S,7,2,1
1458,915,3:37:00,0,39.00,0,0.1700,0.0042,0.0173,0.0059,1,REST-S,7,2,1
1458,916,3:37:30,0,23.00,0,0.1700,0.0042,0.0173,0.0059,1,REST-S,7,2,1
1458,917,3:38:00,0,0.00,0,0.1700,0.0042,0.0173,0.0059,0,REST-S,7,2,1
1458,918,3:38:30,0,0.00,0,0.1700,0.0042,0.0173,0.0059,0,REST-S,7,2,1
1458,919,3:39:00,0,0.00,0,0.1700,0.0042,0.0173,0.0059,0,REST-S,7,2,1
1458,920,3:39:30,0,0.00,0,0.1700,0.0042,0.0173,0.0059,0,REST-S,7,2,1
1458,921,3:40:00,0,0.00,0,0.1700,0.0042,0.0173,0.0059,0,REST-S,7,2,1
1458,922,3:40:30,0,0.00,0,0.1700,0.0042,0.0173,0.0059,0,REST-S,7,2,1
1458,923,3:41:00,0,0.00,0,0.1700,0.0042,0.0173,0.0059,0,REST-S,7,2,1
1458,924,3:41:30,0,55.00,0,0.1700,0.0042,0.0173,0.0059,1,REST-S,7,2,1
1458,925,3:42:00,0,0.00,0,0.1700,0.0042,0.0173,0.0059,0,REST-S,7,2,1
1458,926,3:42:30,0,0.00,0,0.1900,0.0128,0.0173,0.0059,0,REST-S,7,2,1
1458,927,3:43:00,0,0.00,0,0.1900,0.0128,0.0173,0.0059,0,REST-S,7,2,1
1458,928,3:43:30,0,0.00,0,0.1700,0.0042,0.0173,0.0059,1,REST-S,7,2,1
1458,929,3:44:00,0,59.00,0,0.1700,0.0042,0.0173,0.0059,1,REST-S,7,2,1
1458,930,3:44:30,0,147.00,0,0.1900,0.0128,0.0173,0.0059,1,REST-S,7,2,1
1458,931,3:45:00,0,0.00,0,0.1900,0.0128,0.0173,0.0059,1,REST-S,7,2,1
1458,932,3:45:30,0,0.00,0,0.1900,0.0128,0.0173,0.0059,1,REST-S,7,2,1
1458,933,3:46:00,0,158.00,0,0.0400,0.0146,0.0000,0.0059,1,REST-S,7,2,1
1458,934,3:46:30,0,0.00,0,0.1900,0.0128,0.0173,0.0059,0,REST-S,7,2,1
1458,935,3:47:00,0,0.00,0,0.1900,0.0128,0.0173,0.0059,0,REST-S,7,2,1
1458,936,3:47:30,0,11.00,0,0.1900,0.0128,0.0173,0.0059,0,REST-S,7,2,1
1458,937,3:48:00,0,0.00,0,0.1900,0.0128,0.0173,0.0059,0,REST-S,7,2,1
1458,938,3:48:30,0,0.00,0,0.1900,0.0128,0.0173,0.0059,0,REST-S,7,2,1
1458,939,3:49:00,0,0.00,0,0.1900,0.0128,0.0173,0.0059,1,REST-S,7,2,1
1458,940,3:49:30,0,0.00,0,0.1900,0.0128,0.0173,0.0059,1,REST-S,7,2,1
1458,941,3:50:00,0,212.00,0,0.1200,0.0042,0.0125,0.0000,1,REST-S,7,2,1
1458,942,3:50:30,0,61.00,0,0.1900,0.0128,0.0173,0.0059,1,REST-S,7,2,1
1458,943,3:51:00,0,0.00,0,0.1900,0.0128,0.0173,0.0059,1,REST-S,7,2,1
1458,944,3:51:30,0,44.00,0,0.1900,0.0128,0.0173,0.0059,1,REST-S,7,2,1
1458,945,3:52:00,0,22.00,0,0.1900,0.0128,0.0173,0.0059,1,REST-S,7,2,1
1458,946,3:52:30,0,83.00,0,0.1700,0.0042,0.0173,0.0059,1,REST-S,7,2,1
1458,947,3:53:00,0,0.00,0,0.1700,0.0042,0.0173,0.0059,0,REST-S,7,2,1
1458,948,3:53:30,0,0.00,0,0.1700,0.0042,0.0173,0.0059,0,REST-S,7,2,1
1458,949,3:54:00,0,0.00,0,0.1700,0.0042,0.0173,0.0059,0,REST-S,7,2,1
1458,950,3:54:30,0,0.00,0,0.1700,0.0042,0.0173,0.0059,0,REST-S,7,2,1
1458,951,3:55:00,0,0.00,0,0.1700,0.0042,0.0173,0.0059,0,REST-S,7,2,1
1458,952,3:55:30,0,0.00,0,0.1700,0.0042,0.0173,0.0059,0,REST-S,7,2,1
1458,953,3:56:00,0,0.00,0,0.1700,0.0042,0.0173,0.0059,0,REST-S,7,2,1
1458,954,3:56:30,0,0.00,0,0.1700,0.0042,0.0173,0.0059,0,REST-S,7,2,1
1458,955,3:57:00,0,0.00,0,0.1700,0.0042,0.0173,0.0059,0,REST-S,7,2,1
1458,956,3:57:30,0,0.00,0,0.1900,0.0128,0.0173,0.0059,0,REST-S,7,2,1
1458,957,3:58:00,0,0.00,0,0.1700,0.0042,0.0173,0.0059,0,REST-S,7,2,1
1458,958,3:58:30,0,0.00,0,0.1700,0.0042,0.0173,0.0059,0,REST-S,7,2,1
1458,959,3:59:00,0,0.00,0,0.1700,0.0042,0.0173,0.0059,0,REST-S,7,2,1
1458,960,3:59:30,0,0.00,0,0.1700,0.0042,0.0173,0.0059,0,REST-S,7,2,1
1458,961,4:00:00,0,0.00,0,0.1700,0.0042,0.0173,0.0059,0,REST-S,7,2,1
1458,962,4:00:30,0,1.00,0,0.1700,0.0042,0.0173,0.0059,0,REST-S,7,2,1
1458,963,4:01:00,0,0.00,0,0.1700,0.0042,0.0173,0.0059,0,REST-S,7,2,1
1458,964,4:01:30,0,0.00,0,0.1700,0.0042,0.0173,0.0059,0,REST-S,7,2,1
1458,965,4:02:00,0,0.00,0,0.1700,0.0042,0.0173,0.0059,0,REST-S,7,2,1
1458,966,4:02:30,0,0.00,0,0.1700,0.0042,0.0173,0.0059,1,REST-S,7,2,1
1458,967,4:03:00,0,0.00,0,0.1700,0.0042,0.0173,0.0059,1,REST-S,7,2,1
1458,968,4:03:30,0,212.00,0,0.1700,0.0042,0.0173,0.0059,1,REST-S,7,2,1
1458,969,4:04:00,0,0.00,0,0.1700,0.0042,0.0173,0.0059,1,REST-S,7,2,1
1458,970,4:04:30,0,0.00,0,0.1700,0.0042,0.0173,0.0059,1,REST-S,7,2,1
1458,971,4:05:00,0,27.00,0,0.1700,0.0042,0.0173,0.0059,1,REST-S,7,2,1
1458,972,4:05:30,0,3.00,0,0.1700,0.0042,0.0173,0.0059,0,REST-S,7,2,1
1458,973,4:06:00,0,0.00,0,0.1700,0.0042,0.0173,0.0059,0,REST-S,7,2,1
1458,974,4:06:30,0,3.00,0,0.1700,0.0042,0.0173,0.0059,0,REST-S,7,2,1
1458,975,4:07:00,0,0.00,0,0.1700,0.0042,0.0173,0.0059,0,REST-S,7,2,1
1458,976,4:07:30,0,0.00,0,0.1700,0.0042,0.0173,0.0059,0,REST-S,7,2,1
1458,977,4:08:00,0,48.00,0,0.1200,0.0042,0.0125,0.0000,1,REST-S,7,2,1
1458,978,4:08:30,0,0.00,0,0.1700,0.0042,0.0173,0.0059,0,REST-S,7,2,1
1458,979,4:09:00,0,0.00,0,0.1700,0.0042,0.0173,0.0059,0,REST-S,7,2,1
1458,980,4:09:30,0,0.00,0,0.1700,0.0042,0.0173,0.0059,0,REST-S,7,2,1
1458,981,4:10:00,0,0.00,0,0.1700,0.0042,0.0173,0.0059,0,REST-S,7,2,1
1458,982,4:10:30,0,0.00,0,0.1700,0.0042,0.0173,0.0059,0,REST-S,7,2,1
1458,983,4:11:00,0,0.00,0,0.1700,0.0042,0.0173,0.0059,0,REST-S,7,2,1
1458,984,4:11:30,0,0.00,0,0.1900,0.0128,0.0173,0.0059,0,REST-S,7,2,1
1458,985,4:12:00,0,0.00,0,0.1700,0.0042,0.0173,0.0059,0,REST-S,7,2,1
1458,986,4:12:30,0,0.00,0,0.1700,0.0042,0.0173,0.0059,0,REST-S,7,2,1
1458,987,4:13:00,0,0.00,0,0.1700,0.0042,0.0173,0.0059,0,REST-S,7,2,1
1458,988,4:13:30,0,0.00,0,0.1700,0.0042,0.0173,0.0059,0,REST-S,7,2,1
1458,989,4:14:00,0,0.00,0,0.1700,0.0042,0.0173,0.0059,0,REST-S,7,2,1
1458,990,4:14:30,0,0.00,0,0.1700,0.0042,0.0173,0.0059,0,REST-S,7,2,1
1458,991,4:15:00,0,0.00,0,0.1700,0.0042,0.0173,0.0059,0,REST-S,7,2,1
1458,992,4:15:30,0,0.00,0,0.1700,0.0042,0.0173,0.0059,0,REST-S,7,2,1
1458,993,4:16:00,0,0.00,0,0.1700,0.0042,0.0173,0.0059,0,REST-S,7,2,1
1458,994,4:16:30,0,0.00,0,0.1700,0.0042,0.0173,0.0059,0,REST-S,7,2,1
1458,995,4:17:00,0,0.00,0,0.1700,0.0042,0.0173,0.0059,0,REST-S,7,2,1
1458,996,4:17:30,0,0.00,0,0.1700,0.0042,0.0173,0.0059,0,REST-S,7,2,1
1458,997,4:18:00,0,0.00,0,0.1700,0.0042,0.0173,0.0059,0,REST-S,7,2,1
1458,998,4:18:30,0,0.00,0,0.1700,0.0042,0.0173,0.0059,0,REST-S,7,2,1
1458,999,4:19:00,0,0.00,0,0.1700,0.0042,0.0173,0.0059,0,REST-S,7,2,1
1458,1000,4:19:30,0,0.00,0,0.1700,0.0042,0.0173,0.0059,0,REST-S,7,2,1
1458,1001,4:20:00,0,0.00,0,0.1700,0.0042,0.0173,0.0059,0,REST-S,7,2,1
1458,1002,4:20:30,0,0.00,0,0.1700,0.0042,0.0173,0.0059,0,REST-S,7,2,1
1458,1003,4:21:00,0,0.00,0,0.1700,0.0042,0.0173,0.0059,0,REST-S,7,2,1
1458,1004,4:21:30,0,0.00,0,0.1700,0.0042,0.0173,0.0059,0,REST-S,7,2,1
1458,1005,4:22:00,0,0.00,0,0.1700,0.0042,0.0173,0.0059,1,REST-S,7,2,1
1458,1006,4:22:30,0,0.00,0,0.1700,0.0042,0.0173,0.0059,1,REST-S,7,2,1
1458,1007,4:23:00,0,228.00,0,0.1700,0.0042,0.0173,0.0059,1,REST-S,7,2,1
1458,1008,4:23:30,0,10.00,0,0.1900,0.0128,0.0173,0.0059,1,REST-S,7,2,1
1458,1009,4:24:00,0,0.00,0,0.1700,0.0042,0.0173,0.0059,1,REST-S,7,2,1
1458,1010,4:24:30,0,0.00,0,0.1700,0.0042,0.0173,0.0059,0,REST-S,7,2,1
1458,1011,4:25:00,0,0.00,0,0.1700,0.0042,0.0173,0.0059,0,REST-S,7,2,1
1458,1012,4:25:30,0,0.00,0,0.1700,0.0042,0.0173,0.0059,0,REST-S,7,2,1
1458,1013,4:26:00,0,0.00,0,0.1700,0.0042,0.0173,0.0059,0,REST-S,7,2,1
1458,1014,4:26:30,0,0.00,0,0.1700,0.0042,0.0173,0.0059,0,REST-S,7,2,1
1458,1015,4:27:00,0,0.00,0,0.1700,0.0042,0.0173,0.0059,0,REST-S,7,2,1
1458,1016,4:27:30,0,0.00,0,0.1700,0.0042,0.0173,0.0059,0,REST-S,7,2,1
1458,1017,4:28:00,0,0.00,0,0.1700,0.0042,0.0173,0.0059,0,REST-S,7,2,1
1458,1018,4:28:30,0,0.00,0,0.1700,0.0042,0.0173,0.0059,0,REST-S,7,2,1
1458,1019,4:29:00,0,0.00,0,0.1700,0.0042,0.0173,0.0059,0,REST-S,7,2,1
1458,1020,4:29:30,0,0.00,0,0.1700,0.0042,0.0173,0.0059,0,REST-S,7,2,1
1458,1021,4:30:00,0,0.00,0,0.1900,0.0128,0.0173,0.0059,0,REST-S,7,2,1
1458,1022,4:30:30,0,0.00,0,0.1700,0.0042,0.0173,0.0059,0,REST-S,7,2,1
1458,1023,4:31:00,0,0.00,0,0.1900,0.0128,0.0173,0.0059,0,REST-S,7,2,1
1458,1024,4:31:30,0,0.00,0,0.1900,0.0128,0.0173,0.0059,0,REST-S,7,2,1
1458,1025,4:32:00,0,0.00,0,0.1900,0.0128,0.0173,0.0059,0,REST-S,7,2,1
1458,1026,4:32:30,0,0.00,0,0.1700,0.0042,0.0173,0.0059,0,REST-S,7,2,1
1458,1027,4:33:00,0,0.00,0,0.1700,0.0042,0.0173,0.0059,0,REST-S,7,2,1
1458,1028,4:33:30,0,0.00,0,0.1700,0.0042,0.0173,0.0059,0,REST-S,7,2,1
1458,1029,4:34:00,0,0.00,0,0.1700,0.0042,0.0173,0.0059,0,REST-S,7,2,1
1458,1030,4:34:30,0,0.00,0,0.1700,0.0042,0.0173,0.0059,0,REST-S,7,2,1
1458,1031,4:35:00,0,0.00,0,0.1700,0.0042,0.0173,0.0059,0,REST-S,7,2,1
1458,1032,4:35:30,0,0.00,0,0.1700,0.0042,0.0173,0.0059,0,REST-S,7,2,1
1458,1033,4:36:00,0,0.00,0,0.1900,0.0128,0.0173,0.0059,0,REST-S,7,2,1
1458,1034,4:36:30,0,0.00,0,0.1700,0.0042,0.0173,0.0059,0,REST-S,7,2,1
1458,1035,4:37:00,0,0.00,0,0.1700,0.0042,0.0173,0.0059,0,REST-S,7,2,1
1458,1036,4:37:30,0,0.00,0,0.1700,0.0042,0.0173,0.0059,0,REST-S,7,2,1
1458,1037,4:38:00,0,0.00,0,0.1700,0.0042,0.0173,0.0059,0,REST-S,7,2,1
1458,1038,4:38:30,0,0.00,0,0.1900,0.0128,0.0173,0.0059,0,REST-S,7,2,1
1458,1039,4:39:00,0,0.00,0,0.1900,0.0128,0.0173,0.0059,0,REST-S,7,2,1
1458,1040,4:39:30,0,0.00,0,0.1900,0.0128,0.0173,0.0059,0,REST-S,7,2,1
1458,1041,4:40:00,0,0.00,0,0.1700,0.0042,0.0173,0.0059,0,REST-S,7,2,1
1458,1042,4:40:30,0,0.00,0,0.1700,0.0042,0.0173,0.0059,0,REST-S,7,2,1
1458,1043,4:41:00,0,0.00,0,0.1700,0.0042,0.0173,0.0059,0,REST-S,7,2,1
1458,1044,4:41:30,0,0.00,0,0.1900,0.0128,0.0173,0.0059,0,REST-S,7,2,1
1458,1045,4:42:00,0,0.00,0,0.1700,0.0042,0.0173,0.0059,0,REST-S,7,2,1
1458,1046,4:42:30,0,0.00,0,0.1700,0.0042,0.0173,0.0059,0,REST-S,7,2,1
1458,1047,4:43:00,0,0.00,0,0.1700,0.0042,0.0173,0.0059,0,REST-S,7,2,1
1458,1048,4:43:30,0,0.00,0,0.1700,0.0042,0.0173,0.0059,0,REST-S,7,2,1
1458,1049,4:44:00,0,0.00,0,0.1700,0.0042,0.0173,0.0059,0,REST-S,7,2,1
1458,1050,4:44:30,0,0.00,0,0.1900,0.0128,0.0173,0.0059,0,REST-S,7,2,1
1458,1051,4:45:00,0,0.00,0,0.1700,0.0042,0.0173,0.0059,0,REST-S,7,2,1
1458,1052,4:45:30,0,0.00,0,0.1700,0.0042,0.0173,0.0059,0,REST-S,7,2,1
1458,1053,4:46:00,0,0.00,0,0.1700,0.0042,0.0173,0.0059,0,REST-S,7,2,1
1458,1054,4:46:30,0,0.00,0,0.1900,0.0128,0.0173,0.0059,0,REST-S,7,2,1
1458,1055,4:47:00,0,0.00,0,0.1700,0.0042,0.0173,0.0059,0,REST-S,7,2,1
1458,1056,4:47:30,0,0.00,0,0.1900,0.0128,0.0173,0.0059,0,REST-S,7,2,1
1458,1057,4:48:00,0,0.00,0,0.1700,0.0042,0.0173,0.0059,0,REST-S,7,2,1
1458,1058,4:48:30,0,0.00,0,0.1700,0.0042,0.0173,0.0059,0,REST-S,7,2,1
1458,1059,4:49:00,0,0.00,0,0.1700,0.0042,0.0173,0.0059,0,REST-S,7,2,1
1458,1060,4:49:30,0,0.00,0,0.1700,0.0042,0.0173,0.0059,0,REST-S,7,2,1
1458,1061,4:50:00,0,0.00,0,0.1700,0.0042,0.0173,0.0059,0,REST-S,7,2,1
1458,1062,4:50:30,0,0.00,0,0.1700,0.0042,0.0173,0.0059,0,REST-S,7,2,1
1458,1063,4:51:00,0,0.00,0,0.1900,0.0128,0.0173,0.0059,0,REST-S,7,2,1
1458,1064,4:51:30,0,0.00,0,0.1700,0.0042,0.0173,0.0059,0,REST-S,7,2,1
1458,1065,4:52:00,0,0.00,0,0.1700,0.0042,0.0173,0.0059,0,REST-S,7,2,1
1458,1066,4:52:30,0,1.00,0,0.1700,0.0042,0.0173,0.0059,0,REST-S,7,2,1
1458,1067,4:53:00,0,77.00,0,0.1700,0.0042,0.0173,0.0059,1,REST-S,7,2,1
1458,1068,4:53:30,0,0.00,0,0.1700,0.0042,0.0173,0.0059,0,REST-S,7,2,1
1458,1069,4:54:00,0,0.00,0,0.1700,0.0042,0.0173,0.0059,0,REST-S,7,2,1
1458,1070,4:54:30,0,9.00,0,0.1900,0.0128,0.0173,0.0059,0,REST-S,7,2,1
1458,1071,4:55:00,0,11.00,0,0.1700,0.0042,0.0173,0.0059,0,REST-S,7,2,1
1458,1072,4:55:30,0,55.00,0,0.1900,0.0128,0.0173,0.0059,1,REST-S,7,2,1
1458,1073,4:56:00,0,0.00,0,0.1700,0.0042,0.0173,0.0059,0,REST-S,7,2,1
1458,1074,4:56:30,0,0.00,0,0.1700,0.0042,0.0173,0.0059,0,REST-S,7,2,1
1458,1075,4:57:00,0,0.00,0,0.1700,0.0042,0.0173,0.0059,0,REST-S,7,2,1
1458,1076,4:57:30,0,0.00,0,0.1700,0.0042,0.0173,0.0059,0,REST-S,7,2,1
1458,1077,4:58:00,0,0.00,0,0.1700,0.0042,0.0173,0.0059,0,REST-S,7,2,1
1458,1078,4:58:30,0,0.00,0,0.1700,0.0042,0.0173,0.0059,0,REST-S,7,2,1
1458,1079,4:59:00,0,0.00,0,0.1900,0.0128,0.0173,0.0059,0,REST-S,7,2,1
1458,1080,4:59:30,0,0.00,0,0.1700,0.0042,0.0173,0.0059,0,REST-S,7,2,1
1458,1081,5:00:00,0,0.00,0,0.1700,0.0042,0.0173,0.0059,0,REST-S,7,2,1
1458,1082,5:00:30,0,0.00,0,0.1700,0.0042,0.0173,0.0059,0,REST-S,7,2,1
1458,1083,5:01:00,0,0.00,0,0.1700,0.0042,0.0173,0.0059,0,REST-S,7,2,1
1458,1084,5:01:30,0,0.00,0,0.1700,0.0042,0.0173,0.0059,0,REST-S,7,2,1
1458,1085,5:02:00,0,0.00,0,0.1700,0.0042,0.0173,0.0059,0,REST-S,7,2,1
1458,1086,5:02:30,0,0.00,0,0.1700,0.0042,0.0173,0.0059,0,REST-S,7,2,1
1458,1087,5:03:00,0,0.00,0,0.1700,0.0042,0.0173,0.0059,0,REST-S,7,2,1
1458,1088,5:03:30,0,0.00,0,0.1900,0.0128,0.0173,0.0059,0,REST-S,7,2,1
1458,1089,5:04:00,0,0.00,0,0.1700,0.0042,0.0173,0.0059,0,REST-S,7,2,1
1458,1090,5:04:30,0,0.00,0,0.1700,0.0042,0.0173,0.0059,0,REST-S,7,2,1
1458,1091,5:05:00,0,0.00,0,0.1700,0.0042,0.0173,0.0059,1,REST-S,7,2,1
1458,1092,5:05:30,0,0.00,0,0.1700,0.0042,0.0173,0.0059,1,REST-S,7,2,1
1458,1093,5:06:00,0,193.00,0,0.0100,0.0049,0.0000,0.0000,1,REST-S,7,2,1
1458,1094,5:06:30,0,295.00,0,0.3600,0.0128,0.0378,0.0023,1,REST-S,7,2,1
1458,1095,5:07:00,0,0.00,0,0.1700,0.0042,0.0173,0.0059,1,REST-S,7,2,1
1458,1096,5:07:30,0,96.00,0,0.1900,0.0128,0.0173,0.0059,1,REST-S,7,2,1
1458,1097,5:08:00,0,186.00,0,8.4000,2.6400,0.2900,0.0298,1,REST-S,7,2,1
1458,1098,5:08:30,0,179.00,0,35.4000,5.8800,2.5300,0.2380,1,REST-S,7,2,1
1458,1099,5:09:00,0,359.00,0,22.5100,4.1600,1.5000,0.1390,1,REST-S,7,2,1
1458,1100,5:09:30,0,562.00,0,1.4700,0.2140,0.1120,0.0162,1,REST-S,7,2,1
1458,1101,5:10:00,0,23.00,0,162.9600,17.4000,13.7000,4.2500,1,REST-S,7,2,1
1458,1102,5:10:30,0,0.00,0,176.0500,18.1000,14.9000,4.7400,1,REST-S,7,2,1
1458,1103,5:11:00,0,174.00,0,89.8400,9.2700,7.6300,2.3200,1,REST-S,7,2,1
1458,1104,5:11:30,0,103.00,0,0.4700,0.0596,0.0378,0.0023,1,REST-S,7,2,1
1458,1105,5:12:00,0,0.00,0,0.4700,0.0596,0.0378,0.0023,1,REST-S,7,2,1
1458,1106,5:12:30,0,0.00,0,0.2300,0.0339,0.0173,0.0059,0,REST-S,7,2,1
1458,1107,5:13:00,0,44.00,0,0.2700,0.0512,0.0173,0.0059,1,REST-S,7,2,1
1458,1108,5:13:30,0,0.00,0,0.4700,0.0596,0.0378,0.0023,0,REST-S,7,2,1
1458,1109,5:14:00,0,0.00,0,0.4700,0.0596,0.0378,0.0023,0,REST-S,7,2,1
1458,1110,5:14:30,0,0.00,0,0.4700,0.0596,0.0378,0.0023,0,REST-S,7,2,1
1458,1111,5:15:00,0,0.00,0,0.4700,0.0596,0.0378,0.0023,0,REST-S,7,2,1
1458,1112,5:15:30,0,0.00,0,0.4700,0.0596,0.0378,0.0023,0,REST-S,7,2,1
1458,1113,5:16:00,0,0.00,0,0.4700,0.0596,0.0378,0.0023,0,REST-S,7,2,1
1458,1114,5:16:30,0,0.00,0,0.4700,0.0596,0.0378,0.0023,0,REST-S,7,2,1
1458,1115,5:17:00,0,0.00,0,0.4700,0.0596,0.0378,0.0023,0,REST-S,7,2,1
1458,1116,5:17:30,0,0.00,0,0.4700,0.0596,0.0378,0.0023,0,REST-S,7,2,1
1458,1117,5:18:00,0,0.00,0,0.4700,0.0596,0.0378,0.0023,0,REST-S,7,2,1
1458,1118,5:18:30,0,0.00,0,0.4700,0.0596,0.0378,0.0023,1,REST-S,7,2,1
1458,1119,5:19:00,0,0.00,0,0.4700,0.0596,0.0378,0.0023,1,REST-S,7,2,1
1458,1120,5:19:30,0,251.00,0,2.1900,0.2840,0.1760,0.0206,1,REST-S,7,2,1
1458,1121,5:20:00,0,212.00,0,2.5300,0.3370,0.2000,0.0256,1,REST-S,7,2,1
1458,1122,5:20:30,0,348.00,0,16.7900,1.9500,1.3800,0.3760,1,REST-S,7,2,1
1458,1123,5:21:00,0,119.00,0,5.2300,0.5670,0.4470,0.0596,1,REST-S,7,2,1
1458,1124,5:21:30,0,193.00,0,28.2200,3.4200,2.3200,0.3230,1,REST-S,7,2,1
1458,1125,5:22:00,0,193.00,0,15.8400,3.5000,0.9130,0.1050,1,REST-S,7,2,1
1458,1126,5:22:30,0,450.00,0,1.8700,0.2380,0.1510,0.0206,1,REST-S,7,2,1
1458,1127,5:23:00,0,73.00,0,0.1900,0.0128,0.0173,0.0059,1,REST-S,7,2,1
1458,1128,5:23:30,0,0.00,0,0.1900,0.0128,0.0173,0.0059,1,REST-S,7,2,1
1458,1129,5:24:00,0,0.00,0,0.1400,0.0128,0.0125,0.0000,1,REST-S,7,2,1
1458,1130,5:24:30,0,0.00,0,0.1900,0.0128,0.0173,0.0059,0,REST-S,7,2,1
1458,1131,5:25:00,0,0.00,0,0.1900,0.0128,0.0173,0.0059,0,REST-S,7,2,1
1458,1132,5:25:30,0,0.00,0,0.1900,0.0128,0.0173,0.0059,0,REST-S,7,2,1
1458,1133,5:26:00,0,0.00,0,0.1900,0.0128,0.0173,0.0059,0,REST-S,7,2,1
1458,1134,5:26:30,0,0.00,0,0.1900,0.0128,0.0173,0.0059,0,REST-S,7,2,1
1458,1135,5:27:00,0,0.00,0,0.1900,0.0128,0.0173,0.0059,0,REST-S,7,2,1
1458,1136,5:27:30,0,0.00,0,0.1900,0.0128,0.0173,0.0059,0,REST-S,7,2,1
1458,1137,5:28:00,0,0.00,0,0.1900,0.0128,0.0173,0.0059,0,REST-S,7,2,1
1458,1138,5:28:30,0,0.00,0,0.1900,0.0128,0.0173,0.0059,0,REST-S,7,2,1
1458,1139,5:29:00,0,5.00,0,0.1900,0.0128,0.0173,0.0059,0,REST-S,7,2,1
1458,1140,5:29:30,0,0.00,0,0.1900,0.0128,0.0173,0.0059,0,REST-S,7,2,1
1458,1141,5:30:00,0,0.00,0,0.1900,0.0128,0.0173,0.0059,0,REST-S,7,2,1
1458,1142,5:30:30,0,0.00,0,0.1900,0.0128,0.0173,0.0059,0,REST-S,7,2,1
1458,1143,5:31:00,0,0.00,0,0.1900,0.0128,0.0173,0.0059,0,REST-S,7,2,1
1458,1144,5:31:30,0,0.00,0,0.1900,0.0128,0.0173,0.0059,0,REST-S,7,2,1
1458,1145,5:32:00,0,0.00,0,0.1900,0.0128,0.0173,0.0059,0,REST-S,7,2,1
1458,1146,5:32:30,0,0.00,0,0.1900,0.0128,0.0173,0.0059,0,REST-S,7,2,1
1458,1147,5:33:00,0,0.00,0,0.1900,0.0128,0.0173,0.0059,0,REST-S,7,2,1
1458,1148,5:33:30,0,0.00,0,0.1900,0.0128,0.0173,0.0059,0,REST-S,7,2,1
1458,1149,5:34:00,0,0.00,0,0.1900,0.0128,0.0173,0.0059,0,REST-S,7,2,1
1458,1150,5:34:30,0,0.00,0,0.1900,0.0128,0.0173,0.0059,0,REST-S,7,2,1
1458,1151,5:35:00,0,0.00,0,0.1900,0.0128,0.0173,0.0059,0,REST-S,7,2,1
1458,1152,5:35:30,0,0.00,0,0.1900,0.0128,0.0173,0.0059,0,REST-S,7,2,1
1458,1153,5:36:00,0,0.00,0,0.1900,0.0128,0.0173,0.0059,0,REST-S,7,2,1
1458,1154,5:36:30,0,0.00,0,0.1900,0.0128,0.0173,0.0059,0,REST-S,7,2,1
1458,1155,5:37:00,0,0.00,0,0.1900,0.0128,0.0173,0.0059,0,REST-S,7,2,1
1458,1156,5:37:30,0,0.00,0,0.1900,0.0128,0.0173,0.0059,0,REST-S,7,2,1
1458,1157,5:38:00,0,0.00,0,0.1900,0.0128,0.0173,0.0059,0,REST-S,7,2,1
1458,1158,5:38:30,0,0.00,0,0.1900,0.0128,0.0173,0.0059,0,REST-S,7,2,1
1458,1159,5:39:00,0,0.00,0,0.1900,0.0128,0.0173,0.0059,0,REST-S,7,2,1
1458,1160,5:39:30,0,0.00,0,0.1900,0.0128,0.0173,0.0059,0,REST-S,7,2,1
1458,1161,5:40:00,0,0.00,0,0.1900,0.0128,0.0173,0.0059,0,REST-S,7,2,1
1458,1162,5:40:30,0,0.00,0,0.1900,0.0128,0.0173,0.0059,0,REST-S,7,2,1
1458,1163,5:41:00,0,0.00,0,0.1900,0.0128,0.0173,0.0059,0,REST-S,7,2,1
1458,1164,5:41:30,0,0.00,0,0.1900,0.0128,0.0173,0.0059,0,REST-S,7,2,1
1458,1165,5:42:00,0,0.00,0,0.1900,0.0128,0.0173,0.0059,0,REST-S,7,2,1
1458,1166,5:42:30,0,0.00,0,0.1900,0.0128,0.0173,0.0059,1,REST-S,7,2,1
1458,1167,5:43:00,0,152.00,0,0.1900,0.0128,0.0173,0.0059,1,REST-S,7,2,1
1458,1168,5:43:30,0,22.00,0,0.1700,0.0042,0.0173,0.0059,1,REST-S,7,2,1
1458,1169,5:44:00,0,53.00,0,0.1900,0.0128,0.0173,0.0059,1,REST-S,7,2,1
1458,1170,5:44:30,0,174.00,0,0.2500,0.0431,0.0173,0.0059,1,REST-S,7,2,1
1458,1171,5:45:00,0,286.00,0,17.9900,2.0800,1.5000,0.2090,1,REST-S,7,2,1
1458,1172,5:45:30,0,199.00,0,17.8300,2.7600,1.3200,0.1610,1,REST-S,7,2,1
1458,1173,5:46:00,0,337.00,0,3.5000,0.4670,0.2770,0.0347,1,REST-S,7,2,1
1458,1174,5:46:30,0,371.00,0,56.1800,7.8000,4.4400,0.0650,1,REST-S,7,2,1
1458,1175,5:47:00,0,110.00,0,58.1300,7.8000,4.6400,0.2720,1,REST-S,7,2,1
1458,1176,5:47:30,0,479.00,0,2.3800,0.2720,0.2000,0.0206,1,REST-S,7,2,1
1458,1177,5:48:00,0,152.00,0,34.8400,5.3900,2.5800,0.2720,1,REST-S,7,2,1
1458,1178,5:48:30,0,371.00,0,27.7500,3.6500,2.2200,0.2190,1,REST-S,7,2,1
1458,1179,5:49:00,0,100.00,0,0.1700,0.0042,0.0173,0.0059,1,REST-S,7,2,1
1458,1180,5:49:30,0,2.00,0,0.1700,0.0042,0.0173,0.0059,1,REST-S,7,2,1
1458,1181,5:50:00,0,8.00,0,0.1700,0.0042,0.0173,0.0059,1,REST-S,7,2,1
1458,1182,5:50:30,0,0.00,0,0.1700,0.0042,0.0173,0.0059,0,REST-S,7,2,1
1458,1183,5:51:00,0,2.00,0,0.1700,0.0042,0.0173,0.0059,0,REST-S,7,2,1
1458,1184,5:51:30,0,0.00,0,0.1700,0.0042,0.0173,0.0059,0,REST-S,7,2,1
1458,1185,5:52:00,0,0.00,0,0.1700,0.0042,0.0173,0.0059,0,REST-S,7,2,1
1458,1186,5:52:30,0,0.00,0,0.1700,0.0042,0.0173,0.0059,0,REST-S,7,2,1
1458,1187,5:53:00,0,0.00,0,0.1700,0.0042,0.0173,0.0059,0,REST-S,7,2,1
1458,1188,5:53:30,0,0.00,0,0.1700,0.0042,0.0173,0.0059,0,REST-S,7,2,1
1458,1189,5:54:00,0,0.00,0,0.1700,0.0042,0.0173,0.0059,0,REST-S,7,2,1
1458,1190,5:54:30,0,0.00,0,0.1700,0.0042,0.0173,0.0059,1,REST-S,7,2,1
1458,1191,5:55:00,0,3.00,0,0.1700,0.0042,0.0173,0.0059,1,REST-S,7,2,1
1458,1192,5:55:30,0,174.00,0,0.1700,0.0042,0.0173,0.0059,1,REST-S,7,2,1
1458,1193,5:56:00,0,132.00,0,0.1700,0.0042,0.0173,0.0059,1,REST-S,7,2,1
1458,1194,5:56:30,0,0.00,0,0.1700,0.0042,0.0173,0.0059,1,REST-S,7,2,1
1458,1195,5:57:00,0,0.00,0,0.1700,0.0042,0.0173,0.0059,0,REST-S,7,2,1
1458,1196,5:57:30,0,0.00,0,0.1700,0.0042,0.0173,0.0059,0,REST-S,7,2,1
1458,1197,5:58:00,0,0.00,0,0.1700,0.0042,0.0173,0.0059,0,REST-S,7,2,1
1458,1198,5:58:30,0,0.00,0,0.1700,0.0042,0.0173,0.0059,0,REST-S,7,2,1
1458,1199,5:59:00,0,0.00,0,0.1700,0.0042,0.0173,0.0059,0,REST-S,7,2,1
1458,1200,5:59:30,0,0.00,0,0.1700,0.0042,0.0173,0.0059,0,REST-S,7,2,1
1458,1201,6:00:00,0,0.00,0,0.1700,0.0042,0.0173,0.0059,0,REST-S,7,2,1
1458,1202,6:00:30,0,0.00,0,0.1700,0.0042,0.0173,0.0059,0,REST-S,7,2,1
1458,1203,6:01:00,0,0.00,0,0.1700,0.0042,0.0173,0.0059,0,REST-S,7,2,1
1458,1204,6:01:30,0,0.00,0,0.1700,0.0042,0.0173,0.0059,0,REST-S,7,2,1
1458,1205,6:02:00,0,0.00,0,0.1700,0.0042,0.0173,0.0059,0,REST-S,7,2,1
1458,1206,6:02:30,0,0.00,0,0.1700,0.0042,0.0173,0.0059,0,REST-S,7,2,1
1458,1207,6:03:00,0,0.00,0,0.1900,0.0128,0.0173,0.0059,0,REST-S,7,2,1
1458,1208,6:03:30,0,0.00,0,0.1900,0.0128,0.0173,0.0059,0,REST-S,7,2,1
1458,1209,6:04:00,0,0.00,0,0.1700,0.0042,0.0173,0.0059,0,REST-S,7,2,1
1458,1210,6:04:30,0,0.00,0,0.1700,0.0042,0.0173,0.0059,0,REST-S,7,2,1
1458,1211,6:05:00,0,0.00,0,0.1900,0.0128,0.0173,0.0059,0,REST-S,7,2,1
1458,1212,6:05:30,0,0.00,0,0.1700,0.0042,0.0173,0.0059,0,REST-S,7,2,1
1458,1213,6:06:00,0,0.00,0,0.1700,0.0042,0.0173,0.0059,0,REST-S,7,2,1
1458,1214,6:06:30,0,0.00,0,0.1700,0.0042,0.0173,0.0059,0,REST-S,7,2,1
1458,1215,6:07:00,0,0.00,0,0.1700,0.0042,0.0173,0.0059,0,REST-S,7,2,1
1458,1216,6:07:30,0,0.00,0,0.1700,0.0042,0.0173,0.0059,0,REST-S,7,2,1
1458,1217,6:08:00,0,0.00,0,0.1700,0.0042,0.0173,0.0059,0,REST-S,7,2,1
1458,1218,6:08:30,0,0.00,0,0.1700,0.0042,0.0173,0.0059,0,REST-S,7,2,1
1458,1219,6:09:00,0,0.00,0,0.1900,0.0128,0.0173,0.0059,0,REST-S,7,2,1
1458,1220,6:09:30,0,0.00,0,0.1900,0.0128,0.0173,0.0059,0,REST-S,7,2,1
1458,1221,6:10:00,0,0.00,0,0.1700,0.0042,0.0173,0.0059,0,REST-S,7,2,1
1458,1222,6:10:30,0,0.00,0,0.1900,0.0128,0.0173,0.0059,0,REST-S,7,2,1
1458,1223,6:11:00,0,0.00,0,0.1900,0.0128,0.0173,0.0059,0,REST-S,7,2,1
1458,1224,6:11:30,0,0.00,0,0.1900,0.0128,0.0173,0.0059,0,REST-S,7,2,1
1458,1225,6:12:00,0,0.00,0,0.1900,0.0128,0.0173,0.0059,0,REST-S,7,2,1
1458,1226,6:12:30,0,0.00,0,0.1700,0.0042,0.0173,0.0059,0,REST-S,7,2,1
1458,1227,6:13:00,0,0.00,0,0.1900,0.0128,0.0173,0.0059,0,REST-S,7,2,1
1458,1228,6:13:30,0,0.00,0,0.1700,0.0042,0.0173,0.0059,0,REST-S,7,2,1
1458,1229,6:14:00,0,0.00,0,0.1900,0.0128,0.0173,0.0059,0,REST-S,7,2,1
1458,1230,6:14:30,0,0.00,0,0.1900,0.0128,0.0173,0.0059,0,REST-S,7,2,1
1458,1231,6:15:00,0,0.00,0,0.1900,0.0128,0.0173,0.0059,0,REST-S,7,2,1
1458,1232,6:15:30,0,0.00,0,0.1900,0.0128,0.0173,0.0059,0,REST-S,7,2,1
1458,1233,6:16:00,0,0.00,0,0.1900,0.0128,0.0173,0.0059,0,REST-S,7,2,1
1458,1234,6:16:30,0,0.00,0,0.1900,0.0128,0.0173,0.0059,0,REST-S,7,2,1
1458,1235,6:17:00,0,0.00,0,0.1900,0.0128,0.0173,0.0059,0,REST-S,7,2,1
1458,1236,6:17:30,0,70.00,0,0.1900,0.0128,0.0173,0.0059,1,REST-S,7,2,1
1458,1237,6:18:00,0,0.00,0,0.1900,0.0128,0.0173,0.0059,0,REST-S,7,2,1
1458,1238,6:18:30,0,0.00,0,0.1900,0.0128,0.0173,0.0059,0,REST-S,7,2,1
1458,1239,6:19:00,0,0.00,0,0.1900,0.0128,0.0173,0.0059,0,REST-S,7,2,1
1458,1240,6:19:30,0,0.00,0,0.1900,0.0128,0.0173,0.0059,0,REST-S,7,2,1
1458,1241,6:20:00,0,0.00,0,0.1900,0.0128,0.0173,0.0059,0,REST-S,7,2,1
1458,1242,6:20:30,0,0.00,0,0.1900,0.0128,0.0173,0.0059,0,REST-S,7,2,1
1458,1243,6:21:00,0,0.00,0,0.1900,0.0128,0.0173,0.0059,0,REST-S,7,2,1
1458,1244,6:21:30,0,0.00,0,0.1900,0.0128,0.0173,0.0059,0,REST-S,7,2,1
1458,1245,6:22:00,0,0.00,0,0.1900,0.0128,0.0173,0.0059,0,REST-S,7,2,1
1458,1246,6:22:30,0,0.00,0,0.1900,0.0128,0.0173,0.0059,0,REST-S,7,2,1
1458,1247,6:23:00,0,0.00,0,0.1900,0.0128,0.0173,0.0059,0,REST-S,7,2,1
1458,1248,6:23:30,0,0.00,0,0.1900,0.0128,0.0173,0.0059,0,REST-S,7,2,1
1458,1249,6:24:00,0,0.00,0,0.1900,0.0128,0.0173,0.0059,0,REST-S,7,2,1
1458,1250,6:24:30,0,0.00,0,0.1900,0.0128,0.0173,0.0059,0,REST-S,7,2,1
1458,1251,6:25:00,0,0.00,0,0.1900,0.0128,0.0173,0.0059,0,REST-S,7,2,1
1458,1252,6:25:30,0,0.00,0,0.1900,0.0128,0.0173,0.0059,0,REST-S,7,2,1
1458,1253,6:26:00,0,0.00,0,0.1900,0.0128,0.0173,0.0059,0,REST-S,7,2,1
1458,1254,6:26:30,0,0.00,0,0.1900,0.0128,0.0173,0.0059,0,REST-S,7,2,1
1458,1255,6:27:00,0,0.00,0,0.1900,0.0128,0.0173,0.0059,0,REST-S,7,2,1
1458,1256,6:27:30,0,2.00,0,0.1900,0.0128,0.0173,0.0059,0,REST-S,7,2,1
1458,1257,6:28:00,0,0.00,0,0.1900,0.0128,0.0173,0.0059,0,REST-S,7,2,1
1458,1258,6:28:30,0,1.00,0,0.1900,0.0128,0.0173,0.0059,0,REST-S,7,2,1
1458,1259,6:29:00,0,0.00,0,0.1900,0.0128,0.0173,0.0059,0,REST-S,7,2,1
1458,1260,6:29:30,0,0.00,0,0.1900,0.0128,0.0173,0.0059,0,REST-S,7,2,1
1458,1261,6:30:00,0,0.00,0,0.1900,0.0128,0.0173,0.0059,0,REST-S,7,2,1
1458,1262,6:30:30,0,0.00,0,0.1900,0.0128,0.0173,0.0059,0,REST-S,7,2,1
1458,1263,6:31:00,0,0.00,0,0.1900,0.0128,0.0173,0.0059,0,REST-S,7,2,1
1458,1264,6:31:30,0,0.00,0,0.1900,0.0128,0.0173,0.0059,0,REST-S,7,2,1
1458,1265,6:32:00,0,163.00,0,0.1900,0.0128,0.0173,0.0059,1,REST-S,7,2,1
1458,1266,6:32:30,0,0.00,0,0.1900,0.0128,0.0173,0.0059,0,REST-S,7,2,1
1458,1267,6:33:00,0,0.00,0,0.1900,0.0128,0.0173,0.0059,0,REST-S,7,2,1
1458,1268,6:33:30,0,0.00,0,0.1900,0.0128,0.0173,0.0059,0,REST-S,7,2,1
1458,1269,6:34:00,0,0.00,0,0.1900,0.0128,0.0173,0.0059,0,REST-S,7,2,1
1458,1270,6:34:30,0,0.00,0,0.1900,0.0128,0.0173,0.0059,0,REST-S,7,2,1
1458,1271,6:35:00,0,0.00,0,0.1900,0.0128,0.0173,0.0059,0,REST-S,7,2,1
1458,1272,6:35:30,0,0.00,0,0.1900,0.0128,0.0173,0.0059,0,REST-S,7,2,1
1458,1273,6:36:00,0,0.00,0,0.1900,0.0128,0.0173,0.0059,0,REST-S,7,2,1
1458,1274,6:36:30,0,44.00,0,0.1900,0.0128,0.0173,0.0059,1,REST-S,7,2,1
1458,1275,6:37:00,0,0.00,0,0.2100,0.0256,0.0173,0.0059,0,REST-S,7,2,1
1458,1276,6:37:30,0,0.00,0,0.3900,0.0256,0.0378,0.0023,0,REST-S,7,2,1
1458,1277,6:38:00,0,0.00,0,0.3900,0.0256,0.0378,0.0023,0,REST-S,7,2,1
1458,1278,6:38:30,0,0.00,0,0.2100,0.0256,0.0173,0.0059,0,REST-S,7,2,1
1458,1279,6:39:00,0,0.00,0,0.4100,0.0339,0.0378,0.0023,0,REST-S,7,2,1
1458,1280,6:39:30,0,0.00,0,0.4100,0.0339,0.0378,0.0023,0,REST-S,7,2,1
1458,1281,6:40:00,0,0.00,0,0.4100,0.0339,0.0378,0.0023,0,REST-S,7,2,1
1458,1282,6:40:30,0,0.00,0,0.4100,0.0339,0.0378,0.0023,0,REST-S,7,2,1
1458,1283,6:41:00,0,0.00,0,0.5500,0.0339,0.0523,0.0173,0,REST-S,7,2,1
1458,1284,6:41:30,0,0.00,0,0.5500,0.0339,0.0523,0.0173,0,REST-S,7,2,1
1458,1285,6:42:00,0,0.00,0,0.5500,0.0339,0.0523,0.0173,0,REST-S,7,2,1
1458,1286,6:42:30,0,0.00,0,0.4100,0.0339,0.0378,0.0023,0,REST-S,7,2,1
1458,1287,6:43:00,0,0.00,0,0.5500,0.0339,0.0523,0.0173,0,REST-S,7,2,1
1458,1288,6:43:30,0,0.00,0,0.5500,0.0339,0.0523,0.0173,0,REST-S,7,2,1
1458,1289,6:44:00,0,0.00,0,0.5500,0.0339,0.0523,0.0173,0,REST-S,7,2,1
1458,1290,6:44:30,0,0.00,0,0.5500,0.0339,0.0523,0.0173,0,REST-S,7,2,1
1458,1291,6:45:00,0,0.00,0,0.5500,0.0339,0.0523,0.0173,0,REST-S,7,2,1
1458,1292,6:45:30,0,0.00,0,0.5500,0.0339,0.0523,0.0173,0,REST-S,7,2,1
1458,1293,6:46:00,0,128.00,0,0.5900,0.0512,0.0523,0.0173,1,REST-S,7,2,1
1458,1294,6:46:30,0,0.00,0,0.6800,0.0596,0.0622,0.0070,1,REST-S,7,2,1
1458,1295,6:47:00,0,147.00,0,2.0000,0.1120,0.1920,0.0650,1,REST-S,7,2,1
1458,1296,6:47:30,0,206.00,0,1.6100,0.0773,0.1580,0.0523,1,REST-S,7,2,1
1458,1297,6:48:00,0,0.00,0,1.2800,0.0773,0.1220,0.0412,1,REST-S,7,2,1
1458,1298,6:48:30,0,115.00,0,4.0700,0.1800,0.4010,0.1510,1,REST-S,7,2,1
1458,1299,6:49:00,0,0.00,0,2.8800,0.1550,0.2770,0.0981,1,REST-S,7,2,1
1458,1300,6:49:30,0,168.00,0,4.4300,0.1960,0.4370,0.1510,1,REST-S,7,2,1
1458,1301,6:50:00,0,0.00,0,2.1600,0.1120,0.2090,0.0756,0,REST-S,7,2,1
1458,1302,6:50:30,0,0.00,0,2.1600,0.1120,0.2090,0.0756,0,REST-S,7,2,1
1458,1303,6:51:00,0,0.00,0,2.1800,0.1190,0.2090,0.0756,0,REST-S,7,2,1
1458,1304,6:51:30,0,0.00,0,2.1800,0.1190,0.2090,0.0756,0,REST-S,7,2,1
1458,1305,6:52:00,0,0.00,0,2.1800,0.1190,0.2090,0.0756,0,REST-S,7,2,1
1458,1306,6:52:30,0,0.00,0,2.4800,0.1190,0.2440,0.0756,0,REST-S,7,2,1
1458,1307,6:53:00,0,0.00,0,2.4800,0.1190,0.2440,0.0756,0,REST-S,7,2,1
1458,1308,6:53:30,0,0.00,0,2.4900,0.1190,0.2440,0.0880,0,REST-S,7,2,1
1458,1309,6:54:00,0,0.00,0,2.5200,0.1300,0.2440,0.0880,0,REST-S,7,2,1
1458,1310,6:54:30,0,0.00,0,2.5200,0.1300,0.2440,0.0880,0,REST-S,7,2,1
1458,1311,6:55:00,0,0.00,0,2.5200,0.1300,0.2440,0.0880,0,REST-S,7,2,1
1458,1312,6:55:30,0,0.00,0,2.5200,0.1300,0.2440,0.0880,0,REST-S,7,2,1
1458,1313,6:56:00,0,0.00,0,2.5200,0.1300,0.2440,0.0880,0,REST-S,7,2,1
1458,1314,6:56:30,0,0.00,0,2.8100,0.1300,0.2770,0.0880,0,REST-S,7,2,1
1458,1315,6:57:00,0,0.00,0,2.8300,0.1360,0.2770,0.0880,0,REST-S,7,2,1
1458,1316,6:57:30,0,0.00,0,2.8400,0.1360,0.2770,0.0981,0,REST-S,7,2,1
1458,1317,6:58:00,0,0.00,0,2.8400,0.1360,0.2770,0.0981,0,REST-S,7,2,1
1458,1318,6:58:30,0,0.00,0,2.8400,0.1360,0.2770,0.0981,0,REST-S,7,2,1
1458,1319,6:59:00,0,0.00,0,2.8400,0.1360,0.2770,0.0981,0,REST-S,7,2,1
1458,1320,6:59:30,0,0.00,0,2.8600,0.1450,0.2770,0.0981,0,REST-S,7,2,1
1458,1321,7:00:00,0,0.00,0,2.8600,0.1450,0.2770,0.0981,1,REST-S,7,2,1
1458,1322,7:00:30,0,77.00,0,5.8800,0.2600,0.5790,0.2090,1,REST-S,7,2,1
1458,1323,7:01:00,0,206.00,0,3.1900,0.1360,0.3160,0.1170,1,REST-S,7,2,1
1458,1324,7:01:30,0,11.00,0,1.2800,0.0773,0.1220,0.0412,1,REST-S,7,2,1
1458,1325,7:02:00,0,0.00,0,0.5700,0.0431,0.0523,0.0173,1,REST-S,7,2,1
1458,1326,7:02:30,0,0.00,0,0.5700,0.0431,0.0523,0.0173,0,REST-S,7,2,1
1458,1327,7:03:00,0,0.00,0,0.4100,0.0339,0.0378,0.0023,0,REST-S,7,2,1
1458,1328,7:03:30,0,0.00,0,0.2300,0.0339,0.0173,0.0059,0,REST-S,7,2,1
1458,1329,7:04:00,0,0.00,0,0.2300,0.0339,0.0173,0.0059,0,REST-S,7,2,1
1458,1330,7:04:30,0,0.00,0,0.2300,0.0339,0.0173,0.0059,0,REST-S,7,2,1
1458,1331,7:05:00,0,0.00,0,0.2100,0.0256,0.0173,0.0059,0,REST-S,7,2,1
1458,1332,7:05:30,0,0.00,0,0.2100,0.0256,0.0173,0.0059,0,REST-S,7,2,1
1458,1333,7:06:00,0,0.00,0,0.2300,0.0339,0.0173,0.0059,0,REST-S,7,2,1
1458,1334,7:06:30,0,0.00,0,0.4100,0.0339,0.0378,0.0023,0,REST-S,7,2,1
1458,1335,7:07:00,0,0.00,0,0.2100,0.0256,0.0173,0.0059,0,REST-S,7,2,1
1458,1336,7:07:30,0,0.00,0,0.2100,0.0256,0.0173,0.0059,0,REST-S,7,2,1
1458,1337,7:08:00,0,0.00,0,0.2100,0.0256,0.0173,0.0059,0,REST-S,7,2,1
1458,1338,7:08:30,0,0.00,0,0.2100,0.0256,0.0173,0.0059,0,REST-S,7,2,1
1458,1339,7:09:00,0,0.00,0,0.2100,0.0256,0.0173,0.0059,0,REST-S,7,2,1
1458,1340,7:09:30,0,0.00,0,0.2100,0.0256,0.0173,0.0059,0,REST-S,7,2,1
1458,1341,7:10:00,0,0.00,0,0.2100,0.0256,0.0173,0.0059,0,REST-S,7,2,1
1458,1342,7:10:30,0,0.00,0,0.2100,0.0256,0.0173,0.0059,0,REST-S,7,2,1
1458,1343,7:11:00,0,0.00,0,0.2100,0.0256,0.0173,0.0059,0,REST-S,7,2,1
1458,1344,7:11:30,0,0.00,0,0.3900,0.0256,0.0378,0.0023,0,REST-S,7,2,1
1458,1345,7:12:00,0,0.00,0,0.2100,0.0256,0.0173,0.0059,0,REST-S,7,2,1
1458,1346,7:12:30,0,0.00,0,0.4100,0.0339,0.0378,0.0023,0,REST-S,7,2,1
1458,1347,7:13:00,0,0.00,0,0.4100,0.0339,0.0378,0.0023,0,REST-S,7,2,1
1458,1348,7:13:30,0,0.00,0,0.4100,0.0339,0.0378,0.0023,0,REST-S,7,2,1
1458,1349,7:14:00,0,0.00,0,0.4100,0.0339,0.0378,0.0023,0,REST-S,7,2,1
1458,1350,7:14:30,0,0.00,0,0.3900,0.0256,0.0378,0.0023,0,REST-S,7,2,1
1458,1351,7:15:00,0,0.00,0,0.2100,0.0256,0.0173,0.0059,0,REST-S,7,2,1
1458,1352,7:15:30,0,0.00,0,0.2100,0.0256,0.0173,0.0059,0,REST-S,7,2,1
1458,1353,7:16:00,0,0.00,0,0.2100,0.0256,0.0173,0.0059,0,REST-S,7,2,1
1458,1354,7:16:30,0,0.00,0,0.3900,0.0256,0.0378,0.0023,0,REST-S,7,2,1
1458,1355,7:17:00,0,0.00,0,0.2100,0.0256,0.0173,0.0059,0,REST-S,7,2,1
1458,1356,7:17:30,0,0.00,0,0.2100,0.0256,0.0173,0.0059,0,REST-S,7,2,1
1458,1357,7:18:00,0,0.00,0,0.2100,0.0256,0.0173,0.0059,1,REST-S,7,2,1
1458,1358,7:18:30,0,25.00,0,0.4100,0.0339,0.0378,0.0023,1,REST-S,7,2,1
1458,1359,7:19:00,0,326.00,0,1.2800,0.0773,0.1220,0.0412,1,REST-S,7,2,1
1458,1360,7:19:30,0,0.00,0,0.6700,0.0512,0.0622,0.0070,1,REST-S,7,2,1
1458,1361,7:20:00,0,0.00,0,0.6500,0.0431,0.0622,0.0070,1,REST-S,7,2,1
1458,1362,7:20:30,0,0.00,0,0.5700,0.0431,0.0523,0.0173,0,REST-S,7,2,1
1458,1363,7:21:00,0,0.00,0,0.5700,0.0431,0.0523,0.0173,0,REST-S,7,2,1
1458,1364,7:21:30,0,0.00,0,0.6700,0.0512,0.0622,0.0070,0,REST-S,7,2,1
1458,1365,7:22:00,0,0.00,0,0.6700,0.0512,0.0622,0.0070,0,REST-S,7,2,1
1458,1366,7:22:30,0,0.00,0,0.6700,0.0512,0.0622,0.0070,0,REST-S,7,2,1
1458,1367,7:23:00,0,0.00,0,0.6700,0.0512,0.0622,0.0070,0,REST-S,7,2,1
1458,1368,7:23:30,0,0.00,0,0.6700,0.0512,0.0622,0.0070,0,REST-S,7,2,1
1458,1369,7:24:00,0,0.00,0,0.6800,0.0596,0.0622,0.0070,0,REST-S,7,2,1
1458,1370,7:24:30,0,0.00,0,0.6800,0.0596,0.0622,0.0070,0,REST-S,7,2,1
1458,1371,7:25:00,0,0.00,0,0.6800,0.0596,0.0622,0.0070,0,REST-S,7,2,1
1458,1372,7:25:30,0,0.00,0,0.6700,0.0512,0.0622,0.0070,0,REST-S,7,2,1
1458,1373,7:26:00,0,0.00,0,0.6800,0.0596,0.0622,0.0070,0,REST-S,7,2,1
1458,1374,7:26:30,0,0.00,0,0.6700,0.0512,0.0622,0.0070,0,REST-S,7,2,1
1458,1375,7:27:00,0,0.00,0,0.6700,0.0512,0.0622,0.0070,0,REST-S,7,2,1
1458,1376,7:27:30,0,0.00,0,0.6700,0.0512,0.0622,0.0070,0,REST-S,7,2,1
1458,1377,7:28:00,0,30.00,0,0.6700,0.0512,0.0622,0.0070,1,REST-S,7,2,1
1458,1378,7:28:30,0,44.00,0,1.3000,0.0861,0.1220,0.0412,1,REST-S,7,2,1
1458,1379,7:29:00,0,0.00,0,1.2000,0.0939,0.1120,0.0162,0,REST-S,7,2,1
1458,1380,7:29:30,0,0.00,0,1.2000,0.0939,0.1120,0.0162,0,REST-S,7,2,1
1458,1381,7:30:00,0,0.00,0,1.2000,0.0939,0.1120,0.0162,0,REST-S,7,2,1
1458,1382,7:30:30,0,0.00,0,1.2000,0.0939,0.1120,0.0162,0,REST-S,7,2,1
1458,1383,7:31:00,0,0.00,0,1.2000,0.0939,0.1120,0.0162,0,REST-S,7,2,1
1458,1384,7:31:30,0,0.00,0,1.2000,0.0939,0.1120,0.0162,0,REST-S,7,2,1
1458,1385,7:32:00,0,0.00,0,1.2000,0.0939,0.1120,0.0162,0,REST-S,7,2,1
1458,1386,7:32:30,0,0.00,0,1.2000,0.0939,0.1120,0.0162,0,REST-S,7,2,1
1458,1387,7:33:00,0,0.00,0,1.2000,0.0939,0.1120,0.0162,0,REST-S,7,2,1
1458,1388,7:33:30,0,0.00,0,1.2200,0.1020,0.1120,0.0162,0,REST-S,7,2,1
1458,1389,7:34:00,0,0.00,0,1.2200,0.1020,0.1120,0.0162,0,REST-S,7,2,1
1458,1390,7:34:30,0,0.00,0,1.2200,0.1020,0.1120,0.0162,0,REST-S,7,2,1
1458,1391,7:35:00,0,0.00,0,1.2200,0.1020,0.1120,0.0162,0,REST-S,7,2,1
1458,1392,7:35:30,0,0.00,0,1.2200,0.1020,0.1120,0.0162,0,REST-S,7,2,1
1458,1393,7:36:00,0,0.00,0,1.2200,0.1020,0.1120,0.0162,0,REST-S,7,2,1
1458,1394,7:36:30,0,0.00,0,1.2200,0.1020,0.1120,0.0162,0,REST-S,7,2,1
1458,1395,7:37:00,0,0.00,0,1.2200,0.1020,0.1120,0.0162,0,REST-S,7,2,1
1458,1396,7:37:30,0,0.00,0,1.2200,0.1020,0.1120,0.0162,0,REST-S,7,2,1
1458,1397,7:38:00,0,0.00,0,1.2200,0.1020,0.1120,0.0162,0,REST-S,7,2,1
1458,1398,7:38:30,0,0.00,0,1.2000,0.0939,0.1120,0.0162,0,REST-S,7,2,1
1458,1399,7:39:00,0,0.00,0,1.2000,0.0939,0.1120,0.0162,0,REST-S,7,2,1
1458,1400,7:39:30,0,0.00,0,1.2000,0.0939,0.1120,0.0162,0,REST-S,7,2,1
1458,1401,7:40:00,0,0.00,0,1.2200,0.1020,0.1120,0.0162,0,REST-S,7,2,1
1458,1402,7:40:30,0,0.00,0,1.2000,0.0939,0.1120,0.0162,0,REST-S,7,2,1
1458,1403,7:41:00,0,0.00,0,1.2200,0.1020,0.1120,0.0162,0,REST-S,7,2,1
1458,1404,7:41:30,0,1.00,0,1.3400,0.1020,0.1220,0.0412,0,REST-S,7,2,1
1458,1405,7:42:00,0,0.00,0,1.2000,0.0939,0.1120,0.0162,0,REST-S,7,2,1
1458,1406,7:42:30,0,0.00,0,1.2200,0.1020,0.1120,0.0162,0,REST-S,7,2,1
1458,1407,7:43:00,0,0.00,0,1.3400,0.1020,0.1220,0.0412,0,REST-S,7,2,1
1458,1408,7:43:30,0,0.00,0,1.2000,0.0939,0.1120,0.0162,0,REST-S,7,2,1
1458,1409,7:44:00,0,0.00,0,1.2200,0.1020,0.1120,0.0162,0,REST-S,7,2,1
1458,1410,7:44:30,0,124.00,0,1.3000,0.0861,0.1220,0.0412,1,REST-S,7,2,1
1458,1411,7:45:00,0,0.00,0,1.3000,0.0861,0.1220,0.0412,0,REST-S,7,2,1
1458,1412,7:45:30,0,0.00,0,0.9700,0.0861,0.0880,0.0115,0,REST-S,7,2,1
1458,1413,7:46:00,0,0.00,0,0.9700,0.0861,0.0880,0.0115,0,REST-S,7,2,1
1458,1414,7:46:30,0,0.00,0,1.3000,0.0861,0.1220,0.0412,0,REST-S,7,2,1
1458,1415,7:47:00,0,1.00,0,0.9700,0.0861,0.0880,0.0115,0,REST-S,7,2,1
1458,1416,7:47:30,0,0.00,0,1.3000,0.0861,0.1220,0.0412,0,REST-S,7,2,1
1458,1417,7:48:00,0,3.00,0,0.9700,0.0861,0.0880,0.0115,0,REST-S,7,2,1
1458,1418,7:48:30,0,0.00,0,1.3200,0.0939,0.1220,0.0412,0,REST-S,7,2,1
1458,1419,7:49:00,0,0.00,0,1.3000,0.0861,0.1220,0.0412,0,REST-S,7,2,1
1458,1420,7:49:30,0,0.00,0,1.3000,0.0861,0.1220,0.0412,0,REST-S,7,2,1
1458,1421,7:50:00,0,0.00,0,1.3000,0.0861,0.1220,0.0412,0,REST-S,7,2,1
1458,1422,7:50:30,0,0.00,0,1.3000,0.0861,0.1220,0.0412,0,REST-S,7,2,1
1458,1423,7:51:00,0,0.00,0,1.3000,0.0861,0.1220,0.0412,0,REST-S,7,2,1
1458,1424,7:51:30,0,0.00,0,1.3000,0.0861,0.1220,0.0412,0,REST-S,7,2,1
1458,1425,7:52:00,0,0.00,0,1.3000,0.0861,0.1220,0.0412,0,REST-S,7,2,1
1458,1426,7:52:30,0,0.00,0,1.3000,0.0861,0.1220,0.0412,0,REST-S,7,2,1
1458,1427,7:53:00,0,0.00,0,1.3000,0.0861,0.1220,0.0412,0,REST-S,7,2,1
1458,1428,7:53:30,0,5.00,0,1.3000,0.0861,0.1220,0.0412,0,REST-S,7,2,1
1458,1429,7:54:00,0,0.00,0,0.9500,0.0773,0.0880,0.0115,0,REST-S,7,2,1
1458,1430,7:54:30,0,0.00,0,0.9700,0.0861,0.0880,0.0115,0,REST-S,7,2,1
1458,1431,7:55:00,0,0.00,0,0.9700,0.0861,0.0880,0.0115,0,REST-S,7,2,1
1458,1432,7:55:30,0,68.00,0,0.9500,0.0773,0.0880,0.0115,1,REST-S,7,2,1
1458,1433,7:56:00,0,0.00,0,0.1900,0.0128,0.0173,0.0059,0,REST-S,7,2,1
1458,1434,7:56:30,0,0.00,0,0.1700,0.0042,0.0173,0.0059,0,REST-S,7,2,1
1458,1435,7:57:00,0,0.00,0,0.1700,0.0042,0.0173,0.0059,0,REST-S,7,2,1
1458,1436,7:57:30,0,1.00,0,0.1900,0.0128,0.0173,0.0059,0,REST-S,7,2,1
1458,1437,7:58:00,0,0.00,0,0.1900,0.0128,0.0173,0.0059,0,REST-S,7,2,1
1458,1438,7:58:30,0,0.00,0,0.1900,0.0128,0.0173,0.0059,0,REST-S,7,2,1
1458,1439,7:59:00,0,0.00,0,0.1900,0.0128,0.0173,0.0059,0,REST-S,7,2,1
1458,1440,7:59:30,0,1.00,0,0.1900,0.0128,0.0173,0.0059,0,REST-S,7,2,1
1458,1441,8:00:00,0,0.00,0,0.1900,0.0128,0.0173,0.0059,0,REST-S,7,2,1
1458,1442,8:00:30,0,0.00,0,0.1900,0.0128,0.0173,0.0059,0,REST-S,7,2,1
1458,1443,8:01:00,0,12.00,0,0.1900,0.0128,0.0173,0.0059,0,REST-S,7,2,1
1458,1444,8:01:30,0,0.00,0,0.1900,0.0128,0.0173,0.0059,0,REST-S,7,2,1
1458,1445,8:02:00,0,3.00,0,0.1900,0.0128,0.0173,0.0059,0,REST-S,7,2,1
1458,1446,8:02:30,0,10.00,0,0.1700,0.0042,0.0173,0.0059,0,REST-S,7,2,1
1458,1447,8:03:00,0,0.00,0,0.1900,0.0128,0.0173,0.0059,0,REST-S,7,2,1
1458,1448,8:03:30,0,0.00,0,0.1900,0.0128,0.0173,0.0059,0,REST-S,7,2,1
1458,1449,8:04:00,0,0.00,0,0.1900,0.0128,0.0173,0.0059,0,REST-S,7,2,1
1458,1450,8:04:30,0,0.00,0,0.1900,0.0128,0.0173,0.0059,0,REST-S,7,2,1
1458,1451,8:05:00,0,179.00,0,0.9300,0.0596,0.0880,0.0292,1,REST-S,7,2,1
1458,1452,8:05:30,0,0.00,0,1.1900,0.0861,0.1120,0.0162,0,REST-S,7,2,1
1458,1453,8:06:00,0,0.00,0,1.1900,0.0861,0.1120,0.0162,0,REST-S,7,2,1
1458,1454,8:06:30,0,0.00,0,1.1900,0.0861,0.1120,0.0162,0,REST-S,7,2,1
1458,1455,8:07:00,0,1.00,0,1.2800,0.0773,0.1220,0.0412,0,REST-S,7,2,1
1458,1456,8:07:30,0,0.00,0,1.2800,0.0773,0.1220,0.0412,0,REST-S,7,2,1
1458,1457,8:08:00,0,0.00,0,1.2800,0.0773,0.1220,0.0412,0,REST-S,7,2,1
1458,1458,8:08:30,0,0.00,0,1.2800,0.0773,0.1220,0.0412,0,REST-S,7,2,1
1458,1459,8:09:00,0,0.00,0,1.2800,0.0773,0.1220,0.0412,0,REST-S,7,2,1
1458,1460,8:09:30,0,0.00,0,1.3000,0.0861,0.1220,0.0412,0,REST-S,7,2,1
1458,1461,8:10:00,0,0.00,0,1.3000,0.0861,0.1220,0.0412,0,REST-S,7,2,1
1458,1462,8:10:30,0,0.00,0,1.3000,0.0861,0.1220,0.0412,0,REST-S,7,2,1
1458,1463,8:11:00,0,0.00,0,1.3000,0.0861,0.1220,0.0412,0,REST-S,7,2,1
1458,1464,8:11:30,0,0.00,0,1.3000,0.0861,0.1220,0.0412,0,REST-S,7,2,1
1458,1465,8:12:00,0,0.00,0,1.3000,0.0861,0.1220,0.0412,0,REST-S,7,2,1
1458,1466,8:12:30,0,0.00,0,1.3000,0.0861,0.1220,0.0412,0,REST-S,7,2,1
1458,1467,8:13:00,0,0.00,0,1.1900,0.0861,0.1120,0.0162,0,REST-S,7,2,1
1458,1468,8:13:30,0,0.00,0,1.3000,0.0861,0.1220,0.0412,0,REST-S,7,2,1
1458,1469,8:14:00,0,0.00,0,1.3200,0.0939,0.1220,0.0412,0,REST-S,7,2,1
1458,1470,8:14:30,0,0.00,0,1.2000,0.0939,0.1120,0.0162,0,REST-S,7,2,1
1458,1471,8:15:00,0,0.00,0,1.2000,0.0939,0.1120,0.0162,0,REST-S,7,2,1
1458,1472,8:15:30,0,70.00,0,1.2000,0.0939,0.1120,0.0162,1,REST-S,7,2,1
1458,1473,8:16:00,0,0.00,0,1.3000,0.0861,0.1220,0.0412,0,REST-S,7,2,1
1458,1474,8:16:30,0,1.00,0,1.3200,0.0939,0.1220,0.0412,0,REST-S,7,2,1
1458,1475,8:17:00,0,0.00,0,1.3200,0.0939,0.1220,0.0412,0,REST-S,7,2,1
1458,1476,8:17:30,0,0.00,0,1.3200,0.0939,0.1220,0.0412,0,REST-S,7,2,1
1458,1477,8:18:00,0,0.00,0,1.3200,0.0939,0.1220,0.0412,0,REST-S,7,2,1
1458,1478,8:18:30,0,0.00,0,1.3200,0.0939,0.1220,0.0412,0,REST-S,7,2,1
1458,1479,8:19:00,0,0.00,0,1.3000,0.0861,0.1220,0.0412,0,REST-S,7,2,1
1458,1480,8:19:30,0,0.00,0,1.3200,0.0939,0.1220,0.0412,1,REST-S,7,2,1
1458,1481,8:20:00,0,0.00,0,1.3200,0.0939,0.1220,0.0412,1,REST-S,7,2,1
1458,1482,8:20:30,0,243.00,0,3.6100,0.1880,0.3520,0.1050,1,REST-S,7,2,1
1458,1483,8:21:00,0,0.00,0,0.5900,0.0512,0.0523,0.0173,1,REST-S,7,2,1
1458,1484,8:21:30,0,0.00,0,0.6800,0.0596,0.0622,0.0070,1,REST-S,7,2,1
1458,1485,8:22:00,0,0.00,0,0.6800,0.0596,0.0622,0.0070,0,REST-S,7,2,1
1458,1486,8:22:30,0,124.00,0,1.2600,0.0679,0.1220,0.0412,1,REST-S,7,2,1
1458,1487,8:23:00,0,0.00,0,0.1700,0.0042,0.0173,0.0059,0,REST-S,7,2,1
1458,1488,8:23:30,0,0.00,0,0.1700,0.0042,0.0173,0.0059,0,REST-S,7,2,1
1458,1489,8:24:00,0,0.00,0,0.1700,0.0042,0.0173,0.0059,0,REST-S,7,2,1
1458,1490,8:24:30,0,26.00,0,0.1700,0.0042,0.0173,0.0059,1,REST-S,7,2,1
1458,1491,8:25:00,0,11.00,0,0.1700,0.0042,0.0173,0.0059,0,REST-S,7,2,1
1458,1492,8:25:30,0,33.00,0,0.1700,0.0042,0.0173,0.0059,1,REST-S,7,2,1
1458,1493,8:26:00,0,0.00,0,0.1700,0.0042,0.0173,0.0059,0,REST-S,7,2,1
1458,1494,8:26:30,0,0.00,0,0.1700,0.0042,0.0173,0.0059,0,REST-S,7,2,1
1458,1495,8:27:00,0,0.00,0,0.1700,0.0042,0.0173,0.0059,0,REST-S,7,2,1
1458,1496,8:27:30,0,1.00,0,0.1700,0.0042,0.0173,0.0059,0,REST-S,7,2,1
1458,1497,8:28:00,0,0.00,0,0.1700,0.0042,0.0173,0.0059,0,REST-S,7,2,1
1458,1498,8:28:30,0,0.00,0,0.1900,0.0128,0.0173,0.0059,0,REST-S,7,2,1
1458,1499,8:29:00,0,0.00,0,0.1700,0.0042,0.0173,0.0059,0,REST-S,7,2,1
1458,1500,8:29:30,0,0.00,0,0.1700,0.0042,0.0173,0.0059,0,REST-S,7,2,1
1458,1501,8:30:00,0,0.00,0,0.1700,0.0042,0.0173,0.0059,0,REST-S,7,2,1
1458,1502,8:30:30,0,0.00,0,0.1700,0.0042,0.0173,0.0059,0,REST-S,7,2,1
1458,1503,8:31:00,0,1.00,0,0.1700,0.0042,0.0173,0.0059,0,REST-S,7,2,1
1458,1504,8:31:30,0,0.00,0,0.1900,0.0128,0.0173,0.0059,0,REST-S,7,2,1
1458,1505,8:32:00,0,0.00,0,0.1900,0.0128,0.0173,0.0059,0,REST-S,7,2,1
1458,1506,8:32:30,0,0.00,0,0.1900,0.0128,0.0173,0.0059,0,REST-S,7,2,1
1458,1507,8:33:00,0,0.00,0,0.1900,0.0128,0.0173,0.0059,0,REST-S,7,2,1
1458,1508,8:33:30,0,0.00,0,0.1900,0.0128,0.0173,0.0059,0,REST-S,7,2,1
1458,1509,8:34:00,0,0.00,0,0.1900,0.0128,0.0173,0.0059,0,REST-S,7,2,1
1458,1510,8:34:30,0,0.00,0,0.1900,0.0128,0.0173,0.0059,0,REST-S,7,2,1
1458,1511,8:35:00,0,15.00,0,0.1900,0.0128,0.0173,0.0059,0,REST-S,7,2,1
1458,1512,8:35:30,0,1.00,0,0.1900,0.0128,0.0173,0.0059,1,REST,7,2,1
1458,1513,8:36:00,0,0.00,0,0.1700,0.0042,0.0173,0.0059,1,REST,7,2,1
1458,1514,8:36:30,0,168.00,0,2.8200,0.1300,0.2770,0.0981,1,ACTIVE,7,2,1
1458,1515,8:37:00,0,61.00,0,10.7300,0.4670,1.0600,0.3600,1,ACTIVE,7,2,1
1458,1516,8:37:30,0,7.00,0,10.7100,0.4570,1.0600,0.3600,1,ACTIVE,7,2,1
1458,1517,8:38:00,0,37.00,0,11.0100,0.4870,1.0900,0.3840,1,ACTIVE,7,2,1
1458,1518,8:38:30,0,1.00,0,5.5400,0.2660,0.5430,0.1760,0,ACTIVE,7,2,1
1458,1519,8:39:00,0,0.00,0,5.5100,0.2600,0.5430,0.1650,0,ACTIVE,7,2,1
1458,1520,8:39:30,0,25.00,0,9.4200,0.4190,0.9330,0.2960,1,ACTIVE,7,2,1
1458,1521,8:40:00,0,3.00,0,11.0400,0.5200,1.0900,0.3520,0,ACTIVE,7,2,1
1458,1522,8:40:30,0,0.00,0,10.5500,0.4870,1.0400,0.3370,0,ACTIVE,7,2,1
1458,1523,8:41:00,0,13.00,0,10.5800,0.4980,1.0400,0.3370,0,ACTIVE,7,2,1
1458,1524,8:41:30,0,39.00,0,10.0700,0.4470,0.9960,0.3300,1,ACTIVE,7,2,1
1458,1525,8:42:00,0,1.00,0,10.0500,0.4370,0.9960,0.3300,0,ACTIVE,7,2,1
1458,1526,8:42:30,0,0.00,0,10.0600,0.4370,0.9960,0.3370,1,ACTIVE,7,2,1
1458,1527,8:43:00,0,37.00,0,11.2100,0.4870,1.1100,0.3760,1,ACTIVE,7,2,1
1458,1528,8:43:30,0,220.00,0,9.3900,0.3920,0.9330,0.3230,1,ACTIVE,7,2,1
1458,1529,8:44:00,0,152.00,0,4.0100,0.1450,0.4010,0.1650,1,ACTIVE,7,2,1
1458,1530,8:44:30,0,21.00,0,1.3000,0.0861,0.1220,0.0412,1,ACTIVE,7,2,1
1458,1531,8:45:00,0,1.00,0,0.6700,0.0512,0.0622,0.0070,1,ACTIVE,7,2,1
1458,1532,8:45:30,0,0.00,0,0.9700,0.0773,0.0880,0.0292,0,ACTIVE,7,2,1
1458,1533,8:46:00,0,0.00,0,0.5900,0.0512,0.0523,0.0173,0,ACTIVE,7,2,1
1458,1534,8:46:30,0,0.00,0,0.5700,0.0431,0.0523,0.0173,0,ACTIVE,7,2,1
1458,1535,8:47:00,0,0.00,0,0.5900,0.0512,0.0523,0.0173,0,ACTIVE,7,2,1
1458,1536,8:47:30,0,0.00,0,0.6700,0.0512,0.0622,0.0070,0,ACTIVE,7,2,1
1458,1537,8:48:00,0,5.00,0,3.2600,0.1720,0.3160,0.1050,0,ACTIVE,7,2,1
1458,1538,8:48:30,0,44.00,0,6.2900,0.3090,0.6180,0.1760,1,ACTIVE,7,2,1
1458,1539,8:49:00,0,24.00,0,0.9300,0.0596,0.0880,0.0292,1,ACTIVE,7,2,1
1458,1540,8:49:30,0,0.00,0,0.2100,0.0256,0.0173,0.0059,1,ACTIVE,7,2,1
1458,1541,8:50:00,0,26.00,0,6.4300,0.3030,0.6320,0.2090,1,ACTIVE,7,2,1
1458,1542,8:50:30,0,115.00,0,10.4700,0.4280,1.0400,0.3840,1,ACTIVE,7,2,1
1458,1543,8:51:00,0,15.00,0,10.7200,0.4670,1.0600,0.3520,1,ACTIVE,7,2,1
1458,1544,8:51:30,0,1.00,0,10.9600,0.4770,1.0900,0.3600,1,ACTIVE,7,2,1
1458,1545,8:52:00,0,90.00,0,13.1900,0.6740,1.2900,0.3520,1,ACTIVE,7,2,1
1458,1546,8:52:30,0,1.00,0,13.5100,0.7040,1.3200,0.3600,0,ACTIVE,7,2,1
1458,1547,8:53:00,0,0.00,0,13.5400,0.7040,1.3200,0.3920,0,ACTIVE,7,2,1
1458,1548,8:53:30,0,1.00,0,13.5700,0.7200,1.3200,0.3840,0,ACTIVE,7,2,1
1458,1549,8:54:00,0,0.00,0,13.8200,0.7200,1.3500,0.3840,0,ACTIVE,7,2,1
1458,1550,8:54:30,0,3.00,0,13.5700,0.7200,1.3200,0.3840,0,ACTIVE,7,2,1
1458,1551,8:55:00,0,0.00,0,13.5300,0.7040,1.3200,0.3760,0,ACTIVE,7,2,1
1458,1552,8:55:30,0,0.00,0,13.5700,0.7200,1.3200,0.3840,0,ACTIVE,7,2,1
1458,1553,8:56:00,0,0.00,0,13.5600,0.7200,1.3200,0.3760,0,ACTIVE,7,2,1
1458,1554,8:56:30,0,2.00,0,13.2800,0.7040,1.2900,0.3760,0,ACTIVE,7,2,1
1458,1555,8:57:00,0,37.00,0,29.3300,1.8700,2.7600,0.9750,1,ACTIVE,7,2,1
1458,1556,8:57:30,0,83.00,0,27.8300,1.9100,2.5800,0.9130,1,ACTIVE,7,2,1
1458,1557,8:58:00,0,24.00,0,11.7200,0.5200,1.1600,0.3840,1,ACTIVE,7,2,1
1458,1558,8:58:30,0,0.00,0,11.2100,0.4870,1.1100,0.3760,0,ACTIVE,7,2,1
1458,1559,8:59:00,0,0.00,0,11.2800,0.5200,1.1100,0.3760,1,ACTIVE,7,2,1
1458,1560,8:59:30,0,23.00,0,11.2800,0.5200,1.1100,0.3760,1,ACTIVE,7,2,1
1458,1561,9:00:00,0,124.00,0,27.4800,0.9750,2.7600,1.0900,1,ACTIVE,7,2,1
1458,1562,9:00:30,0,132.00,0,11.2600,0.5310,1.1100,0.3370,1,ACTIVE,7,2,1
1458,1563,9:01:00,0,7.00,0,11.0000,0.4980,1.0900,0.3600,1,ACTIVE,7,2,1
1458,1564,9:01:30,0,80.00,0,10.7700,0.4870,1.0600,0.3520,1,ACTIVE,7,2,1
1458,1565,9:02:00,0,24.00,0,11.0700,0.5200,1.0900,0.3760,1,ACTIVE,7,2,1
1458,1566,9:02:30,0,5.00,0,11.2300,0.4980,1.1100,0.3760,1,ACTIVE,7,2,1
1458,1567,9:03:00,0,73.00,0,46.5000,1.7900,4.6400,1.7900,1,ACTIVE,7,2,1
1458,1568,9:03:30,0,63.00,0,67.1700,3.1400,6.5600,2.5800,1,ACTIVE,7,2,1
1458,1569,9:04:00,0,18.00,0,10.5500,0.4870,1.0400,0.3370,1,ACTIVE,7,2,1
1458,1570,9:04:30,0,4.00,0,11.0000,0.4980,1.0900,0.3520,0,ACTIVE,7,2,1
1458,1571,9:05:00,0,0.00,0,11.0500,0.5200,1.0900,0.3600,0,ACTIVE,7,2,1
1458,1572,9:05:30,0,0.00,0,10.8400,0.5200,1.0600,0.3520,0,ACTIVE,7,2,1
1458,1573,9:06:00,0,0.00,0,11.0800,0.5310,1.0900,0.3600,0,ACTIVE,7,2,1
1458,1574,9:06:30,0,0.00,0,11.0400,0.5200,1.0900,0.3520,0,ACTIVE,7,2,1
1458,1575,9:07:00,0,55.00,0,10.5500,0.4870,1.0400,0.3370,1,ACTIVE,7,2,1
1458,1576,9:07:30,0,7.00,0,11.3300,0.5430,1.1100,0.3760,0,ACTIVE,7,2,1
1458,1577,9:08:00,0,15.00,0,9.0800,0.4190,0.8940,0.2960,1,ACTIVE,7,2,1
1458,1578,9:08:30,0,3.00,0,8.8100,0.3760,0.8750,0.2960,0,ACTIVE,7,2,1
1458,1579,9:09:00,0,11.00,0,7.7700,0.3370,0.7680,0.2720,0,ACTIVE,7,2,1
1458,1580,9:09:30,0,35.00,0,9.6900,0.4470,0.9540,0.3230,1,ACTIVE,7,2,1
1458,1581,9:10:00,0,14.00,0,4.8800,0.2380,0.4770,0.1650,1,ACTIVE,7,2,1
1458,1582,9:10:30,0,11.00,0,6.2700,0.2900,0.6180,0.1960,1,ACTIVE,7,2,1
1458,1583,9:11:00,0,0.00,0,4.4900,0.2230,0.4370,0.1510,1,ACTIVE,7,2,1
1458,1584,9:11:30,0,295.00,0,18.6000,1.6700,1.6700,0.2090,1,ACTIVE,7,2,1
1458,1585,9:12:00,0,295.00,0,15.6300,1.4100,1.3800,0.4100,1,ACTIVE,7,2,1
1458,1586,9:12:30,0,174.00,0,8.2600,1.6400,0.5200,0.0740,1,ACTIVE,7,2,1
1458,1587,9:13:00,0,152.00,0,11.3300,0.6600,1.0900,0.3300,1,ACTIVE,7,2,1
1458,1588,9:13:30,0,395.00,0,11.2600,0.6050,1.0900,0.3760,1,ACTIVE,7,2,1
1458,1589,9:14:00,0,147.00,0,34.1600,1.7900,3.2800,1.3800,1,ACTIVE,7,2,1
1458,1590,9:14:30,0,199.00,0,27.1900,1.6000,2.5800,0.9330,1,ACTIVE,7,2,1
1458,1591,9:15:00,0,39.00,0,11.7800,0.5430,1.1600,0.3920,1,ACTIVE,7,2,1
1458,1592,9:15:30,0,12.00,0,5.2000,0.2600,0.5090,0.1510,1,ACTIVE,7,2,1
1458,1593,9:16:00,0,70.00,0,26.2800,1.8300,2.4200,0.9540,1,ACTIVE,7,2,1
1458,1594,9:16:30,0,44.00,0,66.8800,3.0100,6.5600,2.5800,1,ACTIVE,7,2,1
1458,1595,9:17:00,0,66.00,0,2.8800,0.1610,0.2770,0.0880,1,ACTIVE,7,2,1
1458,1596,9:17:30,0,0.00,0,3.2700,0.1800,0.3160,0.0981,0,ACTIVE,7,2,1
1458,1597,9:18:00,0,13.00,0,2.8800,0.1610,0.2770,0.0880,1,ACTIVE,7,2,1
1458,1598,9:18:30,0,8.00,0,1.5000,0.1190,0.1390,0.0206,1,ACTIVE,7,2,1
1458,1599,9:19:00,0,21.00,0,2.2200,0.1360,0.2090,0.0756,1,ACTIVE,7,2,1
1458,1600,9:19:30,0,57.00,0,32.2700,1.8300,3.0100,1.7500,1,ACTIVE,7,2,1
1458,1601,9:20:00,0,42.00,0,49.9200,2.4200,4.8400,1.9900,1,ACTIVE,7,2,1
1458,1602,9:20:30,0,35.00,0,15.7600,1.0900,1.5000,0.1760,1,ACTIVE,7,2,1
1458,1603,9:21:00,0,1.00,0,18.6000,1.2400,1.7900,0.1920,0,ACTIVE,7,2,1
1458,1604,9:21:30,0,14.00,0,21.5900,1.4100,2.0800,0.2380,1,ACTIVE,7,2,1
1458,1605,9:22:00,0,7.00,0,15.4500,1.0900,1.4700,0.1550,1,ACTIVE,7,2,1
1458,1606,9:22:30,0,147.00,0,21.4900,2.0400,1.8700,0.5920,1,ACTIVE,7,2,1
1458,1607,9:23:00,0,8.00,0,9.7800,0.4870,0.9540,0.3230,1,ACTIVE,7,2,1
1458,1608,9:23:30,0,2.00,0,5.5900,0.2900,0.5430,0.1760,0,ACTIVE,7,2,1
1458,1609,9:24:00,0,3.00,0,8.9200,0.4370,0.8750,0.2720,0,ACTIVE,7,2,1
1458,1610,9:24:30,0,5.00,0,7.5000,0.3680,0.7350,0.2280,0,ACTIVE,7,2,1
1458,1611,9:25:00,0,11.00,0,5.5400,0.2660,0.5430,0.1760,1,ACTIVE,7,2,1
1458,1612,9:25:30,0,0.00,0,6.9000,0.3450,0.6740,0.2090,0,ACTIVE,7,2,1
1458,1613,9:26:00,0,93.00,0,9.5200,0.4570,0.9330,0.3090,1,ACTIVE,7,2,1
1458,1614,9:26:30,0,10.00,0,11.8700,0.5920,1.1600,0.3760,1,ACTIVE,7,2,1
1458,1615,9:27:00,0,1.00,0,10.8700,0.5430,1.0600,0.3300,0,ACTIVE,7,2,1
1458,1616,9:27:30,0,22.00,0,9.7700,0.4870,0.9540,0.3090,1,ACTIVE,7,2,1
1458,1617,9:28:00,0,59.00,0,10.1500,0.4870,0.9960,0.3230,1,ACTIVE,7,2,1
1458,1618,9:28:30,0,12.00,0,10.5500,0.4870,1.0400,0.3300,1,ACTIVE,7,2,1
1458,1619,9:29:00,0,1.00,0,8.1900,0.4100,0.8020,0.2380,1,ACTIVE,7,2,1
1458,1620,9:29:30,0,55.00,0,17.8100,1.1600,1.7100,0.2380,1,ACTIVE,7,2,1
1458,1621,9:30:00,0,235.00,0,29.0500,1.7500,2.7600,0.9540,1,ACTIVE,7,2,1
1458,1622,9:30:30,0,152.00,0,12.2200,0.7680,1.1600,0.3370,1,ACTIVE,7,2,1
1458,1623,9:31:00,0,100.00,0,85.3700,5.6300,7.9700,2.8800,1,ACTIVE,7,2,1
1458,1624,9:31:30,0,147.00,0,46.9300,3.8100,4.2500,1.1600,1,ACTIVE,7,2,1
1458,1625,9:32:00,0,186.00,0,36.5600,2.7600,3.3500,1.0400,1,ACTIVE,7,2,1
1458,1626,9:32:30,0,186.00,0,44.8700,2.8200,4.3400,0.5430,1,ACTIVE,7,2,1
1458,1627,9:33:00,0,100.00,0,27.7300,2.3700,2.5300,0.3230,1,ACTIVE,7,2,1
1458,1628,9:33:30,0,186.00,0,10.0400,0.6180,0.9540,0.2960,1,ACTIVE,7,2,1
1458,1629,9:34:00,0,277.00,0,14.8800,1.5000,1.2600,0.4470,1,ACTIVE,7,2,1
1458,1630,9:34:30,0,73.00,0,1.2400,0.1120,0.1120,0.0162,1,ACTIVE,7,2,1
1458,1631,9:35:00,0,268.00,0,6.6500,0.4190,0.6320,0.1760,1,ACTIVE,7,2,1
1458,1632,9:35:30,0,206.00,0,14.3700,0.5430,1.4400,0.5200,1,ACTIVE,7,2,1
1458,1633,9:36:00,0,168.00,0,5.4200,0.3680,0.5090,0.1390,1,ACTIVE,7,2,1
1458,1634,9:36:30,0,35.00,0,3.7900,0.3520,0.3370,0.0512,1,ACTIVE,7,2,1
1458,1635,9:37:00,0,152.00,0,2.2600,0.2140,0.2000,0.0298,1,ACTIVE,7,2,1
1458,1636,9:37:30,0,19.00,0,9.6500,0.5200,0.9330,0.2960,1,ACTIVE,7,2,1
1458,1637,9:38:00,0,174.00,0,29.1300,1.7900,2.7600,0.9540,1,ACTIVE,7,2,1
1458,1638,9:38:30,0,326.00,0,15.4300,0.7680,1.5000,0.5200,1,ACTIVE,7,2,1
1458,1639,9:39:00,0,19.00,0,1.5300,0.1360,0.1390,0.0162,1,ACTIVE,7,2,1
1458,1640,9:39:30,0,83.00,0,4.2400,0.2720,0.4010,0.1170,1,ACTIVE,7,2,1
1458,1641,9:40:00,0,163.00,0,13.8900,0.7200,1.3500,0.4470,1,ACTIVE,7,2,1
1458,1642,9:40:30,0,44.00,0,23.4500,0.9750,2.3200,0.9130,1,ACTIVE,7,2,1
1458,1643,9:41:00,0,0.00,0,21.4400,0.8560,2.1300,0.8560,1,ACTIVE,7,2,1
1458,1644,9:41:30,0,39.00,0,47.3100,1.7100,4.7400,1.8700,1,ACTIVE,7,2,1
1458,1645,9:42:00,0,59.00,0,24.5400,1.7100,2.2700,0.8200,1,ACTIVE,7,2,1
1458,1646,9:42:30,0,4.00,0,13.6200,0.7200,1.3200,0.4280,0,ACTIVE,7,2,1
1458,1647,9:43:00,0,15.00,0,13.6400,0.7350,1.3200,0.4190,1,ACTIVE,7,2,1
1458,1648,9:43:30,0,30.00,0,13.5700,0.7040,1.3200,0.4190,1,ACTIVE,7,2,1
1458,1649,9:44:00,0,1.00,0,13.7400,0.6600,1.3500,0.4280,0,ACTIVE,7,2,1
1458,1650,9:44:30,0,0.00,0,13.7100,0.6460,1.3500,0.4280,0,ACTIVE,7,2,1
1458,1651,9:45:00,0,0.00,0,13.7600,0.6600,1.3500,0.4470,0,ACTIVE,7,2,1
1458,1652,9:45:30,0,68.00,0,10.7400,1.2400,0.8750,0.3230,1,ACTIVE,7,2,1
1458,1653,9:46:00,0,10.00,0,39.8100,1.4700,3.9800,1.5400,1,ACTIVE,7,2,1
1458,1654,9:46:30,0,86.00,0,34.8800,1.9500,3.3500,1.1300,1,ACTIVE,7,2,1
1458,1655,9:47:00,0,10.00,0,63.3700,3.2800,6.1400,2.1300,1,ACTIVE,7,2,1
1458,1656,9:47:30,0,35.00,0,59.4800,3.1400,5.7600,1.9500,1,ACTIVE,7,2,1
1458,1657,9:48:00,0,1.00,0,60.9400,3.2800,5.8800,1.9900,0,ACTIVE,7,2,1
1458,1658,9:48:30,0,0.00,0,60.9000,3.2800,5.8800,1.9500,0,ACTIVE,7,2,1
1458,1659,9:49:00,0,0.00,0,59.7900,3.2800,5.7600,1.9500,0,ACTIVE,7,2,1
1458,1660,9:49:30,0,0.00,0,59.4400,3.1400,5.7600,1.9100,0,ACTIVE,7,2,1
1458,1661,9:50:00,0,10.00,0,53.2500,2.7600,5.1700,1.7500,0,ACTIVE,7,2,1
1458,1662,9:50:30,0,0.00,0,47.4800,2.3700,4.6400,1.5000,0,ACTIVE,7,2,1
1458,1663,9:51:00,0,0.00,0,45.2900,2.2200,4.4400,1.3800,0,ACTIVE,7,2,1
1458,1664,9:51:30,0,3.00,0,43.5200,2.2200,4.2500,1.2600,1,ACTIVE,7,2,1
1458,1665,9:52:00,0,63.00,0,8.1200,1.6400,0.1920,2.5800,1,ACTIVE,7,2,1
1458,1666,9:52:30,0,110.00,0,18.6500,0.9130,1.8300,0.5790,1,ACTIVE,7,2,1
1458,1667,9:53:00,0,408.00,0,29.2500,1.9100,2.7600,0.8200,1,ACTIVE,7,2,1
1458,1668,9:53:30,0,268.00,0,100.7800,7.4700,9.2700,2.8200,1,ACTIVE,7,2,1
1458,1669,9:54:00,0,212.00,0,1235.540,88.2000,114.0000,35.5000,1,ACTIVE,7,2,1
1458,1670,9:54:30,0,152.00,0,115.5300,11.5000,9.8900,3.1400,1,ACTIVE,7,2,1
1458,1671,9:55:00,0,70.00,0,4.1800,0.2380,0.4010,0.1300,1,ACTIVE,7,2,1
1458,1672,9:55:30,0,147.00,0,1.4400,0.0939,0.1390,0.0162,1,ACTIVE,7,2,1
1458,1673,9:56:00,0,0.00,0,0.1200,0.0042,0.0125,0.0000,1,ACTIVE,7,2,1
1458,1674,9:56:30,0,141.00,0,295.6300,20.7000,27.4000,9.2700,1,ACTIVE,7,2,1
1458,1675,9:57:00,0,147.00,0,19.2000,2.2200,1.6000,0.2280,1,ACTIVE,7,2,1
1458,1676,9:57:30,0,132.00,0,74.2100,3.3500,7.3100,2.5800,1,ACTIVE,7,2,1
1458,1677,9:58:00,0,128.00,0,68.8800,4.7400,6.2800,3.1400,1,ACTIVE,7,2,1
1458,1678,9:58:30,0,220.00,0,46.4100,2.7600,4.4400,1.3200,1,ACTIVE,7,2,1
1458,1679,9:59:00,0,228.00,0,126.9800,12.6000,10.8000,4.3400,1,ACTIVE,7,2,1
1458,1680,9:59:30,0,315.00,0,69.6800,8.5000,5.7600,0.4280,1,ACTIVE,7,2,1
1458,1681,10:00:00,0,96.00,0,49.6500,7.8000,3.6500,0.3920,1,ACTIVE,7,2,1
1458,1682,10:00:30,0,57.00,0,39.4200,6.2800,2.8800,0.3090,1,ACTIVE,7,2,1
1458,1683,10:01:00,0,212.00,0,119.7000,13.1000,9.8900,3.7300,1,ACTIVE,7,2,1
1458,1684,10:01:30,0,286.00,0,62.5200,10.1000,4.5400,0.4010,1,ACTIVE,7,2,1
1458,1685,10:02:00,0,337.00,0,72.9700,11.3000,5.3900,0.7510,1,ACTIVE,7,2,1
1458,1686,10:02:30,0,228.00,0,138.3500,12.0000,12.3000,3.8100,1,ACTIVE,7,2,1
1458,1687,10:03:00,0,243.00,0,95.7800,10.6000,8.1400,1.0400,1,ACTIVE,7,2,1
1458,1688,10:03:30,0,206.00,0,146.1500,10.8000,13.4000,4.5400,1,ACTIVE,7,2,1
1458,1689,10:04:00,0,326.00,0,0.0000,0.0000,0.0000,0.0000,1,ACTIVE,7,2,1
1458,1690,10:04:30,0,581.00,0,158.5100,11.3000,14.6000,5.1700,1,ACTIVE,7,2,1
1458,1691,10:05:00,0,450.00,0,67.2600,3.9800,6.4200,2.0800,1,ACTIVE,7,2,1
1458,1692,10:05:30,0,93.00,0,13.7800,1.1800,1.2600,0.0880,1,ACTIVE,7,2,1
1458,1693,10:06:00,0,220.00,0,22.8700,4.9500,1.3500,0.1090,1,ACTIVE,7,2,1
1458,1694,10:06:30,0,337.00,0,28.0500,3.9800,2.1700,0.2000,1,ACTIVE,7,2,1
1458,1695,10:07:00,0,243.00,0,36.6800,4.5400,3.0100,0.2960,1,ACTIVE,7,2,1
1458,1696,10:07:30,0,371.00,0,55.9100,6.2800,4.7400,0.4980,1,ACTIVE,7,2,1
1458,1697,10:08:00,0,235.00,0,512.9300,33.3000,48.1000,16.6000,1,ACTIVE,7,2,1
1458,1698,10:08:30,0,315.00,0,43.8100,4.1600,3.8100,1.1100,1,ACTIVE,7,2,1
1458,1699,10:09:00,0,243.00,0,91.4100,6.2800,8.5000,2.8200,1,ACTIVE,7,2,1
1458,1700,10:09:30,0,137.00,0,42.4100,3.2100,3.9800,0.3920,1,ACTIVE,7,2,1
1458,1701,10:10:00,0,212.00,0,71.5100,5.5100,6.5600,1.7500,1,ACTIVE,7,2,1
1458,1702,10:10:30,0,286.00,0,69.9000,2.1300,7.1500,2.3700,1,ACTIVE,7,2,1
1458,1703,10:11:00,0,277.00,0,42.9200,3.0700,4.0700,0.4370,1,ACTIVE,7,2,1
1458,1704,10:11:30,0,206.00,0,154.2400,10.8000,14.3000,4.7400,1,ACTIVE,7,2,1
1458,1705,10:12:00,0,408.00,0,44.1200,4.6400,3.8100,0.4280,1,ACTIVE,7,2,1
1458,1706,10:12:30,0,326.00,0,100.3500,7.1500,9.2700,3.0700,1,ACTIVE,7,2,1
1458,1707,10:13:00,0,277.00,0,55.6300,3.4200,5.2800,1.6700,1,ACTIVE,7,2,1
1458,1708,10:13:30,0,174.00,0,77.7500,9.4700,6.4200,0.5670,1,ACTIVE,7,2,1
1458,1709,10:14:00,0,206.00,0,27.6300,2.5800,2.4200,0.6600,1,ACTIVE,7,2,1
1458,1710,10:14:30,0,337.00,0,108.6400,13.4000,8.8800,1.1600,1,ACTIVE,7,2,1
1458,1711,10:15:00,0,2.00,0,417.4800,29.9000,38.7000,11.3000,1,ACTIVE,7,2,1
1458,1712,10:15:30,0,163.00,0,315.9200,23.0000,29.2000,8.3200,1,ACTIVE,7,2,1
1458,1713,10:16:00,0,251.00,0,23.9600,2.6400,2.0400,0.2770,1,ACTIVE,7,2,1
1458,1714,10:16:30,0,326.00,0,10.9600,1.1100,0.9540,0.1450,1,ACTIVE,7,2,1
1458,1715,10:17:00,0,228.00,0,81.9100,7.1500,7.4700,0.6600,1,ACTIVE,7,2,1
1458,1716,10:17:30,0,348.00,0,180.3300,12.6000,16.6000,6.2800,1,ACTIVE,7,2,1
1458,1717,10:18:00,0,464.00,0,3524.550,155.0000,345.0000,145.0000,1,ACTIVE,7,2,1
1458,1718,10:18:30,0,408.00,0,9702.730,593.0000,915.0000,345.0000,1,ACTIVE,7,2,1
1458,1719,10:19:00,0,527.00,0,4156.910,205.0000,402.0000,169.0000,1,ACTIVE,7,2,1
1458,1720,10:19:30,0,545.00,0,11125.69,510.0000,1090.000,429.0000,1,ACTIVE,7,2,1
1458,1721,10:20:00,0,464.00,0,104580.8,2950.000,10600.00,4960.000,1,ACTIVE,7,2,1
1458,1722,10:20:30,0,348.00,0,60357.15,1290.000,6160.000,3280.000,1,ACTIVE,7,2,1
1458,1723,10:21:00,0,450.00,0,9589.340,510.0000,915.0000,411.0000,1,ACTIVE,7,2,1
1458,1724,10:21:30,0,450.00,0,8604.750,499.0000,821.0000,284.0000,1,ACTIVE,7,2,1
1458,1725,10:22:00,0,450.00,0,8031.940,510.0000,753.0000,284.0000,1,ACTIVE,7,2,1
1458,1726,10:22:30,0,421.00,0,9971.200,448.0000,977.0000,393.0000,1,ACTIVE,7,2,1
1458,1727,10:23:00,0,450.00,0,13106.28,581.0000,1290.000,448.0000,1,ACTIVE,7,2,1
1458,1728,10:23:30,0,371.00,0,8457.280,420.0000,821.0000,310.0000,1,ACTIVE,7,2,1
1458,1729,10:24:00,0,464.00,0,12812.34,593.0000,1240.000,593.0000,1,ACTIVE,7,2,1
1458,1730,10:24:30,0,179.00,0,4420.970,345.0000,393.0000,197.0000,1,ACTIVE,7,2,1
1458,1731,10:25:00,0,243.00,0,4520.760,158.0000,448.0000,229.0000,1,ACTIVE,7,2,1
1458,1732,10:25:30,0,383.00,0,4912.840,201.0000,488.0000,176.0000,1,ACTIVE,7,2,1
1458,1733,10:26:00,0,479.00,0,5550.770,249.0000,544.0000,214.0000,1,ACTIVE,7,2,1
1458,1734,10:26:30,0,371.00,0,7282.750,278.0000,721.0000,324.0000,1,ACTIVE,7,2,1
1458,1735,10:27:00,0,337.00,0,10944.16,393.0000,1090.000,499.0000,1,ACTIVE,7,2,1
1458,1736,10:27:30,0,383.00,0,9032.770,499.0000,858.0000,385.0000,1,ACTIVE,7,2,1
1458,1737,10:28:00,0,494.00,0,12230.22,568.0000,1190.000,532.0000,1,ACTIVE,7,2,1
1458,1738,10:28:30,0,435.00,0,7696.070,345.0000,753.0000,310.0000,1,ACTIVE,7,2,1
1458,1739,10:29:00,0,268.00,0,11528.11,568.0000,1110.000,488.0000,1,ACTIVE,7,2,1
1458,1740,10:29:30,0,421.00,0,12284.38,620.0000,1190.000,478.0000,1,ACTIVE,7,2,1
1458,1741,10:30:00,0,228.00,0,17916.18,977.0000,1720.000,676.0000,1,ACTIVE,7,2,1
1458,1742,10:30:30,0,206.00,0,1945.500,188.0000,173.0000,15.9000,1,ACTIVE,7,2,1
1458,1743,10:31:00,0,235.00,0,112.7100,10.8000,9.6800,3.7300,1,ACTIVE,7,2,1
1458,1744,10:31:30,0,83.00,0,141.2300,13.1000,12.3000,4.2500,1,ACTIVE,7,2,1
1458,1745,10:32:00,0,80.00,0,121.9000,12.6000,10.3000,3.3500,1,ACTIVE,7,2,1
1458,1746,10:32:30,0,27.00,0,52.6100,4.7400,4.6400,1.4100,1,ACTIVE,7,2,1
1458,1747,10:33:00,0,18.00,0,89.6000,8.5000,7.8000,2.3200,1,ACTIVE,7,2,1
1458,1748,10:33:30,0,28.00,0,53.4800,5.5100,4.6400,0.6320,1,ACTIVE,7,2,1
1458,1749,10:34:00,0,48.00,0,82.0200,6.2800,7.4700,2.5300,1,ACTIVE,7,2,1
1458,1750,10:34:30,0,168.00,0,108.5000,9.8900,9.4700,3.3500,1,ACTIVE,7,2,1
1458,1751,10:35:00,0,110.00,0,69.7300,6.7000,6.0100,2.0800,1,ACTIVE,7,2,1
1458,1752,10:35:30,0,68.00,0,145.9000,12.8000,12.8000,4.7400,1,ACTIVE,7,2,1
1458,1753,10:36:00,0,31.00,0,162.5900,14.3000,14.3000,5.2800,1,ACTIVE,7,2,1
1458,1754,10:36:30,0,70.00,0,136.0400,12.8000,11.8000,4.2500,1,ACTIVE,7,2,1
1458,1755,10:37:00,0,96.00,0,154.1200,14.3000,13.4000,4.7400,1,ACTIVE,7,2,1
1458,1756,10:37:30,0,37.00,0,107.8800,9.6800,9.4700,3.2100,1,ACTIVE,7,2,1
1458,1757,10:38:00,0,14.00,0,66.9200,5.5100,6.0100,1.9100,1,ACTIVE,7,2,1
1458,1758,10:38:30,0,50.00,0,154.1200,14.3000,13.4000,4.7400,1,ACTIVE,7,2,1
1458,1759,10:39:00,0,100.00,0,154.1200,14.3000,13.4000,4.7400,1,ACTIVE,7,2,1
1458,1760,10:39:30,0,68.00,0,135.7500,12.8000,11.8000,3.9800,1,ACTIVE,7,2,1
1458,1761,10:40:00,0,66.00,0,96.4200,9.0700,8.3200,3.2100,1,ACTIVE,7,2,1
1458,1762,10:40:30,0,42.00,0,114.6800,11.0000,9.8900,3.3500,1,ACTIVE,7,2,1
1458,1763,10:41:00,0,141.00,0,135.5400,12.6000,11.8000,4.3400,1,ACTIVE,7,2,1
1458,1764,10:41:30,0,61.00,0,112.9000,10.1000,9.8900,3.5700,1,ACTIVE,7,2,1
1458,1765,10:42:00,0,119.00,0,147.5900,13.7000,12.8000,4.5400,1,ACTIVE,7,2,1
1458,1766,10:42:30,0,186.00,0,135.7600,13.1000,11.8000,3.4200,1,ACTIVE,7,2,1
1458,1767,10:43:00,0,193.00,0,114.0600,10.6000,9.8900,3.7300,1,ACTIVE,7,2,1
1458,1768,10:43:30,0,174.00,0,158.3600,12.0000,14.3000,6.0100,1,ACTIVE,7,2,1
1458,1769,10:44:00,0,96.00,0,154.1200,14.3000,13.4000,4.7400,1,ACTIVE,7,2,1
1458,1770,10:44:30,0,128.00,0,136.3700,13.1000,11.8000,3.9800,1,ACTIVE,7,2,1
1458,1771,10:45:00,0,106.00,0,168.1400,14.3000,14.9000,5.2800,1,ACTIVE,7,2,1
1458,1772,10:45:30,0,63.00,0,169.7900,14.9000,14.9000,5.5100,1,ACTIVE,7,2,1
1458,1773,10:46:00,0,152.00,0,148.7200,14.3000,12.8000,4.3400,1,ACTIVE,7,2,1
1458,1774,10:46:30,0,68.00,0,125.8100,11.3000,11.0000,3.9800,1,ACTIVE,7,2,1
1458,1775,10:47:00,0,46.00,0,161.2500,13.7000,14.3000,5.2800,1,ACTIVE,7,2,1
1458,1776,10:47:30,0,73.00,0,139.5100,12.3000,12.3000,4.3400,1,ACTIVE,7,2,1
1458,1777,10:48:00,0,33.00,0,156.3600,14.0000,13.7000,5.0600,1,ACTIVE,7,2,1
1458,1778,10:48:30,0,106.00,0,157.6100,14.6000,13.7000,4.9500,1,ACTIVE,7,2,1
1458,1779,10:49:00,0,110.00,0,136.6700,13.1000,11.8000,4.2500,1,ACTIVE,7,2,1
1458,1780,10:49:30,0,100.00,0,169.5300,14.9000,14.9000,5.2800,1,ACTIVE,7,2,1
1458,1781,10:50:00,0,80.00,0,126.5000,12.6000,10.8000,3.9000,1,ACTIVE,7,2,1
1458,1782,10:50:30,0,147.00,0,66.1000,6.7000,5.6300,1.7900,1,ACTIVE,7,2,1
1458,1783,10:51:00,0,83.00,0,141.5400,13.1000,12.3000,4.5400,1,ACTIVE,7,2,1
1458,1784,10:51:30,0,50.00,0,146.7500,13.1000,12.8000,4.9500,1,ACTIVE,7,2,1
1458,1785,10:52:00,0,55.00,0,150.3300,14.9000,12.8000,4.5400,1,ACTIVE,7,2,1
1458,1786,10:52:30,0,66.00,0,136.3700,13.1000,11.8000,3.9800,1,ACTIVE,7,2,1
1458,1787,10:53:00,0,128.00,0,133.8900,13.1000,11.5000,3.7300,1,ACTIVE,7,2,1
1458,1788,10:53:30,0,132.00,0,107.2100,9.2700,9.4700,3.4200,1,ACTIVE,7,2,1
1458,1789,10:54:00,0,77.00,0,92.1600,9.6800,7.8000,2.2700,1,ACTIVE,7,2,1
1458,1790,10:54:30,0,100.00,0,118.5600,10.1000,10.8000,1.5700,1,ACTIVE,7,2,1
1458,1791,10:55:00,0,235.00,0,189.6200,10.8000,18.1000,6.2800,1,ACTIVE,7,2,1
1458,1792,10:55:30,0,450.00,0,84.6900,3.9000,8.3200,2.9400,1,ACTIVE,7,2,1
1458,1793,10:56:00,0,220.00,0,85.7900,3.5700,8.5000,3.1400,1,ACTIVE,7,2,1
1458,1794,10:56:30,0,193.00,0,71.3700,3.3500,7.0000,2.4700,1,ACTIVE,7,2,1
1458,1795,10:57:00,0,80.00,0,72.8000,3.2800,7.1500,2.7000,1,ACTIVE,7,2,1
1458,1796,10:57:30,0,147.00,0,104.5700,6.4200,9.8900,3.4200,1,ACTIVE,7,2,1
1458,1797,10:58:00,0,277.00,0,78.6000,3.8100,7.6300,3.0700,1,ACTIVE,7,2,1
1458,1798,10:58:30,0,141.00,0,69.5100,3.7300,6.7000,2.3700,1,ACTIVE,7,2,1
1458,1799,10:59:00,0,15.00,0,137.3300,6.7000,13.4000,4.7400,1,ACTIVE,7,2,1
1458,1800,10:59:30,0,86.00,0,165.8900,7.6300,16.3000,5.8800,1,ACTIVE,7,2,1
1458,1801,11:00:00,0,83.00,0,166.8400,7.8000,16.3000,6.4200,1,ACTIVE,7,2,1
1458,1802,11:00:30,0,44.00,0,156.4200,7.4700,15.3000,5.7600,1,ACTIVE,7,2,1
1458,1803,11:01:00,0,193.00,0,85.1300,2.4700,8.6900,3.2800,1,ACTIVE,7,2,1
1458,1804,11:01:30,0,77.00,0,61.0300,2.1700,6.1400,2.2200,1,ACTIVE,7,2,1
1458,1805,11:02:00,0,80.00,0,14.6800,1.3500,1.2900,0.3520,1,ACTIVE,7,2,1
1458,1806,11:02:30,0,70.00,0,69.1400,3.8100,6.7000,1.8700,1,ACTIVE,7,2,1
1458,1807,11:03:00,0,206.00,0,140.2200,8.5000,13.4000,3.7300,1,ACTIVE,7,2,1
1458,1808,11:03:30,0,163.00,0,67.6400,3.0700,6.7000,1.9900,1,ACTIVE,7,2,1
1458,1809,11:04:00,0,96.00,0,70.8300,5.1700,6.5600,1.8300,1,ACTIVE,7,2,1
1458,1810,11:04:30,0,70.00,0,46.9700,2.1300,4.6400,1.5400,1,ACTIVE,7,2,1
1458,1811,11:05:00,0,13.00,0,0.3100,0.0679,0.0173,0.0059,1,ACTIVE,7,2,1
1458,1812,11:05:30,0,124.00,0,18.5200,2.2200,1.5000,0.4100,1,ACTIVE,7,2,1
1458,1813,11:06:00,0,57.00,0,40.2400,2.8200,3.8100,0.5550,1,ACTIVE,7,2,1
1458,1814,11:06:30,0,115.00,0,38.7400,3.4200,3.5000,0.4870,1,ACTIVE,7,2,1
1458,1815,11:07:00,0,83.00,0,19.2200,1.6400,1.7100,0.5550,1,ACTIVE,7,2,1
1458,1816,11:07:30,0,73.00,0,22.2900,2.2200,1.9100,0.6180,1,ACTIVE,7,2,1
1458,1817,11:08:00,0,186.00,0,23.1500,1.9100,2.0800,0.6600,1,ACTIVE,7,2,1
1458,1818,11:08:30,0,83.00,0,14.4500,1.0900,1.3200,0.4470,1,ACTIVE,7,2,1
1458,1819,11:09:00,0,90.00,0,9.2200,0.8560,0.8020,0.2840,1,ACTIVE,7,2,1
1458,1820,11:09:30,0,83.00,0,57.3300,2.3700,5.6300,2.5300,1,ACTIVE,7,2,1
1458,1821,11:10:00,0,70.00,0,27.4100,2.2200,2.4700,0.7680,1,ACTIVE,7,2,1
1458,1822,11:10:30,0,158.00,0,2.5400,0.2900,0.2090,0.0650,1,ACTIVE,7,2,1
1458,1823,11:11:00,0,16.00,0,0.6500,0.0773,0.0523,0.0173,1,ACTIVE,7,2,1
1458,1824,11:11:30,0,163.00,0,26.5900,1.8700,2.4700,0.7350,1,ACTIVE,7,2,1
1458,1825,11:12:00,0,35.00,0,13.0800,2.0800,0.9330,0.2840,1,ACTIVE,7,2,1
1458,1826,11:12:30,0,119.00,0,23.3600,1.9500,2.0800,0.7680,1,ACTIVE,7,2,1
1458,1827,11:13:00,0,46.00,0,29.0200,1.5400,2.8200,0.8750,1,ACTIVE,7,2,1
1458,1828,11:13:30,0,66.00,0,0.2500,0.0431,0.0173,0.0059,1,ACTIVE,7,2,1
1458,1829,11:14:00,0,168.00,0,15.6900,1.9100,1.2600,0.3760,1,ACTIVE,7,2,1
1458,1830,11:14:30,0,96.00,0,1.7400,0.1360,0.1580,0.0523,1,ACTIVE,7,2,1
1458,1831,11:15:00,0,37.00,0,28.5800,2.3200,2.5800,0.7680,1,ACTIVE,7,2,1
1458,1832,11:15:30,0,163.00,0,0.2300,0.0339,0.0173,0.0059,1,ACTIVE,7,2,1
1458,1833,11:16:00,0,7.00,0,0.1700,0.0042,0.0173,0.0059,1,ACTIVE,7,2,1
1458,1834,11:16:30,0,96.00,0,7.4500,1.5700,0.4370,0.1390,1,ACTIVE,7,2,1
1458,1835,11:17:00,0,42.00,0,13.4800,1.5400,1.1100,0.3370,1,ACTIVE,7,2,1
1458,1836,11:17:30,0,132.00,0,1.8900,0.2440,0.1510,0.0206,1,ACTIVE,7,2,1
1458,1837,11:18:00,0,83.00,0,0.2300,0.0339,0.0173,0.0059,1,ACTIVE,7,2,1
1458,1838,11:18:30,0,37.00,0,0.1700,0.0042,0.0173,0.0059,1,ACTIVE,7,2,1
1458,1839,11:19:00,0,100.00,0,0.0200,0.0049,0.0000,0.0059,1,ACTIVE,7,2,1
1458,1840,11:19:30,0,186.00,0,1.9200,0.3090,0.1390,0.0206,1,ACTIVE,7,2,1
1458,1841,11:20:00,0,90.00,0,0.8200,0.1190,0.0622,0.0070,1,ACTIVE,7,2,1
1458,1842,11:20:30,0,70.00,0,5.7400,0.4980,0.5090,0.1650,1,ACTIVE,7,2,1
1458,1843,11:21:00,0,48.00,0,27.4400,1.5000,2.6400,0.9130,1,ACTIVE,7,2,1
1458,1844,11:21:30,0,124.00,0,40.9800,2.8800,3.8100,1.1100,1,ACTIVE,7,2,1
1458,1845,11:22:00,0,124.00,0,17.4900,3.6500,1.0400,0.2840,1,ACTIVE,7,2,1
1458,1846,11:22:30,0,33.00,0,33.3500,2.7000,3.0700,0.4470,1,ACTIVE,7,2,1
1458,1847,11:23:00,0,32.00,0,61.2700,5.6300,5.3900,1.4400,1,ACTIVE,7,2,1
1458,1848,11:23:30,0,268.00,0,21.4000,3.3500,1.5700,0.2280,1,ACTIVE,7,2,1
1458,1849,11:24:00,0,124.00,0,46.7700,3.3500,4.4400,0.4470,1,ACTIVE,7,2,1
1458,1850,11:24:30,0,96.00,0,38.0500,3.1400,3.4200,1.0400,1,ACTIVE,7,2,1
1458,1851,11:25:00,0,220.00,0,84.1600,3.4200,8.3200,3.4200,1,ACTIVE,7,2,1
1458,1852,11:25:30,0,70.00,0,76.0700,2.4200,7.6300,3.5700,1,ACTIVE,7,2,1
1458,1853,11:26:00,0,73.00,0,62.9800,4.8400,5.8800,0.6890,1,ACTIVE,7,2,1
1458,1854,11:26:30,0,35.00,0,76.7000,5.8800,7.0000,2.2200,1,ACTIVE,7,2,1
1458,1855,11:27:00,0,44.00,0,97.6900,7.8000,8.8800,2.4700,1,ACTIVE,7,2,1
1458,1856,11:27:30,0,3.00,0,33.8000,2.6400,3.0700,0.9750,1,ACTIVE,7,2,1
1458,1857,11:28:00,0,33.00,0,44.6300,3.1400,4.2500,0.4190,1,ACTIVE,7,2,1
1458,1858,11:28:30,0,57.00,0,42.3300,4.7400,3.5700,0.5090,1,ACTIVE,7,2,1
1458,1859,11:29:00,0,152.00,0,76.9700,4.0700,7.4700,2.3700,1,ACTIVE,7,2,1
1458,1860,11:29:30,0,32.00,0,32.2800,3.2800,2.7600,0.8200,1,ACTIVE,7,2,1
1458,1861,11:30:00,0,100.00,0,50.6000,2.5300,5.0600,0.6740,1,ACTIVE,7,2,1
1458,1862,11:30:30,0,20.00,0,35.0300,3.8100,3.0100,0.2490,1,ACTIVE,7,2,1
1458,1863,11:31:00,0,158.00,0,93.8300,4.4400,9.2700,2.5800,1,ACTIVE,7,2,1
1458,1864,11:31:30,0,124.00,0,18.5300,2.1700,1.5000,0.5200,1,ACTIVE,7,2,1
1458,1865,11:32:00,0,37.00,0,0.2900,0.0596,0.0173,0.0059,1,ACTIVE,7,2,1
1458,1866,11:32:30,0,13.00,0,0.3800,0.1020,0.0173,0.0059,1,ACTIVE,7,2,1
1458,1867,11:33:00,0,1.00,0,43.2600,4.8400,3.6500,0.5200,1,ACTIVE,7,2,1
1458,1868,11:33:30,0,147.00,0,59.5100,4.1600,5.5100,1.8700,1,ACTIVE,7,2,1
1458,1869,11:34:00,0,23.00,0,61.0300,4.0700,5.6300,2.4700,1,ACTIVE,7,2,1
1458,1870,11:34:30,0,110.00,0,48.8100,2.2200,4.8400,1.3800,1,ACTIVE,7,2,1
1458,1871,11:35:00,0,152.00,0,27.1800,2.3200,2.4700,0.3600,1,ACTIVE,7,2,1
1458,1872,11:35:30,0,83.00,0,26.0900,2.7000,2.2200,0.6320,1,ACTIVE,7,2,1
1458,1873,11:36:00,0,11.00,0,40.9000,3.1400,3.7300,1.1600,1,ACTIVE,7,2,1
1458,1874,11:36:30,0,163.00,0,15.1100,1.6400,1.2600,0.3840,1,ACTIVE,7,2,1
1458,1875,11:37:00,0,44.00,0,8.9300,0.8940,0.7680,0.2090,1,ACTIVE,7,2,1
1458,1876,11:37:30,0,53.00,0,12.2100,1.0600,1.0900,0.3230,1,ACTIVE,7,2,1
1458,1877,11:38:00,0,24.00,0,3.5500,0.4370,0.2900,0.0412,1,ACTIVE,7,2,1
1458,1878,11:38:30,0,163.00,0,2.5000,0.2720,0.2090,0.0650,1,ACTIVE,7,2,1
1458,1879,11:39:00,0,3.00,0,44.4400,5.0600,3.7300,0.5200,1,ACTIVE,7,2,1
1458,1880,11:39:30,0,7.00,0,48.5000,5.1700,4.1600,0.5920,1,ACTIVE,7,2,1
1458,1881,11:40:00,0,96.00,0,18.5800,2.2200,1.5400,0.2000,1,ACTIVE,7,2,1
1458,1882,11:40:30,0,168.00,0,69.6400,2.6400,7.0000,2.3200,1,ACTIVE,7,2,1
1458,1883,11:41:00,0,100.00,0,36.6100,1.5000,3.7300,0.5430,1,ACTIVE,7,2,1
1458,1884,11:41:30,0,23.00,0,41.9000,3.9000,3.7300,0.5430,1,ACTIVE,7,2,1
1458,1885,11:42:00,0,70.00,0,35.2100,3.0700,3.1400,0.8560,1,ACTIVE,7,2,1
1458,1886,11:42:30,0,90.00,0,2.0600,0.3230,0.1510,0.0206,1,ACTIVE,7,2,1
1458,1887,11:43:00,0,48.00,0,5.2600,0.6890,0.4190,0.0596,1,ACTIVE,7,2,1
1458,1888,11:43:30,0,66.00,0,74.9500,4.1600,7.1500,2.8800,1,ACTIVE,7,2,1
1458,1889,11:44:00,0,96.00,0,59.1200,2.0800,6.0100,1.7100,1,ACTIVE,7,2,1
1458,1890,11:44:30,0,124.00,0,4.9400,0.4280,0.4370,0.1510,1,ACTIVE,7,2,1
1458,1891,11:45:00,0,100.00,0,15.8200,0.8370,1.5400,0.4770,1,ACTIVE,7,2,1
1458,1892,11:45:30,0,70.00,0,6.6800,0.4770,0.6180,0.1960,1,ACTIVE,7,2,1
1458,1893,11:46:00,0,53.00,0,6.0700,0.6600,0.5090,0.1390,1,ACTIVE,7,2,1
1458,1894,11:46:30,0,44.00,0,66.1300,3.9000,6.2800,2.3200,1,ACTIVE,7,2,1
1458,1895,11:47:00,0,7.00,0,12.8800,0.9750,1.2100,0.1140,1,ACTIVE,7,2,1
1458,1896,11:47:30,0,70.00,0,0.2300,0.0339,0.0173,0.0059,1,ACTIVE,7,2,1
1458,1897,11:48:00,0,44.00,0,8.0600,0.4190,0.8020,0.1000,1,ACTIVE,7,2,1
1458,1898,11:48:30,0,18.00,0,6.3700,0.3920,0.6180,0.0790,1,ACTIVE,7,2,1
1458,1899,11:49:00,0,179.00,0,41.6800,3.9000,3.7300,0.3370,1,ACTIVE,7,2,1
1458,1900,11:49:30,0,179.00,0,86.0000,7.4700,7.8000,1.1100,1,ACTIVE,7,2,1
1458,1901,11:50:00,0,80.00,0,44.3300,1.6700,4.4400,1.6000,1,ACTIVE,7,2,1
1458,1902,11:50:30,0,63.00,0,1.1600,0.1720,0.0880,0.0115,1,ACTIVE,7,2,1
1458,1903,11:51:00,0,15.00,0,1.5900,0.1610,0.1390,0.0206,1,ACTIVE,7,2,1
1458,1904,11:51:30,0,11.00,0,7.4600,0.7680,0.6460,0.0939,1,ACTIVE,7,2,1
1458,1905,11:52:00,0,8.00,0,5.1700,0.5790,0.4370,0.0559,1,ACTIVE,7,2,1
1458,1906,11:52:30,0,259.00,0,11.5400,0.8370,1.0600,0.3520,1,ACTIVE,7,2,1
1458,1907,11:53:00,0,14.00,0,0.3100,0.0679,0.0173,0.0059,1,ACTIVE,7,2,1
1458,1908,11:53:30,0,0.00,0,0.4200,0.1190,0.0173,0.0059,1,ACTIVE,7,2,1
1458,1909,11:54:00,0,15.00,0,17.6000,1.3500,1.6000,0.5200,1,ACTIVE,7,2,1
1458,1910,11:54:30,0,235.00,0,18.1800,1.2900,1.6700,0.6050,1,ACTIVE,7,2,1
1458,1911,11:55:00,0,147.00,0,17.2300,1.7500,1.4700,0.4470,1,ACTIVE,7,2,1
1458,1912,11:55:30,0,70.00,0,10.2100,0.9540,0.8940,0.2490,1,ACTIVE,7,2,1
1458,1913,11:56:00,0,26.00,0,62.2900,3.5000,6.0100,1.7500,1,ACTIVE,7,2,1
1458,1914,11:56:30,0,110.00,0,118.6800,6.4200,11.5000,3.3500,1,ACTIVE,7,2,1
1458,1915,11:57:00,0,83.00,0,110.7800,5.8800,10.8000,3.0100,1,ACTIVE,7,2,1
1458,1916,11:57:30,0,103.00,0,45.3100,2.5300,4.3400,1.5400,1,ACTIVE,7,2,1
1458,1917,11:58:00,0,44.00,0,0.2500,0.0431,0.0173,0.0059,1,ACTIVE,7,2,1
1458,1918,11:58:30,0,106.00,0,1.2100,0.1960,0.0880,0.0070,1,ACTIVE,7,2,1
1458,1919,11:59:00,0,286.00,0,13.4900,1.9100,1.0400,0.1550,1,ACTIVE,7,2,1
1458,1920,11:59:30,0,348.00,0,67007.57,3820.000,6570.000,935.0000,1,ACTIVE,7,2,1
1458,1921,12:00:00,0,326.00,0,44357.80,2650.000,4350.000,353.0000,1,ACTIVE,7,2,2
1458,1922,12:00:30,0,179.00,0,17829.78,915.0000,1720.000,721.0000,1,ACTIVE,7,2,2
1458,1923,12:01:00,0,277.00,0,24357.65,1640.000,2270.000,753.0000,1,ACTIVE,7,2,2
1458,1924,12:01:30,0,206.00,0,18878.52,956.0000,1830.000,676.0000,1,ACTIVE,7,2,2
1458,1925,12:02:00,0,348.00,0,49956.64,1950.000,4960.000,2040.000,1,ACTIVE,7,2,2
1458,1926,12:02:30,0,119.00,0,27268.44,1440.000,2650.000,839.0000,1,ACTIVE,7,2,2
1458,1927,12:03:00,0,3.00,0,25380.86,1140.000,2480.000,1060.000,1,ACTIVE,7,2,2
1458,1928,12:03:30,0,0.00,0,25254.09,1110.000,2480.000,998.0000,1,ACTIVE,7,2,2
1458,1929,12:04:00,0,10.00,0,23783.99,1060.000,2320.000,998.0000,1,ACTIVE,7,2,2
1458,1930,12:04:30,0,42.00,0,25911.23,1160.000,2530.000,1060.000,1,ACTIVE,7,2,2
1458,1931,12:05:00,0,80.00,0,31090.09,1510.000,3010.000,1270.000,1,ACTIVE,7,2,2
1458,1932,12:05:30,0,11.00,0,39238.32,1830.000,3820.000,1570.000,1,ACTIVE,7,2,2
1458,1933,12:06:00,0,243.00,0,35622.47,2000.000,3510.000,468.0000,1,ACTIVE,7,2,2
1458,1934,12:06:30,0,395.00,0,61881.98,4850.000,5770.000,581.0000,1,ACTIVE,7,2,2
1458,1935,12:07:00,0,326.00,0,121112.5,3910.000,12300.00,4260.000,1,ACTIVE,7,2,2
1458,1936,12:07:30,0,305.00,0,28525.44,1540.000,2820.000,368.0000,1,ACTIVE,7,2,2
1458,1937,12:08:00,0,212.00,0,61674.48,2530.000,6290.000,896.0000,1,ACTIVE,7,2,2
1458,1938,12:08:30,0,277.00,0,4619.570,169.0000,458.0000,219.0000,1,ACTIVE,7,2,2
1458,1939,12:09:00,0,286.00,0,16309.36,770.0000,1610.000,488.0000,1,ACTIVE,7,2,2
1458,1940,12:09:30,0,251.00,0,12411.06,488.0000,1240.000,438.0000,1,ACTIVE,7,2,2
1458,1941,12:10:00,0,199.00,0,3066.320,110.0000,303.0000,155.0000,1,ACTIVE,7,2,2
1458,1942,12:10:30,0,212.00,0,50426.09,3910.000,4750.000,197.0000,1,ACTIVE,7,2,2
1458,1943,12:11:00,0,259.00,0,28897.49,2880.000,2530.000,310.0000,1,ACTIVE,7,2,2
1458,1944,12:11:30,0,295.00,0,57621.03,4960.000,5290.000,303.0000,1,ACTIVE,7,2,2
1458,1945,12:12:00,0,286.00,0,26146.30,2320.000,2370.000,205.0000,1,ACTIVE,7,2,2
1458,1946,12:12:30,0,286.00,0,57472.57,5180.000,5180.000,633.0000,1,ACTIVE,7,2,2
1458,1947,12:13:00,0,228.00,0,10098.21,532.0000,977.0000,338.0000,1,ACTIVE,7,2,2
1458,1948,12:13:30,0,168.00,0,31.6200,3.4200,2.7000,0.3920,1,ACTIVE,7,2,2
1458,1949,12:14:00,0,295.00,0,116.3300,6.1400,11.3000,3.7300,1,ACTIVE,7,2,2
1458,1950,12:14:30,0,479.00,0,21.9600,0.6050,2.2200,1.0900,1,ACTIVE,7,2,2
1458,1951,12:15:00,0,268.00,0,43587.72,3430.000,4080.000,255.0000,1,ACTIVE,7,2,2
1458,1952,12:15:30,0,235.00,0,48029.55,5770.000,3990.000,290.0000,1,ACTIVE,7,2,2
1458,1953,12:16:00,0,212.00,0,52974.34,1950.000,5520.000,249.0000,1,ACTIVE,7,2,2
1458,1954,12:16:30,0,179.00,0,4158.110,219.0000,402.0000,142.0000,1,ACTIVE,7,2,2
1458,1955,12:17:00,0,119.00,0,97.6200,6.7000,9.0700,3.0700,1,ACTIVE,7,2,2
1458,1956,12:17:30,0,371.00,0,269.9800,12.6000,26.2000,11.5000,1,ACTIVE,7,2,2
1458,1957,12:18:00,0,57.00,0,372.0100,20.2000,35.5000,14.9000,1,ACTIVE,7,2,2
1458,1958,12:18:30,0,251.00,0,388.9200,17.8000,37.9000,16.3000,1,ACTIVE,7,2,2
1458,1959,12:19:00,0,359.00,0,83439.21,1190.000,9090.000,1090.000,1,ACTIVE,7,2,2
1458,1960,12:19:30,0,337.00,0,33.5900,4.3400,2.7000,0.3370,1,ACTIVE,7,2,2
1458,1961,12:20:00,0,277.00,0,288.5400,23.0000,26.2000,7.3100,1,ACTIVE,7,2,2
1458,1962,12:20:30,0,110.00,0,33.7000,3.6500,2.8800,0.3760,1,ACTIVE,7,2,2
1458,1963,12:21:00,0,268.00,0,124.6000,6.8500,12.0000,3.8100,1,ACTIVE,7,2,2
1458,1964,12:21:30,0,228.00,0,270.6200,25.7000,24.0000,3.0100,1,ACTIVE,7,2,2
1458,1965,12:22:00,0,50.00,0,128.1400,6.8500,12.3000,4.9500,1,ACTIVE,7,2,2
1458,1966,12:22:30,0,46.00,0,112.5600,9.2700,10.3000,1.4400,1,ACTIVE,7,2,2
1458,1967,12:23:00,0,39.00,0,60.6400,3.8100,5.7600,1.6400,1,ACTIVE,7,2,2
1458,1968,12:23:30,0,132.00,0,83.4200,4.8400,7.9700,2.7000,1,ACTIVE,7,2,2
1458,1969,12:24:00,0,39.00,0,48.7500,3.0100,4.6400,1.3800,1,ACTIVE,7,2,2
1458,1970,12:24:30,0,13.00,0,80.1700,4.1600,7.8000,2.4700,1,ACTIVE,7,2,2
1458,1971,12:25:00,0,152.00,0,211.3800,14.0000,19.8000,6.5600,1,ACTIVE,7,2,2
1458,1972,12:25:30,0,212.00,0,304.7000,32.6000,25.7000,7.3100,1,ACTIVE,7,2,2
1458,1973,12:26:00,0,168.00,0,238.1700,23.0000,21.1000,2.1300,1,ACTIVE,7,2,2
1458,1974,12:26:30,0,110.00,0,250.1900,20.7000,22.5000,6.5600,1,ACTIVE,7,2,2
1458,1975,12:27:00,0,119.00,0,214.9900,17.8000,19.4000,5.6300,1,ACTIVE,7,2,2
1458,1976,12:27:30,0,243.00,0,277.5800,18.1000,26.2000,7.1500,1,ACTIVE,7,2,2
1458,1977,12:28:00,0,251.00,0,72.3700,7.9700,6.1400,0.8750,1,ACTIVE,7,2,2
1458,1978,12:28:30,0,315.00,0,85.2200,7.1500,7.8000,1.0400,1,ACTIVE,7,2,2
1458,1979,12:29:00,0,163.00,0,131.5800,8.8800,12.3000,3.9800,1,ACTIVE,7,2,2
1458,1980,12:29:30,0,348.00,0,11054.79,478.0000,1090.000,429.0000,1,ACTIVE,7,2,2
1458,1981,12:30:00,0,359.00,0,6864.240,345.0000,661.0000,284.0000,1,ACTIVE,7,2,2
1458,1982,12:30:30,0,305.00,0,56137.34,3910.000,5410.000,142.0000,1,ACTIVE,7,2,2
1458,1983,12:31:00,0,326.00,0,33307.64,3080.000,3010.000,112.0000,1,ACTIVE,7,2,2
1458,1984,12:31:30,0,337.00,0,28873.36,1720.000,2820.000,331.0000,1,ACTIVE,7,2,2
1458,1985,12:32:00,0,315.00,0,51232.97,3210.000,4850.000,1510.000,1,ACTIVE,7,2,2
1458,1986,12:32:30,0,371.00,0,1192.120,66.6000,114.0000,39.6000,1,ACTIVE,7,2,2
1458,1987,12:33:00,0,268.00,0,65.4100,7.6300,5.5100,0.2380,1,ACTIVE,7,2,2
1458,1988,12:33:30,0,174.00,0,9.0700,1.0200,0.7680,0.0900,1,ACTIVE,7,2,2
1458,1989,12:34:00,0,235.00,0,5.1800,0.5430,0.4470,0.0596,1,ACTIVE,7,2,2
1458,1990,12:34:30,0,305.00,0,10.1000,0.8940,0.9130,0.1190,1,ACTIVE,7,2,2
1458,1991,12:35:00,0,277.00,0,101.5100,7.8000,9.2700,2.8200,1,ACTIVE,7,2,2
1458,1992,12:35:30,0,235.00,0,124.1600,7.6300,11.8000,3.9000,1,ACTIVE,7,2,2
1458,1993,12:36:00,0,408.00,0,120.3200,6.8500,11.5000,3.9800,1,ACTIVE,7,2,2
1458,1994,12:36:30,0,141.00,0,128.8500,7.4700,12.3000,4.3400,1,ACTIVE,7,2,2
1458,1995,12:37:00,0,268.00,0,71.4500,4.6400,6.7000,2.3200,1,ACTIVE,7,2,2
1458,1996,12:37:30,0,371.00,0,129.5800,7.8000,12.3000,4.3400,1,ACTIVE,7,2,2
1458,1997,12:38:00,0,93.00,0,32.3000,2.5300,2.9400,0.8750,1,ACTIVE,7,2,2
1458,1998,12:38:30,0,251.00,0,91.0500,7.6300,8.1400,2.6400,1,ACTIVE,7,2,2
1458,1999,12:39:00,0,251.00,0,63.3500,3.8100,6.0100,2.0800,1,ACTIVE,7,2,2
1458,2000,12:39:30,0,359.00,0,14.4400,1.8700,1.1600,0.1480,1,ACTIVE,7,2,2
1458,2001,12:40:00,0,286.00,0,18.1400,2.4200,1.4400,0.1720,1,ACTIVE,7,2,2
1458,2002,12:40:30,0,235.00,0,40.3200,6.7000,2.8800,0.2770,1,ACTIVE,7,2,2
1458,2003,12:41:00,0,277.00,0,51.3600,3.8100,4.7400,1.3200,1,ACTIVE,7,2,2
1458,2004,12:41:30,0,359.00,0,72.7600,3.4200,7.1500,2.3700,1,ACTIVE,7,2,2
1458,2005,12:42:00,0,0.00,0,7.3100,0.8200,0.6180,0.0790,1,ACTIVE,7,2,2
1458,2006,12:42:30,0,77.00,0,4.1900,0.4470,0.3600,0.0460,1,ACTIVE,7,2,2
1458,2007,12:43:00,0,0.00,0,3.1700,0.3160,0.2770,0.0347,1,ACTIVE,7,2,2
1458,2008,12:43:30,0,0.00,0,3.1700,0.3160,0.2770,0.0347,0,ACTIVE,7,2,2
1458,2009,12:44:00,0,0.00,0,3.1500,0.3090,0.2770,0.0347,0,ACTIVE,7,2,2
1458,2010,12:44:30,0,0.00,0,3.1100,0.2900,0.2770,0.0347,0,ACTIVE,7,2,2
1458,2011,12:45:00,0,0.00,0,3.1400,0.3030,0.2770,0.0347,0,ACTIVE,7,2,2
1458,2012,12:45:30,0,0.00,0,2.8500,0.2840,0.2490,0.0347,0,ACTIVE,7,2,2
1458,2013,12:46:00,0,0.00,0,2.8100,0.2720,0.2490,0.0298,0,ACTIVE,7,2,2
1458,2014,12:46:30,0,0.00,0,3.0900,0.2840,0.2770,0.0347,0,ACTIVE,7,2,2
1458,2015,12:47:00,0,0.00,0,3.0900,0.2840,0.2770,0.0347,1,ACTIVE,7,2,2
1458,2016,12:47:30,0,0.00,0,3.8300,0.3760,0.3370,0.0395,1,ACTIVE,7,2,2
1458,2017,12:48:00,0,228.00,0,29.2600,2.6400,2.6400,0.2840,1,ACTIVE,7,2,2
1458,2018,12:48:30,0,44.00,0,40.9300,4.1600,3.5700,0.3920,1,ACTIVE,7,2,2
1458,2019,12:49:00,0,199.00,0,40.2600,2.5300,3.8100,1.1600,1,ACTIVE,7,2,2
1458,2020,12:49:30,0,110.00,0,40.9500,1.9100,4.1600,0.2720,1,ACTIVE,7,2,2
1458,2021,12:50:00,0,152.00,0,38.4000,3.5700,3.4200,0.4770,1,ACTIVE,7,2,2
1458,2022,12:50:30,0,326.00,0,45.2800,3.0100,4.2500,1.2900,1,ACTIVE,7,2,2
1458,2023,12:51:00,0,206.00,0,43.7700,2.6400,4.1600,1.3800,1,ACTIVE,7,2,2
1458,2024,12:51:30,0,147.00,0,35.7100,2.0800,3.4200,1.0400,1,ACTIVE,7,2,2
1458,2025,12:52:00,0,73.00,0,14.1600,1.4400,1.2400,0.1390,1,ACTIVE,7,2,2
1458,2026,12:52:30,0,2.00,0,7.4000,0.8560,0.6180,0.0825,1,ACTIVE,7,2,2
1458,2027,12:53:00,0,163.00,0,71.0500,4.6400,6.7000,1.9500,1,ACTIVE,7,2,2
1458,2028,12:53:30,0,14.00,0,122.3500,7.9700,11.5000,3.5700,1,ACTIVE,7,2,2
1458,2029,12:54:00,0,4.00,0,124.6300,7.8000,11.8000,3.9800,1,ACTIVE,7,2,2
1458,2030,12:54:30,0,53.00,0,85.6600,5.8800,7.9700,2.6400,1,ACTIVE,7,2,2
1458,2031,12:55:00,0,28.00,0,42.3000,4.0700,3.7300,0.5550,1,ACTIVE,7,2,2
1458,2032,12:55:30,0,115.00,0,92.7400,7.0000,8.5000,2.5800,1,ACTIVE,7,2,2
1458,2033,12:56:00,0,44.00,0,104.7300,6.4200,9.8900,3.5700,1,ACTIVE,7,2,2
1458,2034,12:56:30,0,0.00,0,99.6000,5.7600,9.4700,3.5700,1,ACTIVE,7,2,2
1458,2035,12:57:00,0,26.00,0,81.3000,5.2800,7.6300,2.5800,1,ACTIVE,7,2,2
1458,2036,12:57:30,0,15.00,0,0.7000,0.1020,0.0523,0.0173,1,ACTIVE,7,2,2
1458,2037,12:58:00,0,46.00,0,28.5800,2.7600,2.5300,0.3230,1,ACTIVE,7,2,2
1458,2038,12:58:30,0,1.00,0,122.1400,7.8000,11.5000,3.7300,1,ACTIVE,7,2,2
1458,2039,12:59:00,0,24.00,0,110.6500,7.4700,10.3000,3.3500,1,ACTIVE,7,2,2
1458,2040,12:59:30,0,59.00,0,82.2800,5.6300,7.6300,2.7600,1,ACTIVE,7,2,2
1458,2041,13:00:00,0,371.00,0,70.7000,4.3400,6.7000,2.2200,1,ACTIVE,7,2,2
1458,2042,13:00:30,0,147.00,0,18.7000,1.8700,1.6400,0.2050,1,ACTIVE,7,2,2
1458,2043,13:01:00,0,286.00,0,4.0500,0.4770,0.3370,0.0412,1,ACTIVE,7,2,2
1458,2044,13:01:30,0,408.00,0,31.0500,3.2100,2.6400,0.7680,1,ACTIVE,7,2,2
1458,2045,13:02:00,0,220.00,0,18.6300,2.3700,1.5000,0.2140,1,ACTIVE,7,2,2
1458,2046,13:02:30,0,268.00,0,74.4300,4.2500,7.1500,2.2200,1,ACTIVE,7,2,2
1458,2047,13:03:00,0,110.00,0,0.6800,0.0939,0.0523,0.0173,1,ACTIVE,7,2,2
1458,2048,13:03:30,0,7.00,0,0.6800,0.0939,0.0523,0.0173,1,ACTIVE,7,2,2
1458,2049,13:04:00,0,0.00,0,0.6800,0.0939,0.0523,0.0173,1,ACTIVE,7,2,2
1458,2050,13:04:30,0,115.00,0,7.4400,1.5700,0.4470,0.0512,1,ACTIVE,7,2,2
1458,2051,13:05:00,0,315.00,0,126.5700,17.4000,9.8900,1.3800,1,ACTIVE,7,2,2
1458,2052,13:05:30,0,259.00,0,126.1400,12.8000,10.8000,3.0100,1,ACTIVE,7,2,2
1458,2053,13:06:00,0,295.00,0,11.4800,1.6000,0.8940,0.1000,1,ACTIVE,7,2,2
1458,2054,13:06:30,0,141.00,0,264.1400,24.6000,23.0000,7.4700,1,ACTIVE,7,2,2
1458,2055,13:07:00,0,199.00,0,16.0800,1.9500,1.3200,0.1920,1,ACTIVE,7,2,2
1458,2056,13:07:30,0,251.00,0,45.2600,2.5800,4.3400,1.3800,1,ACTIVE,7,2,2
1458,2057,13:08:00,0,286.00,0,103.6100,7.0000,9.6800,3.0700,1,ACTIVE,7,2,2
1458,2058,13:08:30,0,235.00,0,14.9900,1.9100,1.2100,0.1580,1,ACTIVE,7,2,2
1458,2059,13:09:00,0,243.00,0,96.0100,5.3900,9.2700,2.6400,1,ACTIVE,7,2,2
1458,2060,13:09:30,0,228.00,0,11.0300,1.4700,0.8750,0.1140,1,ACTIVE,7,2,2
1458,2061,13:10:00,0,228.00,0,112.5000,5.7600,11.0000,2.9400,1,ACTIVE,7,2,2
1458,2062,13:10:30,0,421.00,0,124.2800,12.0000,10.8000,2.9400,1,ACTIVE,7,2,2
1458,2063,13:11:00,0,315.00,0,75.5100,4.7400,7.1500,2.2200,1,ACTIVE,7,2,2
1458,2064,13:11:30,0,8.00,0,102.2800,7.1500,9.4700,3.2100,1,ACTIVE,7,2,2
1458,2065,13:12:00,0,13.00,0,109.9500,7.1500,10.3000,3.3500,1,ACTIVE,7,2,2
1458,2066,13:12:30,0,0.00,0,114.6500,7.4700,10.8000,3.3500,1,ACTIVE,7,2,2
1458,2067,13:13:00,0,115.00,0,210.7200,13.4000,19.8000,7.1500,1,ACTIVE,7,2,2
1458,2068,13:13:30,0,42.00,0,185.6100,12.0000,17.4000,6.2800,1,ACTIVE,7,2,2
1458,2069,13:14:00,0,0.00,0,125.6800,8.1400,11.8000,4.2500,1,ACTIVE,7,2,2
1458,2070,13:14:30,0,158.00,0,183.6400,21.6000,14.9000,4.7400,1,ACTIVE,7,2,2
1458,2071,13:15:00,0,305.00,0,196.4800,17.4000,17.4000,5.3900,1,ACTIVE,7,2,2
1458,2072,13:15:30,0,286.00,0,118.4800,5.8800,11.5000,4.2500,1,ACTIVE,7,2,2
1458,2073,13:16:00,0,152.00,0,209.2000,12.6000,19.8000,7.4700,1,ACTIVE,7,2,2
1458,2074,13:16:30,0,158.00,0,132.8800,10.3000,12.0000,4.3400,1,ACTIVE,7,2,2
1458,2075,13:17:00,0,128.00,0,214.5800,13.1000,20.2000,7.8000,1,ACTIVE,7,2,2
1458,2076,13:17:30,0,0.00,0,219.1000,13.4000,20.7000,7.8000,1,ACTIVE,7,2,2
1458,2077,13:18:00,0,16.00,0,233.1300,14.0000,22.1000,8.3200,1,ACTIVE,7,2,2
1458,2078,13:18:30,0,83.00,0,173.3100,12.8000,15.9000,4.9500,1,ACTIVE,7,2,2
1458,2079,13:19:00,0,315.00,0,136.5400,8.8800,12.8000,4.1600,1,ACTIVE,7,2,2
1458,2080,13:19:30,0,18.00,0,212.7600,12.3000,20.2000,7.8000,1,ACTIVE,7,2,2
1458,2081,13:20:00,0,16.00,0,236.9800,14.0000,22.5000,7.9700,1,ACTIVE,7,2,2
1458,2082,13:20:30,0,93.00,0,118.3400,7.9700,11.0000,3.8100,1,ACTIVE,7,2,2
1458,2083,13:21:00,0,73.00,0,86.6000,4.1600,8.5000,2.7000,1,ACTIVE,7,2,2
1458,2084,13:21:30,0,137.00,0,199.1200,11.8000,18.9000,6.5600,1,ACTIVE,7,2,2
1458,2085,13:22:00,0,90.00,0,236.7900,14.0000,22.5000,7.8000,1,ACTIVE,7,2,2
1458,2086,13:22:30,0,186.00,0,105.0900,4.8400,10.3000,3.5700,1,ACTIVE,7,2,2
1458,2087,13:23:00,0,22.00,0,9.5800,1.2400,0.7680,0.1090,1,ACTIVE,7,2,2
1458,2088,13:23:30,0,39.00,0,195.2600,15.3000,17.8000,5.5100,1,ACTIVE,7,2,2
1458,2089,13:24:00,0,8.00,0,20.1900,3.8100,1.3200,0.1840,1,ACTIVE,7,2,2
1458,2090,13:24:30,0,63.00,0,108.2000,9.0700,9.6800,3.0700,1,ACTIVE,7,2,2
1458,2091,13:25:00,0,63.00,0,11.4300,1.4100,0.9330,0.1270,1,ACTIVE,7,2,2
1458,2092,13:25:30,0,70.00,0,100.9700,6.8500,9.2700,4.2500,1,ACTIVE,7,2,2
1458,2093,13:26:00,0,96.00,0,62.0900,3.7300,5.8800,2.1300,1,ACTIVE,7,2,2
1458,2094,13:26:30,0,96.00,0,64.8300,4.1600,6.1400,1.6700,1,ACTIVE,7,2,2
1458,2095,13:27:00,0,141.00,0,29.2900,1.9500,2.7600,0.7680,1,ACTIVE,7,2,2
1458,2096,13:27:30,0,106.00,0,34.4400,3.5700,3.0100,0.1920,1,ACTIVE,7,2,2
1458,2097,13:28:00,0,193.00,0,74.6200,5.5100,6.8500,2.2700,1,ACTIVE,7,2,2
1458,2098,13:28:30,0,206.00,0,52.3000,3.6500,4.8400,1.6700,1,ACTIVE,7,2,2
1458,2099,13:29:00,0,315.00,0,15.8400,2.0800,1.2600,0.1580,1,ACTIVE,7,2,2
1458,2100,13:29:30,0,199.00,0,59.3400,4.8400,5.5100,0.3230,1,ACTIVE,7,2,2
1458,2101,13:30:00,0,168.00,0,23.9700,2.8200,1.9900,0.2770,1,ACTIVE,7,2,2
1458,2102,13:30:30,0,228.00,0,79.4800,5.3900,7.4700,1.9900,1,ACTIVE,7,2,2
1458,2103,13:31:00,0,235.00,0,72.4100,5.7600,6.5600,2.0800,1,ACTIVE,7,2,2
1458,2104,13:31:30,0,220.00,0,22.1200,2.1300,1.9100,0.6600,1,ACTIVE,7,2,2
1458,2105,13:32:00,0,44.00,0,3.1000,0.4010,0.2490,0.0298,1,ACTIVE,7,2,2
1458,2106,13:32:30,0,27.00,0,1.9500,0.2720,0.1510,0.0206,1,ACTIVE,7,2,2
1458,2107,13:33:00,0,119.00,0,5.5500,0.7510,0.4370,0.0512,1,ACTIVE,7,2,2
1458,2108,13:33:30,0,61.00,0,9.7400,1.1800,0.8020,0.0939,1,ACTIVE,7,2,2
1458,2109,13:34:00,0,132.00,0,9.6300,1.8700,0.6180,0.0790,1,ACTIVE,7,2,2
1458,2110,13:34:30,0,152.00,0,80.6800,4.4400,7.8000,2.3700,1,ACTIVE,7,2,2
1458,2111,13:35:00,0,206.00,0,31.5800,2.4200,2.8800,0.9330,1,ACTIVE,7,2,2
1458,2112,13:35:30,0,235.00,0,122.7000,7.9700,11.5000,3.9000,1,ACTIVE,7,2,2
1458,2113,13:36:00,0,326.00,0,74.2100,3.5700,7.3100,2.1300,1,ACTIVE,7,2,2
1458,2114,13:36:30,0,168.00,0,103.9100,6.4200,9.8900,2.8200,1,ACTIVE,7,2,2
1458,2115,13:37:00,0,44.00,0,99.8000,6.2800,9.4700,2.7000,1,ACTIVE,7,2,2
1458,2116,13:37:30,0,55.00,0,85.3200,7.1500,7.8000,1.1300,1,ACTIVE,7,2,2
1458,2117,13:38:00,0,73.00,0,129.5100,8.1400,12.3000,3.5700,1,ACTIVE,7,2,2
1458,2118,13:38:30,0,0.00,0,129.9000,8.3200,12.3000,3.5700,1,ACTIVE,7,2,2
1458,2119,13:39:00,0,63.00,0,113.9500,7.1500,10.8000,3.3500,1,ACTIVE,7,2,2
1458,2120,13:39:30,0,46.00,0,113.9500,7.1500,10.8000,3.3500,1,ACTIVE,7,2,2
1458,2121,13:40:00,0,37.00,0,98.9800,5.7600,9.4700,3.0100,1,ACTIVE,7,2,2
1458,2122,13:40:30,0,68.00,0,121.0000,7.4700,11.5000,3.3500,1,ACTIVE,7,2,2
1458,2123,13:41:00,0,35.00,0,104.7300,6.8500,9.8900,2.7000,1,ACTIVE,7,2,2
1458,2124,13:41:30,0,44.00,0,79.3200,5.2800,7.4700,2.0800,1,ACTIVE,7,2,2
1458,2125,13:42:00,0,68.00,0,100.3000,6.4200,9.4700,2.8800,1,ACTIVE,7,2,2
1458,2126,13:42:30,0,57.00,0,109.2300,7.0000,10.3000,3.0100,1,ACTIVE,7,2,2
1458,2127,13:43:00,0,141.00,0,83.2600,5.6300,7.8000,2.3200,1,ACTIVE,7,2,2
1458,2128,13:43:30,0,132.00,0,121.3600,7.6300,11.5000,3.3500,1,ACTIVE,7,2,2
1458,2129,13:44:00,0,93.00,0,71.4500,7.0000,6.2800,0.9130,1,ACTIVE,7,2,2
1458,2130,13:44:30,0,21.00,0,114.2800,7.4700,10.8000,3.0100,1,ACTIVE,7,2,2
1458,2131,13:45:00,0,70.00,0,109.7900,7.1500,10.3000,3.2100,1,ACTIVE,7,2,2
1458,2132,13:45:30,0,35.00,0,94.2800,6.1400,8.8800,2.7000,1,ACTIVE,7,2,2
1458,2133,13:46:00,0,243.00,0,105.0600,6.8500,9.8900,3.0100,1,ACTIVE,7,2,2
1458,2134,13:46:30,0,286.00,0,20.3800,1.3800,1.9100,0.5790,1,ACTIVE,7,2,2
1458,2135,13:47:00,0,435.00,0,80.8900,4.9500,7.6300,2.8800,1,ACTIVE,7,2,2
1458,2136,13:47:30,0,243.00,0,104.8700,5.2800,9.8900,6.0100,1,ACTIVE,7,2,2
1458,2137,13:48:00,0,348.00,0,16.0600,1.8300,1.3500,0.1920,1,ACTIVE,7,2,2
1458,2138,13:48:30,0,479.00,0,37.9700,3.4200,3.3500,0.9750,1,ACTIVE,7,2,2
1458,2139,13:49:00,0,286.00,0,4425.470,676.0000,117.0000,1750.000,1,ACTIVE,7,2,2
1458,2140,13:49:30,0,220.00,0,22422.21,1210.000,2130.000,998.0000,1,ACTIVE,7,2,2
1458,2141,13:50:00,0,220.00,0,24699.42,1540.000,2320.000,876.0000,1,ACTIVE,7,2,2
1458,2142,13:50:30,0,295.00,0,13487.40,804.0000,1290.000,345.0000,1,ACTIVE,7,2,2
1458,2143,13:51:00,0,395.00,0,23.6500,2.8800,1.9500,0.2000,1,ACTIVE,7,2,2
1458,2144,13:51:30,0,277.00,0,38.4100,3.9000,3.3500,0.4190,1,ACTIVE,7,2,2
1458,2145,13:52:00,0,315.00,0,98.8900,6.2800,9.2700,3.5000,1,ACTIVE,7,2,2
1458,2146,13:52:30,0,326.00,0,11.3200,1.2900,0.9330,0.2720,1,ACTIVE,7,2,2
1458,2147,13:53:00,0,359.00,0,18.3600,1.8700,1.5700,0.4470,1,ACTIVE,7,2,2
1458,2148,13:53:30,0,63.00,0,92.8300,5.1700,8.8800,3.3500,1,ACTIVE,7,2,2
1458,2149,13:54:00,0,3.00,0,78.5800,4.6400,7.4700,2.7000,1,ACTIVE,7,2,2
1458,2150,13:54:30,0,1.00,0,65.5600,4.0700,6.1400,2.5300,1,ACTIVE,7,2,2
1458,2151,13:55:00,0,12.00,0,57.0700,3.6500,5.2800,2.5300,1,ACTIVE,7,2,2
1458,2152,13:55:30,0,10.00,0,10.2900,0.5430,0.9960,0.3370,1,ACTIVE,7,2,2
1458,2153,13:56:00,0,383.00,0,37.9600,2.2200,3.6500,0.9750,1,ACTIVE,7,2,2
1458,2154,13:56:30,0,395.00,0,14.5600,1.7100,1.2100,0.1610,1,ACTIVE,7,2,2
1458,2155,13:57:00,0,0.00,0,0.3600,0.0128,0.0378,0.0023,1,ACTIVE,7,2,2
1458,2156,13:57:30,0,0.00,0,0.1900,0.0128,0.0173,0.0059,1,ACTIVE,7,2,2
1458,2157,13:58:00,0,0.00,0,0.1900,0.0128,0.0173,0.0059,0,ACTIVE,7,2,2
1458,2158,13:58:30,0,0.00,0,0.1900,0.0128,0.0173,0.0059,0,ACTIVE,7,2,2
1458,2159,13:59:00,0,0.00,0,0.1900,0.0128,0.0173,0.0059,0,ACTIVE,7,2,2
1458,2160,13:59:30,0,0.00,0,0.1900,0.0128,0.0173,0.0059,0,ACTIVE,7,2,2
1458,2161,14:00:00,0,0.00,0,0.1900,0.0128,0.0173,0.0059,0,ACTIVE,7,2,2
1458,2162,14:00:30,0,0.00,0,0.1900,0.0128,0.0173,0.0059,0,ACTIVE,7,2,2
1458,2163,14:01:00,0,55.00,0,5.1300,0.2230,0.5090,0.1650,1,ACTIVE,7,2,2
1458,2164,14:01:30,0,0.00,0,53.9500,2.5300,5.2800,1.9500,0,ACTIVE,7,2,2
1458,2165,14:02:00,0,70.00,0,23.1400,1.0900,2.2700,0.8020,1,ACTIVE,7,2,2
1458,2166,14:02:30,0,0.00,0,7.1000,0.3030,0.7040,0.2380,1,ACTIVE,7,2,2
1458,2167,14:03:00,0,235.00,0,13.6000,0.6050,1.3500,0.4100,1,ACTIVE,7,2,2
1458,2168,14:03:30,0,0.00,0,51.0100,2.2200,5.0600,1.6700,1,ACTIVE,7,2,2
1458,2169,14:04:00,0,0.00,0,51.3400,2.3700,5.0600,1.6700,1,ACTIVE,7,2,2
1458,2170,14:04:30,0,0.00,0,50.3500,2.3700,4.9500,1.6400,0,ACTIVE,7,2,2
1458,2171,14:05:00,0,0.00,0,50.3500,2.3700,4.9500,1.6400,0,ACTIVE,7,2,2
1458,2172,14:05:30,0,0.00,0,50.3500,2.3700,4.9500,1.6400,0,ACTIVE,7,2,2
1458,2173,14:06:00,0,0.00,0,50.3500,2.3700,4.9500,1.6400,0,ACTIVE,7,2,2
1458,2174,14:06:30,0,0.00,0,50.3500,2.3700,4.9500,1.6400,0,ACTIVE,7,2,2
1458,2175,14:07:00,0,0.00,0,50.3500,2.3700,4.9500,1.6400,0,ACTIVE,7,2,2
1458,2176,14:07:30,0,0.00,0,50.3500,2.3700,4.9500,1.6400,0,ACTIVE,7,2,2
1458,2177,14:08:00,0,0.00,0,50.3100,2.3700,4.9500,1.6000,0,ACTIVE,7,2,2
1458,2178,14:08:30,0,0.00,0,50.3100,2.3700,4.9500,1.6000,0,ACTIVE,7,2,2
1458,2179,14:09:00,0,0.00,0,50.3100,2.3700,4.9500,1.6000,0,ACTIVE,7,2,2
1458,2180,14:09:30,0,0.00,0,49.3800,2.3700,4.8400,1.6000,1,ACTIVE,7,2,2
1458,2181,14:10:00,0,86.00,0,28.3000,1.4400,2.7600,0.8940,1,ACTIVE,7,2,2
1458,2182,14:10:30,0,315.00,0,6.3600,0.3230,0.6180,0.2090,1,ACTIVE,7,2,2
1458,2183,14:11:00,0,3.00,0,2.5400,0.1450,0.2440,0.0756,1,ACTIVE,7,2,2
1458,2184,14:11:30,0,3.00,0,2.8800,0.1610,0.2770,0.0880,1,ACTIVE,7,2,2
1458,2185,14:12:00,0,0.00,0,3.2600,0.1720,0.3160,0.0981,0,ACTIVE,7,2,2
1458,2186,14:12:30,0,23.00,0,2.5400,0.1450,0.2440,0.0756,1,ACTIVE,7,2,2
1458,2187,14:13:00,0,0.00,0,2.5400,0.1450,0.2440,0.0756,0,ACTIVE,7,2,2
1458,2188,14:13:30,0,0.00,0,2.5400,0.1450,0.2440,0.0756,0,ACTIVE,7,2,2
1458,2189,14:14:00,0,63.00,0,2.5400,0.1450,0.2440,0.0756,1,ACTIVE,7,2,2
1458,2190,14:14:30,0,0.00,0,1.9100,0.1550,0.1760,0.0256,0,ACTIVE,7,2,2
1458,2191,14:15:00,0,128.00,0,2.9100,0.1720,0.2770,0.0880,1,ACTIVE,7,2,2
1458,2192,14:15:30,0,2.00,0,2.8800,0.1610,0.2770,0.0880,0,ACTIVE,7,2,2
1458,2193,14:16:00,0,1.00,0,2.9100,0.1720,0.2770,0.0880,0,ACTIVE,7,2,2
1458,2194,14:16:30,0,0.00,0,2.3800,0.1720,0.2230,0.0347,0,ACTIVE,7,2,2
1458,2195,14:17:00,0,0.00,0,2.3800,0.1720,0.2230,0.0347,0,ACTIVE,7,2,2
1458,2196,14:17:30,0,0.00,0,2.3800,0.1720,0.2230,0.0347,0,ACTIVE,7,2,2
1458,2197,14:18:00,0,0.00,0,2.3800,0.1720,0.2230,0.0347,0,ACTIVE,7,2,2
1458,2198,14:18:30,0,0.00,0,2.3800,0.1720,0.2230,0.0347,0,ACTIVE,7,2,2
1458,2199,14:19:00,0,0.00,0,2.3800,0.1720,0.2230,0.0347,0,ACTIVE,7,2,2
1458,2200,14:19:30,0,0.00,0,2.3800,0.1720,0.2230,0.0347,0,ACTIVE,7,2,2
1458,2201,14:20:00,0,48.00,0,2.3800,0.1720,0.2230,0.0347,1,ACTIVE,7,2,2
1458,2202,14:20:30,0,7.00,0,2.3900,0.1800,0.2230,0.0347,0,ACTIVE,7,2,2
1458,2203,14:21:00,0,4.00,0,2.3900,0.1800,0.2230,0.0347,0,ACTIVE,7,2,2
1458,2204,14:21:30,0,0.00,0,2.3900,0.1800,0.2230,0.0347,0,ACTIVE,7,2,2
1458,2205,14:22:00,0,0.00,0,2.3900,0.1800,0.2230,0.0347,0,ACTIVE,7,2,2
1458,2206,14:22:30,0,0.00,0,2.3900,0.1800,0.2230,0.0347,0,ACTIVE,7,2,2
1458,2207,14:23:00,0,0.00,0,2.3900,0.1800,0.2230,0.0347,0,ACTIVE,7,2,2
1458,2208,14:23:30,0,0.00,0,2.3900,0.1800,0.2230,0.0347,0,ACTIVE,7,2,2
1458,2209,14:24:00,0,57.00,0,2.4100,0.1880,0.2230,0.0347,1,ACTIVE,7,2,2
1458,2210,14:24:30,0,0.00,0,3.6200,0.1960,0.3520,0.0981,0,ACTIVE,7,2,2
1458,2211,14:25:00,0,0.00,0,3.6400,0.2050,0.3520,0.0981,0,ACTIVE,7,2,2
1458,2212,14:25:30,0,0.00,0,3.6400,0.2050,0.3520,0.0981,0,ACTIVE,7,2,2
1458,2213,14:26:00,0,4.00,0,3.6600,0.2140,0.3520,0.0981,0,ACTIVE,7,2,2
1458,2214,14:26:30,0,93.00,0,3.0100,0.2440,0.2770,0.0412,1,ACTIVE,7,2,2
1458,2215,14:27:00,0,0.00,0,3.6800,0.2230,0.3520,0.0981,1,ACTIVE,7,2,2
1458,2216,14:27:30,0,206.00,0,18.7700,1.4700,1.7100,0.4870,1,ACTIVE,7,2,2
1458,2217,14:28:00,0,0.00,0,13.3300,0.5790,1.3200,0.4470,1,ACTIVE,7,2,2
1458,2218,14:28:30,0,4.00,0,13.2800,0.5670,1.3200,0.4280,1,ACTIVE,7,2,2
1458,2219,14:29:00,0,18.00,0,13.6100,0.5920,1.3500,0.4470,1,ACTIVE,7,2,2
1458,2220,14:29:30,0,35.00,0,10.4800,0.4570,1.0400,0.3300,1,ACTIVE,7,2,2
1458,2221,14:30:00,0,0.00,0,7.5300,0.3760,0.7350,0.2380,0,ACTIVE,7,2,2
1458,2222,14:30:30,0,0.00,0,7.8300,0.3840,0.7680,0.2380,0,ACTIVE,7,2,2
1458,2223,14:31:00,0,0.00,0,8.1600,0.3920,0.8020,0.2490,0,ACTIVE,7,2,2
1458,2224,14:31:30,0,4.00,0,8.8100,0.3760,0.8750,0.2960,0,ACTIVE,7,2,2
1458,2225,14:32:00,0,15.00,0,11.2100,0.4870,1.1100,0.3760,1,ACTIVE,7,2,2
1458,2226,14:32:30,0,46.00,0,11.7200,0.5200,1.1600,0.3840,1,ACTIVE,7,2,2
1458,2227,14:33:00,0,53.00,0,13.5800,0.5790,1.3500,0.4470,1,ACTIVE,7,2,2
1458,2228,14:33:30,0,5.00,0,10.0800,0.4570,0.9960,0.3230,0,ACTIVE,7,2,2
1458,2229,14:34:00,0,3.00,0,7.7500,0.3370,0.7680,0.2600,0,ACTIVE,7,2,2
1458,2230,14:34:30,0,0.00,0,11.1400,0.4470,1.1100,0.3920,0,ACTIVE,7,2,2
1458,2231,14:35:00,0,5.00,0,10.9000,0.4370,1.0900,0.3840,0,ACTIVE,7,2,2
1458,2232,14:35:30,0,0.00,0,9.0300,0.3920,0.8940,0.3090,1,ACTIVE,7,2,2
1458,2233,14:36:00,0,106.00,0,10.0300,0.4280,0.9960,0.3300,1,ACTIVE,7,2,2
1458,2234,14:36:30,0,77.00,0,11.8200,0.5790,1.1600,0.3600,1,ACTIVE,7,2,2
1458,2235,14:37:00,0,20.00,0,13.7000,0.6320,1.3500,0.4470,1,ACTIVE,7,2,2
1458,2236,14:37:30,0,68.00,0,15.9500,0.7350,1.5700,0.5310,1,ACTIVE,7,2,2
1458,2237,14:38:00,0,0.00,0,16.9700,0.7680,1.6700,0.5550,0,ACTIVE,7,2,2
1458,2238,14:38:30,0,0.00,0,16.9700,0.7680,1.6700,0.5550,0,ACTIVE,7,2,2
1458,2239,14:39:00,0,0.00,0,16.9700,0.7680,1.6700,0.5550,0,ACTIVE,7,2,2
1458,2240,14:39:30,0,0.00,0,16.9700,0.7680,1.6700,0.5550,0,ACTIVE,7,2,2
1458,2241,14:40:00,0,0.00,0,16.9600,0.7680,1.6700,0.5430,1,ACTIVE,7,2,2
1458,2242,14:40:30,0,59.00,0,15.5900,0.7200,1.5400,0.4980,1,ACTIVE,7,2,2
1458,2243,14:41:00,0,124.00,0,10.4000,0.6050,0.9960,0.3090,1,ACTIVE,7,2,2
1458,2244,14:41:30,0,132.00,0,17.5600,0.6180,1.7500,0.8020,1,ACTIVE,7,2,2
1458,2245,14:42:00,0,206.00,0,13.8300,0.7040,1.3500,0.4190,1,ACTIVE,7,2,2
1458,2246,14:42:30,0,25.00,0,22.4900,1.0400,2.2200,0.6890,1,ACTIVE,7,2,2
1458,2247,14:43:00,0,0.00,0,26.8200,1.2600,2.6400,0.8370,1,ACTIVE,7,2,2
1458,2248,14:43:30,0,42.00,0,19.9200,0.9330,1.9500,0.7200,1,ACTIVE,7,2,2
1458,2249,14:44:00,0,152.00,0,20.8300,1.5400,1.9100,0.6740,1,ACTIVE,7,2,2
1458,2250,14:44:30,0,77.00,0,13.3800,0.6050,1.3200,0.4470,1,ACTIVE,7,2,2
1458,2251,14:45:00,0,35.00,0,10.7900,0.4980,1.0600,0.3520,1,ACTIVE,7,2,2
1458,2252,14:45:30,0,39.00,0,19.7000,0.8560,1.9500,0.6740,1,ACTIVE,7,2,2
1458,2253,14:46:00,0,2.00,0,20.6700,0.9540,2.0400,0.6740,1,ACTIVE,7,2,2
1458,2254,14:46:30,0,0.00,0,19.8700,0.9330,1.9500,0.6740,1,ACTIVE,7,2,2
1458,2255,14:47:00,0,86.00,0,67.6600,2.8200,6.7000,2.5300,1,ACTIVE,7,2,2
1458,2256,14:47:30,0,119.00,0,90.1700,4.9500,8.6900,2.8800,1,ACTIVE,7,2,2
1458,2257,14:48:00,0,243.00,0,146.0800,10.6000,13.4000,4.9500,1,ACTIVE,7,2,2
1458,2258,14:48:30,0,450.00,0,78.8300,5.0600,7.4700,2.0800,1,ACTIVE,7,2,2
1458,2259,14:49:00,0,315.00,0,58.4900,3.2800,5.6300,1.7500,1,ACTIVE,7,2,2
1458,2260,14:49:30,0,371.00,0,21.2000,1.6000,1.9500,0.5310,1,ACTIVE,7,2,2
1458,2261,14:50:00,0,315.00,0,27.2800,1.4700,2.6400,0.8370,1,ACTIVE,7,2,2
1458,2262,14:50:30,0,479.00,0,31.5000,2.6400,2.8800,0.4190,1,ACTIVE,7,2,2
1458,2263,14:51:00,0,450.00,0,24.2500,2.5800,2.0800,0.2960,1,ACTIVE,7,2,2
1458,2264,14:51:30,0,359.00,0,1472.840,61.0000,145.0000,61.0000,1,ACTIVE,7,2,2
1458,2265,14:52:00,0,359.00,0,7712.870,303.0000,770.0000,278.0000,1,ACTIVE,7,2,2
1458,2266,14:52:30,0,421.00,0,1112.490,62.4000,105.0000,51.3000,1,ACTIVE,7,2,2
1458,2267,14:53:00,0,371.00,0,10.5600,1.7500,0.7350,0.2280,1,ACTIVE,7,2,2
1458,2268,14:53:30,0,395.00,0,3.1700,0.2900,0.2770,0.0880,1,ACTIVE,7,2,2
1458,2269,14:54:00,0,305.00,0,1.9100,0.3030,0.1390,0.0206,1,ACTIVE,7,2,2
1458,2270,14:54:30,0,286.00,0,2.6100,0.1800,0.2440,0.0756,1,ACTIVE,7,2,2
1458,2271,14:55:00,0,383.00,0,1892.230,84.5000,184.0000,84.5000,1,ACTIVE,7,2,2
1458,2272,14:55:30,0,66.00,0,5689.250,188.0000,568.0000,272.0000,1,ACTIVE,7,2,2
1458,2273,14:56:00,0,77.00,0,7173.910,229.0000,721.0000,324.0000,1,ACTIVE,7,2,2
1458,2274,14:56:30,0,212.00,0,8282.360,224.0000,839.0000,402.0000,1,ACTIVE,7,2,2
1458,2275,14:57:00,0,132.00,0,3485.580,345.0000,88.2000,1790.000,1,ACTIVE,7,2,2
1458,2276,14:57:30,0,147.00,0,72643.64,3150.000,7160.000,2700.000,1,ACTIVE,7,2,2
1458,2277,14:58:00,0,103.00,0,10848.57,184.0000,1140.000,448.0000,1,ACTIVE,7,2,2
1458,2278,14:58:30,0,128.00,0,5080.340,345.0000,142.0000,2820.000,1,ACTIVE,7,2,2
1458,2279,14:59:00,0,220.00,0,6969.090,214.0000,691.0000,411.0000,1,ACTIVE,7,2,2
1458,2280,14:59:30,0,395.00,0,10838.13,468.0000,1060.000,438.0000,1,ACTIVE,7,2,2
1458,2281,15:00:00,0,212.00,0,21023.84,1040.000,2040.000,786.0000,1,ACTIVE,7,2,2
1458,2282,15:00:30,0,147.00,0,916.8300,34.8000,92.1000,30.5000,1,ACTIVE,7,2,2
1458,2283,15:01:00,0,137.00,0,494.0800,24.6000,48.1000,17.0000,1,ACTIVE,7,2,2
1458,2284,15:01:30,0,199.00,0,334.3700,20.2000,31.9000,9.6800,1,ACTIVE,7,2,2
1458,2285,15:02:00,0,90.00,0,169.7900,15.3000,15.3000,2.2200,1,ACTIVE,7,2,2
1458,2286,15:02:30,0,73.00,0,162.7500,11.0000,15.3000,4.3400,1,ACTIVE,7,2,2
1458,2287,15:03:00,0,268.00,0,152.8600,11.5000,14.3000,1.9900,1,ACTIVE,7,2,2
1458,2288,15:03:30,0,243.00,0,629.5300,39.6000,59.7000,17.4000,1,ACTIVE,7,2,2
1458,2289,15:04:00,0,124.00,0,1141.180,56.0000,112.0000,34.0000,1,ACTIVE,7,2,2
1458,2290,15:04:30,0,163.00,0,2699.580,125.0000,266.0000,84.5000,1,ACTIVE,7,2,2
1458,2291,15:05:00,0,268.00,0,720.2700,39.6000,69.5000,22.1000,1,ACTIVE,7,2,2
1458,2292,15:05:30,0,186.00,0,879.3600,43.2000,86.3000,25.7000,1,ACTIVE,7,2,2
1458,2293,15:06:00,0,124.00,0,397.1500,20.7000,38.7000,11.3000,1,ACTIVE,7,2,2
1458,2294,15:06:30,0,268.00,0,878.5100,41.3000,86.3000,28.6000,1,ACTIVE,7,2,2
1458,2295,15:07:00,0,243.00,0,12151.14,633.0000,1160.000,532.0000,1,ACTIVE,7,2,2
1458,2296,15:07:30,0,128.00,0,26757.35,1090.000,2650.000,1090.000,1,ACTIVE,7,2,2
1458,2297,15:08:00,0,337.00,0,4233.170,162.0000,420.0000,184.0000,1,ACTIVE,7,2,2
1458,2298,15:08:30,0,228.00,0,2013.300,110.0000,192.0000,79.2000,1,ACTIVE,7,2,2
1458,2299,15:09:00,0,359.00,0,3180.610,114.0000,317.0000,142.0000,1,ACTIVE,7,2,2
1458,2300,15:09:30,0,277.00,0,7355.170,234.0000,737.0000,353.0000,1,ACTIVE,7,2,2
1458,2301,15:10:00,0,277.00,0,6260.800,180.0000,633.0000,290.0000,1,ACTIVE,7,2,2
1458,2302,15:10:30,0,179.00,0,57793.25,1640.000,5900.000,2320.000,1,ACTIVE,7,2,2
1458,2303,15:11:00,0,235.00,0,5486.880,139.0000,556.0000,284.0000,1,ACTIVE,7,2,2
1458,2304,15:11:30,0,137.00,0,11443.51,229.0000,1190.000,499.0000,1,ACTIVE,7,2,2
1458,2305,15:12:00,0,20.00,0,55469.97,1190.000,5770.000,2130.000,1,ACTIVE,7,2,2
1458,2306,15:12:30,0,128.00,0,31808.11,737.0000,3280.000,1290.000,1,ACTIVE,7,2,2
1458,2307,15:13:00,0,119.00,0,10566.81,661.0000,338.0000,5650.000,1,ACTIVE,7,2,2
1458,2308,15:13:30,0,147.00,0,9364.620,468.0000,249.0000,5650.000,1,ACTIVE,7,2,2
1458,2309,15:14:00,0,141.00,0,58685.36,606.0000,6160.000,3150.000,1,ACTIVE,7,2,2
1458,2310,15:14:30,0,73.00,0,6837.160,266.0000,676.0000,303.0000,1,ACTIVE,7,2,2
1458,2311,15:15:00,0,268.00,0,8341.660,255.0000,839.0000,393.0000,1,ACTIVE,7,2,2
1458,2312,15:15:30,0,115.00,0,49119.77,1830.000,5070.000,647.0000,1,ACTIVE,7,2,2
1458,2313,15:16:00,0,168.00,0,9525.940,266.0000,956.0000,521.0000,1,ACTIVE,7,2,2
1458,2314,15:16:30,0,186.00,0,6781.680,162.0000,691.0000,345.0000,1,ACTIVE,7,2,2
1458,2315,15:17:00,0,147.00,0,3181.280,80.9000,324.0000,155.0000,1,ACTIVE,7,2,2
1458,2316,15:17:30,0,141.00,0,6653.230,234.0000,661.0000,317.0000,1,ACTIVE,7,2,2
1458,2317,15:18:00,0,141.00,0,6697.850,197.0000,676.0000,317.0000,1,ACTIVE,7,2,2
1458,2318,15:18:30,0,199.00,0,36196.78,1720.000,3660.000,317.0000,1,ACTIVE,7,2,2
1458,2319,15:19:00,0,228.00,0,1560.600,57.2000,155.0000,71.0000,1,ACTIVE,7,2,2
1458,2320,15:19:30,0,132.00,0,8670.370,239.0000,876.0000,429.0000,1,ACTIVE,7,2,2
1458,2321,15:20:00,0,110.00,0,7881.530,272.0000,786.0000,361.0000,1,ACTIVE,7,2,2
1458,2322,15:20:30,0,48.00,0,7895.200,176.0000,804.0000,429.0000,1,ACTIVE,7,2,2
1458,2323,15:21:00,0,70.00,0,7732.280,184.0000,786.0000,402.0000,1,ACTIVE,7,2,2
1458,2324,15:21:30,0,168.00,0,11060.28,377.0000,1110.000,448.0000,1,ACTIVE,7,2,2
1458,2325,15:22:00,0,163.00,0,9859.860,261.0000,998.0000,499.0000,1,ACTIVE,7,2,2
1458,2326,15:22:30,0,199.00,0,6676.140,169.0000,676.0000,353.0000,1,ACTIVE,7,2,2
1458,2327,15:23:00,0,66.00,0,7090.910,148.0000,721.0000,411.0000,1,ACTIVE,7,2,2
1458,2328,15:23:30,0,70.00,0,32180.70,2000.000,3150.000,201.0000,1,ACTIVE,7,2,2
1458,2329,15:24:00,0,35.00,0,68267.90,1720.000,7010.000,2820.000,1,ACTIVE,7,2,2
1458,2330,15:24:30,0,243.00,0,70948.91,1540.000,7320.000,3150.000,1,ACTIVE,7,2,2
1458,2331,15:25:00,0,193.00,0,67823.46,606.0000,7160.000,3430.000,1,ACTIVE,7,2,2
1458,2332,15:25:30,0,137.00,0,2710.870,54.8000,278.0000,142.0000,1,ACTIVE,7,2,2
1458,2333,15:26:00,0,152.00,0,4976.830,94.1000,510.0000,278.0000,1,ACTIVE,7,2,2
1458,2334,15:26:30,0,115.00,0,4025.600,86.3000,411.0000,219.0000,1,ACTIVE,7,2,2
1458,2335,15:27:00,0,115.00,0,11824.91,2480.000,676.0000,393.0000,1,ACTIVE,7,2,2
1458,2336,15:27:30,0,228.00,0,133310.4,5410.000,13100.00,5770.000,1,ACTIVE,7,2,2
1458,2337,15:28:00,0,220.00,0,50500.66,3280.000,4850.000,691.0000,1,ACTIVE,7,2,2
1458,2338,15:28:30,0,132.00,0,53253.90,1090.000,5410.000,3210.000,1,ACTIVE,7,2,2
1458,2339,15:29:00,0,119.00,0,4436.950,127.0000,448.0000,214.0000,1,ACTIVE,7,2,2
1458,2340,15:29:30,0,115.00,0,74354.27,3150.000,7320.000,3010.000,1,ACTIVE,7,2,2
1458,2341,15:30:00,0,193.00,0,137844.0,5900.000,13700.00,4260.000,1,ACTIVE,7,2,2
1458,2342,15:30:30,0,158.00,0,128909.1,5650.000,12900.00,3510.000,1,ACTIVE,7,2,2
1458,2343,15:31:00,0,119.00,0,75806.75,3430.000,7480.000,2480.000,1,ACTIVE,7,2,2
1458,2344,15:31:30,0,179.00,0,40882.91,544.0000,4260.000,2180.000,1,ACTIVE,7,2,2
1458,2345,15:32:00,0,186.00,0,2858.720,127.0000,278.0000,130.0000,1,ACTIVE,7,2,2
1458,2346,15:32:30,0,110.00,0,85496.92,3080.000,8520.000,3740.000,1,ACTIVE,7,2,2
1458,2347,15:33:00,0,251.00,0,19619.41,620.0000,2000.000,706.0000,1,ACTIVE,7,2,2
1458,2348,15:33:30,0,494.00,0,6605.210,278.0000,647.0000,297.0000,1,ACTIVE,7,2,2
1458,2349,15:34:00,0,408.00,0,42913.10,1570.000,4260.000,1950.000,1,ACTIVE,7,2,2
1458,2350,15:34:30,0,337.00,0,896.0200,38.7000,88.2000,34.8000,1,ACTIVE,7,2,2
1458,2351,15:35:00,0,421.00,0,147.3000,14.0000,13.1000,1.4100,1,ACTIVE,7,2,2
1458,2352,15:35:30,0,395.00,0,125.2700,11.5000,11.3000,1.0400,1,ACTIVE,7,2,2
1458,2353,15:36:00,0,228.00,0,144.2500,13.7000,12.8000,1.4700,1,ACTIVE,7,2,2
1458,2354,15:36:30,0,119.00,0,262.4900,34.0000,21.1000,2.1700,1,ACTIVE,7,2,2
1458,2355,15:37:00,0,286.00,0,91.0500,8.5000,8.1400,0.8750,1,ACTIVE,7,2,2
1458,2356,15:37:30,0,259.00,0,142.8800,15.3000,12.3000,1.4100,1,ACTIVE,7,2,2
1458,2357,15:38:00,0,220.00,0,324.4300,34.0000,28.0000,3.8100,1,ACTIVE,7,2,2
1458,2358,15:38:30,0,337.00,0,156.4200,14.3000,14.0000,2.0800,1,ACTIVE,7,2,2
1458,2359,15:39:00,0,220.00,0,370.2900,31.2000,33.3000,9.0700,1,ACTIVE,7,2,2
1458,2360,15:39:30,0,295.00,0,233.2200,22.5000,20.7000,2.2200,1,ACTIVE,7,2,2
1458,2361,15:40:00,0,277.00,0,255.6400,18.9000,24.0000,2.8800,1,ACTIVE,7,2,2
1458,2362,15:40:30,0,199.00,0,392.3000,31.2000,36.3000,5.0600,1,ACTIVE,7,2,2
1458,2363,15:41:00,0,158.00,0,173.0300,15.6000,15.6000,1.8300,1,ACTIVE,7,2,2
1458,2364,15:41:30,0,179.00,0,324.8700,21.6000,30.5000,9.0700,1,ACTIVE,7,2,2
1458,2365,15:42:00,0,220.00,0,379.8600,35.5000,33.3000,9.0700,1,ACTIVE,7,2,2
1458,2366,15:42:30,0,206.00,0,253.0000,25.7000,22.1000,2.8800,1,ACTIVE,7,2,2
1458,2367,15:43:00,0,199.00,0,248.9300,24.0000,22.1000,2.4200,1,ACTIVE,7,2,2
1458,2368,15:43:30,0,212.00,0,296.4700,28.6000,26.2000,3.2800,1,ACTIVE,7,2,2
1458,2369,15:44:00,0,359.00,0,216.2500,23.5000,18.5000,1.6700,1,ACTIVE,7,2,2
1458,2370,15:44:30,0,152.00,0,429.1700,28.0000,40.4000,12.0000,1,ACTIVE,7,2,2
1458,2371,15:45:00,0,128.00,0,1238.410,48.1000,125.0000,36.3000,1,ACTIVE,7,2,2
1458,2372,15:45:30,0,228.00,0,447.0300,35.5000,41.3000,6.0100,1,ACTIVE,7,2,2
1458,2373,15:46:00,0,212.00,0,466.5700,29.9000,44.1000,13.1000,1,ACTIVE,7,2,2
1458,2374,15:46:30,0,212.00,0,373.3900,23.5000,35.5000,9.4700,1,ACTIVE,7,2,2
1458,2375,15:47:00,0,106.00,0,146.6700,14.6000,12.8000,1.8300,1,ACTIVE,7,2,2
1458,2376,15:47:30,0,147.00,0,156.3800,15.6000,13.7000,1.8300,1,ACTIVE,7,2,2
1458,2377,15:48:00,0,80.00,0,158.7000,16.6000,13.7000,1.8300,1,ACTIVE,7,2,2
1458,2378,15:48:30,0,199.00,0,151.2100,15.6000,13.1000,1.7500,1,ACTIVE,7,2,2
1458,2379,15:49:00,0,168.00,0,130.8500,14.0000,11.3000,1.1300,1,ACTIVE,7,2,2
1458,2380,15:49:30,0,119.00,0,119.2600,12.6000,10.3000,0.9330,1,ACTIVE,7,2,2
1458,2381,15:50:00,0,251.00,0,2680.270,117.0000,266.0000,82.7000,1,ACTIVE,7,2,2
1458,2382,15:50:30,0,141.00,0,7856.530,488.0000,737.0000,297.0000,1,ACTIVE,7,2,2
1458,2383,15:51:00,0,395.00,0,77876.13,3280.000,7650.000,3360.000,1,ACTIVE,7,2,2
1458,2384,15:51:30,0,348.00,0,60295.55,3510.000,5900.000,839.0000,1,ACTIVE,7,2,2
1458,2385,15:52:00,0,337.00,0,2295.960,56.0000,234.0000,114.0000,1,ACTIVE,7,2,2
1458,2386,15:52:30,0,220.00,0,4923.760,127.0000,499.0000,249.0000,1,ACTIVE,7,2,2
1458,2387,15:53:00,0,168.00,0,3574.910,107.0000,361.0000,165.0000,1,ACTIVE,7,2,2
1458,2388,15:53:30,0,193.00,0,2573.150,74.2000,261.0000,117.0000,1,ACTIVE,7,2,2
1458,2389,15:54:00,0,100.00,0,31694.67,2820.000,2880.000,176.0000,1,ACTIVE,7,2,2
1458,2390,15:54:30,0,80.00,0,31357.96,2880.000,2820.000,239.0000,1,ACTIVE,7,2,2
1458,2391,15:55:00,0,179.00,0,2974.040,90.1000,303.0000,110.0000,1,ACTIVE,7,2,2
1458,2392,15:55:30,0,59.00,0,1770.430,43.2000,180.0000,88.2000,1,ACTIVE,7,2,2
1458,2393,15:56:00,0,106.00,0,3986.100,114.0000,402.0000,197.0000,1,ACTIVE,7,2,2
1458,2394,15:56:30,0,193.00,0,33935.62,839.0000,3510.000,1270.000,1,ACTIVE,7,2,2
1458,2395,15:57:00,0,115.00,0,5467.420,139.0000,556.0000,266.0000,1,ACTIVE,7,2,2
1458,2396,15:57:30,0,15.00,0,4802.230,127.0000,488.0000,224.0000,1,ACTIVE,7,2,2
1458,2397,15:58:00,0,193.00,0,1727.710,61.0000,173.0000,74.2000,1,ACTIVE,7,2,2
1458,2398,15:58:30,0,168.00,0,87142.32,3820.000,8520.000,3740.000,1,ACTIVE,7,2,2
1458,2399,15:59:00,0,147.00,0,23708.07,1610.000,2220.000,620.0000,1,ACTIVE,7,2,2
1458,2400,15:59:30,0,383.00,0,2479.770,46.1000,255.0000,133.0000,1,ACTIVE,7,2,2
1458,2401,16:00:00,0,295.00,0,3.5900,0.4570,0.2900,0.0412,1,ACTIVE,7,2,2
1458,2402,16:00:30,0,326.00,0,2.4200,0.2900,0.2000,0.0256,1,ACTIVE,7,2,2
1458,2403,16:01:00,0,408.00,0,6.9000,0.5200,0.6320,0.1960,1,ACTIVE,7,2,2
1458,2404,16:01:30,0,450.00,0,6.6700,1.4700,0.3840,0.0559,1,ACTIVE,7,2,2
1458,2405,16:02:00,0,286.00,0,38.3600,3.2800,3.4200,1.0400,1,ACTIVE,7,2,2
1458,2406,16:02:30,0,639.00,0,3159.270,133.0000,310.0000,139.0000,1,ACTIVE,7,2,2
1458,2407,16:03:00,0,277.00,0,7293.230,272.0000,721.0000,345.0000,1,ACTIVE,7,2,2
1458,2408,16:03:30,0,295.00,0,6372.300,234.0000,633.0000,284.0000,1,ACTIVE,7,2,2
1458,2409,16:04:00,0,435.00,0,135.6400,11.0000,12.3000,3.3500,1,ACTIVE,7,2,2
1458,2410,16:04:30,0,305.00,0,58.1200,3.8100,5.6300,0.3160,1,ACTIVE,7,2,2
1458,2411,16:05:00,0,305.00,0,35.1500,3.2800,3.1400,0.3760,1,ACTIVE,7,2,2
1458,2412,16:05:30,0,359.00,0,30.8600,2.1300,2.8800,0.8750,1,ACTIVE,7,2,2
1458,2413,16:06:00,0,83.00,0,38.0600,2.1700,3.6500,1.1600,1,ACTIVE,7,2,2
1458,2414,16:06:30,0,152.00,0,17.9500,3.3500,1.1800,0.1580,1,ACTIVE,7,2,2
1458,2415,16:07:00,0,359.00,0,34.8200,3.1400,3.0700,0.8940,1,ACTIVE,7,2,2
1458,2416,16:07:30,0,53.00,0,2.7400,0.2440,0.2490,0.0162,1,ACTIVE,7,2,2
1458,2417,16:08:00,0,395.00,0,28.3000,3.0700,2.4200,0.2840,1,ACTIVE,7,2,2
1458,2418,16:08:30,0,199.00,0,17.9500,3.1400,1.2400,0.1610,1,ACTIVE,7,2,2
1458,2419,16:09:00,0,286.00,0,14.1700,0.8750,1.3500,0.3920,1,ACTIVE,7,2,2
1458,2420,16:09:30,0,80.00,0,0.9700,0.0861,0.0880,0.0115,1,ACTIVE,7,2,2
1458,2421,16:10:00,0,383.00,0,25.7300,2.1300,2.3200,0.6740,1,ACTIVE,7,2,2
1458,2422,16:10:30,0,163.00,0,15.7800,2.7600,1.0900,0.1580,1,ACTIVE,7,2,2
1458,2423,16:11:00,0,228.00,0,27.7000,2.5800,2.4700,0.3030,1,ACTIVE,7,2,2
1458,2424,16:11:30,0,106.00,0,25.5000,2.2200,2.3200,0.2720,1,ACTIVE,7,2,2
1458,2425,16:12:00,0,186.00,0,26.1600,2.9400,2.1700,0.5790,1,ACTIVE,7,2,2
1458,2426,16:12:30,0,206.00,0,22.4700,1.8300,2.0400,0.5550,1,ACTIVE,7,2,2
1458,2427,16:13:00,0,83.00,0,50.7000,4.6400,4.5400,0.6600,1,ACTIVE,7,2,2
1458,2428,16:13:30,0,212.00,0,25.2900,3.4200,1.9900,0.2600,1,ACTIVE,7,2,2
1458,2429,16:14:00,0,168.00,0,9.3500,0.7850,0.8560,0.1140,1,ACTIVE,7,2,2
1458,2430,16:14:30,0,163.00,0,35.0300,2.9400,3.2100,0.4010,1,ACTIVE,7,2,2
1458,2431,16:15:00,0,61.00,0,41.4300,4.3400,3.5700,0.4770,1,ACTIVE,7,2,2
1458,2432,16:15:30,0,479.00,0,57.8600,3.3500,5.5100,1.9900,1,ACTIVE,7,2,2
1458,2433,16:16:00,0,115.00,0,56.9200,5.3900,5.0600,0.6600,1,ACTIVE,7,2,2
1458,2434,16:16:30,0,315.00,0,58.0800,5.8800,5.0600,0.7350,1,ACTIVE,7,2,2
1458,2435,16:17:00,0,435.00,0,44.0200,3.1400,4.1600,0.5920,1,ACTIVE,7,2,2
1458,2436,16:17:30,0,286.00,0,32.5600,2.0800,3.0700,0.9750,1,ACTIVE,7,2,2
1458,2437,16:18:00,0,348.00,0,72.8500,2.8200,7.3100,2.4200,1,ACTIVE,7,2,2
1458,2438,16:18:30,0,383.00,0,98.8400,5.7600,9.4700,2.8800,1,ACTIVE,7,2,2
1458,2439,16:19:00,0,326.00,0,52.0300,2.7000,5.1700,0.7510,1,ACTIVE,7,2,2
1458,2440,16:19:30,0,268.00,0,93.3500,5.6300,8.8800,2.8800,1,ACTIVE,7,2,2
1458,2441,16:20:00,0,115.00,0,61.2000,3.3500,5.8800,2.0800,1,ACTIVE,7,2,2
1458,2442,16:20:30,0,251.00,0,55.3800,2.3700,5.6300,0.7350,1,ACTIVE,7,2,2
1458,2443,16:21:00,0,295.00,0,54.3800,3.8100,5.0600,1.5400,1,ACTIVE,7,2,2
1458,2444,16:21:30,0,251.00,0,66.6700,4.3400,6.2800,1.9100,1,ACTIVE,7,2,2
1458,2445,16:22:00,0,152.00,0,46.3000,3.1400,4.3400,1.2100,1,ACTIVE,7,2,2
1458,2446,16:22:30,0,124.00,0,97.8900,5.0600,9.4700,3.4200,1,ACTIVE,7,2,2
1458,2447,16:23:00,0,295.00,0,66.0100,3.3500,6.4200,2.2200,1,ACTIVE,7,2,2
1458,2448,16:23:30,0,212.00,0,133.4600,7.1500,12.8000,4.8400,1,ACTIVE,7,2,2
1458,2449,16:24:00,0,34.00,0,52.7500,2.6400,5.0600,2.4200,1,ACTIVE,7,2,2
1458,2450,16:24:30,0,1.00,0,51.8100,2.5300,5.0600,1.7900,1,ACTIVE,7,2,2
1458,2451,16:25:00,0,16.00,0,61.3400,3.1400,5.8800,2.6400,1,ACTIVE,7,2,2
1458,2452,16:25:30,0,0.00,0,63.5000,3.4200,6.0100,3.0100,0,ACTIVE,7,2,2
1458,2453,16:26:00,0,24.00,0,54.5500,2.8800,5.1700,2.7000,1,ACTIVE,7,2,2
1458,2454,16:26:30,0,44.00,0,79.9800,4.4400,7.6300,3.0700,1,ACTIVE,7,2,2
1458,2455,16:27:00,0,106.00,0,75.6200,3.8100,7.3100,2.9400,1,ACTIVE,7,2,2
1458,2456,16:27:30,0,3.00,0,111.5800,5.3900,10.8000,4.7400,1,ACTIVE,7,2,2
1458,2457,16:28:00,0,96.00,0,89.2300,5.1700,8.5000,3.0700,1,ACTIVE,7,2,2
1458,2458,16:28:30,0,186.00,0,43.7900,3.8100,3.9800,0.4280,1,ACTIVE,7,2,2
1458,2459,16:29:00,0,235.00,0,71.1300,2.7600,7.1500,2.2200,1,ACTIVE,7,2,2
1458,2460,16:29:30,0,206.00,0,72.2800,3.6500,6.8500,3.9000,1,ACTIVE,7,2,2
1458,2461,16:30:00,0,199.00,0,47.3000,3.9000,4.3400,0.5790,1,ACTIVE,7,2,2
1458,2462,16:30:30,0,124.00,0,33.4600,2.2200,3.1400,0.9750,1,ACTIVE,7,2,2
1458,2463,16:31:00,0,152.00,0,41.9800,2.5300,3.9800,1.3800,1,ACTIVE,7,2,2
1458,2464,16:31:30,0,277.00,0,3.3600,0.4010,0.2770,0.0412,1,ACTIVE,7,2,2
1458,2465,16:32:00,0,348.00,0,5.1500,0.6460,0.4190,0.0512,1,ACTIVE,7,2,2
1458,2466,16:32:30,0,315.00,0,31.7200,3.0100,2.8200,0.3760,1,ACTIVE,7,2,2
1458,2467,16:33:00,0,286.00,0,44.8300,6.8500,3.3500,0.3300,1,ACTIVE,7,2,2
1458,2468,16:33:30,0,464.00,0,41.8200,5.5100,3.3500,0.2720,1,ACTIVE,7,2,2
1458,2469,16:34:00,0,395.00,0,14.1600,1.2100,1.2900,0.1550,1,ACTIVE,7,2,2
1458,2470,16:34:30,0,243.00,0,22.1700,3.1400,1.7100,0.2230,1,ACTIVE,7,2,2
1458,2471,16:35:00,0,174.00,0,27.8700,3.5000,2.2700,0.2490,1,ACTIVE,7,2,2
1458,2472,16:35:30,0,235.00,0,75.7200,8.6900,6.4200,0.3030,1,ACTIVE,7,2,2
1458,2473,16:36:00,0,228.00,0,67.6900,7.4700,5.7600,0.7040,1,ACTIVE,7,2,2
1458,2474,16:36:30,0,163.00,0,46.5400,6.7000,3.5700,0.3920,1,ACTIVE,7,2,2
1458,2475,16:37:00,0,235.00,0,40.8300,6.1400,3.0700,0.3160,1,ACTIVE,7,2,2
1458,2476,16:37:30,0,163.00,0,33.6000,5.0600,2.5300,0.2660,1,ACTIVE,7,2,2
1458,2477,16:38:00,0,132.00,0,36.6400,5.5100,2.7600,0.2840,1,ACTIVE,7,2,2
1458,2478,16:38:30,0,174.00,0,40.2600,5.8800,3.0700,0.3230,1,ACTIVE,7,2,2
1458,2479,16:39:00,0,96.00,0,31.0300,4.7400,2.3200,0.2380,1,ACTIVE,7,2,2
1458,2480,16:39:30,0,259.00,0,32.1700,4.8400,2.4200,0.2490,1,ACTIVE,7,2,2
1458,2481,16:40:00,0,186.00,0,34.8400,5.1700,2.6400,0.2770,1,ACTIVE,7,2,2
1458,2482,16:40:30,0,348.00,0,44.8600,6.5600,3.4200,0.3520,1,ACTIVE,7,2,2
1458,2483,16:41:00,0,268.00,0,61.2500,7.4700,5.0600,0.4280,1,ACTIVE,7,2,2
1458,2484,16:41:30,0,326.00,0,46.1600,6.8500,3.5000,0.3600,1,ACTIVE,7,2,2
1458,2485,16:42:00,0,220.00,0,39.1300,5.6300,3.0100,0.3230,1,ACTIVE,7,2,2
1458,2486,16:42:30,0,163.00,0,45.1800,6.7000,3.4200,0.3600,1,ACTIVE,7,2,2
1458,2487,16:43:00,0,115.00,0,37.4800,5.3900,2.8800,0.3160,1,ACTIVE,7,2,2
1458,2488,16:43:30,0,348.00,0,44.5500,6.4200,3.4200,0.3600,1,ACTIVE,7,2,2
1458,2489,16:44:00,0,251.00,0,46.5200,6.7000,3.5700,0.3680,1,ACTIVE,7,2,2
1458,2490,16:44:30,0,326.00,0,42.9500,6.2800,3.2800,0.3370,1,ACTIVE,7,2,2
1458,2491,16:45:00,0,251.00,0,62.5000,5.7600,5.6300,0.3920,1,ACTIVE,7,2,2
1458,2492,16:45:30,0,251.00,0,78.5200,9.2700,6.5600,0.5550,1,ACTIVE,7,2,2
1458,2493,16:46:00,0,193.00,0,65.0600,7.8000,5.3900,0.5310,1,ACTIVE,7,2,2
1458,2494,16:46:30,0,199.00,0,39.4000,5.7600,3.0100,0.3230,1,ACTIVE,7,2,2
1458,2495,16:47:00,0,44.00,0,32.9100,4.7400,2.5300,0.2720,1,ACTIVE,7,2,2
1458,2496,16:47:30,0,212.00,0,34.6000,5.0600,2.6400,0.2840,1,ACTIVE,7,2,2
1458,2497,16:48:00,0,286.00,0,40.2500,5.8800,3.0700,0.3160,1,ACTIVE,7,2,2
1458,2498,16:48:30,0,295.00,0,35.0800,5.2800,2.6400,0.2720,1,ACTIVE,7,2,2
1458,2499,16:49:00,0,337.00,0,32.1700,4.8400,2.4200,0.2490,1,ACTIVE,7,2,2
1458,2500,16:49:30,0,305.00,0,81.3700,9.2700,6.8500,0.8370,1,ACTIVE,7,2,2
1458,2501,16:50:00,0,259.00,0,40.5400,6.0100,3.0700,0.3160,1,ACTIVE,7,2,2
1458,2502,16:50:30,0,359.00,0,46.4900,6.7000,3.5700,0.3450,1,ACTIVE,7,2,2
1458,2503,16:51:00,0,702.00,0,122.0900,9.0700,11.3000,3.0700,1,ACTIVE,7,2,2
1458,2504,16:51:30,0,206.00,0,26.9800,3.2800,2.2200,0.2720,1,ACTIVE,7,2,2
1458,2505,16:52:00,0,251.00,0,128.6400,7.6300,12.3000,3.8100,1,ACTIVE,7,2,2
1458,2506,16:52:30,0,494.00,0,73.9000,5.2800,6.8500,2.0800,1,ACTIVE,7,2,2
1458,2507,16:53:00,0,243.00,0,12.5100,0.6600,1.2100,0.4100,1,ACTIVE,7,2,2
1458,2508,16:53:30,0,326.00,0,35.2600,2.2200,3.3500,0.9330,1,ACTIVE,7,2,2
1458,2509,16:54:00,0,600.00,0,6.7500,0.6740,0.5790,0.1650,1,ACTIVE,7,2,2
1458,2510,16:54:30,0,212.00,0,14.0200,0.8940,1.3200,0.4470,1,ACTIVE,7,2,2
1458,2511,16:55:00,0,119.00,0,24.5700,2.7600,2.0800,0.2380,1,ACTIVE,7,2,2
1458,2512,16:55:30,0,212.00,0,13.5900,0.8370,1.2900,0.3920,1,ACTIVE,7,2,2
1458,2513,16:56:00,0,408.00,0,8.2300,0.5790,0.7680,0.2090,1,ACTIVE,7,2,2
1458,2514,16:56:30,0,168.00,0,23.4700,2.2200,2.0400,0.6740,1,ACTIVE,7,2,2
1458,2515,16:57:00,0,124.00,0,37.3000,2.1300,3.5700,1.1800,1,ACTIVE,7,2,2
1458,2516,16:57:30,0,115.00,0,18.8500,3.6500,1.2100,0.1610,1,ACTIVE,7,2,2
1458,2517,16:58:00,0,326.00,0,20.8800,3.0100,1.6000,0.1720,1,ACTIVE,7,2,2
1458,2518,16:58:30,0,8.00,0,9.2500,1.5400,0.6600,0.0650,1,ACTIVE,7,2,2
1458,2519,16:59:00,0,251.00,0,11.8600,1.9900,0.8370,0.1090,1,ACTIVE,7,2,2
1458,2520,16:59:30,0,55.00,0,6.1200,0.9750,0.4470,0.0512,1,ACTIVE,7,2,2
1458,2521,17:00:00,0,152.00,0,7.2500,0.9540,0.5790,0.0650,1,ACTIVE,7,2,2
1458,2522,17:00:30,0,32.00,0,19.9500,2.4200,1.6400,0.2230,1,ACTIVE,7,2,2
1458,2523,17:01:00,0,70.00,0,13.7500,2.1300,1.0200,0.1270,1,ACTIVE,7,2,2
1458,2524,17:01:30,0,228.00,0,20.7000,3.5700,1.4400,0.1800,1,ACTIVE,7,2,2
1458,2525,17:02:00,0,163.00,0,9.9800,1.7500,0.6890,0.0740,1,ACTIVE,7,2,2
1458,2526,17:02:30,0,100.00,0,11.8300,1.6000,0.9330,0.1050,1,ACTIVE,7,2,2
1458,2527,17:03:00,0,251.00,0,13.0000,1.7900,1.0200,0.1220,1,ACTIVE,7,2,2
1458,2528,17:03:30,0,450.00,0,21.4100,2.3700,1.7900,0.4770,1,ACTIVE,7,2,2
1458,2529,17:04:00,0,259.00,0,22.1600,3.5700,1.6000,0.1920,1,ACTIVE,7,2,2
1458,2530,17:04:30,0,174.00,0,9.0800,1.0900,0.7510,0.0900,1,ACTIVE,7,2,2
1458,2531,17:05:00,0,19.00,0,24.8600,1.7500,2.3200,0.6320,1,ACTIVE,7,2,2
1458,2532,17:05:30,0,268.00,0,42.4500,3.5700,3.8100,1.0400,1,ACTIVE,7,2,2
1458,2533,17:06:00,0,305.00,0,23.4700,2.7600,1.9500,0.2770,1,ACTIVE,7,2,2
1458,2534,17:06:30,0,163.00,0,6.1300,1.0200,0.4370,0.0512,1,ACTIVE,7,2,2
1458,2535,17:07:00,0,206.00,0,10.9900,1.6000,0.8370,0.1000,1,ACTIVE,7,2,2
1458,2536,17:07:30,0,243.00,0,26.6800,3.5000,2.1300,0.3030,1,ACTIVE,7,2,2
1458,2537,17:08:00,0,115.00,0,9.5700,1.4400,0.7200,0.0790,1,ACTIVE,7,2,2
1458,2538,17:08:30,0,103.00,0,12.9900,2.3700,0.8750,0.0880,1,ACTIVE,7,2,2
1458,2539,17:09:00,0,48.00,0,7.7000,1.1600,0.5790,0.0559,1,ACTIVE,7,2,2
1458,2540,17:09:30,0,59.00,0,9.6400,1.1300,0.8020,0.1000,1,ACTIVE,7,2,2
1458,2541,17:10:00,0,212.00,0,21.1300,1.8700,1.9100,0.2770,1,ACTIVE,7,2,2
1458,2542,17:10:30,0,128.00,0,106.5100,2.7000,11.0000,3.6500,1,ACTIVE,7,2,2
1458,2543,17:11:00,0,53.00,0,93.5000,5.2800,8.8800,3.7300,1,ACTIVE,7,2,2
1458,2544,17:11:30,0,7.00,0,99.6800,5.6300,9.4700,3.9000,1,ACTIVE,7,2,2
1458,2545,17:12:00,0,100.00,0,64.8900,4.4400,6.0100,2.2200,1,ACTIVE,7,2,2
1458,2546,17:12:30,0,115.00,0,17.6400,1.6700,1.5400,0.4470,1,ACTIVE,7,2,2
1458,2547,17:13:00,0,66.00,0,7.7200,0.7040,0.6740,0.2380,1,ACTIVE,7,2,2
1458,2548,17:13:30,0,46.00,0,18.3800,2.8800,1.3500,0.1880,1,ACTIVE,7,2,2
1458,2549,17:14:00,0,158.00,0,105.5400,7.0000,9.8900,3.1400,1,ACTIVE,7,2,2
1458,2550,17:14:30,0,42.00,0,116.3900,8.1400,10.8000,3.5700,1,ACTIVE,7,2,2
1458,2551,17:15:00,0,35.00,0,83.5100,7.1500,7.4700,2.1300,1,ACTIVE,7,2,2
1458,2552,17:15:30,0,326.00,0,12.4500,1.8700,0.9330,0.1360,1,ACTIVE,7,2,2
1458,2553,17:16:00,0,163.00,0,33.6400,3.9000,2.8200,0.3230,1,ACTIVE,7,2,2
1458,2554,17:16:30,0,243.00,0,23.4900,2.4200,2.0400,0.2840,1,ACTIVE,7,2,2
1458,2555,17:17:00,0,119.00,0,8.7000,0.8370,0.7680,0.1140,1,ACTIVE,7,2,2
1458,2556,17:17:30,0,132.00,0,85.9700,7.4700,7.8000,1.0900,1,ACTIVE,7,2,2
1458,2557,17:18:00,0,326.00,0,207.9700,31.2000,15.6000,2.2700,1,ACTIVE,7,2,2
1458,2558,17:18:30,0,243.00,0,24.1800,3.0700,1.9500,0.2960,1,ACTIVE,7,2,2
1458,2559,17:19:00,0,295.00,0,21.4200,2.8200,1.7100,0.1880,1,ACTIVE,7,2,2
1458,2560,17:19:30,0,137.00,0,27.3500,1.5400,2.6400,0.7680,1,ACTIVE,7,2,2
1458,2561,17:20:00,0,464.00,0,28.7100,5.1700,1.9500,0.2050,1,ACTIVE,7,2,2
1458,2562,17:20:30,0,479.00,0,57.4200,5.6300,5.0600,0.6320,1,ACTIVE,7,2,2
1458,2563,17:21:00,0,348.00,0,14.8400,1.9500,1.1800,0.1450,1,ACTIVE,7,2,2
1458,2564,17:21:30,0,305.00,0,11.0600,1.5700,0.8560,0.0880,1,ACTIVE,7,2,2
1458,2565,17:22:00,0,395.00,0,50.5600,5.0600,4.4400,0.4670,1,ACTIVE,7,2,2
1458,2566,17:22:30,0,212.00,0,57.3000,4.3400,5.3900,0.4100,1,ACTIVE,7,2,2
1458,2567,17:23:00,0,359.00,0,17.9300,2.4700,1.4100,0.1190,1,ACTIVE,7,2,2
1458,2568,17:23:30,0,450.00,0,26.8600,3.4200,2.1700,0.2490,1,ACTIVE,7,2,2
1458,2569,17:24:00,0,395.00,0,48.0600,4.7400,4.2500,0.3230,1,ACTIVE,7,2,2
1458,2570,17:24:30,0,450.00,0,46.8600,4.8400,4.0700,0.4670,1,ACTIVE,7,2,2
1458,2571,17:25:00,0,268.00,0,54.0200,7.8000,4.1600,0.3230,1,ACTIVE,7,2,2
1458,2572,17:25:30,0,235.00,0,49.1600,4.7400,4.3400,0.5920,1,ACTIVE,7,2,2
1458,2573,17:26:00,0,421.00,0,44.4800,5.7600,3.5700,0.4100,1,ACTIVE,7,2,2
1458,2574,17:26:30,0,326.00,0,28.9200,4.1600,2.2200,0.2660,1,ACTIVE,7,2,2
1458,2575,17:27:00,0,337.00,0,48.1400,3.6500,4.5400,0.3030,1,ACTIVE,7,2,2
1458,2576,17:27:30,0,259.00,0,10.9200,1.5000,0.8560,0.0900,1,ACTIVE,7,2,2
1458,2577,17:28:00,0,326.00,0,58.9000,6.0100,5.1700,0.3300,1,ACTIVE,7,2,2
1458,2578,17:28:30,0,383.00,0,45.8000,6.0100,3.6500,0.4770,1,ACTIVE,7,2,2
1458,2579,17:29:00,0,295.00,0,51.8900,7.8000,3.9000,0.4770,1,ACTIVE,7,2,2
1458,2580,17:29:30,0,315.00,0,57.2600,5.1700,5.1700,0.5430,1,ACTIVE,7,2,2
1458,2581,17:30:00,0,371.00,0,31.9400,5.3900,2.2700,0.1360,1,ACTIVE,7,2,2
1458,2582,17:30:30,0,371.00,0,41.6200,4.8400,3.5000,0.2540,1,ACTIVE,7,2,2
1458,2583,17:31:00,0,359.00,0,37.9000,3.6500,3.3500,0.4470,1,ACTIVE,7,2,2
1458,2584,17:31:30,0,464.00,0,82.7000,11.0000,6.5600,0.8370,1,ACTIVE,7,2,2
1458,2585,17:32:00,0,158.00,0,38.8100,5.7600,2.9400,0.2960,1,ACTIVE,7,2,2
1458,2586,17:32:30,0,383.00,0,30.4600,3.8100,2.4700,0.3370,1,ACTIVE,7,2,2
1458,2587,17:33:00,0,124.00,0,15.1700,2.9400,0.9750,0.1190,1,ACTIVE,7,2,2
1458,2588,17:33:30,0,315.00,0,33.8900,3.5700,2.9400,0.2050,1,ACTIVE,7,2,2
1458,2589,17:34:00,0,174.00,0,96.5500,12.3000,7.8000,1.0200,1,ACTIVE,7,2,2
1458,2590,17:34:30,0,132.00,0,15.4800,4.3400,0.6600,0.0900,1,ACTIVE,7,2,2
1458,2591,17:35:00,0,212.00,0,2.7200,0.4280,0.2000,0.0206,1,ACTIVE,7,2,2
1458,2592,17:35:30,0,193.00,0,3.7800,0.5430,0.2900,0.0347,1,ACTIVE,7,2,2
1458,2593,17:36:00,0,163.00,0,6.1600,0.7850,0.4980,0.0559,1,ACTIVE,7,2,2
1458,2594,17:36:30,0,277.00,0,8.3100,1.3800,0.5920,0.0740,1,ACTIVE,7,2,2
1458,2595,17:37:00,0,220.00,0,29.4500,3.5700,2.4200,0.3160,1,ACTIVE,7,2,2
1458,2596,17:37:30,0,124.00,0,50.3600,5.3900,4.3400,0.3600,1,ACTIVE,7,2,2
1458,2597,17:38:00,0,128.00,0,63.4700,6.1400,5.5100,1.4700,1,ACTIVE,7,2,2
1458,2598,17:38:30,0,168.00,0,6.0000,1.2600,0.3600,0.0512,1,ACTIVE,7,2,2
1458,2599,17:39:00,0,128.00,0,20.6400,1.6700,1.8700,0.5430,1,ACTIVE,7,2,2
1458,2600,17:39:30,0,141.00,0,66.0100,6.2800,5.7600,1.5700,1,ACTIVE,7,2,2
1458,2601,17:40:00,0,179.00,0,19.0800,4.1600,1.1100,0.1550,1,ACTIVE,7,2,2
1458,2602,17:40:30,0,110.00,0,43.6900,4.1600,3.9000,0.3230,1,ACTIVE,7,2,2
1458,2603,17:41:00,0,132.00,0,38.0000,5.8800,2.8200,0.3030,1,ACTIVE,7,2,2
1458,2604,17:41:30,0,186.00,0,94.5500,10.8000,7.8000,2.2200,1,ACTIVE,7,2,2
1458,2605,17:42:00,0,193.00,0,30.8200,4.6400,2.3200,0.2490,1,ACTIVE,7,2,2
1458,2606,17:42:30,0,286.00,0,51.8300,3.0700,5.0600,0.7040,1,ACTIVE,7,2,2
1458,2607,17:43:00,0,395.00,0,33.4200,2.7600,3.0700,0.3840,1,ACTIVE,7,2,2
1458,2608,17:43:30,0,511.00,0,33.4200,4.0700,2.7600,0.2540,1,ACTIVE,7,2,2
1458,2609,17:44:00,0,660.00,0,9.9200,1.5400,0.7350,0.0740,1,ACTIVE,7,2,2
1458,2610,17:44:30,0,383.00,0,0.2300,0.0339,0.0173,0.0059,1,ACTIVE,7,2,2
1458,2611,17:45:00,0,326.00,0,0.2100,0.0256,0.0173,0.0059,1,ACTIVE,7,2,2
1458,2612,17:45:30,0,286.00,0,0.2100,0.0256,0.0173,0.0059,1,ACTIVE,7,2,2
1458,2613,17:46:00,0,450.00,0,0.2100,0.0256,0.0173,0.0059,1,ACTIVE,7,2,2
1458,2614,17:46:30,0,435.00,0,33.4700,3.3500,2.9400,0.2770,1,ACTIVE,7,2,2
1458,2615,17:47:00,0,371.00,0,10.1500,1.5000,0.7680,0.0939,1,ACTIVE,7,2,2
1458,2616,17:47:30,0,268.00,0,74.9500,9.2700,6.1400,0.5920,1,ACTIVE,7,2,2
1458,2617,17:48:00,0,206.00,0,65.8700,7.6300,5.5100,0.6600,1,ACTIVE,7,2,2
1458,2618,17:48:30,0,408.00,0,26.0200,1.8300,2.4200,0.7200,1,ACTIVE,7,2,2
1458,2619,17:49:00,0,295.00,0,17.1100,2.8800,1.2100,0.1330,1,ACTIVE,7,2,2
1458,2620,17:49:30,0,235.00,0,3.5300,0.4870,0.2770,0.0206,1,ACTIVE,7,2,2
1458,2621,17:50:00,0,286.00,0,24.7800,5.0600,1.5400,0.1450,1,ACTIVE,7,2,2
1458,2622,17:50:30,0,119.00,0,71.9300,6.7000,6.4200,0.8560,1,ACTIVE,7,2,2
1458,2623,17:51:00,0,186.00,0,28.8800,4.7400,2.0800,0.1720,1,ACTIVE,7,2,2
1458,2624,17:51:30,0,235.00,0,24.6400,3.6500,1.8700,0.1960,1,ACTIVE,7,2,2
1458,2625,17:52:00,0,115.00,0,60.6600,4.8400,5.5100,1.5400,1,ACTIVE,7,2,2
1458,2626,17:52:30,0,119.00,0,71.0100,5.1700,6.5600,1.9900,1,ACTIVE,7,2,2
1458,2627,17:53:00,0,163.00,0,60.5300,7.0000,5.0600,0.7200,1,ACTIVE,7,2,2
1458,2628,17:53:30,0,124.00,0,27.8100,1.9900,2.5800,0.7200,1,ACTIVE,7,2,2
1458,2629,17:54:00,0,30.00,0,33.2800,2.4700,3.0700,0.8370,1,ACTIVE,7,2,2
1458,2630,17:54:30,0,3.00,0,21.2900,2.2700,1.8300,0.2600,1,ACTIVE,7,2,2
1458,2631,17:55:00,0,96.00,0,10.5200,1.1600,0.8940,0.1220,1,ACTIVE,7,2,2
1458,2632,17:55:30,0,55.00,0,13.8000,1.0600,1.2600,0.3520,1,ACTIVE,7,2,2
1458,2633,17:56:00,0,100.00,0,11.6600,1.7500,0.8750,0.1190,1,ACTIVE,7,2,2
1458,2634,17:56:30,0,115.00,0,20.5900,4.9500,1.0900,0.1330,1,ACTIVE,7,2,2
1458,2635,17:57:00,0,220.00,0,41.5200,3.2100,3.9000,0.2660,1,ACTIVE,7,2,2
1458,2636,17:57:30,0,110.00,0,20.9100,3.0100,1.6000,0.1960,1,ACTIVE,7,2,2
1458,2637,17:58:00,0,141.00,0,43.5600,5.7600,3.5000,0.1800,1,ACTIVE,7,2,2
1458,2638,17:58:30,0,179.00,0,67.6300,8.8800,5.3900,0.6890,1,ACTIVE,7,2,2
1458,2639,17:59:00,0,48.00,0,34.6700,2.5800,3.2800,0.2280,1,ACTIVE,7,2,2
1458,2640,17:59:30,0,53.00,0,41.1400,3.2800,3.8100,0.4470,1,ACTIVE,7,2,2
1458,2641,18:00:00,0,42.00,0,32.8600,1.9500,3.1400,0.9750,1,ACTIVE,7,2,2
1458,2642,18:00:30,0,27.00,0,27.1900,1.7100,2.5800,0.7200,1,ACTIVE,7,2,2
1458,2643,18:01:00,0,23.00,0,42.1900,2.7600,3.9800,1.1100,1,ACTIVE,7,2,2
1458,2644,18:01:30,0,3.00,0,33.4400,1.9500,3.2100,0.9540,0,ACTIVE,7,2,2
1458,2645,18:02:00,0,35.00,0,22.6000,2.5300,1.9100,0.2840,1,ACTIVE,7,2,2
1458,2646,18:02:30,0,21.00,0,21.6500,2.2700,1.8700,0.2660,1,ACTIVE,7,2,2
1458,2647,18:03:00,0,44.00,0,43.3100,3.2800,4.0700,0.3760,1,ACTIVE,7,2,2
1458,2648,18:03:30,0,37.00,0,32.1700,2.2200,3.0100,0.8560,1,ACTIVE,7,2,2
1458,2649,18:04:00,0,19.00,0,40.0500,3.1400,3.7300,0.3840,1,ACTIVE,7,2,2
1458,2650,18:04:30,0,21.00,0,46.6500,2.8800,4.4400,1.2900,1,ACTIVE,7,2,2
1458,2651,18:05:00,0,26.00,0,36.3500,2.3700,3.4200,1.0400,1,ACTIVE,7,2,2
1458,2652,18:05:30,0,119.00,0,49.0400,4.7400,4.3400,0.4770,1,ACTIVE,7,2,2
1458,2653,18:06:00,0,212.00,0,43.4700,3.0700,4.1600,0.2230,1,ACTIVE,7,2,2
1458,2654,18:06:30,0,179.00,0,7.4400,1.1300,0.5550,0.0650,1,ACTIVE,7,2,2
1458,2655,18:07:00,0,395.00,0,8.0000,1.0200,0.6460,0.0880,1,ACTIVE,7,2,2
1458,2656,18:07:30,0,174.00,0,11.8100,1.7500,0.8940,0.1050,1,ACTIVE,7,2,2
1458,2657,18:08:00,0,277.00,0,19.9700,3.0100,1.5000,0.1480,1,ACTIVE,7,2,2
1458,2658,18:08:30,0,277.00,0,31.0600,4.7400,2.3200,0.2660,1,ACTIVE,7,2,2
1458,2659,18:09:00,0,581.00,0,25.5500,2.8200,2.1700,0.2770,1,ACTIVE,7,2,2
1458,2660,18:09:30,0,286.00,0,0.1200,0.0042,0.0125,0.0000,1,ACTIVE,7,2,2
1458,2661,18:10:00,0,286.00,0,0.1200,0.0042,0.0125,0.0000,1,ACTIVE,7,2,2
1458,2662,18:10:30,0,315.00,0,0.1200,0.0042,0.0125,0.0000,1,ACTIVE,7,2,2
1458,2663,18:11:00,0,359.00,0,0.1700,0.0042,0.0173,0.0059,1,ACTIVE,7,2,2
1458,2664,18:11:30,0,286.00,0,0.1700,0.0042,0.0173,0.0059,1,ACTIVE,7,2,2
1458,2665,18:12:00,0,305.00,0,0.0200,0.0049,0.0000,0.0059,1,ACTIVE,7,2,2
1458,2666,18:12:30,0,581.00,0,0.1200,0.0042,0.0125,0.0000,1,ACTIVE,7,2,2
1458,2667,18:13:00,0,371.00,0,0.1700,0.0042,0.0173,0.0059,1,ACTIVE,7,2,2
1458,2668,18:13:30,0,494.00,0,20.8200,2.5300,1.7100,0.2230,1,ACTIVE,7,2,2
1458,2669,18:14:00,0,479.00,0,29.0000,2.9400,2.5300,0.3300,1,ACTIVE,7,2,2
1458,2670,18:14:30,0,421.00,0,24.9100,3.4200,1.9500,0.2540,1,ACTIVE,7,2,2
1458,2671,18:15:00,0,421.00,0,26.5600,3.6500,2.0800,0.2490,1,ACTIVE,7,2,2
1458,2672,18:15:30,0,680.00,0,31.8300,5.0600,2.3200,0.3230,1,ACTIVE,7,2,2
1458,2673,18:16:00,0,660.00,0,0.1200,0.0042,0.0125,0.0000,1,ACTIVE,7,2,2
1458,2674,18:16:30,0,511.00,0,0.1200,0.0042,0.0125,0.0000,1,ACTIVE,7,2,2
1458,2675,18:17:00,0,450.00,0,0.2300,0.0339,0.0173,0.0059,1,ACTIVE,7,2,2
1458,2676,18:17:30,0,305.00,0,0.2100,0.0256,0.0173,0.0059,1,ACTIVE,7,2,2
1458,2677,18:18:00,0,305.00,0,0.1700,0.0042,0.0173,0.0059,1,ACTIVE,7,2,2
1458,2678,18:18:30,0,199.00,0,0.1900,0.0128,0.0173,0.0059,1,ACTIVE,7,2,2
1458,2679,18:19:00,0,243.00,0,0.1900,0.0128,0.0173,0.0059,1,ACTIVE,7,2,2
1458,2680,18:19:30,0,305.00,0,0.1900,0.0128,0.0173,0.0059,1,ACTIVE,7,2,2
1458,2681,18:20:00,0,228.00,0,0.1900,0.0128,0.0173,0.0059,1,ACTIVE,7,2,2
1458,2682,18:20:30,0,305.00,0,0.2300,0.0339,0.0173,0.0059,1,ACTIVE,7,2,2
1458,2683,18:21:00,0,395.00,0,0.1900,0.0128,0.0173,0.0059,1,ACTIVE,7,2,2
1458,2684,18:21:30,0,527.00,0,0.2100,0.0256,0.0173,0.0059,1,ACTIVE,7,2,2
1458,2685,18:22:00,0,235.00,0,0.1900,0.0128,0.0173,0.0059,1,ACTIVE,7,2,2
1458,2686,18:22:30,0,119.00,0,0.1200,0.0042,0.0125,0.0000,1,ACTIVE,7,2,2
1458,2687,18:23:00,0,63.00,0,0.1200,0.0042,0.0125,0.0000,1,ACTIVE,7,2,2
1458,2688,18:23:30,0,39.00,0,0.1700,0.0042,0.0173,0.0059,1,ACTIVE,7,2,2
1458,2689,18:24:00,0,464.00,0,0.1700,0.0042,0.0173,0.0059,1,ACTIVE,7,2,2
1458,2690,18:24:30,0,933.00,0,6.6700,1.5700,0.3600,0.0412,1,ACTIVE,7,2,2
1458,2691,18:25:00,0,511.00,0,15.2200,1.6700,1.2900,0.1920,1,ACTIVE,7,2,2
1458,2692,18:25:30,0,395.00,0,0.1900,0.0128,0.0173,0.0059,1,ACTIVE,7,2,2
1458,2693,18:26:00,0,295.00,0,0.1900,0.0128,0.0173,0.0059,1,ACTIVE,7,2,2
1458,2694,18:26:30,0,277.00,0,0.1400,0.0128,0.0125,0.0000,1,ACTIVE,7,2,2
1458,2695,18:27:00,0,315.00,0,0.2100,0.0256,0.0173,0.0059,1,ACTIVE,7,2,2
1458,2696,18:27:30,0,199.00,0,0.2500,0.0431,0.0173,0.0059,1,ACTIVE,7,2,2
1458,2697,18:28:00,0,286.00,0,0.2300,0.0339,0.0173,0.0059,1,ACTIVE,7,2,2
1458,2698,18:28:30,0,235.00,0,0.1900,0.0128,0.0173,0.0059,1,ACTIVE,7,2,2
1458,2699,18:29:00,0,259.00,0,0.1900,0.0128,0.0173,0.0059,1,ACTIVE,7,2,2
1458,2700,18:29:30,0,243.00,0,0.2100,0.0256,0.0173,0.0059,1,ACTIVE,7,2,2
1458,2701,18:30:00,0,315.00,0,0.2100,0.0256,0.0173,0.0059,1,ACTIVE,7,2,2
1458,2702,18:30:30,0,348.00,0,0.2100,0.0256,0.0173,0.0059,1,ACTIVE,7,2,2
1458,2703,18:31:00,0,326.00,0,0.2100,0.0256,0.0173,0.0059,1,ACTIVE,7,2,2
1458,2704,18:31:30,0,337.00,0,0.2100,0.0256,0.0173,0.0059,1,ACTIVE,7,2,2
1458,2705,18:32:00,0,206.00,0,0.2100,0.0256,0.0173,0.0059,1,ACTIVE,7,2,2
1458,2706,18:32:30,0,315.00,0,0.2100,0.0256,0.0173,0.0059,1,ACTIVE,7,2,2
1458,2707,18:33:00,0,228.00,0,0.5900,0.0512,0.0523,0.0173,1,ACTIVE,7,2,2
1458,2708,18:33:30,0,66.00,0,0.2700,0.0512,0.0173,0.0059,1,ACTIVE,7,2,2
1458,2709,18:34:00,0,15.00,0,0.2900,0.0596,0.0173,0.0059,1,ACTIVE,7,2,2
1458,2710,18:34:30,0,124.00,0,0.2500,0.0431,0.0173,0.0059,1,ACTIVE,7,2,2
1458,2711,18:35:00,0,119.00,0,0.6800,0.0939,0.0523,0.0173,1,ACTIVE,7,2,2
1458,2712,18:35:30,0,199.00,0,0.2100,0.0256,0.0173,0.0059,1,ACTIVE,7,2,2
1458,2713,18:36:00,0,305.00,0,0.4500,0.0512,0.0378,0.0023,1,ACTIVE,7,2,2
1458,2714,18:36:30,0,337.00,0,0.2300,0.0339,0.0173,0.0059,1,ACTIVE,7,2,2
1458,2715,18:37:00,0,286.00,0,0.1900,0.0128,0.0173,0.0059,1,ACTIVE,7,2,2
1458,2716,18:37:30,0,70.00,0,0.1700,0.0042,0.0173,0.0059,1,ACTIVE,7,2,2
1458,2717,18:38:00,0,152.00,0,0.1900,0.0128,0.0173,0.0059,1,ACTIVE,7,2,2
1458,2718,18:38:30,0,93.00,0,0.2100,0.0256,0.0173,0.0059,1,ACTIVE,7,2,2
1458,2719,18:39:00,0,100.00,0,0.1900,0.0128,0.0173,0.0059,1,ACTIVE,7,2,2
1458,2720,18:39:30,0,193.00,0,0.2300,0.0339,0.0173,0.0059,1,ACTIVE,7,2,2
1458,2721,18:40:00,0,119.00,0,0.8800,0.0339,0.0880,0.0292,1,ACTIVE,7,2,2
1458,2722,18:40:30,0,179.00,0,9.5700,0.4370,0.9330,0.3920,1,ACTIVE,7,2,2
1458,2723,18:41:00,0,152.00,0,2.1600,0.0939,0.2090,0.1050,1,ACTIVE,7,2,2
1458,2724,18:41:30,0,137.00,0,0.1100,0.0339,0.0012,0.0215,1,ACTIVE,7,2,2
1458,2725,18:42:00,0,371.00,0,0.1200,0.0042,0.0125,0.0000,1,ACTIVE,7,2,2
1458,2726,18:42:30,0,450.00,0,0.0200,0.0049,0.0000,0.0059,1,ACTIVE,7,2,2
1458,2727,18:43:00,0,464.00,0,0.1900,0.0128,0.0173,0.0059,1,ACTIVE,7,2,2
1458,2728,18:43:30,0,435.00,0,0.1900,0.0128,0.0173,0.0059,1,ACTIVE,7,2,2
1458,2729,18:44:00,0,158.00,0,1.5700,0.0512,0.1580,0.0650,1,ACTIVE,7,2,2
1458,2730,18:44:30,0,110.00,0,3.2200,0.1300,0.3160,0.1510,1,ACTIVE,7,2,2
1458,2731,18:45:00,0,235.00,0,8.8600,0.3230,0.8940,0.2960,1,ACTIVE,7,2,2
1458,2732,18:45:30,0,199.00,0,5.0400,0.1360,0.5090,0.2600,1,ACTIVE,7,2,2
1458,2733,18:46:00,0,259.00,0,3.1300,0.0939,0.3160,0.1390,1,ACTIVE,7,2,2
1458,2734,18:46:30,0,119.00,0,7.2200,0.1880,0.7350,0.3370,1,ACTIVE,7,2,2
1458,2735,18:47:00,0,106.00,0,2.0900,0.0679,0.2090,0.0981,1,ACTIVE,7,2,2
1458,2736,18:47:30,0,152.00,0,6.9200,0.1800,0.7040,0.3230,1,ACTIVE,7,2,2
1458,2737,18:48:00,0,186.00,0,23.0100,0.6890,2.3200,1.0900,1,ACTIVE,7,2,2
1458,2738,18:48:30,0,315.00,0,6.2000,0.1550,0.6320,0.2960,1,ACTIVE,7,2,2
1458,2739,18:49:00,0,315.00,0,2.4300,0.0861,0.2440,0.0981,1,ACTIVE,7,2,2
1458,2740,18:49:30,0,132.00,0,7.6100,0.2280,0.7680,0.3520,1,ACTIVE,7,2,2
1458,2741,18:50:00,0,115.00,0,13.8500,0.6320,1.3500,0.5920,1,ACTIVE,7,2,2
1458,2742,18:50:30,0,124.00,0,15.1200,0.5790,1.5000,0.6180,1,ACTIVE,7,2,2
1458,2743,18:51:00,0,57.00,0,0.8900,0.0339,0.0880,0.0412,1,ACTIVE,7,2,2
1458,2744,18:51:30,0,61.00,0,20.8300,0.9540,2.0400,0.8200,1,ACTIVE,7,2,2
1458,2745,18:52:00,0,26.00,0,25.9300,1.2900,2.5300,0.8560,1,ACTIVE,7,2,2
1458,2746,18:52:30,0,68.00,0,0.8800,0.0339,0.0880,0.0292,1,ACTIVE,7,2,2
1458,2747,18:53:00,0,86.00,0,1.6200,0.0679,0.1580,0.0756,1,ACTIVE,7,2,2
1458,2748,18:53:30,0,73.00,0,1.2400,0.0596,0.1220,0.0412,1,ACTIVE,7,2,2
1458,2749,18:54:00,0,132.00,0,12.2100,0.3520,1.2400,0.5550,1,ACTIVE,7,2,2
1458,2750,18:54:30,0,152.00,0,13.3300,0.3840,1.3500,0.6180,1,ACTIVE,7,2,2
1458,2751,18:55:00,0,110.00,0,181.2300,9.6800,18.1000,0.8200,1,ACTIVE,7,2,2
1458,2752,18:55:30,0,119.00,0,3.6400,0.1880,0.3520,0.1300,1,ACTIVE,7,2,2
1458,2753,18:56:00,0,90.00,0,5.3800,0.3230,0.5090,0.1960,1,ACTIVE,7,2,2
1458,2754,18:56:30,0,93.00,0,2.2900,0.1610,0.2090,0.0880,1,ACTIVE,7,2,2
1458,2755,18:57:00,0,206.00,0,0.5700,0.0431,0.0523,0.0173,1,ACTIVE,7,2,2
1458,2756,18:57:30,0,93.00,0,0.2100,0.0256,0.0173,0.0059,1,ACTIVE,7,2,2
1458,2757,18:58:00,0,259.00,0,0.2300,0.0339,0.0173,0.0059,1,ACTIVE,7,2,2
1458,2758,18:58:30,0,228.00,0,0.5500,0.0339,0.0523,0.0173,1,ACTIVE,7,2,2
1458,2759,18:59:00,0,251.00,0,0.5500,0.0339,0.0523,0.0173,1,ACTIVE,7,2,2
1458,2760,18:59:30,0,106.00,0,0.0100,0.0049,0.0000,0.0000,1,ACTIVE,7,2,2
1458,2761,19:00:00,0,110.00,0,0.1100,0.0128,0.0035,0.0501,1,ACTIVE,7,2,2
1458,2762,19:00:30,0,110.00,0,0.1700,0.0042,0.0173,0.0059,1,ACTIVE,7,2,2
1458,2763,19:01:00,0,73.00,0,0.1900,0.0128,0.0173,0.0059,1,ACTIVE,7,2,2
1458,2764,19:01:30,0,110.00,0,0.1900,0.0128,0.0173,0.0059,1,ACTIVE,7,2,2
1458,2765,19:02:00,0,90.00,0,0.1900,0.0128,0.0173,0.0059,1,ACTIVE,7,2,2
1458,2766,19:02:30,0,96.00,0,0.1900,0.0128,0.0173,0.0059,1,ACTIVE,7,2,2
1458,2767,19:03:00,0,147.00,0,0.1900,0.0128,0.0173,0.0059,1,ACTIVE,7,2,2
1458,2768,19:03:30,0,68.00,0,0.1200,0.0042,0.0125,0.0000,1,ACTIVE,7,2,2
1458,2769,19:04:00,0,33.00,0,0.0100,0.0049,0.0000,0.0000,1,ACTIVE,7,2,2
1458,2770,19:04:30,0,66.00,0,0.0100,0.0049,0.0000,0.0000,1,ACTIVE,7,2,2
1458,2771,19:05:00,0,21.00,0,0.1200,0.0042,0.0125,0.0000,1,ACTIVE,7,2,2
1458,2772,19:05:30,0,27.00,0,0.1200,0.0042,0.0125,0.0000,1,ACTIVE,7,2,2
1458,2773,19:06:00,0,1.00,0,0.0100,0.0049,0.0000,0.0000,0,ACTIVE,7,2,2
1458,2774,19:06:30,0,0.00,0,0.1700,0.0042,0.0173,0.0059,0,ACTIVE,7,2,2
1458,2775,19:07:00,0,1.00,0,0.1700,0.0042,0.0173,0.0059,0,ACTIVE,7,2,2
1458,2776,19:07:30,0,0.00,0,0.1700,0.0042,0.0173,0.0059,0,ACTIVE,7,2,2
1458,2777,19:08:00,0,0.00,0,0.1200,0.0042,0.0125,0.0000,0,ACTIVE,7,2,2
1458,2778,19:08:30,0,0.00,0,0.1200,0.0042,0.0125,0.0000,0,ACTIVE,7,2,2
1458,2779,19:09:00,0,0.00,0,0.1700,0.0042,0.0173,0.0059,0,ACTIVE,7,2,2
1458,2780,19:09:30,0,20.00,0,0.1700,0.0042,0.0173,0.0059,1,ACTIVE,7,2,2
1458,2781,19:10:00,0,39.00,0,0.1700,0.0042,0.0173,0.0059,1,ACTIVE,7,2,2
1458,2782,19:10:30,0,19.00,0,0.0200,0.0049,0.0000,0.0059,1,ACTIVE,7,2,2
1458,2783,19:11:00,0,0.00,0,0.1200,0.0042,0.0125,0.0000,0,ACTIVE,7,2,2
1458,2784,19:11:30,0,0.00,0,0.1200,0.0042,0.0125,0.0000,0,ACTIVE,7,2,2
1458,2785,19:12:00,0,0.00,0,0.1700,0.0042,0.0173,0.0059,0,ACTIVE,7,2,2
1458,2786,19:12:30,0,0.00,0,0.1200,0.0042,0.0125,0.0000,0,ACTIVE,7,2,2
1458,2787,19:13:00,0,0.00,0,0.1200,0.0042,0.0125,0.0000,0,ACTIVE,7,2,2
1458,2788,19:13:30,0,0.00,0,0.1200,0.0042,0.0125,0.0000,0,ACTIVE,7,2,2
1458,2789,19:14:00,0,0.00,0,0.1700,0.0042,0.0173,0.0059,0,ACTIVE,7,2,2
1458,2790,19:14:30,0,0.00,0,0.1200,0.0042,0.0125,0.0000,0,ACTIVE,7,2,2
1458,2791,19:15:00,0,0.00,0,0.1200,0.0042,0.0125,0.0000,0,ACTIVE,7,2,2
1458,2792,19:15:30,0,0.00,0,0.1200,0.0042,0.0125,0.0000,0,ACTIVE,7,2,2
1458,2793,19:16:00,0,0.00,0,0.1700,0.0042,0.0173,0.0059,0,ACTIVE,7,2,2
1458,2794,19:16:30,0,0.00,0,0.1200,0.0042,0.0125,0.0000,0,ACTIVE,7,2,2
1458,2795,19:17:00,0,86.00,0,0.1200,0.0042,0.0125,0.0000,1,ACTIVE,7,2,2
1458,2796,19:17:30,0,0.00,0,0.1700,0.0042,0.0173,0.0059,0,ACTIVE,7,2,2
1458,2797,19:18:00,0,0.00,0,0.1700,0.0042,0.0173,0.0059,0,ACTIVE,7,2,2
1458,2798,19:18:30,0,0.00,0,0.1200,0.0042,0.0125,0.0000,0,ACTIVE,7,2,2
1458,2799,19:19:00,0,0.00,0,0.1200,0.0042,0.0125,0.0000,0,ACTIVE,7,2,2
1458,2800,19:19:30,0,0.00,0,0.1700,0.0042,0.0173,0.0059,0,ACTIVE,7,2,2
1458,2801,19:20:00,0,80.00,0,0.1700,0.0042,0.0173,0.0059,1,ACTIVE,7,2,2
1458,2802,19:20:30,0,1.00,0,0.1700,0.0042,0.0173,0.0059,0,ACTIVE,7,2,2
1458,2803,19:21:00,0,1.00,0,0.1700,0.0042,0.0173,0.0059,0,ACTIVE,7,2,2
1458,2804,19:21:30,0,5.00,0,0.1700,0.0042,0.0173,0.0059,0,ACTIVE,7,2,2
1458,2805,19:22:00,0,32.00,0,0.1700,0.0042,0.0173,0.0059,1,ACTIVE,7,2,2
1458,2806,19:22:30,0,28.00,0,0.1700,0.0042,0.0173,0.0059,1,ACTIVE,7,2,2
1458,2807,19:23:00,0,23.00,0,0.1700,0.0042,0.0173,0.0059,1,ACTIVE,7,2,2
1458,2808,19:23:30,0,0.00,0,0.1200,0.0042,0.0125,0.0000,0,ACTIVE,7,2,2
1458,2809,19:24:00,0,0.00,0,0.1200,0.0042,0.0125,0.0000,0,ACTIVE,7,2,2
1458,2810,19:24:30,0,48.00,0,0.1700,0.0042,0.0173,0.0059,1,ACTIVE,7,2,2
1458,2811,19:25:00,0,0.00,0,0.1200,0.0042,0.0125,0.0000,0,ACTIVE,7,2,2
1458,2812,19:25:30,0,0.00,0,0.1200,0.0042,0.0125,0.0000,0,ACTIVE,7,2,2
1458,2813,19:26:00,0,0.00,0,0.1700,0.0042,0.0173,0.0059,0,ACTIVE,7,2,2
1458,2814,19:26:30,0,0.00,0,0.1200,0.0042,0.0125,0.0000,0,ACTIVE,7,2,2
1458,2815,19:27:00,0,0.00,0,0.1200,0.0042,0.0125,0.0000,1,ACTIVE,7,2,2
1458,2816,19:27:30,0,0.00,0,0.1700,0.0042,0.0173,0.0059,1,ACTIVE,7,2,2
1458,2817,19:28:00,0,9.00,0,0.1700,0.0042,0.0173,0.0059,1,ACTIVE,7,2,2
1458,2818,19:28:30,0,0.00,0,0.1700,0.0042,0.0173,0.0059,1,ACTIVE,7,2,2
1458,2819,19:29:00,0,1200.0,0,0.1700,0.0042,0.0173,0.0059,1,ACTIVE,7,2,2
1458,2820,19:29:30,0,933.00,0,0.3900,0.0256,0.0378,0.0023,1,ACTIVE,7,2,2
1458,2821,19:30:00,0,259.00,0,4.4900,0.2140,0.4370,0.1760,1,ACTIVE,7,2,2
1458,2822,19:30:30,0,235.00,0,9.7500,0.4370,0.9540,0.3920,1,ACTIVE,7,2,2
1458,2823,19:31:00,0,326.00,0,16.0400,0.7040,1.5700,0.6740,1,ACTIVE,7,2,2
1458,2824,19:31:30,0,132.00,0,11.0700,0.4470,1.0900,0.5200,1,ACTIVE,7,2,2
1458,2825,19:32:00,0,119.00,0,11.9500,0.3370,1.2100,0.5550,1,ACTIVE,7,2,2
1458,2826,19:32:30,0,3.00,0,13.1400,0.4470,1.3200,0.5430,1,ACTIVE,7,2,2
1458,2827,19:33:00,0,0.00,0,12.6100,0.4770,1.2600,0.4470,1,ACTIVE,7,2,2
1458,2828,19:33:30,0,7.00,0,11.1300,0.4370,1.1100,0.4100,0,ACTIVE,7,2,2
1458,2829,19:34:00,0,27.00,0,10.6400,0.3920,1.0600,0.4280,1,ACTIVE,7,2,2
1458,2830,19:34:30,0,12.00,0,8.8400,0.3450,0.8750,0.3840,1,ACTIVE,7,2,2
1458,2831,19:35:00,0,55.00,0,12.5500,0.3370,1.2900,0.4570,1,ACTIVE,7,2,2
1458,2832,19:35:30,0,35.00,0,11.9700,0.3090,1.2400,0.4190,1,ACTIVE,7,2,2
1458,2833,19:36:00,0,32.00,0,10.3400,0.2720,1.0600,0.3920,1,ACTIVE,7,2,2
1458,2834,19:36:30,0,34.00,0,7.5600,0.2230,0.7680,0.3090,1,ACTIVE,7,2,2
1458,2835,19:37:00,0,25.00,0,10.5500,0.3230,1.0600,0.4870,1,ACTIVE,7,2,2
1458,2836,19:37:30,0,80.00,0,666.4900,20.7000,66.6000,34.8000,1,ACTIVE,7,2,2
1458,2837,19:38:00,0,128.00,0,2234.810,90.1000,219.0000,107.0000,1,ACTIVE,7,2,2
1458,2838,19:38:30,0,421.00,0,2217.320,84.5000,219.0000,103.0000,1,ACTIVE,7,2,2
1458,2839,19:39:00,0,371.00,0,14.9600,0.6600,1.4700,0.5670,1,ACTIVE,7,2,2
1458,2840,19:39:30,0,337.00,0,1.6100,0.0773,0.1580,0.0523,1,ACTIVE,7,2,2
1458,2841,19:40:00,0,348.00,0,1.6300,0.0861,0.1580,0.0523,1,ACTIVE,7,2,2
1458,2842,19:40:30,0,395.00,0,0.6100,0.0596,0.0523,0.0173,1,ACTIVE,7,2,2
1458,2843,19:41:00,0,337.00,0,1.3000,0.0861,0.1220,0.0412,1,ACTIVE,7,2,2
1458,2844,19:41:30,0,73.00,0,0.6000,0.0512,0.0523,0.0292,1,ACTIVE,7,2,2
1458,2845,19:42:00,0,83.00,0,0.5500,0.0339,0.0523,0.0173,1,ACTIVE,7,2,2
1458,2846,19:42:30,0,10.00,0,0.2100,0.0256,0.0173,0.0059,1,ACTIVE,7,2,2
1458,2847,19:43:00,0,25.00,0,0.5300,0.0256,0.0523,0.0173,1,ACTIVE,7,2,2
1458,2848,19:43:30,0,32.00,0,0.5900,0.0512,0.0523,0.0173,1,ACTIVE,7,2,2
1458,2849,19:44:00,0,44.00,0,0.0900,0.0256,0.0012,0.0215,1,ACTIVE,7,2,2
1458,2850,19:44:30,0,5.00,0,0.1700,0.0042,0.0173,0.0059,0,ACTIVE,7,2,2
1458,2851,19:45:00,0,55.00,0,0.0200,0.0049,0.0000,0.0059,1,ACTIVE,7,2,2
1458,2852,19:45:30,0,8.00,0,0.1700,0.0042,0.0173,0.0059,0,ACTIVE,7,2,2
1458,2853,19:46:00,0,0.00,0,0.1700,0.0042,0.0173,0.0059,0,ACTIVE,7,2,2
1458,2854,19:46:30,0,3.00,0,0.1700,0.0042,0.0173,0.0059,0,ACTIVE,7,2,2
1458,2855,19:47:00,0,11.00,0,0.1700,0.0042,0.0173,0.0059,0,ACTIVE,7,2,2
1458,2856,19:47:30,0,1.00,0,0.1700,0.0042,0.0173,0.0059,0,ACTIVE,7,2,2
1458,2857,19:48:00,0,0.00,0,0.1700,0.0042,0.0173,0.0059,0,ACTIVE,7,2,2
1458,2858,19:48:30,0,2.00,0,0.0100,0.0049,0.0000,0.0000,0,ACTIVE,7,2,2
1458,2859,19:49:00,0,3.00,0,0.1700,0.0042,0.0173,0.0059,0,ACTIVE,7,2,2
1458,2860,19:49:30,0,11.00,0,0.0200,0.0049,0.0000,0.0059,0,ACTIVE,7,2,2
1458,2861,19:50:00,0,4.00,0,0.1200,0.0042,0.0125,0.0000,0,ACTIVE,7,2,2
1458,2862,19:50:30,0,16.00,0,0.0200,0.0049,0.0000,0.0059,1,ACTIVE,7,2,2
1458,2863,19:51:00,0,0.00,0,0.1700,0.0042,0.0173,0.0059,0,ACTIVE,7,2,2
1458,2864,19:51:30,0,21.00,0,0.1200,0.0042,0.0125,0.0000,1,ACTIVE,7,2,2
1458,2865,19:52:00,0,5.00,0,0.1700,0.0042,0.0173,0.0059,0,ACTIVE,7,2,2
1458,2866,19:52:30,0,32.00,0,0.1700,0.0042,0.0173,0.0059,1,ACTIVE,7,2,2
1458,2867,19:53:00,0,9.00,0,0.1200,0.0042,0.0125,0.0000,0,ACTIVE,7,2,2
1458,2868,19:53:30,0,3.00,0,0.1200,0.0042,0.0125,0.0000,0,ACTIVE,7,2,2
1458,2869,19:54:00,0,33.00,0,0.1700,0.0042,0.0173,0.0059,1,ACTIVE,7,2,2
1458,2870,19:54:30,0,3.00,0,0.1200,0.0042,0.0125,0.0000,0,ACTIVE,7,2,2
1458,2871,19:55:00,0,27.00,0,0.0200,0.0049,0.0000,0.0059,1,ACTIVE,7,2,2
1458,2872,19:55:30,0,10.00,0,0.1700,0.0042,0.0173,0.0059,1,ACTIVE,7,2,2
1458,2873,19:56:00,0,83.00,0,0.1200,0.0042,0.0125,0.0000,1,ACTIVE,7,2,2
1458,2874,19:56:30,0,21.00,0,0.1700,0.0042,0.0173,0.0059,1,ACTIVE,7,2,2
1458,2875,19:57:00,0,39.00,0,0.1200,0.0042,0.0125,0.0000,1,ACTIVE,7,2,2
1458,2876,19:57:30,0,0.00,0,0.1700,0.0042,0.0173,0.0059,0,ACTIVE,7,2,2
1458,2877,19:58:00,0,0.00,0,0.1200,0.0042,0.0125,0.0000,0,ACTIVE,7,2,2
1458,2878,19:58:30,0,0.00,0,0.1700,0.0042,0.0173,0.0059,0,ACTIVE,7,2,2
1458,2879,19:59:00,0,0.00,0,0.1200,0.0042,0.0125,0.0000,0,ACTIVE,7,2,2
1458,2880,19:59:30,0,0.00,0,0.1700,0.0042,0.0173,0.0059,0,ACTIVE,7,2,2
1458,2881,20:00:00,0,0.00,0,0.0200,0.0049,0.0000,0.0059,0,ACTIVE,7,2,2
1458,2882,20:00:30,0,0.00,0,0.1200,0.0042,0.0125,0.0000,0,ACTIVE,7,2,2
1458,2883,20:01:00,0,0.00,0,0.1700,0.0042,0.0173,0.0059,0,ACTIVE,7,2,2
1458,2884,20:01:30,0,0.00,0,0.1200,0.0042,0.0125,0.0000,0,ACTIVE,7,2,2
1458,2885,20:02:00,0,0.00,0,0.1200,0.0042,0.0125,0.0000,0,ACTIVE,7,2,2
1458,2886,20:02:30,0,90.00,0,0.1200,0.0042,0.0125,0.0000,1,ACTIVE,7,2,2
1458,2887,20:03:00,0,0.00,0,0.1200,0.0042,0.0125,0.0000,0,ACTIVE,7,2,2
1458,2888,20:03:30,0,1.00,0,0.1700,0.0042,0.0173,0.0059,0,ACTIVE,7,2,2
1458,2889,20:04:00,0,0.00,0,0.0100,0.0049,0.0000,0.0000,0,ACTIVE,7,2,2
1458,2890,20:04:30,0,0.00,0,0.0100,0.0049,0.0000,0.0000,0,ACTIVE,7,2,2
1458,2891,20:05:00,0,2.00,0,0.1700,0.0042,0.0173,0.0059,0,ACTIVE,7,2,2
1458,2892,20:05:30,0,11.00,0,0.1200,0.0042,0.0125,0.0000,0,ACTIVE,7,2,2
1458,2893,20:06:00,0,0.00,0,0.0200,0.0049,0.0000,0.0059,0,ACTIVE,7,2,2
1458,2894,20:06:30,0,4.00,0,0.0100,0.0049,0.0000,0.0000,0,ACTIVE,7,2,2
1458,2895,20:07:00,0,44.00,0,0.1200,0.0042,0.0125,0.0000,1,ACTIVE,7,2,2
1458,2896,20:07:30,0,28.00,0,0.1200,0.0042,0.0125,0.0000,1,ACTIVE,7,2,2
1458,2897,20:08:00,0,1.00,0,0.0100,0.0049,0.0000,0.0000,0,ACTIVE,7,2,2
1458,2898,20:08:30,0,0.00,0,0.1200,0.0042,0.0125,0.0000,0,ACTIVE,7,2,2
1458,2899,20:09:00,0,0.00,0,0.0100,0.0049,0.0000,0.0000,0,ACTIVE,7,2,2
1458,2900,20:09:30,0,66.00,0,0.1200,0.0042,0.0125,0.0000,1,ACTIVE,7,2,2
1458,2901,20:10:00,0,0.00,0,0.0100,0.0049,0.0000,0.0000,0,ACTIVE,7,2,2
1458,2902,20:10:30,0,0.00,0,0.0100,0.0049,0.0000,0.0000,0,ACTIVE,7,2,2
1458,2903,20:11:00,0,0.00,0,0.1200,0.0042,0.0125,0.0000,0,ACTIVE,7,2,2
1458,2904,20:11:30,0,0.00,0,0.1700,0.0042,0.0173,0.0059,0,ACTIVE,7,2,2
1458,2905,20:12:00,0,0.00,0,0.1200,0.0042,0.0125,0.0000,0,ACTIVE,7,2,2
1458,2906,20:12:30,0,80.00,0,0.0200,0.0049,0.0000,0.0059,1,ACTIVE,7,2,2
1458,2907,20:13:00,0,42.00,0,0.1200,0.0042,0.0125,0.0000,1,ACTIVE,7,2,2
1458,2908,20:13:30,0,1.00,0,0.1200,0.0042,0.0125,0.0000,0,ACTIVE,7,2,2
1458,2909,20:14:00,0,0.00,0,0.1200,0.0042,0.0125,0.0000,0,ACTIVE,7,2,2
1458,2910,20:14:30,0,0.00,0,0.0100,0.0049,0.0000,0.0000,0,ACTIVE,7,2,2
1458,2911,20:15:00,0,1.00,0,0.0100,0.0049,0.0000,0.0000,0,ACTIVE,7,2,2
1458,2912,20:15:30,0,0.00,0,0.0100,0.0049,0.0000,0.0000,0,ACTIVE,7,2,2
1458,2913,20:16:00,0,9.00,0,0.1200,0.0042,0.0125,0.0000,0,ACTIVE,7,2,2
1458,2914,20:16:30,0,0.00,0,0.1200,0.0042,0.0125,0.0000,0,ACTIVE,7,2,2
1458,2915,20:17:00,0,0.00,0,0.0100,0.0049,0.0000,0.0000,0,ACTIVE,7,2,2
1458,2916,20:17:30,0,80.00,0,0.1200,0.0042,0.0125,0.0000,1,ACTIVE,7,2,2
1458,2917,20:18:00,0,1.00,0,0.1200,0.0042,0.0125,0.0000,0,ACTIVE,7,2,2
1458,2918,20:18:30,0,3.00,0,0.1200,0.0042,0.0125,0.0000,0,ACTIVE,7,2,2
1458,2919,20:19:00,0,20.00,0,0.0100,0.0049,0.0000,0.0000,1,ACTIVE,7,2,2
1458,2920,20:19:30,0,0.00,0,0.0100,0.0049,0.0000,0.0000,0,ACTIVE,7,2,2
1458,2921,20:20:00,0,5.00,0,0.0100,0.0049,0.0000,0.0000,0,ACTIVE,7,2,2
1458,2922,20:20:30,0,0.00,0,0.0100,0.0049,0.0000,0.0000,0,ACTIVE,7,2,2
1458,2923,20:21:00,0,0.00,0,0.1700,0.0042,0.0173,0.0059,1,ACTIVE,7,2,2
1458,2924,20:21:30,0,0.00,0,0.1700,0.0042,0.0173,0.0059,1,ACTIVE,7,2,2
1458,2925,20:22:00,0,0.00,0,0.1700,0.0042,0.0173,0.0059,1,ACTIVE,7,2,2
1458,2926,20:22:30,0,772.00,0,0.1700,0.0042,0.0173,0.0059,1,ACTIVE,7,2,2
1458,2927,20:23:00,0,1163.0,0,0.1700,0.0042,0.0173,0.0059,1,ACTIVE,7,2,2
1458,2928,20:23:30,0,44.00,0,0.1200,0.0042,0.0125,0.0000,1,ACTIVE,7,2,2
1458,2929,20:24:00,0,34.00,0,0.5900,0.0512,0.0523,0.0173,1,ACTIVE,7,2,2
1458,2930,20:24:30,0,33.00,0,0.9500,0.0679,0.0880,0.0292,1,ACTIVE,7,2,2
1458,2931,20:25:00,0,53.00,0,0.9500,0.0679,0.0880,0.0292,1,ACTIVE,7,2,2
1458,2932,20:25:30,0,326.00,0,0.7200,0.0773,0.0622,0.0070,1,ACTIVE,7,2,2
1458,2933,20:26:00,0,100.00,0,0.2100,0.0256,0.0173,0.0059,1,ACTIVE,7,2,2
1458,2934,20:26:30,0,212.00,0,0.4500,0.0512,0.0378,0.0023,1,ACTIVE,7,2,2
1458,2935,20:27:00,0,395.00,0,0.1700,0.0042,0.0173,0.0059,1,ACTIVE,7,2,2
1458,2936,20:27:30,0,395.00,0,0.0200,0.0049,0.0000,0.0059,1,ACTIVE,7,2,2
1458,2937,20:28:00,0,494.00,0,0.0100,0.0049,0.0000,0.0000,1,ACTIVE,7,2,2
1458,2938,20:28:30,0,464.00,0,0.1200,0.0042,0.0125,0.0000,1,ACTIVE,7,2,2
1458,2939,20:29:00,0,295.00,0,0.0100,0.0049,0.0000,0.0000,1,ACTIVE,7,2,2
1458,2940,20:29:30,0,220.00,0,0.0100,0.0049,0.0000,0.0000,1,ACTIVE,7,2,2
1458,2941,20:30:00,0,119.00,0,0.1200,0.0042,0.0125,0.0000,1,ACTIVE,7,2,2
1458,2942,20:30:30,0,86.00,0,0.1200,0.0042,0.0125,0.0000,1,ACTIVE,7,2,2
1458,2943,20:31:00,0,63.00,0,0.1700,0.0042,0.0173,0.0059,1,ACTIVE,7,2,2
1458,2944,20:31:30,0,59.00,0,0.1700,0.0042,0.0173,0.0059,1,ACTIVE,7,2,2
1458,2945,20:32:00,0,73.00,0,0.1700,0.0042,0.0173,0.0059,1,ACTIVE,7,2,2
1458,2946,20:32:30,0,128.00,0,0.0100,0.0049,0.0000,0.0000,1,ACTIVE,7,2,2
1458,2947,20:33:00,0,179.00,0,0.0100,0.0049,0.0000,0.0000,1,ACTIVE,7,2,2
1458,2948,20:33:30,0,119.00,0,0.1700,0.0042,0.0173,0.0059,1,ACTIVE,7,2,2
1458,2949,20:34:00,0,251.00,0,0.9000,0.0431,0.0880,0.0292,1,ACTIVE,7,2,2
1458,2950,20:34:30,0,163.00,0,0.1700,0.0042,0.0173,0.0059,1,ACTIVE,7,2,2
1458,2951,20:35:00,0,337.00,0,0.0200,0.0049,0.0000,0.0059,1,ACTIVE,7,2,2
1458,2952,20:35:30,0,128.00,0,0.0100,0.0049,0.0000,0.0000,1,ACTIVE,7,2,2
1458,2953,20:36:00,0,132.00,0,0.0100,0.0049,0.0000,0.0000,1,ACTIVE,7,2,2
1458,2954,20:36:30,0,435.00,0,0.1200,0.0042,0.0125,0.0000,1,ACTIVE,7,2,2
1458,2955,20:37:00,0,212.00,0,0.1700,0.0042,0.0173,0.0059,1,ACTIVE,7,2,2
1458,2956,20:37:30,0,286.00,0,0.1700,0.0042,0.0173,0.0059,1,ACTIVE,7,2,2
1458,2957,20:38:00,0,286.00,0,0.1200,0.0042,0.0125,0.0000,1,ACTIVE,7,2,2
1458,2958,20:38:30,0,421.00,0,0.0100,0.0049,0.0000,0.0000,1,ACTIVE,7,2,2
1458,2959,20:39:00,0,179.00,0,0.0100,0.0049,0.0000,0.0000,1,ACTIVE,7,2,2
1458,2960,20:39:30,0,168.00,0,0.0100,0.0049,0.0000,0.0000,1,ACTIVE,7,2,2
1458,2961,20:40:00,0,228.00,0,0.0100,0.0049,0.0000,0.0000,1,ACTIVE,7,2,2
1458,2962,20:40:30,0,421.00,0,0.1200,0.0042,0.0125,0.0000,1,ACTIVE,7,2,2
1458,2963,20:41:00,0,235.00,0,0.1700,0.0042,0.0173,0.0059,1,ACTIVE,7,2,2
1458,2964,20:41:30,0,268.00,0,0.1700,0.0042,0.0173,0.0059,1,ACTIVE,7,2,2
1458,2965,20:42:00,0,337.00,0,0.1200,0.0042,0.0125,0.0000,1,ACTIVE,7,2,2
1458,2966,20:42:30,0,295.00,0,0.5100,0.0128,0.0523,0.0173,1,ACTIVE,7,2,2
1458,2967,20:43:00,0,315.00,0,0.1700,0.0042,0.0173,0.0059,1,ACTIVE,7,2,2
1458,2968,20:43:30,0,277.00,0,0.1700,0.0042,0.0173,0.0059,1,ACTIVE,7,2,2
1458,2969,20:44:00,0,511.00,0,0.1700,0.0042,0.0173,0.0059,1,ACTIVE,7,2,2
1458,2970,20:44:30,0,251.00,0,0.1200,0.0042,0.0125,0.0000,1,ACTIVE,7,2,2
1458,2971,20:45:00,0,106.00,0,0.1700,0.0042,0.0173,0.0059,1,ACTIVE,7,2,2
1458,2972,20:45:30,0,80.00,0,0.1700,0.0042,0.0173,0.0059,1,ACTIVE,7,2,2
1458,2973,20:46:00,0,286.00,0,0.1200,0.0042,0.0125,0.0000,1,ACTIVE,7,2,2
1458,2974,20:46:30,0,115.00,0,0.0100,0.0049,0.0000,0.0000,1,ACTIVE,7,2,2
1458,2975,20:47:00,0,15.00,0,0.1700,0.0042,0.0173,0.0059,1,ACTIVE,7,2,2
1458,2976,20:47:30,0,55.00,0,0.0100,0.0049,0.0000,0.0000,1,ACTIVE,7,2,2
1458,2977,20:48:00,0,128.00,0,0.0100,0.0049,0.0000,0.0000,1,ACTIVE,7,2,2
1458,2978,20:48:30,0,80.00,0,0.0200,0.0049,0.0000,0.0059,1,ACTIVE,7,2,2
1458,2979,20:49:00,0,26.00,0,0.0200,0.0049,0.0000,0.0059,1,ACTIVE,7,2,2
1458,2980,20:49:30,0,37.00,0,0.0100,0.0049,0.0000,0.0000,1,ACTIVE,7,2,2
1458,2981,20:50:00,0,34.00,0,0.0100,0.0049,0.0000,0.0000,1,ACTIVE,7,2,2
1458,2982,20:50:30,0,55.00,0,0.4800,0.0679,0.0378,0.0023,1,ACTIVE,7,2,2
1458,2983,20:51:00,0,220.00,0,8.1600,1.0400,0.6600,0.0740,1,ACTIVE,7,2,2
1458,2984,20:51:30,0,90.00,0,7.9400,0.9960,0.6460,0.0790,1,ACTIVE,7,2,2
1458,2985,20:52:00,0,55.00,0,5.5600,0.7200,0.4470,0.0512,1,ACTIVE,7,2,2
1458,2986,20:52:30,0,53.00,0,145.3700,9.0700,13.7000,4.9500,1,ACTIVE,7,2,2
1458,2987,20:53:00,0,20.00,0,23.8800,4.0700,1.6700,0.1960,1,ACTIVE,7,2,2
1458,2988,20:53:30,0,33.00,0,35.2000,2.4700,3.3500,0.3600,1,ACTIVE,7,2,2
1458,2989,20:54:00,0,96.00,0,15.2300,2.2200,1.1600,0.1580,1,ACTIVE,7,2,2
1458,2990,20:54:30,0,251.00,0,8.7500,1.0600,0.7200,0.0880,1,ACTIVE,7,2,2
1458,2991,20:55:00,0,141.00,0,7.2400,0.8940,0.5920,0.0740,1,ACTIVE,7,2,2
1458,2992,20:55:30,0,206.00,0,10.0300,0.8750,0.8940,0.2490,1,ACTIVE,7,2,2
1458,2993,20:56:00,0,46.00,0,7.2400,0.8940,0.5920,0.0694,1,ACTIVE,7,2,2
1458,2994,20:56:30,0,168.00,0,3.4900,0.4670,0.2770,0.0298,1,ACTIVE,7,2,2
1458,2995,20:57:00,0,96.00,0,1.8800,0.2440,0.1510,0.0162,1,ACTIVE,7,2,2
1458,2996,20:57:30,0,39.00,0,1.8700,0.2380,0.1510,0.0206,1,ACTIVE,7,2,2
1458,2997,20:58:00,0,90.00,0,5.9400,1.1100,0.3840,0.1170,1,ACTIVE,7,2,2
1458,2998,20:58:30,0,77.00,0,0.6700,0.0861,0.0523,0.0173,1,ACTIVE,7,2,2
1458,2999,20:59:00,0,128.00,0,1.9500,0.2720,0.1510,0.0206,1,ACTIVE,7,2,2
1458,3000,20:59:30,0,32.00,0,1.8900,0.2440,0.1510,0.0206,1,ACTIVE,7,2,2
1458,3001,21:00:00,0,13.00,0,1.8900,0.2440,0.1510,0.0206,1,ACTIVE,7,2,2
1458,3002,21:00:30,0,24.00,0,1.8700,0.2380,0.1510,0.0206,1,ACTIVE,7,2,2
1458,3003,21:01:00,0,28.00,0,1.8800,0.2440,0.1510,0.0162,1,ACTIVE,7,2,2
1458,3004,21:01:30,0,44.00,0,1.8700,0.2380,0.1510,0.0206,1,ACTIVE,7,2,2
1458,3005,21:02:00,0,25.00,0,1.8700,0.2380,0.1510,0.0162,1,ACTIVE,7,2,2
1458,3006,21:02:30,0,57.00,0,2.8100,0.2660,0.2490,0.0347,1,ACTIVE,7,2,2
1458,3007,21:03:00,0,25.00,0,3.1000,0.2840,0.2770,0.0412,1,ACTIVE,7,2,2
1458,3008,21:03:30,0,44.00,0,5.3200,0.3230,0.5090,0.1390,1,ACTIVE,7,2,2
1458,3009,21:04:00,0,32.00,0,3.9300,0.4190,0.3370,0.0460,1,ACTIVE,7,2,2
1458,3010,21:04:30,0,110.00,0,3.9700,0.3450,0.3600,0.0512,1,ACTIVE,7,2,2
1458,3011,21:05:00,0,3.00,0,2.5800,0.2660,0.2230,0.0298,1,ACTIVE,7,2,2
1458,3012,21:05:30,0,1.00,0,2.3800,0.2660,0.2000,0.0298,1,ACTIVE,7,2,2
1458,3013,21:06:00,0,0.00,0,2.3200,0.2440,0.2000,0.0256,0,ACTIVE,7,2,2
1458,3014,21:06:30,0,59.00,0,2.1000,0.2440,0.1760,0.0206,1,ACTIVE,7,2,2
1458,3015,21:07:00,0,39.00,0,2.0900,0.2380,0.1760,0.0206,1,ACTIVE,7,2,2
1458,3016,21:07:30,0,59.00,0,1.8500,0.2280,0.1510,0.0162,1,ACTIVE,7,2,2
1458,3017,21:08:00,0,27.00,0,1.8700,0.2380,0.1510,0.0206,1,ACTIVE,7,2,2
1458,3018,21:08:30,0,4.00,0,2.3200,0.2380,0.2000,0.0298,1,ACTIVE,7,2,2
1458,3019,21:09:00,0,119.00,0,2.9900,0.3520,0.2490,0.0298,1,ACTIVE,7,2,2
1458,3020,21:09:30,0,315.00,0,13.7800,3.3500,0.7200,0.0650,1,ACTIVE,7,2,2
1458,3021,21:10:00,0,450.00,0,7.8000,0.9330,0.6460,0.0790,1,ACTIVE,7,2,2
1458,3022,21:10:30,0,315.00,0,6.8900,0.7850,0.5790,0.0740,1,ACTIVE,7,2,2
1458,3023,21:11:00,0,295.00,0,5.4100,0.7680,0.4190,0.0460,1,ACTIVE,7,2,2
1458,3024,21:11:30,0,137.00,0,9.5300,1.0900,0.8020,0.1000,1,ACTIVE,7,2,2
1458,3025,21:12:00,0,395.00,0,15.4100,2.1300,1.2100,0.1000,1,ACTIVE,7,2,2
1458,3026,21:12:30,0,277.00,0,28.0500,3.3500,2.3200,0.3160,1,ACTIVE,7,2,2
1458,3027,21:13:00,0,158.00,0,10.9200,2.1700,0.6890,0.0790,1,ACTIVE,7,2,2
1458,3028,21:13:30,0,408.00,0,4.0500,0.5670,0.3160,0.0256,1,ACTIVE,7,2,2
1458,3029,21:14:00,0,220.00,0,70.5200,5.5100,6.5600,0.8370,1,ACTIVE,7,2,2
1458,3030,21:14:30,0,61.00,0,52.9800,8.3200,3.9000,0.4100,1,ACTIVE,7,2,2
1458,3031,21:15:00,0,228.00,0,184.7700,31.9000,12.8000,1.7900,1,ACTIVE,7,2,2
1458,3032,21:15:30,0,479.00,0,51.8900,4.8400,4.6400,0.5430,1,ACTIVE,7,2,2
1458,3033,21:16:00,0,511.00,0,3.8100,1.0200,0.1760,0.0162,1,ACTIVE,7,2,2
1458,3034,21:16:30,0,337.00,0,5.3300,0.7350,0.4190,0.0347,1,ACTIVE,7,2,2
1458,3035,21:17:00,0,326.00,0,7.3100,0.5310,0.6740,0.2090,1,ACTIVE,7,2,2
1458,3036,21:17:30,0,235.00,0,61.5100,8.3200,4.8400,0.6600,1,ACTIVE,7,2,2
1458,3037,21:18:00,0,305.00,0,23.9500,3.6500,1.7900,0.2000,1,ACTIVE,7,2,2
1458,3038,21:18:30,0,326.00,0,98.8600,5.8800,9.4700,2.6400,1,ACTIVE,7,2,2
1458,3039,21:19:00,0,220.00,0,0.5800,0.0128,0.0622,0.0070,1,ACTIVE,7,2,2
1458,3040,21:19:30,0,141.00,1,1.0100,0.0128,0.1120,0.0070,1,ACTIVE,7,2,2
1458,3041,21:20:00,0,163.00,0,0.0100,0.0049,0.0000,0.0000,1,ACTIVE,7,2,2
1458,3042,21:20:30,0,115.00,0,0.1200,0.0042,0.0125,0.0000,1,ACTIVE,7,2,2
1458,3043,21:21:00,0,83.00,0,0.1700,0.0042,0.0173,0.0059,1,ACTIVE,7,2,2
1458,3044,21:21:30,0,0.00,0,0.1700,0.0042,0.0173,0.0059,1,ACTIVE,7,2,2
1458,3045,21:22:00,0,259.00,0,0.0200,0.0049,0.0000,0.0059,1,ACTIVE,7,2,2
1458,3046,21:22:30,0,103.00,0,0.1700,0.0042,0.0173,0.0059,1,ACTIVE,7,2,2
1458,3047,21:23:00,0,435.00,0,0.1200,0.0042,0.0125,0.0000,1,ACTIVE,7,2,2
1458,3048,21:23:30,0,30.00,0,0.1700,0.0042,0.0173,0.0059,1,ACTIVE,7,2,2
1458,3049,21:24:00,0,0.00,0,0.1700,0.0042,0.0173,0.0059,1,ACTIVE,7,2,2
1458,3050,21:24:30,0,0.00,0,0.1200,0.0042,0.0125,0.0000,0,ACTIVE,7,2,2
1458,3051,21:25:00,0,1.00,0,0.1200,0.0042,0.0125,0.0000,0,ACTIVE,7,2,2
1458,3052,21:25:30,0,1.00,0,0.1200,0.0042,0.0125,0.0000,0,ACTIVE,7,2,2
1458,3053,21:26:00,0,0.00,0,0.1200,0.0042,0.0125,0.0000,1,ACTIVE,7,2,2
1458,3054,21:26:30,0,53.00,0,0.1700,0.0042,0.0173,0.0059,1,ACTIVE,7,2,2
1458,3055,21:27:00,0,158.00,0,0.1700,0.0042,0.0173,0.0059,1,ACTIVE,7,2,2
1458,3056,21:27:30,0,25.00,0,0.1700,0.0042,0.0173,0.0059,1,ACTIVE,7,2,2
1458,3057,21:28:00,0,70.00,0,0.1700,0.0042,0.0173,0.0059,1,ACTIVE,7,2,2
1458,3058,21:28:30,0,63.00,0,0.1700,0.0042,0.0173,0.0059,1,ACTIVE,7,2,2
1458,3059,21:29:00,0,93.00,0,0.1700,0.0042,0.0173,0.0059,1,ACTIVE,7,2,2
1458,3060,21:29:30,0,19.00,0,0.1700,0.0042,0.0173,0.0059,1,ACTIVE,7,2,2
1458,3061,21:30:00,0,0.00,0,0.1700,0.0042,0.0173,0.0059,0,ACTIVE,7,2,2
1458,3062,21:30:30,0,0.00,0,0.1200,0.0042,0.0125,0.0000,0,ACTIVE,7,2,2
1458,3063,21:31:00,0,0.00,0,0.1700,0.0042,0.0173,0.0059,0,ACTIVE,7,2,2
1458,3064,21:31:30,0,86.00,0,0.1700,0.0042,0.0173,0.0059,1,ACTIVE,7,2,2
1458,3065,21:32:00,0,35.00,0,0.1700,0.0042,0.0173,0.0059,1,ACTIVE,7,2,2
1458,3066,21:32:30,0,1.00,0,0.1700,0.0042,0.0173,0.0059,0,ACTIVE,7,2,2
1458,3067,21:33:00,0,35.00,0,0.1700,0.0042,0.0173,0.0059,1,ACTIVE,7,2,2
1458,3068,21:33:30,0,0.00,0,0.1700,0.0042,0.0173,0.0059,0,ACTIVE,7,2,2
1458,3069,21:34:00,0,0.00,0,0.1700,0.0042,0.0173,0.0059,0,ACTIVE,7,2,2
1458,3070,21:34:30,0,8.00,0,0.1200,0.0042,0.0125,0.0000,0,ACTIVE,7,2,2
1458,3071,21:35:00,0,10.00,0,0.0100,0.0049,0.0000,0.0000,0,ACTIVE,7,2,2
1458,3072,21:35:30,0,0.00,0,0.1200,0.0042,0.0125,0.0000,0,ACTIVE,7,2,2
1458,3073,21:36:00,0,37.00,0,0.1200,0.0042,0.0125,0.0000,1,ACTIVE,7,2,2
1458,3074,21:36:30,0,119.00,0,0.1700,0.0042,0.0173,0.0059,1,ACTIVE,7,2,2
1458,3075,21:37:00,0,9.00,0,0.0200,0.0049,0.0000,0.0059,1,ACTIVE,7,2,2
1458,3076,21:37:30,0,0.00,0,0.1700,0.0042,0.0173,0.0059,0,ACTIVE,7,2,2
1458,3077,21:38:00,0,0.00,0,0.1700,0.0042,0.0173,0.0059,0,ACTIVE,7,2,2
1458,3078,21:38:30,0,0.00,0,0.1700,0.0042,0.0173,0.0059,0,ACTIVE,7,2,2
1458,3079,21:39:00,0,9.00,0,0.1700,0.0042,0.0173,0.0059,0,ACTIVE,7,2,2
1458,3080,21:39:30,0,35.00,0,0.1700,0.0042,0.0173,0.0059,1,ACTIVE,7,2,2
1458,3081,21:40:00,0,0.00,0,0.1700,0.0042,0.0173,0.0059,0,ACTIVE,7,2,2
1458,3082,21:40:30,0,59.00,0,0.1700,0.0042,0.0173,0.0059,1,ACTIVE,7,2,2
1458,3083,21:41:00,0,3.00,0,0.1700,0.0042,0.0173,0.0059,1,ACTIVE,7,2,2
1458,3084,21:41:30,0,141.00,0,0.1700,0.0042,0.0173,0.0059,1,ACTIVE,7,2,2
1458,3085,21:42:00,0,4.00,0,0.1700,0.0042,0.0173,0.0059,1,ACTIVE,7,2,2
1458,3086,21:42:30,0,124.00,0,0.1700,0.0042,0.0173,0.0059,1,ACTIVE,7,2,2
1458,3087,21:43:00,0,206.00,0,0.1700,0.0042,0.0173,0.0059,1,ACTIVE,7,2,2
1458,3088,21:43:30,0,8.00,0,0.1700,0.0042,0.0173,0.0059,1,ACTIVE,7,2,2
1458,3089,21:44:00,0,22.00,0,0.1200,0.0042,0.0125,0.0000,1,ACTIVE,7,2,2
1458,3090,21:44:30,0,132.00,0,0.1700,0.0042,0.0173,0.0059,1,ACTIVE,7,2,2
1458,3091,21:45:00,0,168.00,0,0.1700,0.0042,0.0173,0.0059,1,ACTIVE,7,2,2
1458,3092,21:45:30,0,199.00,0,0.0200,0.0049,0.0000,0.0059,1,ACTIVE,7,2,2
1458,3093,21:46:00,0,30.00,0,0.1700,0.0042,0.0173,0.0059,1,ACTIVE,7,2,2
1458,3094,21:46:30,0,0.00,0,0.1700,0.0042,0.0173,0.0059,1,ACTIVE,7,2,2
1458,3095,21:47:00,0,0.00,0,0.1700,0.0042,0.0173,0.0059,0,ACTIVE,7,2,2
1458,3096,21:47:30,0,0.00,0,0.1700,0.0042,0.0173,0.0059,0,ACTIVE,7,2,2
1458,3097,21:48:00,0,19.00,0,0.1700,0.0042,0.0173,0.0059,1,ACTIVE,7,2,2
1458,3098,21:48:30,0,61.00,0,0.0200,0.0049,0.0000,0.0059,1,ACTIVE,7,2,2
1458,3099,21:49:00,0,83.00,0,0.1200,0.0042,0.0125,0.0000,1,ACTIVE,7,2,2
1458,3100,21:49:30,0,0.00,0,0.1700,0.0042,0.0173,0.0059,0,ACTIVE,7,2,2
1458,3101,21:50:00,0,0.00,0,0.1700,0.0042,0.0173,0.0059,0,ACTIVE,7,2,2
1458,3102,21:50:30,0,0.00,0,0.1700,0.0042,0.0173,0.0059,0,ACTIVE,7,2,2
1458,3103,21:51:00,0,0.00,0,0.1700,0.0042,0.0173,0.0059,0,ACTIVE,7,2,2
1458,3104,21:51:30,0,0.00,0,0.1700,0.0042,0.0173,0.0059,0,ACTIVE,7,2,2
1458,3105,21:52:00,0,19.00,0,0.1700,0.0042,0.0173,0.0059,1,ACTIVE,7,2,2
1458,3106,21:52:30,0,119.00,0,0.0100,0.0049,0.0000,0.0000,1,ACTIVE,7,2,2
1458,3107,21:53:00,0,186.00,0,0.1700,0.0042,0.0173,0.0059,1,ACTIVE,7,2,2
1458,3108,21:53:30,0,0.00,0,0.1700,0.0042,0.0173,0.0059,1,ACTIVE,7,2,2
1458,3109,21:54:00,0,96.00,0,0.1700,0.0042,0.0173,0.0059,1,ACTIVE,7,2,2
1458,3110,21:54:30,0,4.00,0,0.1700,0.0042,0.0173,0.0059,1,ACTIVE,7,2,2
1458,3111,21:55:00,0,1.00,0,0.1700,0.0042,0.0173,0.0059,1,ACTIVE,7,2,2
1458,3112,21:55:30,0,55.00,0,0.1700,0.0042,0.0173,0.0059,1,ACTIVE,7,2,2
1458,3113,21:56:00,0,28.00,0,0.1700,0.0042,0.0173,0.0059,1,ACTIVE,7,2,2
1458,3114,21:56:30,0,18.00,0,0.1700,0.0042,0.0173,0.0059,1,ACTIVE,7,2,2
1458,3115,21:57:00,0,96.00,0,0.1700,0.0042,0.0173,0.0059,1,ACTIVE,7,2,2
1458,3116,21:57:30,0,0.00,0,0.1700,0.0042,0.0173,0.0059,0,ACTIVE,7,2,2
1458,3117,21:58:00,0,0.00,0,0.1700,0.0042,0.0173,0.0059,0,ACTIVE,7,2,2
1458,3118,21:58:30,0,35.00,0,0.1700,0.0042,0.0173,0.0059,1,ACTIVE,7,2,2
1458,3119,21:59:00,0,11.00,0,0.1700,0.0042,0.0173,0.0059,1,ACTIVE,7,2,2
1458,3120,21:59:30,0,30.00,0,0.1700,0.0042,0.0173,0.0059,1,ACTIVE,7,2,2
1458,3121,22:00:00,0,96.00,0,0.1700,0.0042,0.0173,0.0059,1,ACTIVE,7,2,2
1458,3122,22:00:30,0,193.00,0,0.1200,0.0042,0.0125,0.0000,1,ACTIVE,7,2,2
1458,3123,22:01:00,0,305.00,0,0.0200,0.0049,0.0000,0.0059,1,ACTIVE,7,2,2
1458,3124,22:01:30,0,235.00,0,0.1900,0.0128,0.0173,0.0059,1,ACTIVE,7,2,2
1458,3125,22:02:00,0,220.00,0,0.1700,0.0042,0.0173,0.0059,1,ACTIVE,7,2,2
1458,3126,22:02:30,0,421.00,0,0.1700,0.0042,0.0173,0.0059,1,ACTIVE,7,2,2
1458,3127,22:03:00,0,421.00,0,0.1200,0.0042,0.0125,0.0000,1,ACTIVE,7,2,2
1458,3128,22:03:30,0,0.00,0,0.1700,0.0042,0.0173,0.0059,1,ACTIVE,7,2,2
1458,3129,22:04:00,0,0.00,0,0.1700,0.0042,0.0173,0.0059,1,ACTIVE,7,2,2
1458,3130,22:04:30,0,59.00,0,0.0200,0.0049,0.0000,0.0059,1,ACTIVE,7,2,2
1458,3131,22:05:00,0,57.00,0,0.0200,0.0049,0.0000,0.0059,1,ACTIVE,7,2,2
1458,3132,22:05:30,0,0.00,0,0.1700,0.0042,0.0173,0.0059,0,ACTIVE,7,2,2
1458,3133,22:06:00,0,35.00,0,0.1200,0.0042,0.0125,0.0000,1,ACTIVE,7,2,2
1458,3134,22:06:30,0,3.00,0,0.1700,0.0042,0.0173,0.0059,0,ACTIVE,7,2,2
1458,3135,22:07:00,0,0.00,0,0.1700,0.0042,0.0173,0.0059,1,ACTIVE,7,2,2
1458,3136,22:07:30,0,1.00,0,0.1700,0.0042,0.0173,0.0059,1,ACTIVE,7,2,2
1458,3137,22:08:00,0,220.00,0,0.0100,0.0049,0.0000,0.0000,1,ACTIVE,7,2,2
1458,3138,22:08:30,0,141.00,0,0.0100,0.0049,0.0000,0.0000,1,ACTIVE,7,2,2
1458,3139,22:09:00,0,20.00,0,0.1700,0.0042,0.0173,0.0059,1,ACTIVE,7,2,2
1458,3140,22:09:30,0,137.00,0,0.1200,0.0042,0.0125,0.0000,1,ACTIVE,7,2,2
1458,3141,22:10:00,0,8.00,0,0.1700,0.0042,0.0173,0.0059,1,ACTIVE,7,2,2
1458,3142,22:10:30,0,46.00,0,0.1700,0.0042,0.0173,0.0059,1,ACTIVE,7,2,2
1458,3143,22:11:00,0,46.00,0,0.1700,0.0042,0.0173,0.0059,1,ACTIVE,7,2,2
1458,3144,22:11:30,0,48.00,0,0.1200,0.0042,0.0125,0.0000,1,ACTIVE,7,2,2
1458,3145,22:12:00,0,0.00,0,0.1700,0.0042,0.0173,0.0059,0,ACTIVE,7,2,2
1458,3146,22:12:30,0,0.00,0,0.1700,0.0042,0.0173,0.0059,0,ACTIVE,7,2,2
1458,3147,22:13:00,0,16.00,0,0.1700,0.0042,0.0173,0.0059,0,ACTIVE,7,2,2
1458,3148,22:13:30,0,0.00,0,0.1700,0.0042,0.0173,0.0059,0,ACTIVE,7,2,2
1458,3149,22:14:00,0,0.00,0,0.1700,0.0042,0.0173,0.0059,0,ACTIVE,7,2,2
1458,3150,22:14:30,0,73.00,0,0.1700,0.0042,0.0173,0.0059,1,ACTIVE,7,2,2
1458,3151,22:15:00,0,3.00,0,0.1700,0.0042,0.0173,0.0059,1,ACTIVE,7,2,2
1458,3152,22:15:30,0,39.00,0,0.1700,0.0042,0.0173,0.0059,1,ACTIVE,7,2,2
1458,3153,22:16:00,0,186.00,0,0.0100,0.0049,0.0000,0.0000,1,ACTIVE,7,2,2
1458,3154,22:16:30,0,5.00,0,0.1700,0.0042,0.0173,0.0059,1,ACTIVE,7,2,2
1458,3155,22:17:00,0,0.00,0,0.1700,0.0042,0.0173,0.0059,1,ACTIVE,7,2,2
1458,3156,22:17:30,0,70.00,0,0.1700,0.0042,0.0173,0.0059,1,ACTIVE,7,2,2
1458,3157,22:18:00,0,0.00,0,0.1700,0.0042,0.0173,0.0059,0,ACTIVE,7,2,2
1458,3158,22:18:30,0,19.00,0,0.1700,0.0042,0.0173,0.0059,1,ACTIVE,7,2,2
1458,3159,22:19:00,0,0.00,0,0.1700,0.0042,0.0173,0.0059,0,ACTIVE,7,2,2
1458,3160,22:19:30,0,0.00,0,0.1700,0.0042,0.0173,0.0059,0,ACTIVE,7,2,2
1458,3161,22:20:00,0,0.00,0,0.1700,0.0042,0.0173,0.0059,0,ACTIVE,7,2,2
1458,3162,22:20:30,0,0.00,0,0.1700,0.0042,0.0173,0.0059,0,ACTIVE,7,2,2
1458,3163,22:21:00,0,0.00,0,0.1700,0.0042,0.0173,0.0059,0,ACTIVE,7,2,2
1458,3164,22:21:30,0,0.00,0,0.1700,0.0042,0.0173,0.0059,0,ACTIVE,7,2,2
1458,3165,22:22:00,0,0.00,0,0.1700,0.0042,0.0173,0.0059,0,ACTIVE,7,2,2
1458,3166,22:22:30,0,0.00,0,0.1700,0.0042,0.0173,0.0059,1,ACTIVE,7,2,2
1458,3167,22:23:00,0,0.00,0,0.1700,0.0042,0.0173,0.0059,1,ACTIVE,7,2,2
1458,3168,22:23:30,0,220.00,0,0.1700,0.0042,0.0173,0.0059,1,ACTIVE,7,2,2
1458,3169,22:24:00,0,77.00,0,0.0200,0.0049,0.0000,0.0059,1,ACTIVE,7,2,2
1458,3170,22:24:30,0,0.00,0,0.1700,0.0042,0.0173,0.0059,1,ACTIVE,7,2,2
1458,3171,22:25:00,0,0.00,0,0.1700,0.0042,0.0173,0.0059,0,ACTIVE,7,2,2
1458,3172,22:25:30,0,0.00,0,0.1200,0.0042,0.0125,0.0000,0,ACTIVE,7,2,2
1458,3173,22:26:00,0,15.00,0,0.1700,0.0042,0.0173,0.0059,0,ACTIVE,7,2,2
1458,3174,22:26:30,0,4.00,0,0.1700,0.0042,0.0173,0.0059,0,ACTIVE,7,2,2
1458,3175,22:27:00,0,9.00,0,0.1700,0.0042,0.0173,0.0059,0,ACTIVE,7,2,2
1458,3176,22:27:30,0,33.00,0,0.1700,0.0042,0.0173,0.0059,1,ACTIVE,7,2,2
1458,3177,22:28:00,0,0.00,0,0.1700,0.0042,0.0173,0.0059,0,ACTIVE,7,2,2
1458,3178,22:28:30,0,26.00,0,0.1700,0.0042,0.0173,0.0059,1,ACTIVE,7,2,2
1458,3179,22:29:00,0,8.00,0,0.1700,0.0042,0.0173,0.0059,1,ACTIVE,7,2,2
1458,3180,22:29:30,0,0.00,0,0.1700,0.0042,0.0173,0.0059,1,ACTIVE,7,2,2
1458,3181,22:30:00,0,128.00,0,0.1700,0.0042,0.0173,0.0059,1,ACTIVE,7,2,2
1458,3182,22:30:30,0,371.00,0,0.1700,0.0042,0.0173,0.0059,1,ACTIVE,7,2,2
1458,3183,22:31:00,0,53.00,0,0.1900,0.0128,0.0173,0.0059,1,ACTIVE,7,2,2
1458,3184,22:31:30,0,16.00,0,0.1700,0.0042,0.0173,0.0059,1,ACTIVE,7,2,2
1458,3185,22:32:00,0,8.00,0,0.1900,0.0128,0.0173,0.0059,1,ACTIVE,7,2,2
1458,3186,22:32:30,0,4.00,0,0.1900,0.0128,0.0173,0.0059,1,ACTIVE,7,2,2
1458,3187,22:33:00,0,15.00,0,0.1900,0.0128,0.0173,0.0059,1,ACTIVE,7,2,2
1458,3188,22:33:30,0,46.00,0,0.1700,0.0042,0.0173,0.0059,1,ACTIVE,7,2,2
1458,3189,22:34:00,0,10.00,0,0.1900,0.0128,0.0173,0.0059,0,ACTIVE,7,2,2
1458,3190,22:34:30,0,11.00,0,0.1900,0.0128,0.0173,0.0059,0,ACTIVE,7,2,2
1458,3191,22:35:00,0,22.00,0,0.1700,0.0042,0.0173,0.0059,1,ACTIVE,7,2,2
1458,3192,22:35:30,0,0.00,0,0.1900,0.0128,0.0173,0.0059,0,ACTIVE,7,2,2
1458,3193,22:36:00,0,2.00,0,0.1700,0.0042,0.0173,0.0059,0,ACTIVE,7,2,2
1458,3194,22:36:30,0,23.00,0,0.1700,0.0042,0.0173,0.0059,1,ACTIVE,7,2,2
1458,3195,22:37:00,0,15.00,0,0.1900,0.0128,0.0173,0.0059,0,ACTIVE,7,2,2
1458,3196,22:37:30,0,7.00,0,0.1900,0.0128,0.0173,0.0059,0,ACTIVE,7,2,2
1458,3197,22:38:00,0,1.00,0,0.1700,0.0042,0.0173,0.0059,0,ACTIVE,7,2,2
1458,3198,22:38:30,0,9.00,0,0.1900,0.0128,0.0173,0.0059,0,ACTIVE,7,2,2
1458,3199,22:39:00,0,5.00,0,0.1700,0.0042,0.0173,0.0059,0,ACTIVE,7,2,2
1458,3200,22:39:30,0,9.00,0,0.1700,0.0042,0.0173,0.0059,0,ACTIVE,7,2,2
1458,3201,22:40:00,0,8.00,0,0.1700,0.0042,0.0173,0.0059,0,ACTIVE,7,2,2
1458,3202,22:40:30,0,10.00,0,0.1900,0.0128,0.0173,0.0059,0,ACTIVE,7,2,2
1458,3203,22:41:00,0,15.00,0,0.1700,0.0042,0.0173,0.0059,0,ACTIVE,7,2,2
1458,3204,22:41:30,0,0.00,0,0.1700,0.0042,0.0173,0.0059,0,ACTIVE,7,2,2
1458,3205,22:42:00,0,0.00,0,0.1700,0.0042,0.0173,0.0059,0,ACTIVE,7,2,2
1458,3206,22:42:30,0,9.00,0,0.1700,0.0042,0.0173,0.0059,0,ACTIVE,7,2,2
1458,3207,22:43:00,0,7.00,0,0.1700,0.0042,0.0173,0.0059,1,ACTIVE,7,2,2
1458,3208,22:43:30,0,7.00,0,0.1700,0.0042,0.0173,0.0059,1,ACTIVE,7,2,2
1458,3209,22:44:00,0,1.00,0,0.1700,0.0042,0.0173,0.0059,1,ACTIVE,7,2,2
1458,3210,22:44:30,0,1.00,0,0.1700,0.0042,0.0173,0.0059,1,ACTIVE,7,2,2
1458,3211,22:45:00,0,581.00,0,0.0100,0.0049,0.0000,0.0000,1,ACTIVE,7,2,2
1458,3212,22:45:30,0,11.00,0,0.1700,0.0042,0.0173,0.0059,1,ACTIVE,7,2,2
1458,3213,22:46:00,0,1.00,0,0.1700,0.0042,0.0173,0.0059,1,ACTIVE,7,2,2
1458,3214,22:46:30,0,9.00,0,0.1700,0.0042,0.0173,0.0059,1,ACTIVE,7,2,2
1458,3215,22:47:00,0,7.00,0,0.1700,0.0042,0.0173,0.0059,0,ACTIVE,7,2,2
1458,3216,22:47:30,0,1.00,0,0.1700,0.0042,0.0173,0.0059,0,ACTIVE,7,2,2
1458,3217,22:48:00,0,0.00,0,0.1700,0.0042,0.0173,0.0059,0,ACTIVE,7,2,2
1458,3218,22:48:30,0,0.00,0,0.1700,0.0042,0.0173,0.0059,0,ACTIVE,7,2,2
1458,3219,22:49:00,0,0.00,0,0.1700,0.0042,0.0173,0.0059,0,ACTIVE,7,2,2
1458,3220,22:49:30,0,1.00,0,0.1700,0.0042,0.0173,0.0059,0,ACTIVE,7,2,2
1458,3221,22:50:00,0,3.00,0,0.1700,0.0042,0.0173,0.0059,0,ACTIVE,7,2,2
1458,3222,22:50:30,0,12.00,0,0.1700,0.0042,0.0173,0.0059,0,ACTIVE,7,2,2
1458,3223,22:51:00,0,0.00,0,0.1900,0.0128,0.0173,0.0059,0,ACTIVE,7,2,2
1458,3224,22:51:30,0,1.00,0,0.1700,0.0042,0.0173,0.0059,0,ACTIVE,7,2,2
1458,3225,22:52:00,0,0.00,0,0.1700,0.0042,0.0173,0.0059,0,ACTIVE,7,2,2
1458,3226,22:52:30,0,1.00,0,0.1700,0.0042,0.0173,0.0059,0,ACTIVE,7,2,2
1458,3227,22:53:00,0,3.00,0,0.1700,0.0042,0.0173,0.0059,0,ACTIVE,7,2,2
1458,3228,22:53:30,0,0.00,0,0.1900,0.0128,0.0173,0.0059,0,ACTIVE,7,2,2
1458,3229,22:54:00,0,0.00,0,0.1700,0.0042,0.0173,0.0059,0,ACTIVE,7,2,2
1458,3230,22:54:30,0,1.00,0,0.1700,0.0042,0.0173,0.0059,0,ACTIVE,7,2,2
1458,3231,22:55:00,0,0.00,0,0.1900,0.0128,0.0173,0.0059,0,ACTIVE,7,2,2
1458,3232,22:55:30,0,1.00,0,0.1900,0.0128,0.0173,0.0059,0,ACTIVE,7,2,2
1458,3233,22:56:00,0,0.00,0,0.1700,0.0042,0.0173,0.0059,0,ACTIVE,7,2,2
1458,3234,22:56:30,0,1.00,0,0.1900,0.0128,0.0173,0.0059,0,ACTIVE,7,2,2
1458,3235,22:57:00,0,0.00,0,0.1700,0.0042,0.0173,0.0059,0,ACTIVE,7,2,2
1458,3236,22:57:30,0,3.00,0,0.1900,0.0128,0.0173,0.0059,0,ACTIVE,7,2,2
1458,3237,22:58:00,0,0.00,0,0.1900,0.0128,0.0173,0.0059,0,ACTIVE,7,2,2
1458,3238,22:58:30,0,0.00,0,0.1700,0.0042,0.0173,0.0059,0,ACTIVE,7,2,2
1458,3239,22:59:00,0,0.00,0,0.1900,0.0128,0.0173,0.0059,0,ACTIVE,7,2,2
1458,3240,22:59:30,0,0.00,0,0.1900,0.0128,0.0173,0.0059,0,ACTIVE,7,2,2
1458,3241,23:00:00,0,0.00,0,0.1900,0.0128,0.0173,0.0059,0,ACTIVE,7,2,2
1458,3242,23:00:30,0,0.00,0,0.1900,0.0128,0.0173,0.0059,0,ACTIVE,7,2,2
1458,3243,23:01:00,0,0.00,0,0.1900,0.0128,0.0173,0.0059,0,ACTIVE,7,2,2
1458,3244,23:01:30,0,0.00,0,0.1900,0.0128,0.0173,0.0059,0,ACTIVE,7,2,2
1458,3245,23:02:00,0,0.00,0,0.1700,0.0042,0.0173,0.0059,0,ACTIVE,7,2,2
1458,3246,23:02:30,0,0.00,0,0.1700,0.0042,0.0173,0.0059,0,ACTIVE,7,2,2
1458,3247,23:03:00,0,0.00,0,0.1700,0.0042,0.0173,0.0059,0,ACTIVE,7,2,2
1458,3248,23:03:30,0,0.00,0,0.1700,0.0042,0.0173,0.0059,0,ACTIVE,7,2,2
1458,3249,23:04:00,0,0.00,0,0.1900,0.0128,0.0173,0.0059,0,ACTIVE,7,2,2
1458,3250,23:04:30,0,0.00,0,0.1900,0.0128,0.0173,0.0059,0,ACTIVE,7,2,2
1458,3251,23:05:00,0,0.00,0,0.1700,0.0042,0.0173,0.0059,0,ACTIVE,7,2,2
1458,3252,23:05:30,0,3.00,0,0.1900,0.0128,0.0173,0.0059,0,ACTIVE,7,2,2
1458,3253,23:06:00,0,96.00,0,0.1900,0.0128,0.0173,0.0059,1,ACTIVE,7,2,2
1458,3254,23:06:30,0,15.00,0,0.1900,0.0128,0.0173,0.0059,1,ACTIVE,7,2,2
1458,3255,23:07:00,0,22.00,0,0.1900,0.0128,0.0173,0.0059,1,ACTIVE,7,2,2
1458,3256,23:07:30,0,1.00,0,0.1900,0.0128,0.0173,0.0059,0,ACTIVE,7,2,2
1458,3257,23:08:00,0,11.00,0,0.1900,0.0128,0.0173,0.0059,0,ACTIVE,7,2,2
1458,3258,23:08:30,0,0.00,0,0.1700,0.0042,0.0173,0.0059,0,ACTIVE,7,2,2
1458,3259,23:09:00,0,0.00,0,0.1900,0.0128,0.0173,0.0059,0,ACTIVE,7,2,2
1458,3260,23:09:30,0,0.00,0,0.1900,0.0128,0.0173,0.0059,0,ACTIVE,7,2,2
1458,3261,23:10:00,0,0.00,0,0.1900,0.0128,0.0173,0.0059,0,ACTIVE,7,2,2
1458,3262,23:10:30,0,12.00,0,0.1700,0.0042,0.0173,0.0059,0,ACTIVE,7,2,2
1458,3263,23:11:00,0,0.00,0,0.1700,0.0042,0.0173,0.0059,0,ACTIVE,7,2,2
1458,3264,23:11:30,0,2.00,0,0.1900,0.0128,0.0173,0.0059,0,ACTIVE,7,2,2
1458,3265,23:12:00,0,28.00,0,0.1900,0.0128,0.0173,0.0059,1,ACTIVE,7,2,2
1458,3266,23:12:30,0,0.00,0,0.1900,0.0128,0.0173,0.0059,0,ACTIVE,7,2,2
1458,3267,23:13:00,0,0.00,0,0.1700,0.0042,0.0173,0.0059,0,ACTIVE,7,2,2
1458,3268,23:13:30,0,55.00,0,0.1700,0.0042,0.0173,0.0059,1,ACTIVE,7,2,2
1458,3269,23:14:00,0,0.00,0,0.1900,0.0128,0.0173,0.0059,0,ACTIVE,7,2,2
1458,3270,23:14:30,0,3.00,0,0.1900,0.0128,0.0173,0.0059,0,ACTIVE,7,2,2
1458,3271,23:15:00,0,0.00,0,0.1900,0.0128,0.0173,0.0059,0,ACTIVE,7,2,2
1458,3272,23:15:30,0,9.00,0,0.1900,0.0128,0.0173,0.0059,0,ACTIVE,7,2,2
1458,3273,23:16:00,0,0.00,0,0.1900,0.0128,0.0173,0.0059,0,ACTIVE,7,2,2
1458,3274,23:16:30,0,3.00,0,0.1900,0.0128,0.0173,0.0059,0,ACTIVE,7,2,2
1458,3275,23:17:00,0,0.00,0,0.1900,0.0128,0.0173,0.0059,0,ACTIVE,7,2,2
1458,3276,23:17:30,0,0.00,0,0.1900,0.0128,0.0173,0.0059,0,ACTIVE,7,2,2
1458,3277,23:18:00,0,3.00,0,0.1900,0.0128,0.0173,0.0059,0,ACTIVE,7,2,2
1458,3278,23:18:30,0,28.00,0,0.1900,0.0128,0.0173,0.0059,1,ACTIVE,7,2,2
1458,3279,23:19:00,0,0.00,0,0.1900,0.0128,0.0173,0.0059,0,ACTIVE,7,2,2
1458,3280,23:19:30,0,0.00,0,0.1900,0.0128,0.0173,0.0059,0,ACTIVE,7,2,2
1458,3281,23:20:00,0,1.00,0,0.1900,0.0128,0.0173,0.0059,0,ACTIVE,7,2,2
1458,3282,23:20:30,0,0.00,0,0.1900,0.0128,0.0173,0.0059,0,ACTIVE,7,2,2
1458,3283,23:21:00,0,0.00,0,0.1900,0.0128,0.0173,0.0059,0,ACTIVE,7,2,2
1458,3284,23:21:30,0,5.00,0,0.1900,0.0128,0.0173,0.0059,0,ACTIVE,7,2,2
1458,3285,23:22:00,0,19.00,0,0.1900,0.0128,0.0173,0.0059,0,ACTIVE,7,2,2
1458,3286,23:22:30,0,0.00,0,0.1700,0.0042,0.0173,0.0059,0,ACTIVE,7,2,2
1458,3287,23:23:00,0,2.00,0,0.1700,0.0042,0.0173,0.0059,0,ACTIVE,7,2,2
1458,3288,23:23:30,0,0.00,0,0.1900,0.0128,0.0173,0.0059,0,ACTIVE,7,2,2
1458,3289,23:24:00,0,0.00,0,0.1700,0.0042,0.0173,0.0059,0,ACTIVE,7,2,2
1458,3290,23:24:30,0,0.00,0,0.1700,0.0042,0.0173,0.0059,0,ACTIVE,7,2,2
1458,3291,23:25:00,0,0.00,0,0.1700,0.0042,0.0173,0.0059,0,ACTIVE,7,2,2
1458,3292,23:25:30,0,100.00,0,0.1700,0.0042,0.0173,0.0059,1,ACTIVE,7,2,2
1458,3293,23:26:00,0,0.00,0,0.1700,0.0042,0.0173,0.0059,0,ACTIVE,7,2,2
1458,3294,23:26:30,0,10.00,0,0.1700,0.0042,0.0173,0.0059,1,REST,7,2,2
1458,3295,23:27:00,0,0.00,0,0.1700,0.0042,0.0173,0.0059,0,REST-S,7,2,2
1458,3296,23:27:30,0,1.00,0,0.1700,0.0042,0.0173,0.0059,0,REST-S,7,2,2
1458,3297,23:28:00,0,0.00,0,0.1900,0.0128,0.0173,0.0059,0,REST-S,7,2,2
1458,3298,23:28:30,0,0.00,0,0.1900,0.0128,0.0173,0.0059,0,REST-S,7,2,2
1458,3299,23:29:00,0,0.00,0,0.1900,0.0128,0.0173,0.0059,0,REST-S,7,2,2
1458,3300,23:29:30,0,0.00,0,0.1700,0.0042,0.0173,0.0059,0,REST-S,7,2,2
1458,3301,23:30:00,0,0.00,0,0.1700,0.0042,0.0173,0.0059,0,REST-S,7,2,2
1458,3302,23:30:30,0,0.00,0,0.1900,0.0128,0.0173,0.0059,0,REST-S,7,2,2
1458,3303,23:31:00,0,9.00,0,0.1700,0.0042,0.0173,0.0059,0,REST-S,7,2,2
1458,3304,23:31:30,0,0.00,0,0.1700,0.0042,0.0173,0.0059,0,REST-S,7,2,2
1458,3305,23:32:00,0,0.00,0,0.1700,0.0042,0.0173,0.0059,0,REST-S,7,2,2
1458,3306,23:32:30,0,0.00,0,0.1700,0.0042,0.0173,0.0059,0,REST-S,7,2,2
1458,3307,23:33:00,0,0.00,0,0.1700,0.0042,0.0173,0.0059,0,REST-S,7,2,2
1458,3308,23:33:30,0,0.00,0,0.1700,0.0042,0.0173,0.0059,0,REST-S,7,2,2
1458,3309,23:34:00,0,0.00,0,0.1900,0.0128,0.0173,0.0059,0,REST-S,7,2,2
1458,3310,23:34:30,0,0.00,0,0.1700,0.0042,0.0173,0.0059,0,REST-S,7,2,2
1458,3311,23:35:00,0,0.00,0,0.1700,0.0042,0.0173,0.0059,0,REST-S,7,2,2
1458,3312,23:35:30,0,0.00,0,0.1900,0.0128,0.0173,0.0059,0,REST-S,7,2,2
1458,3313,23:36:00,0,12.00,0,0.1900,0.0128,0.0173,0.0059,0,REST-S,7,2,2
1458,3314,23:36:30,0,0.00,0,0.1900,0.0128,0.0173,0.0059,0,REST-S,7,2,2
1458,3315,23:37:00,0,0.00,0,0.1700,0.0042,0.0173,0.0059,0,REST-S,7,2,2
1458,3316,23:37:30,0,0.00,0,0.1700,0.0042,0.0173,0.0059,0,REST-S,7,2,2
1458,3317,23:38:00,0,0.00,0,0.1700,0.0042,0.0173,0.0059,0,REST-S,7,2,2
1458,3318,23:38:30,0,0.00,0,0.1700,0.0042,0.0173,0.0059,0,REST-S,7,2,2
1458,3319,23:39:00,0,0.00,0,0.1700,0.0042,0.0173,0.0059,0,REST-S,7,2,2
1458,3320,23:39:30,0,0.00,0,0.1700,0.0042,0.0173,0.0059,0,REST-S,7,2,2
1458,3321,23:40:00,0,0.00,0,0.1700,0.0042,0.0173,0.0059,0,REST-S,7,2,2
1458,3322,23:40:30,0,0.00,0,0.1700,0.0042,0.0173,0.0059,0,REST-S,7,2,2
1458,3323,23:41:00,0,0.00,0,0.1700,0.0042,0.0173,0.0059,0,REST-S,7,2,2
1458,3324,23:41:30,0,0.00,0,0.1700,0.0042,0.0173,0.0059,0,REST-S,7,2,2
1458,3325,23:42:00,0,0.00,0,0.1700,0.0042,0.0173,0.0059,0,REST-S,7,2,2
1458,3326,23:42:30,0,0.00,0,0.1700,0.0042,0.0173,0.0059,0,REST-S,7,2,2
1458,3327,23:43:00,0,0.00,0,0.1900,0.0128,0.0173,0.0059,0,REST-S,7,2,2
1458,3328,23:43:30,0,0.00,0,0.1700,0.0042,0.0173,0.0059,0,REST-S,7,2,2
1458,3329,23:44:00,0,0.00,0,0.1700,0.0042,0.0173,0.0059,0,REST-S,7,2,2
1458,3330,23:44:30,0,8.00,0,0.1700,0.0042,0.0173,0.0059,0,REST-S,7,2,2
1458,3331,23:45:00,0,0.00,0,0.1700,0.0042,0.0173,0.0059,0,REST-S,7,2,2
1458,3332,23:45:30,0,0.00,0,0.1700,0.0042,0.0173,0.0059,0,REST-S,7,2,2
1458,3333,23:46:00,0,0.00,0,0.1700,0.0042,0.0173,0.0059,0,REST-S,7,2,2
1458,3334,23:46:30,0,0.00,0,0.1700,0.0042,0.0173,0.0059,0,REST-S,7,2,2
1458,3335,23:47:00,0,0.00,0,0.1700,0.0042,0.0173,0.0059,0,REST-S,7,2,2
1458,3336,23:47:30,0,0.00,0,0.1700,0.0042,0.0173,0.0059,0,REST-S,7,2,2
1458,3337,23:48:00,0,0.00,0,0.1700,0.0042,0.0173,0.0059,0,REST-S,7,2,2
1458,3338,23:48:30,0,2.00,0,0.1700,0.0042,0.0173,0.0059,0,REST-S,7,2,2
1458,3339,23:49:00,0,0.00,0,0.1700,0.0042,0.0173,0.0059,0,REST-S,7,2,2
1458,3340,23:49:30,0,0.00,0,0.1700,0.0042,0.0173,0.0059,0,REST-S,7,2,2
1458,3341,23:50:00,0,0.00,0,0.1700,0.0042,0.0173,0.0059,0,REST-S,7,2,2
1458,3342,23:50:30,0,0.00,0,0.1700,0.0042,0.0173,0.0059,1,REST-S,7,2,2
1458,3343,23:51:00,0,0.00,0,0.1700,0.0042,0.0173,0.0059,1,REST-S,7,2,2
1458,3344,23:51:30,0,295.00,0,0.1700,0.0042,0.0173,0.0059,1,REST-S,7,2,2
1458,3345,23:52:00,0,11.00,0,0.1700,0.0042,0.0173,0.0059,1,REST-S,7,2,2
1458,3346,23:52:30,0,0.00,0,0.1900,0.0128,0.0173,0.0059,1,REST-S,7,2,2
1458,3347,23:53:00,0,0.00,0,0.1700,0.0042,0.0173,0.0059,0,REST-S,7,2,2
1458,3348,23:53:30,0,0.00,0,0.1700,0.0042,0.0173,0.0059,0,REST-S,7,2,2
1458,3349,23:54:00,0,0.00,0,0.1700,0.0042,0.0173,0.0059,0,REST-S,7,2,2
1458,3350,23:54:30,0,0.00,0,0.1900,0.0128,0.0173,0.0059,0,REST-S,7,2,2
1458,3351,23:55:00,0,0.00,0,0.1900,0.0128,0.0173,0.0059,0,REST-S,7,2,2
1458,3352,23:55:30,0,0.00,0,0.1900,0.0128,0.0173,0.0059,0,REST-S,7,2,2
1458,3353,23:56:00,0,0.00,0,0.1900,0.0128,0.0173,0.0059,0,REST-S,7,2,2
1458,3354,23:56:30,0,0.00,0,0.1900,0.0128,0.0173,0.0059,0,REST-S,7,2,2
1458,3355,23:57:00,0,0.00,0,0.1700,0.0042,0.0173,0.0059,0,REST-S,7,2,2
1458,3356,23:57:30,0,0.00,0,0.1700,0.0042,0.0173,0.0059,0,REST-S,7,2,2
1458,3357,23:58:00,0,0.00,0,0.1900,0.0128,0.0173,0.0059,0,REST-S,7,2,2
1458,3358,23:58:30,0,0.00,0,0.1700,0.0042,0.0173,0.0059,0,REST-S,7,2,2
1458,3359,23:59:00,0,0.00,0,0.1700,0.0042,0.0173,0.0059,0,REST-S,7,2,2
1458,3360,23:59:30,0,0.00,0,0.1900,0.0128,0.0173,0.0059,0,REST-S,7,2,2
1458,3361,0:00:00,0,0.00,0,0.1700,0.0042,0.0173,0.0059,0,REST-S,1,3,2
1458,3362,0:00:30,0,0.00,0,0.1900,0.0128,0.0173,0.0059,0,REST-S,1,3,2
1458,3363,0:01:00,0,0.00,0,0.1700,0.0042,0.0173,0.0059,0,REST-S,1,3,2
1458,3364,0:01:30,0,0.00,0,0.1900,0.0128,0.0173,0.0059,0,REST-S,1,3,2
1458,3365,0:02:00,0,0.00,0,0.1700,0.0042,0.0173,0.0059,0,REST-S,1,3,2
1458,3366,0:02:30,0,0.00,0,0.1900,0.0128,0.0173,0.0059,0,REST-S,1,3,2
1458,3367,0:03:00,0,0.00,0,0.1900,0.0128,0.0173,0.0059,0,REST-S,1,3,2
1458,3368,0:03:30,0,0.00,0,0.1900,0.0128,0.0173,0.0059,0,REST-S,1,3,2
1458,3369,0:04:00,0,0.00,0,0.1900,0.0128,0.0173,0.0059,0,REST-S,1,3,2
1458,3370,0:04:30,0,0.00,0,0.1900,0.0128,0.0173,0.0059,0,REST-S,1,3,2
1458,3371,0:05:00,0,0.00,0,0.1900,0.0128,0.0173,0.0059,0,REST-S,1,3,2
1458,3372,0:05:30,0,0.00,0,0.1900,0.0128,0.0173,0.0059,0,REST-S,1,3,2
1458,3373,0:06:00,0,0.00,0,0.1900,0.0128,0.0173,0.0059,0,REST-S,1,3,2
1458,3374,0:06:30,0,0.00,0,0.1900,0.0128,0.0173,0.0059,0,REST-S,1,3,2
1458,3375,0:07:00,0,0.00,0,0.1900,0.0128,0.0173,0.0059,0,REST-S,1,3,2
1458,3376,0:07:30,0,0.00,0,0.1900,0.0128,0.0173,0.0059,0,REST-S,1,3,2
1458,3377,0:08:00,0,0.00,0,0.1900,0.0128,0.0173,0.0059,0,REST-S,1,3,2
1458,3378,0:08:30,0,0.00,0,0.1900,0.0128,0.0173,0.0059,0,REST-S,1,3,2
1458,3379,0:09:00,0,0.00,0,0.1900,0.0128,0.0173,0.0059,0,REST-S,1,3,2
1458,3380,0:09:30,0,0.00,0,0.1900,0.0128,0.0173,0.0059,0,REST-S,1,3,2
1458,3381,0:10:00,0,0.00,0,0.1900,0.0128,0.0173,0.0059,0,REST-S,1,3,2
1458,3382,0:10:30,0,0.00,0,0.1900,0.0128,0.0173,0.0059,0,REST-S,1,3,2
1458,3383,0:11:00,0,33.00,0,0.1900,0.0128,0.0173,0.0059,1,REST-S,1,3,2
1458,3384,0:11:30,0,2.00,0,0.1900,0.0128,0.0173,0.0059,0,REST-S,1,3,2
1458,3385,0:12:00,0,0.00,0,0.1900,0.0128,0.0173,0.0059,0,REST-S,1,3,2
1458,3386,0:12:30,0,0.00,0,0.1900,0.0128,0.0173,0.0059,0,REST-S,1,3,2
1458,3387,0:13:00,0,0.00,0,0.1700,0.0042,0.0173,0.0059,0,REST-S,1,3,2
1458,3388,0:13:30,0,0.00,0,0.1700,0.0042,0.0173,0.0059,0,REST-S,1,3,2
1458,3389,0:14:00,0,0.00,0,0.1900,0.0128,0.0173,0.0059,0,REST-S,1,3,2
1458,3390,0:14:30,0,0.00,0,0.1700,0.0042,0.0173,0.0059,0,REST-S,1,3,2
1458,3391,0:15:00,0,0.00,0,0.1900,0.0128,0.0173,0.0059,0,REST-S,1,3,2
1458,3392,0:15:30,0,0.00,0,0.1700,0.0042,0.0173,0.0059,0,REST-S,1,3,2
1458,3393,0:16:00,0,0.00,0,0.1900,0.0128,0.0173,0.0059,0,REST-S,1,3,2
1458,3394,0:16:30,0,0.00,0,0.1700,0.0042,0.0173,0.0059,0,REST-S,1,3,2
1458,3395,0:17:00,0,0.00,0,0.1700,0.0042,0.0173,0.0059,0,REST-S,1,3,2
1458,3396,0:17:30,0,0.00,0,0.1700,0.0042,0.0173,0.0059,0,REST-S,1,3,2
1458,3397,0:18:00,0,0.00,0,0.1700,0.0042,0.0173,0.0059,0,REST-S,1,3,2
1458,3398,0:18:30,0,0.00,0,0.1700,0.0042,0.0173,0.0059,0,REST-S,1,3,2
1458,3399,0:19:00,0,0.00,0,0.1700,0.0042,0.0173,0.0059,0,REST-S,1,3,2
1458,3400,0:19:30,0,0.00,0,0.1700,0.0042,0.0173,0.0059,0,REST-S,1,3,2
1458,3401,0:20:00,0,0.00,0,0.1700,0.0042,0.0173,0.0059,0,REST-S,1,3,2
1458,3402,0:20:30,0,0.00,0,0.1700,0.0042,0.0173,0.0059,0,REST-S,1,3,2
1458,3403,0:21:00,0,0.00,0,0.1700,0.0042,0.0173,0.0059,0,REST-S,1,3,2
1458,3404,0:21:30,0,0.00,0,0.1700,0.0042,0.0173,0.0059,0,REST-S,1,3,2
1458,3405,0:22:00,0,0.00,0,0.1700,0.0042,0.0173,0.0059,0,REST-S,1,3,2
1458,3406,0:22:30,0,0.00,0,0.1700,0.0042,0.0173,0.0059,0,REST-S,1,3,2
1458,3407,0:23:00,0,0.00,0,0.1700,0.0042,0.0173,0.0059,0,REST-S,1,3,2
1458,3408,0:23:30,0,0.00,0,0.1700,0.0042,0.0173,0.0059,0,REST-S,1,3,2
1458,3409,0:24:00,0,0.00,0,0.1700,0.0042,0.0173,0.0059,0,REST-S,1,3,2
1458,3410,0:24:30,0,0.00,0,0.1700,0.0042,0.0173,0.0059,0,REST-S,1,3,2
1458,3411,0:25:00,0,0.00,0,0.1700,0.0042,0.0173,0.0059,0,REST-S,1,3,2
1458,3412,0:25:30,0,0.00,0,0.1700,0.0042,0.0173,0.0059,0,REST-S,1,3,2
1458,3413,0:26:00,0,1.00,0,0.1700,0.0042,0.0173,0.0059,0,REST-S,1,3,2
1458,3414,0:26:30,0,0.00,0,0.1900,0.0128,0.0173,0.0059,0,REST-S,1,3,2
1458,3415,0:27:00,0,0.00,0,0.1700,0.0042,0.0173,0.0059,0,REST-S,1,3,2
1458,3416,0:27:30,0,0.00,0,0.1700,0.0042,0.0173,0.0059,0,REST-S,1,3,2
1458,3417,0:28:00,0,0.00,0,0.1700,0.0042,0.0173,0.0059,0,REST-S,1,3,2
1458,3418,0:28:30,0,0.00,0,0.1700,0.0042,0.0173,0.0059,0,REST-S,1,3,2
1458,3419,0:29:00,0,0.00,0,0.1700,0.0042,0.0173,0.0059,0,REST-S,1,3,2
1458,3420,0:29:30,0,0.00,0,0.1700,0.0042,0.0173,0.0059,0,REST-S,1,3,2
1458,3421,0:30:00,0,0.00,0,0.1700,0.0042,0.0173,0.0059,0,REST-S,1,3,2
1458,3422,0:30:30,0,0.00,0,0.1700,0.0042,0.0173,0.0059,0,REST-S,1,3,2
1458,3423,0:31:00,0,0.00,0,0.1700,0.0042,0.0173,0.0059,0,REST-S,1,3,2
1458,3424,0:31:30,0,0.00,0,0.1700,0.0042,0.0173,0.0059,0,REST-S,1,3,2
1458,3425,0:32:00,0,0.00,0,0.1700,0.0042,0.0173,0.0059,0,REST-S,1,3,2
1458,3426,0:32:30,0,0.00,0,0.1700,0.0042,0.0173,0.0059,0,REST-S,1,3,2
1458,3427,0:33:00,0,0.00,0,0.1700,0.0042,0.0173,0.0059,0,REST-S,1,3,2
1458,3428,0:33:30,0,0.00,0,0.1700,0.0042,0.0173,0.0059,0,REST-S,1,3,2
1458,3429,0:34:00,0,0.00,0,0.1700,0.0042,0.0173,0.0059,0,REST-S,1,3,2
1458,3430,0:34:30,0,0.00,0,0.1700,0.0042,0.0173,0.0059,0,REST-S,1,3,2
1458,3431,0:35:00,0,0.00,0,0.1700,0.0042,0.0173,0.0059,0,REST-S,1,3,2
1458,3432,0:35:30,0,0.00,0,0.1700,0.0042,0.0173,0.0059,0,REST-S,1,3,2
1458,3433,0:36:00,0,0.00,0,0.1700,0.0042,0.0173,0.0059,0,REST-S,1,3,2
1458,3434,0:36:30,0,0.00,0,0.1700,0.0042,0.0173,0.0059,0,REST-S,1,3,2
1458,3435,0:37:00,0,0.00,0,0.1700,0.0042,0.0173,0.0059,0,REST-S,1,3,2
1458,3436,0:37:30,0,0.00,0,0.1700,0.0042,0.0173,0.0059,0,REST-S,1,3,2
1458,3437,0:38:00,0,0.00,0,0.1700,0.0042,0.0173,0.0059,0,REST-S,1,3,2
1458,3438,0:38:30,0,0.00,0,0.1700,0.0042,0.0173,0.0059,0,REST-S,1,3,2
1458,3439,0:39:00,0,0.00,0,0.1700,0.0042,0.0173,0.0059,0,REST-S,1,3,2
1458,3440,0:39:30,0,0.00,0,0.1700,0.0042,0.0173,0.0059,0,REST-S,1,3,2
1458,3441,0:40:00,0,0.00,0,0.1700,0.0042,0.0173,0.0059,0,REST-S,1,3,2
1458,3442,0:40:30,0,0.00,0,0.1700,0.0042,0.0173,0.0059,0,REST-S,1,3,2
1458,3443,0:41:00,0,0.00,0,0.1700,0.0042,0.0173,0.0059,0,REST-S,1,3,2
1458,3444,0:41:30,0,0.00,0,0.1700,0.0042,0.0173,0.0059,0,REST-S,1,3,2
1458,3445,0:42:00,0,0.00,0,0.1700,0.0042,0.0173,0.0059,0,REST-S,1,3,2
1458,3446,0:42:30,0,0.00,0,0.1700,0.0042,0.0173,0.0059,0,REST-S,1,3,2
1458,3447,0:43:00,0,0.00,0,0.1700,0.0042,0.0173,0.0059,0,REST-S,1,3,2
1458,3448,0:43:30,0,0.00,0,0.1700,0.0042,0.0173,0.0059,0,REST-S,1,3,2
1458,3449,0:44:00,0,0.00,0,0.1700,0.0042,0.0173,0.0059,0,REST-S,1,3,2
1458,3450,0:44:30,0,0.00,0,0.1700,0.0042,0.0173,0.0059,0,REST-S,1,3,2
1458,3451,0:45:00,0,0.00,0,0.1700,0.0042,0.0173,0.0059,0,REST-S,1,3,2
1458,3452,0:45:30,0,0.00,0,0.1700,0.0042,0.0173,0.0059,0,REST-S,1,3,2
1458,3453,0:46:00,0,0.00,0,0.1700,0.0042,0.0173,0.0059,0,REST-S,1,3,2
1458,3454,0:46:30,0,0.00,0,0.1700,0.0042,0.0173,0.0059,0,REST-S,1,3,2
1458,3455,0:47:00,0,90.00,0,0.1700,0.0042,0.0173,0.0059,1,REST-S,1,3,2
1458,3456,0:47:30,0,25.00,0,0.1700,0.0042,0.0173,0.0059,1,REST-S,1,3,2
1458,3457,0:48:00,0,0.00,0,0.1700,0.0042,0.0173,0.0059,0,REST-S,1,3,2
1458,3458,0:48:30,0,0.00,0,0.1700,0.0042,0.0173,0.0059,0,REST-S,1,3,2
1458,3459,0:49:00,0,0.00,0,0.1700,0.0042,0.0173,0.0059,0,REST-S,1,3,2
1458,3460,0:49:30,0,0.00,0,0.1700,0.0042,0.0173,0.0059,0,REST-S,1,3,2
1458,3461,0:50:00,0,0.00,0,0.1700,0.0042,0.0173,0.0059,0,REST-S,1,3,2
1458,3462,0:50:30,0,0.00,0,0.1700,0.0042,0.0173,0.0059,0,REST-S,1,3,2
1458,3463,0:51:00,0,0.00,0,0.1700,0.0042,0.0173,0.0059,0,REST-S,1,3,2
1458,3464,0:51:30,0,0.00,0,0.1700,0.0042,0.0173,0.0059,0,REST-S,1,3,2
1458,3465,0:52:00,0,0.00,0,0.1700,0.0042,0.0173,0.0059,0,REST-S,1,3,2
1458,3466,0:52:30,0,0.00,0,0.1700,0.0042,0.0173,0.0059,0,REST-S,1,3,2
1458,3467,0:53:00,0,0.00,0,0.1700,0.0042,0.0173,0.0059,0,REST-S,1,3,2
1458,3468,0:53:30,0,0.00,0,0.1700,0.0042,0.0173,0.0059,0,REST-S,1,3,2
1458,3469,0:54:00,0,0.00,0,0.1700,0.0042,0.0173,0.0059,0,REST-S,1,3,2
1458,3470,0:54:30,0,0.00,0,0.1700,0.0042,0.0173,0.0059,0,REST-S,1,3,2
1458,3471,0:55:00,0,0.00,0,0.1700,0.0042,0.0173,0.0059,0,REST-S,1,3,2
1458,3472,0:55:30,0,0.00,0,0.1700,0.0042,0.0173,0.0059,0,REST-S,1,3,2
1458,3473,0:56:00,0,0.00,0,0.1700,0.0042,0.0173,0.0059,0,REST-S,1,3,2
1458,3474,0:56:30,0,25.00,0,0.0100,0.0049,0.0000,0.0000,1,REST-S,1,3,2
1458,3475,0:57:00,0,0.00,0,0.1700,0.0042,0.0173,0.0059,0,REST-S,1,3,2
1458,3476,0:57:30,0,110.00,0,0.1700,0.0042,0.0173,0.0059,1,REST-S,1,3,2
1458,3477,0:58:00,0,3.00,0,0.1700,0.0042,0.0173,0.0059,0,REST-S,1,3,2
1458,3478,0:58:30,0,0.00,0,0.1700,0.0042,0.0173,0.0059,0,REST-S,1,3,2
1458,3479,0:59:00,0,0.00,0,0.1700,0.0042,0.0173,0.0059,0,REST-S,1,3,2
1458,3480,0:59:30,0,0.00,0,0.1700,0.0042,0.0173,0.0059,0,REST-S,1,3,2
1458,3481,1:00:00,0,0.00,0,0.1700,0.0042,0.0173,0.0059,0,REST-S,1,3,2
1458,3482,1:00:30,0,0.00,0,0.1700,0.0042,0.0173,0.0059,0,REST-S,1,3,2
1458,3483,1:01:00,0,0.00,0,0.1700,0.0042,0.0173,0.0059,0,REST-S,1,3,2
1458,3484,1:01:30,0,0.00,0,0.0200,0.0049,0.0000,0.0059,0,REST-S,1,3,2
1458,3485,1:02:00,0,0.00,0,0.1700,0.0042,0.0173,0.0059,0,REST-S,1,3,2
1458,3486,1:02:30,0,0.00,0,0.1700,0.0042,0.0173,0.0059,0,REST-S,1,3,2
1458,3487,1:03:00,0,0.00,0,0.1900,0.0128,0.0173,0.0059,0,REST-S,1,3,2
1458,3488,1:03:30,0,0.00,0,0.1700,0.0042,0.0173,0.0059,0,REST-S,1,3,2
1458,3489,1:04:00,0,0.00,0,0.0200,0.0049,0.0000,0.0059,0,REST-S,1,3,2
1458,3490,1:04:30,0,0.00,0,0.1700,0.0042,0.0173,0.0059,0,REST-S,1,3,2
1458,3491,1:05:00,0,0.00,0,0.1700,0.0042,0.0173,0.0059,0,REST-S,1,3,2
1458,3492,1:05:30,0,0.00,0,0.1700,0.0042,0.0173,0.0059,0,REST-S,1,3,2
1458,3493,1:06:00,0,0.00,0,0.1700,0.0042,0.0173,0.0059,0,REST-S,1,3,2
1458,3494,1:06:30,0,0.00,0,0.1700,0.0042,0.0173,0.0059,0,REST-S,1,3,2
1458,3495,1:07:00,0,0.00,0,0.1700,0.0042,0.0173,0.0059,0,REST-S,1,3,2
1458,3496,1:07:30,0,0.00,0,0.1700,0.0042,0.0173,0.0059,0,REST-S,1,3,2
1458,3497,1:08:00,0,0.00,0,0.0200,0.0049,0.0000,0.0059,0,REST-S,1,3,2
1458,3498,1:08:30,0,0.00,0,0.1700,0.0042,0.0173,0.0059,0,REST-S,1,3,2
1458,3499,1:09:00,0,0.00,0,0.1700,0.0042,0.0173,0.0059,0,REST-S,1,3,2
1458,3500,1:09:30,0,24.00,0,0.1700,0.0042,0.0173,0.0059,1,REST-S,1,3,2
1458,3501,1:10:00,0,0.00,0,0.0200,0.0049,0.0000,0.0059,0,REST-S,1,3,2
1458,3502,1:10:30,0,0.00,0,0.1200,0.0042,0.0125,0.0000,0,REST-S,1,3,2
1458,3503,1:11:00,0,0.00,0,0.1700,0.0042,0.0173,0.0059,0,REST-S,1,3,2
1458,3504,1:11:30,0,0.00,0,0.0200,0.0049,0.0000,0.0059,0,REST-S,1,3,2
1458,3505,1:12:00,0,0.00,0,0.1700,0.0042,0.0173,0.0059,0,REST-S,1,3,2
1458,3506,1:12:30,0,0.00,0,0.1700,0.0042,0.0173,0.0059,0,REST-S,1,3,2
1458,3507,1:13:00,0,0.00,0,0.1700,0.0042,0.0173,0.0059,0,REST-S,1,3,2
1458,3508,1:13:30,0,0.00,0,0.0200,0.0049,0.0000,0.0059,0,REST-S,1,3,2
1458,3509,1:14:00,0,16.00,0,0.0200,0.0049,0.0000,0.0059,1,REST-S,1,3,2
1458,3510,1:14:30,0,59.00,0,0.1700,0.0042,0.0173,0.0059,1,REST-S,1,3,2
1458,3511,1:15:00,0,0.00,0,0.1700,0.0042,0.0173,0.0059,0,REST-S,1,3,2
1458,3512,1:15:30,0,0.00,0,0.1700,0.0042,0.0173,0.0059,0,REST-S,1,3,2
1458,3513,1:16:00,0,0.00,0,0.1700,0.0042,0.0173,0.0059,0,REST-S,1,3,2
1458,3514,1:16:30,0,0.00,0,0.1700,0.0042,0.0173,0.0059,0,REST-S,1,3,2
1458,3515,1:17:00,0,0.00,0,0.1700,0.0042,0.0173,0.0059,0,REST-S,1,3,2
1458,3516,1:17:30,0,0.00,0,0.1700,0.0042,0.0173,0.0059,0,REST-S,1,3,2
1458,3517,1:18:00,0,0.00,0,0.1700,0.0042,0.0173,0.0059,0,REST-S,1,3,2
1458,3518,1:18:30,0,0.00,0,0.1700,0.0042,0.0173,0.0059,0,REST-S,1,3,2
1458,3519,1:19:00,0,0.00,0,0.1700,0.0042,0.0173,0.0059,0,REST-S,1,3,2
1458,3520,1:19:30,0,0.00,0,0.1700,0.0042,0.0173,0.0059,0,REST-S,1,3,2
1458,3521,1:20:00,0,0.00,0,0.1900,0.0128,0.0173,0.0059,0,REST-S,1,3,2
1458,3522,1:20:30,0,0.00,0,0.1700,0.0042,0.0173,0.0059,0,REST-S,1,3,2
1458,3523,1:21:00,0,0.00,0,0.1700,0.0042,0.0173,0.0059,0,REST-S,1,3,2
1458,3524,1:21:30,0,0.00,0,0.1900,0.0128,0.0173,0.0059,0,REST-S,1,3,2
1458,3525,1:22:00,0,0.00,0,0.1700,0.0042,0.0173,0.0059,0,REST-S,1,3,2
1458,3526,1:22:30,0,0.00,0,0.1700,0.0042,0.0173,0.0059,0,REST-S,1,3,2
1458,3527,1:23:00,0,53.00,0,0.1700,0.0042,0.0173,0.0059,1,REST-S,1,3,2
1458,3528,1:23:30,0,0.00,0,0.1700,0.0042,0.0173,0.0059,0,REST-S,1,3,2
1458,3529,1:24:00,0,0.00,0,0.1700,0.0042,0.0173,0.0059,0,REST-S,1,3,2
1458,3530,1:24:30,0,0.00,0,0.1700,0.0042,0.0173,0.0059,0,REST-S,1,3,2
1458,3531,1:25:00,0,0.00,0,0.1700,0.0042,0.0173,0.0059,0,REST-S,1,3,2
1458,3532,1:25:30,0,0.00,0,0.1700,0.0042,0.0173,0.0059,0,REST-S,1,3,2
1458,3533,1:26:00,0,0.00,0,0.1700,0.0042,0.0173,0.0059,0,REST-S,1,3,2
1458,3534,1:26:30,0,0.00,0,0.1700,0.0042,0.0173,0.0059,0,REST-S,1,3,2
1458,3535,1:27:00,0,0.00,0,0.1700,0.0042,0.0173,0.0059,0,REST-S,1,3,2
1458,3536,1:27:30,0,0.00,0,0.1900,0.0128,0.0173,0.0059,0,REST-S,1,3,2
1458,3537,1:28:00,0,0.00,0,0.1900,0.0128,0.0173,0.0059,0,REST-S,1,3,2
1458,3538,1:28:30,0,0.00,0,0.1700,0.0042,0.0173,0.0059,0,REST-S,1,3,2
1458,3539,1:29:00,0,0.00,0,0.1700,0.0042,0.0173,0.0059,0,REST-S,1,3,2
1458,3540,1:29:30,0,0.00,0,0.1900,0.0128,0.0173,0.0059,0,REST-S,1,3,2
1458,3541,1:30:00,0,0.00,0,0.1700,0.0042,0.0173,0.0059,0,REST-S,1,3,2
1458,3542,1:30:30,0,0.00,0,0.1700,0.0042,0.0173,0.0059,0,REST-S,1,3,2
1458,3543,1:31:00,0,0.00,0,0.1700,0.0042,0.0173,0.0059,0,REST-S,1,3,2
1458,3544,1:31:30,0,0.00,0,0.1900,0.0128,0.0173,0.0059,0,REST-S,1,3,2
1458,3545,1:32:00,0,0.00,0,0.1700,0.0042,0.0173,0.0059,0,REST-S,1,3,2
1458,3546,1:32:30,0,0.00,0,0.1700,0.0042,0.0173,0.0059,0,REST-S,1,3,2
1458,3547,1:33:00,0,0.00,0,0.1900,0.0128,0.0173,0.0059,0,REST-S,1,3,2
1458,3548,1:33:30,0,8.00,0,0.1700,0.0042,0.0173,0.0059,0,REST-S,1,3,2
1458,3549,1:34:00,0,0.00,0,0.1700,0.0042,0.0173,0.0059,0,REST-S,1,3,2
1458,3550,1:34:30,0,0.00,0,0.1700,0.0042,0.0173,0.0059,0,REST-S,1,3,2
1458,3551,1:35:00,0,0.00,0,0.1700,0.0042,0.0173,0.0059,0,REST-S,1,3,2
1458,3552,1:35:30,0,0.00,0,0.1700,0.0042,0.0173,0.0059,0,REST-S,1,3,2
1458,3553,1:36:00,0,0.00,0,0.1900,0.0128,0.0173,0.0059,0,REST-S,1,3,2
1458,3554,1:36:30,0,0.00,0,0.1700,0.0042,0.0173,0.0059,0,REST-S,1,3,2
1458,3555,1:37:00,0,0.00,0,0.1700,0.0042,0.0173,0.0059,0,REST-S,1,3,2
1458,3556,1:37:30,0,0.00,0,0.1900,0.0128,0.0173,0.0059,0,REST-S,1,3,2
1458,3557,1:38:00,0,0.00,0,0.1900,0.0128,0.0173,0.0059,0,REST-S,1,3,2
1458,3558,1:38:30,0,0.00,0,0.1900,0.0128,0.0173,0.0059,0,REST-S,1,3,2
1458,3559,1:39:00,0,0.00,0,0.1900,0.0128,0.0173,0.0059,0,REST-S,1,3,2
1458,3560,1:39:30,0,0.00,0,0.1900,0.0128,0.0173,0.0059,0,REST-S,1,3,2
1458,3561,1:40:00,0,0.00,0,0.1900,0.0128,0.0173,0.0059,1,REST-S,1,3,2
1458,3562,1:40:30,0,0.00,0,0.1900,0.0128,0.0173,0.0059,1,REST-S,1,3,2
1458,3563,1:41:00,0,228.00,0,0.1900,0.0128,0.0173,0.0059,1,REST-S,1,3,2
1458,3564,1:41:30,0,63.00,0,0.0200,0.0049,0.0000,0.0059,1,REST-S,1,3,2
1458,3565,1:42:00,0,0.00,0,0.1900,0.0128,0.0173,0.0059,1,REST-S,1,3,2
1458,3566,1:42:30,0,0.00,0,0.1900,0.0128,0.0173,0.0059,0,REST-S,1,3,2
1458,3567,1:43:00,0,0.00,0,0.1700,0.0042,0.0173,0.0059,0,REST-S,1,3,2
1458,3568,1:43:30,0,0.00,0,0.1700,0.0042,0.0173,0.0059,0,REST-S,1,3,2
1458,3569,1:44:00,0,0.00,0,0.1900,0.0128,0.0173,0.0059,0,REST-S,1,3,2
1458,3570,1:44:30,0,0.00,0,0.1900,0.0128,0.0173,0.0059,0,REST-S,1,3,2
1458,3571,1:45:00,0,0.00,0,0.1900,0.0128,0.0173,0.0059,0,REST-S,1,3,2
1458,3572,1:45:30,0,0.00,0,0.1700,0.0042,0.0173,0.0059,0,REST-S,1,3,2
1458,3573,1:46:00,0,0.00,0,0.1900,0.0128,0.0173,0.0059,0,REST-S,1,3,2
1458,3574,1:46:30,0,0.00,0,0.1900,0.0128,0.0173,0.0059,0,REST-S,1,3,2
1458,3575,1:47:00,0,0.00,0,0.1900,0.0128,0.0173,0.0059,0,REST-S,1,3,2
1458,3576,1:47:30,0,0.00,0,0.1700,0.0042,0.0173,0.0059,0,REST-S,1,3,2
1458,3577,1:48:00,0,0.00,0,0.1900,0.0128,0.0173,0.0059,0,REST-S,1,3,2
1458,3578,1:48:30,0,0.00,0,0.1900,0.0128,0.0173,0.0059,0,REST-S,1,3,2
1458,3579,1:49:00,0,0.00,0,0.1700,0.0042,0.0173,0.0059,0,REST-S,1,3,2
1458,3580,1:49:30,0,0.00,0,0.1900,0.0128,0.0173,0.0059,0,REST-S,1,3,2
1458,3581,1:50:00,0,0.00,0,0.1900,0.0128,0.0173,0.0059,0,REST-S,1,3,2
1458,3582,1:50:30,0,0.00,0,0.1900,0.0128,0.0173,0.0059,0,REST-S,1,3,2
1458,3583,1:51:00,0,0.00,0,0.1900,0.0128,0.0173,0.0059,0,REST-S,1,3,2
1458,3584,1:51:30,0,0.00,0,0.1900,0.0128,0.0173,0.0059,0,REST-S,1,3,2
1458,3585,1:52:00,0,0.00,0,0.1900,0.0128,0.0173,0.0059,0,REST-S,1,3,2
1458,3586,1:52:30,0,0.00,0,0.1900,0.0128,0.0173,0.0059,0,REST-S,1,3,2
1458,3587,1:53:00,0,0.00,0,0.1700,0.0042,0.0173,0.0059,0,REST-S,1,3,2
1458,3588,1:53:30,0,0.00,0,0.1700,0.0042,0.0173,0.0059,0,REST-S,1,3,2
1458,3589,1:54:00,0,0.00,0,0.1900,0.0128,0.0173,0.0059,0,REST-S,1,3,2
1458,3590,1:54:30,0,0.00,0,0.1700,0.0042,0.0173,0.0059,0,REST-S,1,3,2
1458,3591,1:55:00,0,0.00,0,0.1900,0.0128,0.0173,0.0059,0,REST-S,1,3,2
1458,3592,1:55:30,0,0.00,0,0.1900,0.0128,0.0173,0.0059,0,REST-S,1,3,2
1458,3593,1:56:00,0,0.00,0,0.1900,0.0128,0.0173,0.0059,0,REST-S,1,3,2
1458,3594,1:56:30,0,0.00,0,0.1700,0.0042,0.0173,0.0059,0,REST-S,1,3,2
1458,3595,1:57:00,0,0.00,0,0.1900,0.0128,0.0173,0.0059,0,REST-S,1,3,2
1458,3596,1:57:30,0,0.00,0,0.1700,0.0042,0.0173,0.0059,0,REST-S,1,3,2
1458,3597,1:58:00,0,0.00,0,0.1900,0.0128,0.0173,0.0059,0,REST-S,1,3,2
1458,3598,1:58:30,0,0.00,0,0.1700,0.0042,0.0173,0.0059,0,REST-S,1,3,2
1458,3599,1:59:00,0,0.00,0,0.1900,0.0128,0.0173,0.0059,0,REST-S,1,3,2
1458,3600,1:59:30,0,61.00,0,0.0200,0.0049,0.0000,0.0059,1,REST-S,1,3,2
1458,3601,2:00:00,0,115.00,0,0.1700,0.0042,0.0173,0.0059,1,REST-S,1,3,2
1458,3602,2:00:30,0,83.00,0,0.1900,0.0128,0.0173,0.0059,1,REST-S,1,3,2
1458,3603,2:01:00,0,0.00,0,0.1900,0.0128,0.0173,0.0059,1,REST-S,1,3,2
1458,3604,2:01:30,0,0.00,0,0.1900,0.0128,0.0173,0.0059,0,REST-S,1,3,2
1458,3605,2:02:00,0,0.00,0,0.1900,0.0128,0.0173,0.0059,0,REST-S,1,3,2
1458,3606,2:02:30,0,0.00,0,0.1900,0.0128,0.0173,0.0059,0,REST-S,1,3,2
1458,3607,2:03:00,0,0.00,0,0.1900,0.0128,0.0173,0.0059,0,REST-S,1,3,2
1458,3608,2:03:30,0,0.00,0,0.1900,0.0128,0.0173,0.0059,0,REST-S,1,3,2
1458,3609,2:04:00,0,0.00,0,0.1900,0.0128,0.0173,0.0059,0,REST-S,1,3,2
1458,3610,2:04:30,0,0.00,0,0.1900,0.0128,0.0173,0.0059,0,REST-S,1,3,2
1458,3611,2:05:00,0,0.00,0,0.1900,0.0128,0.0173,0.0059,0,REST-S,1,3,2
1458,3612,2:05:30,0,0.00,0,0.1900,0.0128,0.0173,0.0059,0,REST-S,1,3,2
1458,3613,2:06:00,0,0.00,0,0.1700,0.0042,0.0173,0.0059,0,REST-S,1,3,2
1458,3614,2:06:30,0,0.00,0,0.1700,0.0042,0.0173,0.0059,0,REST-S,1,3,2
1458,3615,2:07:00,0,0.00,0,0.1900,0.0128,0.0173,0.0059,0,REST-S,1,3,2
1458,3616,2:07:30,0,0.00,0,0.1900,0.0128,0.0173,0.0059,0,REST-S,1,3,2
1458,3617,2:08:00,0,0.00,0,0.1900,0.0128,0.0173,0.0059,0,REST-S,1,3,2
1458,3618,2:08:30,0,0.00,0,0.1900,0.0128,0.0173,0.0059,0,REST-S,1,3,2
1458,3619,2:09:00,0,0.00,0,0.1900,0.0128,0.0173,0.0059,0,REST-S,1,3,2
1458,3620,2:09:30,0,0.00,0,0.1900,0.0128,0.0173,0.0059,0,REST-S,1,3,2
1458,3621,2:10:00,0,0.00,0,0.1900,0.0128,0.0173,0.0059,0,REST-S,1,3,2
1458,3622,2:10:30,0,0.00,0,0.1900,0.0128,0.0173,0.0059,0,REST-S,1,3,2
1458,3623,2:11:00,0,5.00,0,0.1900,0.0128,0.0173,0.0059,0,REST-S,1,3,2
1458,3624,2:11:30,0,0.00,0,0.1900,0.0128,0.0173,0.0059,0,REST-S,1,3,2
1458,3625,2:12:00,0,0.00,0,0.1900,0.0128,0.0173,0.0059,0,REST-S,1,3,2
1458,3626,2:12:30,0,0.00,0,0.1900,0.0128,0.0173,0.0059,0,REST-S,1,3,2
1458,3627,2:13:00,0,0.00,0,0.1900,0.0128,0.0173,0.0059,0,REST-S,1,3,2
1458,3628,2:13:30,0,0.00,0,0.1700,0.0042,0.0173,0.0059,0,REST-S,1,3,2
1458,3629,2:14:00,0,0.00,0,0.1900,0.0128,0.0173,0.0059,0,REST-S,1,3,2
1458,3630,2:14:30,0,0.00,0,0.1900,0.0128,0.0173,0.0059,0,REST-S,1,3,2
1458,3631,2:15:00,0,0.00,0,0.1900,0.0128,0.0173,0.0059,0,REST-S,1,3,2
1458,3632,2:15:30,0,0.00,0,0.1900,0.0128,0.0173,0.0059,0,REST-S,1,3,2
1458,3633,2:16:00,0,0.00,0,0.1900,0.0128,0.0173,0.0059,0,REST-S,1,3,2
1458,3634,2:16:30,0,0.00,0,0.1900,0.0128,0.0173,0.0059,0,REST-S,1,3,2
1458,3635,2:17:00,0,0.00,0,0.1900,0.0128,0.0173,0.0059,0,REST-S,1,3,2
1458,3636,2:17:30,0,0.00,0,0.1900,0.0128,0.0173,0.0059,0,REST-S,1,3,2
1458,3637,2:18:00,0,0.00,0,0.1900,0.0128,0.0173,0.0059,0,REST-S,1,3,2
1458,3638,2:18:30,0,0.00,0,0.1900,0.0128,0.0173,0.0059,0,REST-S,1,3,2
1458,3639,2:19:00,0,0.00,0,0.1900,0.0128,0.0173,0.0059,0,REST-S,1,3,2
1458,3640,2:19:30,0,0.00,0,0.1900,0.0128,0.0173,0.0059,0,REST-S,1,3,2
1458,3641,2:20:00,0,0.00,0,0.1900,0.0128,0.0173,0.0059,0,REST-S,1,3,2
1458,3642,2:20:30,0,0.00,0,0.1900,0.0128,0.0173,0.0059,0,REST-S,1,3,2
1458,3643,2:21:00,0,0.00,0,0.1900,0.0128,0.0173,0.0059,0,REST-S,1,3,2
1458,3644,2:21:30,0,0.00,0,0.1900,0.0128,0.0173,0.0059,0,REST-S,1,3,2
1458,3645,2:22:00,0,0.00,0,0.1900,0.0128,0.0173,0.0059,0,REST-S,1,3,2
1458,3646,2:22:30,0,0.00,0,0.1900,0.0128,0.0173,0.0059,0,REST-S,1,3,2
1458,3647,2:23:00,0,0.00,0,0.1900,0.0128,0.0173,0.0059,0,REST-S,1,3,2
1458,3648,2:23:30,0,0.00,0,0.1900,0.0128,0.0173,0.0059,1,REST-S,1,3,2
1458,3649,2:24:00,0,106.00,0,0.1700,0.0042,0.0173,0.0059,1,REST-S,1,3,2
1458,3650,2:24:30,0,179.00,0,0.1200,0.0042,0.0125,0.0000,1,REST-S,1,3,2
1458,3651,2:25:00,0,1.00,0,0.1900,0.0128,0.0173,0.0059,1,REST-S,1,3,2
1458,3652,2:25:30,0,0.00,0,0.1900,0.0128,0.0173,0.0059,1,REST-S,1,3,2
1458,3653,2:26:00,0,0.00,0,0.1900,0.0128,0.0173,0.0059,0,REST-S,1,3,2
1458,3654,2:26:30,0,0.00,0,0.1900,0.0128,0.0173,0.0059,0,REST-S,1,3,2
1458,3655,2:27:00,0,0.00,0,0.1900,0.0128,0.0173,0.0059,0,REST-S,1,3,2
1458,3656,2:27:30,0,0.00,0,0.1900,0.0128,0.0173,0.0059,0,REST-S,1,3,2
1458,3657,2:28:00,0,0.00,0,0.1700,0.0042,0.0173,0.0059,0,REST-S,1,3,2
1458,3658,2:28:30,0,0.00,0,0.1900,0.0128,0.0173,0.0059,0,REST-S,1,3,2
1458,3659,2:29:00,0,0.00,0,0.1700,0.0042,0.0173,0.0059,0,REST-S,1,3,2
1458,3660,2:29:30,0,0.00,0,0.1900,0.0128,0.0173,0.0059,0,REST-S,1,3,2
1458,3661,2:30:00,0,0.00,0,0.1900,0.0128,0.0173,0.0059,0,REST-S,1,3,2
1458,3662,2:30:30,0,0.00,0,0.1700,0.0042,0.0173,0.0059,0,REST-S,1,3,2
1458,3663,2:31:00,0,0.00,0,0.1900,0.0128,0.0173,0.0059,0,REST-S,1,3,2
1458,3664,2:31:30,0,0.00,0,0.1700,0.0042,0.0173,0.0059,0,REST-S,1,3,2
1458,3665,2:32:00,0,0.00,0,0.1700,0.0042,0.0173,0.0059,0,REST-S,1,3,2
1458,3666,2:32:30,0,0.00,0,0.1700,0.0042,0.0173,0.0059,0,REST-S,1,3,2
1458,3667,2:33:00,0,0.00,0,0.1700,0.0042,0.0173,0.0059,0,REST-S,1,3,2
1458,3668,2:33:30,0,0.00,0,0.1900,0.0128,0.0173,0.0059,0,REST-S,1,3,2
1458,3669,2:34:00,0,0.00,0,0.1700,0.0042,0.0173,0.0059,0,REST-S,1,3,2
1458,3670,2:34:30,0,0.00,0,0.1700,0.0042,0.0173,0.0059,0,REST-S,1,3,2
1458,3671,2:35:00,0,0.00,0,0.1700,0.0042,0.0173,0.0059,0,REST-S,1,3,2
1458,3672,2:35:30,0,0.00,0,0.1700,0.0042,0.0173,0.0059,0,REST-S,1,3,2
1458,3673,2:36:00,0,0.00,0,0.1900,0.0128,0.0173,0.0059,0,REST-S,1,3,2
1458,3674,2:36:30,0,0.00,0,0.1700,0.0042,0.0173,0.0059,0,REST-S,1,3,2
1458,3675,2:37:00,0,0.00,0,0.1700,0.0042,0.0173,0.0059,0,REST-S,1,3,2
1458,3676,2:37:30,0,0.00,0,0.1700,0.0042,0.0173,0.0059,0,REST-S,1,3,2
1458,3677,2:38:00,0,61.00,0,0.0100,0.0049,0.0000,0.0000,1,REST-S,1,3,2
1458,3678,2:38:30,0,21.00,0,0.1700,0.0042,0.0173,0.0059,1,REST-S,1,3,2
1458,3679,2:39:00,0,0.00,0,0.1700,0.0042,0.0173,0.0059,0,REST-S,1,3,2
1458,3680,2:39:30,0,0.00,0,0.1700,0.0042,0.0173,0.0059,0,REST-S,1,3,2
1458,3681,2:40:00,0,0.00,0,0.1700,0.0042,0.0173,0.0059,0,REST-S,1,3,2
1458,3682,2:40:30,0,59.00,0,0.1700,0.0042,0.0173,0.0059,1,REST-S,1,3,2
1458,3683,2:41:00,0,0.00,0,0.1700,0.0042,0.0173,0.0059,0,REST-S,1,3,2
1458,3684,2:41:30,0,0.00,0,0.1700,0.0042,0.0173,0.0059,0,REST-S,1,3,2
1458,3685,2:42:00,0,0.00,0,0.1900,0.0128,0.0173,0.0059,0,REST-S,1,3,2
1458,3686,2:42:30,0,0.00,0,0.1700,0.0042,0.0173,0.0059,0,REST-S,1,3,2
1458,3687,2:43:00,0,0.00,0,0.1900,0.0128,0.0173,0.0059,0,REST-S,1,3,2
1458,3688,2:43:30,0,152.00,0,0.1700,0.0042,0.0173,0.0059,1,REST-S,1,3,2
1458,3689,2:44:00,0,0.00,0,0.1700,0.0042,0.0173,0.0059,0,REST-S,1,3,2
1458,3690,2:44:30,0,0.00,0,0.1700,0.0042,0.0173,0.0059,0,REST-S,1,3,2
1458,3691,2:45:00,0,0.00,0,0.1700,0.0042,0.0173,0.0059,0,REST-S,1,3,2
1458,3692,2:45:30,0,42.00,0,0.1700,0.0042,0.0173,0.0059,1,REST-S,1,3,2
1458,3693,2:46:00,0,0.00,0,0.1700,0.0042,0.0173,0.0059,0,REST-S,1,3,2
1458,3694,2:46:30,0,0.00,0,0.1700,0.0042,0.0173,0.0059,0,REST-S,1,3,2
1458,3695,2:47:00,0,0.00,0,0.1900,0.0128,0.0173,0.0059,0,REST-S,1,3,2
1458,3696,2:47:30,0,0.00,0,0.1700,0.0042,0.0173,0.0059,0,REST-S,1,3,2
1458,3697,2:48:00,0,0.00,0,0.1700,0.0042,0.0173,0.0059,0,REST-S,1,3,2
1458,3698,2:48:30,0,0.00,0,0.1700,0.0042,0.0173,0.0059,0,REST-S,1,3,2
1458,3699,2:49:00,0,0.00,0,0.1700,0.0042,0.0173,0.0059,0,REST-S,1,3,2
1458,3700,2:49:30,0,0.00,0,0.1900,0.0128,0.0173,0.0059,0,REST-S,1,3,2
1458,3701,2:50:00,0,0.00,0,0.1900,0.0128,0.0173,0.0059,0,REST-S,1,3,2
1458,3702,2:50:30,0,0.00,0,0.1900,0.0128,0.0173,0.0059,0,REST-S,1,3,2
1458,3703,2:51:00,0,0.00,0,0.1700,0.0042,0.0173,0.0059,0,REST-S,1,3,2
1458,3704,2:51:30,0,0.00,0,0.1900,0.0128,0.0173,0.0059,0,REST-S,1,3,2
1458,3705,2:52:00,0,0.00,0,0.1700,0.0042,0.0173,0.0059,0,REST-S,1,3,2
1458,3706,2:52:30,0,0.00,0,0.1700,0.0042,0.0173,0.0059,0,REST-S,1,3,2
1458,3707,2:53:00,0,0.00,0,0.1700,0.0042,0.0173,0.0059,0,REST-S,1,3,2
1458,3708,2:53:30,0,0.00,0,0.1900,0.0128,0.0173,0.0059,0,REST-S,1,3,2
1458,3709,2:54:00,0,25.00,0,0.1900,0.0128,0.0173,0.0059,1,REST-S,1,3,2
1458,3710,2:54:30,0,90.00,0,0.0200,0.0049,0.0000,0.0059,1,REST-S,1,3,2
1458,3711,2:55:00,0,0.00,0,0.1900,0.0128,0.0173,0.0059,0,REST-S,1,3,2
1458,3712,2:55:30,0,0.00,0,0.1900,0.0128,0.0173,0.0059,0,REST-S,1,3,2
1458,3713,2:56:00,0,0.00,0,0.1700,0.0042,0.0173,0.0059,0,REST-S,1,3,2
1458,3714,2:56:30,0,0.00,0,0.1700,0.0042,0.0173,0.0059,0,REST-S,1,3,2
1458,3715,2:57:00,0,0.00,0,0.1700,0.0042,0.0173,0.0059,0,REST-S,1,3,2
1458,3716,2:57:30,0,0.00,0,0.1900,0.0128,0.0173,0.0059,0,REST-S,1,3,2
1458,3717,2:58:00,0,0.00,0,0.1700,0.0042,0.0173,0.0059,0,REST-S,1,3,2
1458,3718,2:58:30,0,0.00,0,0.1700,0.0042,0.0173,0.0059,0,REST-S,1,3,2
1458,3719,2:59:00,0,0.00,0,0.1700,0.0042,0.0173,0.0059,0,REST-S,1,3,2
1458,3720,2:59:30,0,0.00,0,0.1700,0.0042,0.0173,0.0059,0,REST-S,1,3,2
1458,3721,3:00:00,0,0.00,0,0.1700,0.0042,0.0173,0.0059,0,REST-S,1,3,2
1458,3722,3:00:30,0,22.00,0,0.1700,0.0042,0.0173,0.0059,1,REST-S,1,3,2
1458,3723,3:01:00,0,0.00,0,0.1700,0.0042,0.0173,0.0059,0,REST-S,1,3,2
1458,3724,3:01:30,0,5.00,0,0.1700,0.0042,0.0173,0.0059,0,REST-S,1,3,2
1458,3725,3:02:00,0,37.00,0,0.1700,0.0042,0.0173,0.0059,1,REST-S,1,3,2
1458,3726,3:02:30,0,0.00,0,0.1700,0.0042,0.0173,0.0059,0,REST-S,1,3,2
1458,3727,3:03:00,0,0.00,0,0.1700,0.0042,0.0173,0.0059,0,REST-S,1,3,2
1458,3728,3:03:30,0,0.00,0,0.1900,0.0128,0.0173,0.0059,0,REST-S,1,3,2
1458,3729,3:04:00,0,0.00,0,0.1900,0.0128,0.0173,0.0059,0,REST-S,1,3,2
1458,3730,3:04:30,0,0.00,0,0.1900,0.0128,0.0173,0.0059,0,REST-S,1,3,2
1458,3731,3:05:00,0,0.00,0,0.1700,0.0042,0.0173,0.0059,0,REST-S,1,3,2
1458,3732,3:05:30,0,0.00,0,0.1700,0.0042,0.0173,0.0059,0,REST-S,1,3,2
1458,3733,3:06:00,0,0.00,0,0.1700,0.0042,0.0173,0.0059,0,REST-S,1,3,2
1458,3734,3:06:30,0,0.00,0,0.1700,0.0042,0.0173,0.0059,0,REST-S,1,3,2
1458,3735,3:07:00,0,0.00,0,0.1700,0.0042,0.0173,0.0059,0,REST-S,1,3,2
1458,3736,3:07:30,0,0.00,0,0.1900,0.0128,0.0173,0.0059,0,REST-S,1,3,2
1458,3737,3:08:00,0,0.00,0,0.1700,0.0042,0.0173,0.0059,0,REST-S,1,3,2
1458,3738,3:08:30,0,0.00,0,0.1700,0.0042,0.0173,0.0059,0,REST-S,1,3,2
1458,3739,3:09:00,0,0.00,0,0.1700,0.0042,0.0173,0.0059,0,REST-S,1,3,2
1458,3740,3:09:30,0,0.00,0,0.1700,0.0042,0.0173,0.0059,0,REST-S,1,3,2
1458,3741,3:10:00,0,0.00,0,0.1700,0.0042,0.0173,0.0059,0,REST-S,1,3,2
1458,3742,3:10:30,0,0.00,0,0.1700,0.0042,0.0173,0.0059,0,REST-S,1,3,2
1458,3743,3:11:00,0,0.00,0,0.1900,0.0128,0.0173,0.0059,0,REST-S,1,3,2
1458,3744,3:11:30,0,0.00,0,0.1700,0.0042,0.0173,0.0059,0,REST-S,1,3,2
1458,3745,3:12:00,0,0.00,0,0.1700,0.0042,0.0173,0.0059,0,REST-S,1,3,2
1458,3746,3:12:30,0,0.00,0,0.1700,0.0042,0.0173,0.0059,0,REST-S,1,3,2
1458,3747,3:13:00,0,0.00,0,0.1700,0.0042,0.0173,0.0059,0,REST-S,1,3,2
1458,3748,3:13:30,0,0.00,0,0.1700,0.0042,0.0173,0.0059,0,REST-S,1,3,2
1458,3749,3:14:00,0,90.00,0,0.1700,0.0042,0.0173,0.0059,1,REST-S,1,3,2
1458,3750,3:14:30,0,21.00,0,0.1700,0.0042,0.0173,0.0059,1,REST-S,1,3,2
1458,3751,3:15:00,0,1.00,0,0.1700,0.0042,0.0173,0.0059,0,REST-S,1,3,2
1458,3752,3:15:30,0,0.00,0,0.1900,0.0128,0.0173,0.0059,0,REST-S,1,3,2
1458,3753,3:16:00,0,0.00,0,0.1700,0.0042,0.0173,0.0059,0,REST-S,1,3,2
1458,3754,3:16:30,0,0.00,0,0.1700,0.0042,0.0173,0.0059,0,REST-S,1,3,2
1458,3755,3:17:00,0,0.00,0,0.1700,0.0042,0.0173,0.0059,0,REST-S,1,3,2
1458,3756,3:17:30,0,0.00,0,0.1700,0.0042,0.0173,0.0059,0,REST-S,1,3,2
1458,3757,3:18:00,0,0.00,0,0.1900,0.0128,0.0173,0.0059,0,REST-S,1,3,2
1458,3758,3:18:30,0,0.00,0,0.1900,0.0128,0.0173,0.0059,0,REST-S,1,3,2
1458,3759,3:19:00,0,0.00,0,0.1700,0.0042,0.0173,0.0059,0,REST-S,1,3,2
1458,3760,3:19:30,0,0.00,0,0.1700,0.0042,0.0173,0.0059,0,REST-S,1,3,2
1458,3761,3:20:00,0,0.00,0,0.1700,0.0042,0.0173,0.0059,0,REST-S,1,3,2
1458,3762,3:20:30,0,0.00,0,0.1700,0.0042,0.0173,0.0059,0,REST-S,1,3,2
1458,3763,3:21:00,0,0.00,0,0.1700,0.0042,0.0173,0.0059,0,REST-S,1,3,2
1458,3764,3:21:30,0,48.00,0,0.1700,0.0042,0.0173,0.0059,1,REST-S,1,3,2
1458,3765,3:22:00,0,0.00,0,0.1900,0.0128,0.0173,0.0059,0,REST-S,1,3,2
1458,3766,3:22:30,0,0.00,0,0.1700,0.0042,0.0173,0.0059,0,REST-S,1,3,2
1458,3767,3:23:00,0,35.00,0,0.1700,0.0042,0.0173,0.0059,1,REST-S,1,3,2
1458,3768,3:23:30,0,0.00,0,0.1700,0.0042,0.0173,0.0059,0,REST-S,1,3,2
1458,3769,3:24:00,0,0.00,0,0.1700,0.0042,0.0173,0.0059,0,REST-S,1,3,2
1458,3770,3:24:30,0,0.00,0,0.1700,0.0042,0.0173,0.0059,0,REST-S,1,3,2
1458,3771,3:25:00,0,35.00,0,0.1700,0.0042,0.0173,0.0059,1,REST-S,1,3,2
1458,3772,3:25:30,0,23.00,0,0.1900,0.0128,0.0173,0.0059,1,REST-S,1,3,2
1458,3773,3:26:00,0,0.00,0,0.1700,0.0042,0.0173,0.0059,0,REST-S,1,3,2
1458,3774,3:26:30,0,0.00,0,0.1700,0.0042,0.0173,0.0059,0,REST-S,1,3,2
1458,3775,3:27:00,0,0.00,0,0.1900,0.0128,0.0173,0.0059,0,REST-S,1,3,2
1458,3776,3:27:30,0,0.00,0,0.1700,0.0042,0.0173,0.0059,0,REST-S,1,3,2
1458,3777,3:28:00,0,16.00,0,0.1700,0.0042,0.0173,0.0059,0,REST-S,1,3,2
1458,3778,3:28:30,0,0.00,0,0.1700,0.0042,0.0173,0.0059,0,REST-S,1,3,2
1458,3779,3:29:00,0,0.00,0,0.1700,0.0042,0.0173,0.0059,0,REST-S,1,3,2
1458,3780,3:29:30,0,0.00,0,0.1700,0.0042,0.0173,0.0059,0,REST-S,1,3,2
1458,3781,3:30:00,0,0.00,0,0.1900,0.0128,0.0173,0.0059,0,REST-S,1,3,2
1458,3782,3:30:30,0,0.00,0,0.1700,0.0042,0.0173,0.0059,0,REST-S,1,3,2
1458,3783,3:31:00,0,0.00,0,0.1700,0.0042,0.0173,0.0059,0,REST-S,1,3,2
1458,3784,3:31:30,0,16.00,0,0.1700,0.0042,0.0173,0.0059,0,REST-S,1,3,2
1458,3785,3:32:00,0,10.00,0,0.1900,0.0128,0.0173,0.0059,0,REST-S,1,3,2
1458,3786,3:32:30,0,0.00,0,0.1700,0.0042,0.0173,0.0059,0,REST-S,1,3,2
1458,3787,3:33:00,0,0.00,0,0.1900,0.0128,0.0173,0.0059,0,REST-S,1,3,2
1458,3788,3:33:30,0,0.00,0,0.1900,0.0128,0.0173,0.0059,0,REST-S,1,3,2
1458,3789,3:34:00,0,0.00,0,0.1700,0.0042,0.0173,0.0059,0,REST-S,1,3,2
1458,3790,3:34:30,0,0.00,0,0.1900,0.0128,0.0173,0.0059,0,REST-S,1,3,2
1458,3791,3:35:00,0,0.00,0,0.1700,0.0042,0.0173,0.0059,0,REST-S,1,3,2
1458,3792,3:35:30,0,0.00,0,0.1700,0.0042,0.0173,0.0059,0,REST-S,1,3,2
1458,3793,3:36:00,0,0.00,0,0.1900,0.0128,0.0173,0.0059,0,REST-S,1,3,2
1458,3794,3:36:30,0,73.00,0,0.1700,0.0042,0.0173,0.0059,1,REST-S,1,3,2
1458,3795,3:37:00,0,0.00,0,0.1700,0.0042,0.0173,0.0059,0,REST-S,1,3,2
1458,3796,3:37:30,0,37.00,0,0.1700,0.0042,0.0173,0.0059,1,REST-S,1,3,2
1458,3797,3:38:00,0,0.00,0,0.1700,0.0042,0.0173,0.0059,0,REST-S,1,3,2
1458,3798,3:38:30,0,0.00,0,0.1700,0.0042,0.0173,0.0059,0,REST-S,1,3,2
1458,3799,3:39:00,0,11.00,0,0.1700,0.0042,0.0173,0.0059,0,REST-S,1,3,2
1458,3800,3:39:30,0,0.00,0,0.1700,0.0042,0.0173,0.0059,0,REST-S,1,3,2
1458,3801,3:40:00,0,14.00,0,0.1900,0.0128,0.0173,0.0059,0,REST-S,1,3,2
1458,3802,3:40:30,0,32.00,0,0.1700,0.0042,0.0173,0.0059,1,REST-S,1,3,2
1458,3803,3:41:00,0,0.00,0,0.1900,0.0128,0.0173,0.0059,0,REST-S,1,3,2
1458,3804,3:41:30,0,0.00,0,0.1900,0.0128,0.0173,0.0059,0,REST-S,1,3,2
1458,3805,3:42:00,0,61.00,0,0.1900,0.0128,0.0173,0.0059,1,REST-S,1,3,2
1458,3806,3:42:30,0,0.00,0,0.1900,0.0128,0.0173,0.0059,0,REST-S,1,3,2
1458,3807,3:43:00,0,0.00,0,0.1700,0.0042,0.0173,0.0059,0,REST-S,1,3,2
1458,3808,3:43:30,0,0.00,0,0.1900,0.0128,0.0173,0.0059,0,REST-S,1,3,2
1458,3809,3:44:00,0,0.00,0,0.1700,0.0042,0.0173,0.0059,0,REST-S,1,3,2
1458,3810,3:44:30,0,0.00,0,0.1700,0.0042,0.0173,0.0059,0,REST-S,1,3,2
1458,3811,3:45:00,0,0.00,0,0.1700,0.0042,0.0173,0.0059,0,REST-S,1,3,2
1458,3812,3:45:30,0,0.00,0,0.1700,0.0042,0.0173,0.0059,0,REST-S,1,3,2
1458,3813,3:46:00,0,0.00,0,0.1900,0.0128,0.0173,0.0059,0,REST-S,1,3,2
1458,3814,3:46:30,0,0.00,0,0.1900,0.0128,0.0173,0.0059,0,REST-S,1,3,2
1458,3815,3:47:00,0,0.00,0,0.1900,0.0128,0.0173,0.0059,0,REST-S,1,3,2
1458,3816,3:47:30,0,0.00,0,0.1900,0.0128,0.0173,0.0059,0,REST-S,1,3,2
1458,3817,3:48:00,0,0.00,0,0.1700,0.0042,0.0173,0.0059,1,REST-S,1,3,2
1458,3818,3:48:30,0,0.00,0,0.1700,0.0042,0.0173,0.0059,1,REST-S,1,3,2
1458,3819,3:49:00,0,206.00,0,0.1700,0.0042,0.0173,0.0059,1,REST-S,1,3,2
1458,3820,3:49:30,0,0.00,0,0.1900,0.0128,0.0173,0.0059,1,REST-S,1,3,2
1458,3821,3:50:00,0,0.00,0,0.1900,0.0128,0.0173,0.0059,1,REST-S,1,3,2
1458,3822,3:50:30,0,0.00,0,0.1900,0.0128,0.0173,0.0059,0,REST-S,1,3,2
1458,3823,3:51:00,0,0.00,0,0.1900,0.0128,0.0173,0.0059,0,REST-S,1,3,2
1458,3824,3:51:30,0,0.00,0,0.1900,0.0128,0.0173,0.0059,0,REST-S,1,3,2
1458,3825,3:52:00,0,0.00,0,0.1900,0.0128,0.0173,0.0059,0,REST-S,1,3,2
1458,3826,3:52:30,0,0.00,0,0.1700,0.0042,0.0173,0.0059,0,REST-S,1,3,2
1458,3827,3:53:00,0,0.00,0,0.1900,0.0128,0.0173,0.0059,0,REST-S,1,3,2
1458,3828,3:53:30,0,0.00,0,0.1900,0.0128,0.0173,0.0059,0,REST-S,1,3,2
1458,3829,3:54:00,0,0.00,0,0.1900,0.0128,0.0173,0.0059,0,REST-S,1,3,2
1458,3830,3:54:30,0,0.00,0,0.1900,0.0128,0.0173,0.0059,0,REST-S,1,3,2
1458,3831,3:55:00,0,0.00,0,0.1900,0.0128,0.0173,0.0059,0,REST-S,1,3,2
1458,3832,3:55:30,0,0.00,0,0.1700,0.0042,0.0173,0.0059,0,REST-S,1,3,2
1458,3833,3:56:00,0,0.00,0,0.1900,0.0128,0.0173,0.0059,1,REST-S,1,3,2
1458,3834,3:56:30,0,0.00,0,0.1700,0.0042,0.0173,0.0059,1,REST-S,1,3,2
1458,3835,3:57:00,0,228.00,0,0.0200,0.0049,0.0000,0.0059,1,REST-S,1,3,2
1458,3836,3:57:30,0,8.00,0,0.1900,0.0128,0.0173,0.0059,1,REST-S,1,3,2
1458,3837,3:58:00,0,119.00,0,0.1900,0.0128,0.0173,0.0059,1,REST-S,1,3,2
1458,3838,3:58:30,0,1.00,0,0.1900,0.0128,0.0173,0.0059,0,REST-S,1,3,2
1458,3839,3:59:00,0,0.00,0,0.1900,0.0128,0.0173,0.0059,0,REST-S,1,3,2
1458,3840,3:59:30,0,0.00,0,0.1900,0.0128,0.0173,0.0059,0,REST-S,1,3,2
1458,3841,4:00:00,0,0.00,0,0.1700,0.0042,0.0173,0.0059,0,REST-S,1,3,2
1458,3842,4:00:30,0,0.00,0,0.1900,0.0128,0.0173,0.0059,0,REST-S,1,3,2
1458,3843,4:01:00,0,0.00,0,0.1700,0.0042,0.0173,0.0059,0,REST-S,1,3,2
1458,3844,4:01:30,0,0.00,0,0.1700,0.0042,0.0173,0.0059,0,REST-S,1,3,2
1458,3845,4:02:00,0,0.00,0,0.1900,0.0128,0.0173,0.0059,0,REST-S,1,3,2
1458,3846,4:02:30,0,0.00,0,0.1900,0.0128,0.0173,0.0059,0,REST-S,1,3,2
1458,3847,4:03:00,0,0.00,0,0.1700,0.0042,0.0173,0.0059,0,REST-S,1,3,2
1458,3848,4:03:30,0,0.00,0,0.1900,0.0128,0.0173,0.0059,0,REST-S,1,3,2
1458,3849,4:04:00,0,0.00,0,0.1900,0.0128,0.0173,0.0059,0,REST-S,1,3,2
1458,3850,4:04:30,0,0.00,0,0.1700,0.0042,0.0173,0.0059,0,REST-S,1,3,2
1458,3851,4:05:00,0,0.00,0,0.1900,0.0128,0.0173,0.0059,0,REST-S,1,3,2
1458,3852,4:05:30,0,0.00,0,0.1700,0.0042,0.0173,0.0059,0,REST-S,1,3,2
1458,3853,4:06:00,0,0.00,0,0.1700,0.0042,0.0173,0.0059,0,REST-S,1,3,2
1458,3854,4:06:30,0,0.00,0,0.1900,0.0128,0.0173,0.0059,0,REST-S,1,3,2
1458,3855,4:07:00,0,0.00,0,0.1900,0.0128,0.0173,0.0059,0,REST-S,1,3,2
1458,3856,4:07:30,0,0.00,0,0.1900,0.0128,0.0173,0.0059,0,REST-S,1,3,2
1458,3857,4:08:00,0,0.00,0,0.1900,0.0128,0.0173,0.0059,0,REST-S,1,3,2
1458,3858,4:08:30,0,39.00,0,0.1700,0.0042,0.0173,0.0059,1,REST-S,1,3,2
1458,3859,4:09:00,0,22.00,0,0.1900,0.0128,0.0173,0.0059,1,REST-S,1,3,2
1458,3860,4:09:30,0,0.00,0,0.1700,0.0042,0.0173,0.0059,0,REST-S,1,3,2
1458,3861,4:10:00,0,0.00,0,0.1900,0.0128,0.0173,0.0059,0,REST-S,1,3,2
1458,3862,4:10:30,0,0.00,0,0.1900,0.0128,0.0173,0.0059,0,REST-S,1,3,2
1458,3863,4:11:00,0,0.00,0,0.1700,0.0042,0.0173,0.0059,0,REST-S,1,3,2
1458,3864,4:11:30,0,0.00,0,0.1900,0.0128,0.0173,0.0059,0,REST-S,1,3,2
1458,3865,4:12:00,0,0.00,0,0.1900,0.0128,0.0173,0.0059,0,REST-S,1,3,2
1458,3866,4:12:30,0,0.00,0,0.1900,0.0128,0.0173,0.0059,0,REST-S,1,3,2
1458,3867,4:13:00,0,0.00,0,0.1700,0.0042,0.0173,0.0059,0,REST-S,1,3,2
1458,3868,4:13:30,0,0.00,0,0.1700,0.0042,0.0173,0.0059,0,REST-S,1,3,2
1458,3869,4:14:00,0,9.00,0,0.1900,0.0128,0.0173,0.0059,0,REST-S,1,3,2
1458,3870,4:14:30,0,4.00,0,0.1900,0.0128,0.0173,0.0059,0,REST-S,1,3,2
1458,3871,4:15:00,0,0.00,0,0.1700,0.0042,0.0173,0.0059,0,REST-S,1,3,2
1458,3872,4:15:30,0,0.00,0,0.1700,0.0042,0.0173,0.0059,0,REST-S,1,3,2
1458,3873,4:16:00,0,0.00,0,0.1900,0.0128,0.0173,0.0059,0,REST-S,1,3,2
1458,3874,4:16:30,0,0.00,0,0.1900,0.0128,0.0173,0.0059,0,REST-S,1,3,2
1458,3875,4:17:00,0,0.00,0,0.1700,0.0042,0.0173,0.0059,0,REST-S,1,3,2
1458,3876,4:17:30,0,0.00,0,0.1900,0.0128,0.0173,0.0059,0,REST-S,1,3,2
1458,3877,4:18:00,0,0.00,0,0.1700,0.0042,0.0173,0.0059,0,REST-S,1,3,2
1458,3878,4:18:30,0,0.00,0,0.1900,0.0128,0.0173,0.0059,0,REST-S,1,3,2
1458,3879,4:19:00,0,0.00,0,0.1900,0.0128,0.0173,0.0059,0,REST-S,1,3,2
1458,3880,4:19:30,0,0.00,0,0.1700,0.0042,0.0173,0.0059,0,REST-S,1,3,2
1458,3881,4:20:00,0,0.00,0,0.1900,0.0128,0.0173,0.0059,0,REST-S,1,3,2
1458,3882,4:20:30,0,0.00,0,0.1900,0.0128,0.0173,0.0059,0,REST-S,1,3,2
1458,3883,4:21:00,0,0.00,0,0.1900,0.0128,0.0173,0.0059,0,REST-S,1,3,2
1458,3884,4:21:30,0,0.00,0,0.1700,0.0042,0.0173,0.0059,0,REST-S,1,3,2
1458,3885,4:22:00,0,0.00,0,0.1700,0.0042,0.0173,0.0059,0,REST-S,1,3,2
1458,3886,4:22:30,0,0.00,0,0.1900,0.0128,0.0173,0.0059,0,REST-S,1,3,2
1458,3887,4:23:00,0,0.00,0,0.1900,0.0128,0.0173,0.0059,0,REST-S,1,3,2
1458,3888,4:23:30,0,0.00,0,0.1700,0.0042,0.0173,0.0059,0,REST-S,1,3,2
1458,3889,4:24:00,0,0.00,0,0.1900,0.0128,0.0173,0.0059,0,REST-S,1,3,2
1458,3890,4:24:30,0,0.00,0,0.1900,0.0128,0.0173,0.0059,0,REST-S,1,3,2
1458,3891,4:25:00,0,0.00,0,0.1700,0.0042,0.0173,0.0059,0,REST-S,1,3,2
1458,3892,4:25:30,0,0.00,0,0.1700,0.0042,0.0173,0.0059,0,REST-S,1,3,2
1458,3893,4:26:00,0,0.00,0,0.1900,0.0128,0.0173,0.0059,0,REST-S,1,3,2
1458,3894,4:26:30,0,0.00,0,0.1900,0.0128,0.0173,0.0059,0,REST-S,1,3,2
1458,3895,4:27:00,0,0.00,0,0.1900,0.0128,0.0173,0.0059,0,REST-S,1,3,2
1458,3896,4:27:30,0,0.00,0,0.1900,0.0128,0.0173,0.0059,0,REST-S,1,3,2
1458,3897,4:28:00,0,0.00,0,0.1900,0.0128,0.0173,0.0059,0,REST-S,1,3,2
1458,3898,4:28:30,0,0.00,0,0.1900,0.0128,0.0173,0.0059,0,REST-S,1,3,2
1458,3899,4:29:00,0,0.00,0,0.1900,0.0128,0.0173,0.0059,0,REST-S,1,3,2
1458,3900,4:29:30,0,0.00,0,0.1700,0.0042,0.0173,0.0059,0,REST-S,1,3,2
1458,3901,4:30:00,0,0.00,0,0.1900,0.0128,0.0173,0.0059,0,REST-S,1,3,2
1458,3902,4:30:30,0,0.00,0,0.1900,0.0128,0.0173,0.0059,0,REST-S,1,3,2
1458,3903,4:31:00,0,0.00,0,0.1900,0.0128,0.0173,0.0059,0,REST-S,1,3,2
1458,3904,4:31:30,0,0.00,0,0.1900,0.0128,0.0173,0.0059,0,REST-S,1,3,2
1458,3905,4:32:00,0,0.00,0,0.1700,0.0042,0.0173,0.0059,0,REST-S,1,3,2
1458,3906,4:32:30,0,0.00,0,0.1900,0.0128,0.0173,0.0059,0,REST-S,1,3,2
1458,3907,4:33:00,0,103.00,0,0.1900,0.0128,0.0173,0.0059,1,REST-S,1,3,2
1458,3908,4:33:30,0,1.00,0,0.1900,0.0128,0.0173,0.0059,0,REST-S,1,3,2
1458,3909,4:34:00,0,0.00,0,0.1700,0.0042,0.0173,0.0059,0,REST-S,1,3,2
1458,3910,4:34:30,0,0.00,0,0.1700,0.0042,0.0173,0.0059,0,REST-S,1,3,2
1458,3911,4:35:00,0,0.00,0,0.1900,0.0128,0.0173,0.0059,0,REST-S,1,3,2
1458,3912,4:35:30,0,0.00,0,0.1900,0.0128,0.0173,0.0059,0,REST-S,1,3,2
1458,3913,4:36:00,0,4.00,0,0.1900,0.0128,0.0173,0.0059,0,REST-S,1,3,2
1458,3914,4:36:30,0,8.00,0,0.1900,0.0128,0.0173,0.0059,0,REST-S,1,3,2
1458,3915,4:37:00,0,0.00,0,0.1700,0.0042,0.0173,0.0059,0,REST-S,1,3,2
1458,3916,4:37:30,0,0.00,0,0.1900,0.0128,0.0173,0.0059,0,REST-S,1,3,2
1458,3917,4:38:00,0,0.00,0,0.1700,0.0042,0.0173,0.0059,0,REST-S,1,3,2
1458,3918,4:38:30,0,0.00,0,0.1700,0.0042,0.0173,0.0059,0,REST-S,1,3,2
1458,3919,4:39:00,0,0.00,0,0.1700,0.0042,0.0173,0.0059,0,REST-S,1,3,2
1458,3920,4:39:30,0,0.00,0,0.1900,0.0128,0.0173,0.0059,0,REST-S,1,3,2
1458,3921,4:40:00,0,0.00,0,0.1700,0.0042,0.0173,0.0059,0,REST-S,1,3,2
1458,3922,4:40:30,0,0.00,0,0.1700,0.0042,0.0173,0.0059,0,REST-S,1,3,2
1458,3923,4:41:00,0,25.00,0,0.1700,0.0042,0.0173,0.0059,1,REST-S,1,3,2
1458,3924,4:41:30,0,12.00,0,0.1700,0.0042,0.0173,0.0059,0,REST-S,1,3,2
1458,3925,4:42:00,0,0.00,0,0.1700,0.0042,0.0173,0.0059,0,REST-S,1,3,2
1458,3926,4:42:30,0,0.00,0,0.1900,0.0128,0.0173,0.0059,0,REST-S,1,3,2
1458,3927,4:43:00,0,0.00,0,0.1700,0.0042,0.0173,0.0059,0,REST-S,1,3,2
1458,3928,4:43:30,0,0.00,0,0.1700,0.0042,0.0173,0.0059,0,REST-S,1,3,2
1458,3929,4:44:00,0,0.00,0,0.1700,0.0042,0.0173,0.0059,0,REST-S,1,3,2
1458,3930,4:44:30,0,80.00,0,0.1700,0.0042,0.0173,0.0059,1,REST-S,1,3,2
1458,3931,4:45:00,0,0.00,0,0.1700,0.0042,0.0173,0.0059,0,REST-S,1,3,2
1458,3932,4:45:30,0,0.00,0,0.1700,0.0042,0.0173,0.0059,0,REST-S,1,3,2
1458,3933,4:46:00,0,0.00,0,0.1700,0.0042,0.0173,0.0059,1,REST-S,1,3,2
1458,3934,4:46:30,0,0.00,0,0.1700,0.0042,0.0173,0.0059,1,REST-S,1,3,2
1458,3935,4:47:00,0,243.00,0,0.0200,0.0049,0.0000,0.0059,1,REST-S,1,3,2
1458,3936,4:47:30,0,0.00,0,0.1700,0.0042,0.0173,0.0059,1,REST-S,1,3,2
1458,3937,4:48:00,0,0.00,0,0.1700,0.0042,0.0173,0.0059,1,REST-S,1,3,2
1458,3938,4:48:30,0,3.00,0,0.1700,0.0042,0.0173,0.0059,0,REST-S,1,3,2
1458,3939,4:49:00,0,0.00,0,0.1700,0.0042,0.0173,0.0059,0,REST-S,1,3,2
1458,3940,4:49:30,0,0.00,0,0.1700,0.0042,0.0173,0.0059,0,REST-S,1,3,2
1458,3941,4:50:00,0,53.00,0,0.1900,0.0128,0.0173,0.0059,1,REST-S,1,3,2
1458,3942,4:50:30,0,4.00,0,0.1900,0.0128,0.0173,0.0059,0,REST-S,1,3,2
1458,3943,4:51:00,0,0.00,0,0.1900,0.0128,0.0173,0.0059,0,REST-S,1,3,2
1458,3944,4:51:30,0,0.00,0,0.1700,0.0042,0.0173,0.0059,0,REST-S,1,3,2
1458,3945,4:52:00,0,0.00,0,0.1900,0.0128,0.0173,0.0059,0,REST-S,1,3,2
1458,3946,4:52:30,0,0.00,0,0.1700,0.0042,0.0173,0.0059,0,REST-S,1,3,2
1458,3947,4:53:00,0,0.00,0,0.1700,0.0042,0.0173,0.0059,0,REST-S,1,3,2
1458,3948,4:53:30,0,0.00,0,0.1900,0.0128,0.0173,0.0059,0,REST-S,1,3,2
1458,3949,4:54:00,0,0.00,0,0.1700,0.0042,0.0173,0.0059,0,REST-S,1,3,2
1458,3950,4:54:30,0,0.00,0,0.1700,0.0042,0.0173,0.0059,0,REST-S,1,3,2
1458,3951,4:55:00,0,0.00,0,0.1700,0.0042,0.0173,0.0059,0,REST-S,1,3,2
1458,3952,4:55:30,0,0.00,0,0.1700,0.0042,0.0173,0.0059,0,REST-S,1,3,2
1458,3953,4:56:00,0,0.00,0,0.1700,0.0042,0.0173,0.0059,0,REST-S,1,3,2
1458,3954,4:56:30,0,18.00,0,0.1700,0.0042,0.0173,0.0059,0,REST-S,1,3,2
1458,3955,4:57:00,0,0.00,0,0.1700,0.0042,0.0173,0.0059,0,REST-S,1,3,2
1458,3956,4:57:30,0,0.00,0,0.1700,0.0042,0.0173,0.0059,0,REST-S,1,3,2
1458,3957,4:58:00,0,0.00,0,0.1700,0.0042,0.0173,0.0059,0,REST-S,1,3,2
1458,3958,4:58:30,0,0.00,0,0.1700,0.0042,0.0173,0.0059,0,REST-S,1,3,2
1458,3959,4:59:00,0,0.00,0,0.1700,0.0042,0.0173,0.0059,0,REST-S,1,3,2
1458,3960,4:59:30,0,0.00,0,0.1700,0.0042,0.0173,0.0059,0,REST-S,1,3,2
1458,3961,5:00:00,0,0.00,0,0.1700,0.0042,0.0173,0.0059,0,REST-S,1,3,2
1458,3962,5:00:30,0,0.00,0,0.1700,0.0042,0.0173,0.0059,0,REST-S,1,3,2
1458,3963,5:01:00,0,0.00,0,0.1700,0.0042,0.0173,0.0059,0,REST-S,1,3,2
1458,3964,5:01:30,0,0.00,0,0.1700,0.0042,0.0173,0.0059,0,REST-S,1,3,2
1458,3965,5:02:00,0,0.00,0,0.1700,0.0042,0.0173,0.0059,0,REST-S,1,3,2
1458,3966,5:02:30,0,0.00,0,0.1700,0.0042,0.0173,0.0059,0,REST-S,1,3,2
1458,3967,5:03:00,0,0.00,0,0.1700,0.0042,0.0173,0.0059,0,REST-S,1,3,2
1458,3968,5:03:30,0,0.00,0,0.1700,0.0042,0.0173,0.0059,0,REST-S,1,3,2
1458,3969,5:04:00,0,0.00,0,0.1700,0.0042,0.0173,0.0059,0,REST-S,1,3,2
1458,3970,5:04:30,0,0.00,0,0.1700,0.0042,0.0173,0.0059,0,REST-S,1,3,2
1458,3971,5:05:00,0,0.00,0,0.1700,0.0042,0.0173,0.0059,0,REST-S,1,3,2
1458,3972,5:05:30,0,0.00,0,0.1700,0.0042,0.0173,0.0059,0,REST-S,1,3,2
1458,3973,5:06:00,0,0.00,0,0.1700,0.0042,0.0173,0.0059,0,REST-S,1,3,2
1458,3974,5:06:30,0,0.00,0,0.1700,0.0042,0.0173,0.0059,0,REST-S,1,3,2
1458,3975,5:07:00,0,0.00,0,0.1700,0.0042,0.0173,0.0059,0,REST-S,1,3,2
1458,3976,5:07:30,0,0.00,0,0.1700,0.0042,0.0173,0.0059,0,REST-S,1,3,2
1458,3977,5:08:00,0,0.00,0,0.1700,0.0042,0.0173,0.0059,0,REST-S,1,3,2
1458,3978,5:08:30,0,0.00,0,0.1700,0.0042,0.0173,0.0059,0,REST-S,1,3,2
1458,3979,5:09:00,0,0.00,0,0.1700,0.0042,0.0173,0.0059,0,REST-S,1,3,2
1458,3980,5:09:30,0,0.00,0,0.1700,0.0042,0.0173,0.0059,0,REST-S,1,3,2
1458,3981,5:10:00,0,0.00,0,0.1700,0.0042,0.0173,0.0059,0,REST-S,1,3,2
1458,3982,5:10:30,0,0.00,0,0.1700,0.0042,0.0173,0.0059,0,REST-S,1,3,2
1458,3983,5:11:00,0,0.00,0,0.1700,0.0042,0.0173,0.0059,0,REST-S,1,3,2
1458,3984,5:11:30,0,0.00,0,0.1700,0.0042,0.0173,0.0059,0,REST-S,1,3,2
1458,3985,5:12:00,0,2.00,0,0.1700,0.0042,0.0173,0.0059,0,REST-S,1,3,2
1458,3986,5:12:30,0,0.00,0,0.1700,0.0042,0.0173,0.0059,0,REST-S,1,3,2
1458,3987,5:13:00,0,0.00,0,0.1700,0.0042,0.0173,0.0059,0,REST-S,1,3,2
1458,3988,5:13:30,0,0.00,0,0.1700,0.0042,0.0173,0.0059,0,REST-S,1,3,2
1458,3989,5:14:00,0,0.00,0,0.1700,0.0042,0.0173,0.0059,0,REST-S,1,3,2
1458,3990,5:14:30,0,20.00,0,0.1700,0.0042,0.0173,0.0059,1,REST-S,1,3,2
1458,3991,5:15:00,0,0.00,0,0.1700,0.0042,0.0173,0.0059,0,REST-S,1,3,2
1458,3992,5:15:30,0,0.00,0,0.1900,0.0128,0.0173,0.0059,0,REST-S,1,3,2
1458,3993,5:16:00,0,1.00,0,0.1900,0.0128,0.0173,0.0059,0,REST-S,1,3,2
1458,3994,5:16:30,0,0.00,0,0.1700,0.0042,0.0173,0.0059,0,REST-S,1,3,2
1458,3995,5:17:00,0,0.00,0,0.1700,0.0042,0.0173,0.0059,0,REST-S,1,3,2
1458,3996,5:17:30,0,0.00,0,0.1700,0.0042,0.0173,0.0059,0,REST-S,1,3,2
1458,3997,5:18:00,0,0.00,0,0.1700,0.0042,0.0173,0.0059,0,REST-S,1,3,2
1458,3998,5:18:30,0,0.00,0,0.1700,0.0042,0.0173,0.0059,0,REST-S,1,3,2
1458,3999,5:19:00,0,0.00,0,0.1700,0.0042,0.0173,0.0059,0,REST-S,1,3,2
1458,4000,5:19:30,0,0.00,0,0.1700,0.0042,0.0173,0.0059,0,REST-S,1,3,2
1458,4001,5:20:00,0,0.00,0,0.1700,0.0042,0.0173,0.0059,0,REST-S,1,3,2
1458,4002,5:20:30,0,0.00,0,0.1700,0.0042,0.0173,0.0059,0,REST-S,1,3,2
1458,4003,5:21:00,0,0.00,0,0.1700,0.0042,0.0173,0.0059,0,REST-S,1,3,2
1458,4004,5:21:30,0,0.00,0,0.1700,0.0042,0.0173,0.0059,0,REST-S,1,3,2
1458,4005,5:22:00,0,34.00,0,0.1700,0.0042,0.0173,0.0059,1,REST-S,1,3,2
1458,4006,5:22:30,0,0.00,0,0.1700,0.0042,0.0173,0.0059,0,REST-S,1,3,2
1458,4007,5:23:00,0,0.00,0,0.1700,0.0042,0.0173,0.0059,0,REST-S,1,3,2
1458,4008,5:23:30,0,0.00,0,0.1700,0.0042,0.0173,0.0059,0,REST-S,1,3,2
1458,4009,5:24:00,0,0.00,0,0.1700,0.0042,0.0173,0.0059,0,REST-S,1,3,2
1458,4010,5:24:30,0,0.00,0,0.1700,0.0042,0.0173,0.0059,0,REST-S,1,3,2
1458,4011,5:25:00,0,1.00,0,0.1900,0.0128,0.0173,0.0059,0,REST-S,1,3,2
1458,4012,5:25:30,0,0.00,0,0.1700,0.0042,0.0173,0.0059,0,REST-S,1,3,2
1458,4013,5:26:00,0,0.00,0,0.1700,0.0042,0.0173,0.0059,0,REST-S,1,3,2
1458,4014,5:26:30,0,0.00,0,0.1700,0.0042,0.0173,0.0059,0,REST-S,1,3,2
1458,4015,5:27:00,0,0.00,0,0.1900,0.0128,0.0173,0.0059,0,REST-S,1,3,2
1458,4016,5:27:30,0,1.00,0,0.1700,0.0042,0.0173,0.0059,0,REST-S,1,3,2
1458,4017,5:28:00,0,30.00,0,0.1700,0.0042,0.0173,0.0059,1,REST-S,1,3,2
1458,4018,5:28:30,0,0.00,0,0.1700,0.0042,0.0173,0.0059,0,REST-S,1,3,2
1458,4019,5:29:00,0,16.00,0,0.1900,0.0128,0.0173,0.0059,0,REST-S,1,3,2
1458,4020,5:29:30,0,0.00,0,0.1700,0.0042,0.0173,0.0059,0,REST-S,1,3,2
1458,4021,5:30:00,0,0.00,0,0.1900,0.0128,0.0173,0.0059,0,REST-S,1,3,2
1458,4022,5:30:30,0,0.00,0,0.1900,0.0128,0.0173,0.0059,0,REST-S,1,3,2
1458,4023,5:31:00,0,0.00,0,0.1900,0.0128,0.0173,0.0059,0,REST-S,1,3,2
1458,4024,5:31:30,0,0.00,0,0.1900,0.0128,0.0173,0.0059,0,REST-S,1,3,2
1458,4025,5:32:00,0,0.00,0,0.1900,0.0128,0.0173,0.0059,0,REST-S,1,3,2
1458,4026,5:32:30,0,0.00,0,0.1900,0.0128,0.0173,0.0059,0,REST-S,1,3,2
1458,4027,5:33:00,0,0.00,0,0.1900,0.0128,0.0173,0.0059,0,REST-S,1,3,2
1458,4028,5:33:30,0,0.00,0,0.1900,0.0128,0.0173,0.0059,0,REST-S,1,3,2
1458,4029,5:34:00,0,0.00,0,0.1700,0.0042,0.0173,0.0059,0,REST-S,1,3,2
1458,4030,5:34:30,0,0.00,0,0.1900,0.0128,0.0173,0.0059,0,REST-S,1,3,2
1458,4031,5:35:00,0,0.00,0,0.1900,0.0128,0.0173,0.0059,1,REST-S,1,3,2
1458,4032,5:35:30,0,0.00,0,0.1900,0.0128,0.0173,0.0059,1,REST-S,1,3,2
1458,4033,5:36:00,0,251.00,0,0.1700,0.0042,0.0173,0.0059,1,REST-S,1,3,2
1458,4034,5:36:30,0,0.00,0,0.1900,0.0128,0.0173,0.0059,1,REST-S,1,3,2
1458,4035,5:37:00,0,1.00,0,0.1700,0.0042,0.0173,0.0059,1,REST-S,1,3,2
1458,4036,5:37:30,0,0.00,0,0.1700,0.0042,0.0173,0.0059,0,REST-S,1,3,2
1458,4037,5:38:00,0,0.00,0,0.1900,0.0128,0.0173,0.0059,0,REST-S,1,3,2
1458,4038,5:38:30,0,0.00,0,0.1700,0.0042,0.0173,0.0059,0,REST-S,1,3,2
1458,4039,5:39:00,0,0.00,0,0.1700,0.0042,0.0173,0.0059,0,REST-S,1,3,2
1458,4040,5:39:30,0,0.00,0,0.1700,0.0042,0.0173,0.0059,0,REST-S,1,3,2
1458,4041,5:40:00,0,0.00,0,0.1900,0.0128,0.0173,0.0059,0,REST-S,1,3,2
1458,4042,5:40:30,0,0.00,0,0.1900,0.0128,0.0173,0.0059,0,REST-S,1,3,2
1458,4043,5:41:00,0,0.00,0,0.1900,0.0128,0.0173,0.0059,0,REST-S,1,3,2
1458,4044,5:41:30,0,0.00,0,0.1900,0.0128,0.0173,0.0059,0,REST-S,1,3,2
1458,4045,5:42:00,0,0.00,0,0.1900,0.0128,0.0173,0.0059,0,REST-S,1,3,2
1458,4046,5:42:30,0,0.00,0,0.1900,0.0128,0.0173,0.0059,0,REST-S,1,3,2
1458,4047,5:43:00,0,0.00,0,0.1900,0.0128,0.0173,0.0059,0,REST-S,1,3,2
1458,4048,5:43:30,0,0.00,0,0.1900,0.0128,0.0173,0.0059,0,REST-S,1,3,2
1458,4049,5:44:00,0,0.00,0,0.1700,0.0042,0.0173,0.0059,0,REST-S,1,3,2
1458,4050,5:44:30,0,0.00,0,0.1900,0.0128,0.0173,0.0059,0,REST-S,1,3,2
1458,4051,5:45:00,0,0.00,0,0.1700,0.0042,0.0173,0.0059,0,REST-S,1,3,2
1458,4052,5:45:30,0,0.00,0,0.1900,0.0128,0.0173,0.0059,0,REST-S,1,3,2
1458,4053,5:46:00,0,0.00,0,0.1700,0.0042,0.0173,0.0059,0,REST-S,1,3,2
1458,4054,5:46:30,0,0.00,0,0.1700,0.0042,0.0173,0.0059,0,REST-S,1,3,2
1458,4055,5:47:00,0,1.00,0,0.1900,0.0128,0.0173,0.0059,0,REST-S,1,3,2
1458,4056,5:47:30,0,0.00,0,0.1900,0.0128,0.0173,0.0059,0,REST-S,1,3,2
1458,4057,5:48:00,0,0.00,0,0.1900,0.0128,0.0173,0.0059,0,REST-S,1,3,2
1458,4058,5:48:30,0,0.00,0,0.1700,0.0042,0.0173,0.0059,0,REST-S,1,3,2
1458,4059,5:49:00,0,0.00,0,0.1900,0.0128,0.0173,0.0059,0,REST-S,1,3,2
1458,4060,5:49:30,0,0.00,0,0.1900,0.0128,0.0173,0.0059,0,REST-S,1,3,2
1458,4061,5:50:00,0,0.00,0,0.1900,0.0128,0.0173,0.0059,0,REST-S,1,3,2
1458,4062,5:50:30,0,0.00,0,0.1900,0.0128,0.0173,0.0059,0,REST-S,1,3,2
1458,4063,5:51:00,0,0.00,0,0.1900,0.0128,0.0173,0.0059,0,REST-S,1,3,2
1458,4064,5:51:30,0,0.00,0,0.1900,0.0128,0.0173,0.0059,0,REST-S,1,3,2
1458,4065,5:52:00,0,0.00,0,0.1900,0.0128,0.0173,0.0059,0,REST-S,1,3,2
1458,4066,5:52:30,0,0.00,0,0.1700,0.0042,0.0173,0.0059,0,REST-S,1,3,2
1458,4067,5:53:00,0,0.00,0,0.1900,0.0128,0.0173,0.0059,0,REST-S,1,3,2
1458,4068,5:53:30,0,0.00,0,0.1700,0.0042,0.0173,0.0059,0,REST-S,1,3,2
1458,4069,5:54:00,0,0.00,0,0.1900,0.0128,0.0173,0.0059,0,REST-S,1,3,2
1458,4070,5:54:30,0,0.00,0,0.1700,0.0042,0.0173,0.0059,0,REST-S,1,3,2
1458,4071,5:55:00,0,0.00,0,0.1700,0.0042,0.0173,0.0059,0,REST-S,1,3,2
1458,4072,5:55:30,0,0.00,0,0.1700,0.0042,0.0173,0.0059,0,REST-S,1,3,2
1458,4073,5:56:00,0,0.00,0,0.1900,0.0128,0.0173,0.0059,0,REST-S,1,3,2
1458,4074,5:56:30,0,0.00,0,0.1700,0.0042,0.0173,0.0059,0,REST-S,1,3,2
1458,4075,5:57:00,0,0.00,0,0.1700,0.0042,0.0173,0.0059,0,REST-S,1,3,2
1458,4076,5:57:30,0,0.00,0,0.1900,0.0128,0.0173,0.0059,0,REST-S,1,3,2
1458,4077,5:58:00,0,0.00,0,0.1900,0.0128,0.0173,0.0059,0,REST-S,1,3,2
1458,4078,5:58:30,0,0.00,0,0.1900,0.0128,0.0173,0.0059,0,REST-S,1,3,2
1458,4079,5:59:00,0,0.00,0,0.1900,0.0128,0.0173,0.0059,0,REST-S,1,3,2
1458,4080,5:59:30,0,0.00,0,0.1900,0.0128,0.0173,0.0059,0,REST-S,1,3,2
1458,4081,6:00:00,0,0.00,0,0.1900,0.0128,0.0173,0.0059,0,REST-S,1,3,2
1458,4082,6:00:30,0,0.00,0,0.1700,0.0042,0.0173,0.0059,0,REST-S,1,3,2
1458,4083,6:01:00,0,0.00,0,0.1700,0.0042,0.0173,0.0059,0,REST-S,1,3,2
1458,4084,6:01:30,0,0.00,0,0.1900,0.0128,0.0173,0.0059,0,REST-S,1,3,2
1458,4085,6:02:00,0,0.00,0,0.1900,0.0128,0.0173,0.0059,0,REST-S,1,3,2
1458,4086,6:02:30,0,0.00,0,0.1900,0.0128,0.0173,0.0059,0,REST-S,1,3,2
1458,4087,6:03:00,0,0.00,0,0.1900,0.0128,0.0173,0.0059,0,REST-S,1,3,2
1458,4088,6:03:30,0,0.00,0,0.1700,0.0042,0.0173,0.0059,0,REST-S,1,3,2
1458,4089,6:04:00,0,0.00,0,0.1900,0.0128,0.0173,0.0059,0,REST-S,1,3,2
1458,4090,6:04:30,0,0.00,0,0.1700,0.0042,0.0173,0.0059,0,REST-S,1,3,2
1458,4091,6:05:00,0,0.00,0,0.1700,0.0042,0.0173,0.0059,0,REST-S,1,3,2
1458,4092,6:05:30,0,0.00,0,0.1900,0.0128,0.0173,0.0059,0,REST-S,1,3,2
1458,4093,6:06:00,0,0.00,0,0.1700,0.0042,0.0173,0.0059,0,REST-S,1,3,2
1458,4094,6:06:30,0,0.00,0,0.1900,0.0128,0.0173,0.0059,0,REST-S,1,3,2
1458,4095,6:07:00,0,0.00,0,0.1900,0.0128,0.0173,0.0059,0,REST-S,1,3,2
1458,4096,6:07:30,0,0.00,0,0.1700,0.0042,0.0173,0.0059,0,REST-S,1,3,2
1458,4097,6:08:00,0,0.00,0,0.1900,0.0128,0.0173,0.0059,0,REST-S,1,3,2
1458,4098,6:08:30,0,0.00,0,0.1700,0.0042,0.0173,0.0059,0,REST-S,1,3,2
1458,4099,6:09:00,0,0.00,0,0.1900,0.0128,0.0173,0.0059,0,REST-S,1,3,2
1458,4100,6:09:30,0,0.00,0,0.1900,0.0128,0.0173,0.0059,0,REST-S,1,3,2
1458,4101,6:10:00,0,0.00,0,0.1700,0.0042,0.0173,0.0059,0,REST-S,1,3,2
1458,4102,6:10:30,0,0.00,0,0.1700,0.0042,0.0173,0.0059,0,REST-S,1,3,2
1458,4103,6:11:00,0,0.00,0,0.1900,0.0128,0.0173,0.0059,0,REST-S,1,3,2
1458,4104,6:11:30,0,0.00,0,0.1900,0.0128,0.0173,0.0059,0,REST-S,1,3,2
1458,4105,6:12:00,0,0.00,0,0.1700,0.0042,0.0173,0.0059,0,REST-S,1,3,2
1458,4106,6:12:30,0,0.00,0,0.1900,0.0128,0.0173,0.0059,0,REST-S,1,3,2
1458,4107,6:13:00,0,0.00,0,0.1900,0.0128,0.0173,0.0059,0,REST-S,1,3,2
1458,4108,6:13:30,0,0.00,0,0.1900,0.0128,0.0173,0.0059,0,REST-S,1,3,2
1458,4109,6:14:00,0,0.00,0,0.1900,0.0128,0.0173,0.0059,0,REST-S,1,3,2
1458,4110,6:14:30,0,0.00,0,0.1900,0.0128,0.0173,0.0059,0,REST-S,1,3,2
1458,4111,6:15:00,0,0.00,0,0.1700,0.0042,0.0173,0.0059,0,REST-S,1,3,2
1458,4112,6:15:30,0,0.00,0,0.1900,0.0128,0.0173,0.0059,0,REST-S,1,3,2
1458,4113,6:16:00,0,0.00,0,0.1700,0.0042,0.0173,0.0059,0,REST-S,1,3,2
1458,4114,6:16:30,0,0.00,0,0.1700,0.0042,0.0173,0.0059,0,REST-S,1,3,2
1458,4115,6:17:00,0,0.00,0,0.1900,0.0128,0.0173,0.0059,1,REST-S,1,3,2
1458,4116,6:17:30,0,10.00,0,0.1900,0.0128,0.0173,0.0059,1,REST-S,1,3,2
1458,4117,6:18:00,0,235.00,0,0.1400,0.0128,0.0125,0.0000,1,REST-S,1,3,2
1458,4118,6:18:30,0,0.00,0,0.1900,0.0128,0.0173,0.0059,1,REST-S,1,3,2
1458,4119,6:19:00,0,0.00,0,0.1900,0.0128,0.0173,0.0059,1,REST-S,1,3,2
1458,4120,6:19:30,0,0.00,0,0.1900,0.0128,0.0173,0.0059,0,REST-S,1,3,2
1458,4121,6:20:00,0,0.00,0,0.1900,0.0128,0.0173,0.0059,0,REST-S,1,3,2
1458,4122,6:20:30,0,0.00,0,0.1900,0.0128,0.0173,0.0059,0,REST-S,1,3,2
1458,4123,6:21:00,0,0.00,0,0.1900,0.0128,0.0173,0.0059,0,REST-S,1,3,2
1458,4124,6:21:30,0,0.00,0,0.1900,0.0128,0.0173,0.0059,0,REST-S,1,3,2
1458,4125,6:22:00,0,0.00,0,0.1900,0.0128,0.0173,0.0059,0,REST-S,1,3,2
1458,4126,6:22:30,0,0.00,0,0.1900,0.0128,0.0173,0.0059,0,REST-S,1,3,2
1458,4127,6:23:00,0,0.00,0,0.1900,0.0128,0.0173,0.0059,0,REST-S,1,3,2
1458,4128,6:23:30,0,0.00,0,0.1900,0.0128,0.0173,0.0059,0,REST-S,1,3,2
1458,4129,6:24:00,0,0.00,0,0.1900,0.0128,0.0173,0.0059,0,REST-S,1,3,2
1458,4130,6:24:30,0,0.00,0,0.1900,0.0128,0.0173,0.0059,0,REST-S,1,3,2
1458,4131,6:25:00,0,0.00,0,0.1900,0.0128,0.0173,0.0059,0,REST-S,1,3,2
1458,4132,6:25:30,0,0.00,0,0.1900,0.0128,0.0173,0.0059,0,REST-S,1,3,2
1458,4133,6:26:00,0,0.00,0,0.1900,0.0128,0.0173,0.0059,0,REST-S,1,3,2
1458,4134,6:26:30,0,0.00,0,0.1900,0.0128,0.0173,0.0059,0,REST-S,1,3,2
1458,4135,6:27:00,0,0.00,0,0.1900,0.0128,0.0173,0.0059,0,REST-S,1,3,2
1458,4136,6:27:30,0,0.00,0,0.1900,0.0128,0.0173,0.0059,0,REST-S,1,3,2
1458,4137,6:28:00,0,0.00,0,0.1900,0.0128,0.0173,0.0059,0,REST-S,1,3,2
1458,4138,6:28:30,0,0.00,0,0.1900,0.0128,0.0173,0.0059,0,REST-S,1,3,2
1458,4139,6:29:00,0,0.00,0,0.1900,0.0128,0.0173,0.0059,0,REST-S,1,3,2
1458,4140,6:29:30,0,0.00,0,0.1900,0.0128,0.0173,0.0059,0,REST-S,1,3,2
1458,4141,6:30:00,0,0.00,0,0.1900,0.0128,0.0173,0.0059,0,REST-S,1,3,2
1458,4142,6:30:30,0,0.00,0,0.1900,0.0128,0.0173,0.0059,0,REST-S,1,3,2
1458,4143,6:31:00,0,0.00,0,0.1900,0.0128,0.0173,0.0059,0,REST-S,1,3,2
1458,4144,6:31:30,0,0.00,0,0.1900,0.0128,0.0173,0.0059,0,REST-S,1,3,2
1458,4145,6:32:00,0,0.00,0,0.2100,0.0256,0.0173,0.0059,0,REST-S,1,3,2
1458,4146,6:32:30,0,0.00,0,0.2100,0.0256,0.0173,0.0059,0,REST-S,1,3,2
1458,4147,6:33:00,0,0.00,0,0.2100,0.0256,0.0173,0.0059,0,REST-S,1,3,2
1458,4148,6:33:30,0,0.00,0,0.2100,0.0256,0.0173,0.0059,0,REST-S,1,3,2
1458,4149,6:34:00,0,0.00,0,0.2100,0.0256,0.0173,0.0059,0,REST-S,1,3,2
1458,4150,6:34:30,0,25.00,0,0.2100,0.0256,0.0173,0.0059,1,REST-S,1,3,2
1458,4151,6:35:00,0,90.00,0,0.1900,0.0128,0.0173,0.0059,1,REST-S,1,3,2
1458,4152,6:35:30,0,35.00,0,0.2100,0.0256,0.0173,0.0059,1,REST-S,1,3,2
1458,4153,6:36:00,0,77.00,0,0.2100,0.0256,0.0173,0.0059,1,REST-S,1,3,2
1458,4154,6:36:30,0,137.00,0,0.5500,0.0339,0.0523,0.0173,1,REST-S,1,3,2
1458,4155,6:37:00,0,0.00,0,0.1700,0.0042,0.0173,0.0059,1,REST-S,1,3,2
1458,4156,6:37:30,0,0.00,0,0.1700,0.0042,0.0173,0.0059,0,REST-S,1,3,2
1458,4157,6:38:00,0,0.00,0,0.1700,0.0042,0.0173,0.0059,0,REST-S,1,3,2
1458,4158,6:38:30,0,0.00,0,0.1700,0.0042,0.0173,0.0059,0,REST-S,1,3,2
1458,4159,6:39:00,0,0.00,0,0.1700,0.0042,0.0173,0.0059,0,REST-S,1,3,2
1458,4160,6:39:30,0,0.00,0,0.1700,0.0042,0.0173,0.0059,0,REST-S,1,3,2
1458,4161,6:40:00,0,1.00,0,0.1900,0.0128,0.0173,0.0059,0,REST-S,1,3,2
1458,4162,6:40:30,0,0.00,0,0.1900,0.0128,0.0173,0.0059,0,REST-S,1,3,2
1458,4163,6:41:00,0,0.00,0,0.1900,0.0128,0.0173,0.0059,0,REST-S,1,3,2
1458,4164,6:41:30,0,0.00,0,0.1900,0.0128,0.0173,0.0059,0,REST-S,1,3,2
1458,4165,6:42:00,0,0.00,0,0.1900,0.0128,0.0173,0.0059,0,REST-S,1,3,2
1458,4166,6:42:30,0,0.00,0,0.1900,0.0128,0.0173,0.0059,0,REST-S,1,3,2
1458,4167,6:43:00,0,0.00,0,0.1900,0.0128,0.0173,0.0059,0,REST-S,1,3,2
1458,4168,6:43:30,0,0.00,0,0.1900,0.0128,0.0173,0.0059,0,REST-S,1,3,2
1458,4169,6:44:00,0,0.00,0,0.1900,0.0128,0.0173,0.0059,0,REST-S,1,3,2
1458,4170,6:44:30,0,0.00,0,0.1900,0.0128,0.0173,0.0059,0,REST-S,1,3,2
1458,4171,6:45:00,0,0.00,0,0.1900,0.0128,0.0173,0.0059,0,REST-S,1,3,2
1458,4172,6:45:30,0,0.00,0,0.1900,0.0128,0.0173,0.0059,0,REST-S,1,3,2
1458,4173,6:46:00,0,141.00,0,0.5900,0.0512,0.0523,0.0173,1,REST-S,1,3,2
1458,4174,6:46:30,0,16.00,0,0.5900,0.0512,0.0523,0.0173,1,REST-S,1,3,2
1458,4175,6:47:00,0,35.00,0,0.7000,0.0679,0.0622,0.0070,1,REST-S,1,3,2
1458,4176,6:47:30,0,35.00,0,0.6800,0.0596,0.0622,0.0070,1,REST-S,1,3,2
1458,4177,6:48:00,0,100.00,0,2.1900,0.1300,0.2090,0.0650,1,REST-S,1,3,2
1458,4178,6:48:30,0,2.00,0,2.5400,0.1450,0.2440,0.0756,1,REST-S,1,3,2
1458,4179,6:49:00,0,39.00,0,2.5400,0.1450,0.2440,0.0756,1,REST-S,1,3,2
1458,4180,6:49:30,0,48.00,0,2.2200,0.1360,0.2090,0.0756,1,REST-S,1,3,2
1458,4181,6:50:00,0,42.00,0,2.0200,0.1190,0.1920,0.0650,1,REST-S,1,3,2
1458,4182,6:50:30,0,479.00,0,0.7200,0.0773,0.0622,0.0070,1,REST-S,1,3,2
1458,4183,6:51:00,0,13.00,0,0.6300,0.0679,0.0523,0.0173,1,REST-S,1,3,2
1458,4184,6:51:30,0,70.00,0,0.9500,0.0679,0.0880,0.0292,1,REST-S,1,3,2
1458,4185,6:52:00,0,0.00,0,0.7000,0.0679,0.0622,0.0070,0,REST-S,1,3,2
1458,4186,6:52:30,0,0.00,0,0.7000,0.0679,0.0622,0.0070,0,REST-S,1,3,2
1458,4187,6:53:00,0,0.00,0,0.9700,0.0773,0.0880,0.0292,0,REST-S,1,3,2
1458,4188,6:53:30,0,0.00,0,0.9700,0.0773,0.0880,0.0292,0,REST-S,1,3,2
1458,4189,6:54:00,0,0.00,0,0.9700,0.0773,0.0880,0.0292,0,REST-S,1,3,2
1458,4190,6:54:30,0,0.00,0,0.9700,0.0773,0.0880,0.0292,0,REST-S,1,3,2
1458,4191,6:55:00,0,0.00,0,0.9900,0.0861,0.0880,0.0292,0,REST-S,1,3,2
1458,4192,6:55:30,0,0.00,0,0.9700,0.0861,0.0880,0.0115,0,REST-S,1,3,2
1458,4193,6:56:00,0,0.00,0,0.9700,0.0861,0.0880,0.0115,0,REST-S,1,3,2
1458,4194,6:56:30,0,0.00,0,0.9700,0.0861,0.0880,0.0115,0,REST-S,1,3,2
1458,4195,6:57:00,0,0.00,0,0.9700,0.0861,0.0880,0.0115,0,REST-S,1,3,2
1458,4196,6:57:30,0,0.00,0,1.3200,0.0939,0.1220,0.0412,0,REST-S,1,3,2
1458,4197,6:58:00,0,0.00,0,0.9900,0.0939,0.0880,0.0115,0,REST-S,1,3,2
1458,4198,6:58:30,0,0.00,0,0.9900,0.0939,0.0880,0.0115,0,REST-S,1,3,2
1458,4199,6:59:00,0,0.00,0,1.3200,0.0939,0.1220,0.0412,0,REST-S,1,3,2
1458,4200,6:59:30,0,0.00,0,1.3400,0.1020,0.1220,0.0412,0,REST-S,1,3,2
1458,4201,7:00:00,0,0.00,0,1.3400,0.1020,0.1220,0.0412,0,REST-S,1,3,2
1458,4202,7:00:30,0,0.00,0,1.3400,0.1020,0.1220,0.0412,0,REST-S,1,3,2
1458,4203,7:01:00,0,0.00,0,1.3400,0.1020,0.1220,0.0412,0,REST-S,1,3,2
1458,4204,7:01:30,0,0.00,0,1.2200,0.1020,0.1120,0.0162,0,REST-S,1,3,2
1458,4205,7:02:00,0,0.00,0,1.2400,0.1120,0.1120,0.0162,0,REST-S,1,3,2
1458,4206,7:02:30,0,0.00,0,1.2400,0.1120,0.1120,0.0162,0,REST-S,1,3,2
1458,4207,7:03:00,0,0.00,0,1.2400,0.1120,0.1120,0.0162,0,REST-S,1,3,2
1458,4208,7:03:30,0,0.00,0,1.2400,0.1120,0.1120,0.0162,0,REST-S,1,3,2
1458,4209,7:04:00,0,0.00,0,1.2400,0.1120,0.1120,0.0162,0,REST-S,1,3,2
1458,4210,7:04:30,0,1.00,0,1.2600,0.1190,0.1120,0.0162,0,REST-S,1,3,2
1458,4211,7:05:00,0,0.00,0,1.2600,0.1190,0.1120,0.0162,0,REST-S,1,3,2
1458,4212,7:05:30,0,0.00,0,1.2600,0.1190,0.1120,0.0162,0,REST-S,1,3,2
1458,4213,7:06:00,0,0.00,0,1.7300,0.1300,0.1580,0.0523,0,REST-S,1,3,2
1458,4214,7:06:30,0,0.00,0,1.7300,0.1300,0.1580,0.0523,0,REST-S,1,3,2
1458,4215,7:07:00,0,0.00,0,1.5200,0.1300,0.1390,0.0206,0,REST-S,1,3,2
1458,4216,7:07:30,0,0.00,0,1.5200,0.1300,0.1390,0.0206,0,REST-S,1,3,2
1458,4217,7:08:00,0,0.00,0,1.5200,0.1300,0.1390,0.0206,0,REST-S,1,3,2
1458,4218,7:08:30,0,0.00,0,1.5400,0.1360,0.1390,0.0206,0,REST-S,1,3,2
1458,4219,7:09:00,0,0.00,0,1.5400,0.1360,0.1390,0.0206,0,REST-S,1,3,2
1458,4220,7:09:30,0,0.00,0,1.5400,0.1360,0.1390,0.0206,0,REST-S,1,3,2
1458,4221,7:10:00,0,0.00,0,1.5600,0.1450,0.1390,0.0206,0,REST-S,1,3,2
1458,4222,7:10:30,0,0.00,0,1.5600,0.1450,0.1390,0.0206,0,REST-S,1,3,2
1458,4223,7:11:00,0,0.00,0,1.5600,0.1450,0.1390,0.0206,0,REST-S,1,3,2
1458,4224,7:11:30,0,0.00,0,1.5800,0.1550,0.1390,0.0206,0,REST-S,1,3,2
1458,4225,7:12:00,0,0.00,0,1.6900,0.1550,0.1510,0.0206,1,REST-S,1,3,2
1458,4226,7:12:30,0,0.00,0,2.2500,0.1550,0.2090,0.0650,1,REST-S,1,3,2
1458,4227,7:13:00,0,220.00,0,1.5800,0.1550,0.1390,0.0206,1,REST-S,1,3,2
1458,4228,7:13:30,0,0.00,0,1.0300,0.1120,0.0880,0.0115,1,REST-S,1,3,2
1458,4229,7:14:00,0,0.00,0,1.0300,0.1120,0.0880,0.0115,1,REST-S,1,3,2
1458,4230,7:14:30,0,0.00,0,1.0300,0.1120,0.0880,0.0115,0,REST-S,1,3,2
1458,4231,7:15:00,0,0.00,0,1.0500,0.1190,0.0880,0.0115,0,REST-S,1,3,2
1458,4232,7:15:30,0,0.00,0,1.0500,0.1190,0.0880,0.0115,0,REST-S,1,3,2
1458,4233,7:16:00,0,0.00,0,1.0500,0.1190,0.0880,0.0115,0,REST-S,1,3,2
1458,4234,7:16:30,0,0.00,0,1.0500,0.1190,0.0880,0.0115,0,REST-S,1,3,2
1458,4235,7:17:00,0,0.00,0,1.0700,0.1300,0.0880,0.0115,0,REST-S,1,3,2
1458,4236,7:17:30,0,0.00,0,1.4000,0.1300,0.1220,0.0412,0,REST-S,1,3,2
1458,4237,7:18:00,0,0.00,0,1.2800,0.1300,0.1120,0.0162,0,REST-S,1,3,2
1458,4238,7:18:30,0,0.00,0,1.0700,0.1300,0.0880,0.0115,0,REST-S,1,3,2
1458,4239,7:19:00,0,0.00,0,1.2800,0.1300,0.1120,0.0162,0,REST-S,1,3,2
1458,4240,7:19:30,0,0.00,0,1.3000,0.1360,0.1120,0.0162,0,REST-S,1,3,2
1458,4241,7:20:00,0,0.00,0,1.2900,0.1360,0.1120,0.0115,0,REST-S,1,3,2
1458,4242,7:20:30,0,0.00,0,1.3000,0.1360,0.1120,0.0162,0,REST-S,1,3,2
1458,4243,7:21:00,0,0.00,0,1.3000,0.1360,0.1120,0.0162,0,REST-S,1,3,2
1458,4244,7:21:30,0,0.00,0,1.3000,0.1360,0.1120,0.0162,0,REST-S,1,3,2
1458,4245,7:22:00,0,0.00,0,1.3000,0.1360,0.1120,0.0162,0,REST-S,1,3,2
1458,4246,7:22:30,0,0.00,0,1.3200,0.1450,0.1120,0.0162,0,REST-S,1,3,2
1458,4247,7:23:00,0,0.00,0,1.3200,0.1450,0.1120,0.0162,0,REST-S,1,3,2
1458,4248,7:23:30,0,0.00,0,1.3200,0.1450,0.1120,0.0162,0,REST-S,1,3,2
1458,4249,7:24:00,0,0.00,0,1.3400,0.1550,0.1120,0.0162,0,REST-S,1,3,2
1458,4250,7:24:30,0,0.00,0,1.3400,0.1550,0.1120,0.0162,0,REST-S,1,3,2
1458,4251,7:25:00,0,0.00,0,1.3400,0.1550,0.1120,0.0162,0,REST-S,1,3,2
1458,4252,7:25:30,0,0.00,0,1.3400,0.1550,0.1120,0.0162,0,REST-S,1,3,2
1458,4253,7:26:00,0,0.00,0,1.3500,0.1610,0.1120,0.0162,0,REST-S,1,3,2
1458,4254,7:26:30,0,0.00,0,1.5900,0.1610,0.1390,0.0162,0,REST-S,1,3,2
1458,4255,7:27:00,0,0.00,0,1.3500,0.1610,0.1120,0.0162,0,REST-S,1,3,2
1458,4256,7:27:30,0,0.00,0,1.5900,0.1610,0.1390,0.0162,0,REST-S,1,3,2
1458,4257,7:28:00,0,0.00,0,1.3500,0.1610,0.1120,0.0162,1,REST-S,1,3,2
1458,4258,7:28:30,0,24.00,0,1.5900,0.1610,0.1390,0.0162,1,REST-S,1,3,2
1458,4259,7:29:00,0,147.00,0,5.4500,0.3760,0.5090,0.1510,1,REST-S,1,3,2
1458,4260,7:29:30,0,186.00,0,5.7300,0.3680,0.5430,0.1510,1,REST-S,1,3,2
1458,4261,7:30:00,0,7.00,0,2.6300,0.1880,0.2440,0.0756,1,REST-S,1,3,2
1458,4262,7:30:30,0,0.00,0,2.6300,0.1880,0.2440,0.0756,1,REST-S,1,3,2
1458,4263,7:31:00,0,0.00,0,2.2200,0.1960,0.2000,0.0298,0,REST-S,1,3,2
1458,4264,7:31:30,0,0.00,0,2.9600,0.1960,0.2770,0.0880,0,REST-S,1,3,2
1458,4265,7:32:00,0,0.00,0,3.3700,0.2230,0.3160,0.0981,0,REST-S,1,3,2
1458,4266,7:32:30,0,3.00,0,2.6100,0.1800,0.2440,0.0756,0,REST-S,1,3,2
1458,4267,7:33:00,0,1.00,0,0.9900,0.0939,0.0880,0.0115,0,REST-S,1,3,2
1458,4268,7:33:30,0,0.00,0,1.0100,0.1020,0.0880,0.0115,0,REST-S,1,3,2
1458,4269,7:34:00,0,0.00,0,0.9900,0.0939,0.0880,0.0115,0,REST-S,1,3,2
1458,4270,7:34:30,0,0.00,0,0.9900,0.0939,0.0880,0.0115,0,REST-S,1,3,2
1458,4271,7:35:00,0,0.00,0,0.9900,0.0939,0.0880,0.0115,0,REST-S,1,3,2
1458,4272,7:35:30,0,0.00,0,0.9900,0.0939,0.0880,0.0115,0,REST-S,1,3,2
1458,4273,7:36:00,0,0.00,0,1.3200,0.0939,0.1220,0.0412,0,REST-S,1,3,2
1458,4274,7:36:30,0,0.00,0,0.9900,0.0939,0.0880,0.0115,0,REST-S,1,3,2
1458,4275,7:37:00,0,0.00,0,0.9900,0.0939,0.0880,0.0115,0,REST-S,1,3,2
1458,4276,7:37:30,0,0.00,0,0.9900,0.0939,0.0880,0.0115,0,REST-S,1,3,2
1458,4277,7:38:00,0,0.00,0,1.3200,0.0939,0.1220,0.0412,0,REST-S,1,3,2
1458,4278,7:38:30,0,0.00,0,0.9900,0.0939,0.0880,0.0115,0,REST-S,1,3,2
1458,4279,7:39:00,0,0.00,0,0.9900,0.0939,0.0880,0.0115,0,REST-S,1,3,2
1458,4280,7:39:30,0,0.00,0,0.9900,0.0939,0.0880,0.0115,0,REST-S,1,3,2
1458,4281,7:40:00,0,0.00,0,1.3400,0.1020,0.1220,0.0412,0,REST-S,1,3,2
1458,4282,7:40:30,0,0.00,0,0.9900,0.0939,0.0880,0.0115,0,REST-S,1,3,2
1458,4283,7:41:00,0,0.00,0,0.9900,0.0939,0.0880,0.0115,0,REST-S,1,3,2
1458,4284,7:41:30,0,0.00,0,1.3200,0.0939,0.1220,0.0412,0,REST-S,1,3,2
1458,4285,7:42:00,0,0.00,0,1.3200,0.0939,0.1220,0.0412,0,REST-S,1,3,2
1458,4286,7:42:30,0,0.00,0,0.9900,0.0939,0.0880,0.0115,0,REST-S,1,3,2
1458,4287,7:43:00,0,0.00,0,0.9900,0.0939,0.0880,0.0115,0,REST-S,1,3,2
1458,4288,7:43:30,0,0.00,0,0.9900,0.0939,0.0880,0.0115,0,REST-S,1,3,2
1458,4289,7:44:00,0,0.00,0,0.9900,0.0939,0.0880,0.0115,0,REST-S,1,3,2
1458,4290,7:44:30,0,0.00,0,0.9900,0.0939,0.0880,0.0115,0,REST-S,1,3,2
1458,4291,7:45:00,0,0.00,0,0.9900,0.0939,0.0880,0.0115,0,REST-S,1,3,2
1458,4292,7:45:30,0,0.00,0,0.9900,0.0939,0.0880,0.0115,0,REST-S,1,3,2
1458,4293,7:46:00,0,0.00,0,0.9900,0.0939,0.0880,0.0115,0,REST-S,1,3,2
1458,4294,7:46:30,0,0.00,0,1.3200,0.0939,0.1220,0.0412,0,REST-S,1,3,2
1458,4295,7:47:00,0,0.00,0,0.9900,0.0939,0.0880,0.0115,0,REST-S,1,3,2
1458,4296,7:47:30,0,0.00,0,0.9900,0.0939,0.0880,0.0115,0,REST-S,1,3,2
1458,4297,7:48:00,0,0.00,0,0.9900,0.0939,0.0880,0.0115,0,REST-S,1,3,2
1458,4298,7:48:30,0,0.00,0,0.9900,0.0939,0.0880,0.0115,0,REST-S,1,3,2
1458,4299,7:49:00,0,0.00,0,0.9900,0.0939,0.0880,0.0115,0,REST-S,1,3,2
1458,4300,7:49:30,0,0.00,0,0.9900,0.0939,0.0880,0.0115,1,REST,1,3,2
1458,4301,7:50:00,0,0.00,0,0.9700,0.0861,0.0880,0.0115,1,REST,1,3,2
1458,4302,7:50:30,0,286.00,0,3.4000,0.2380,0.3160,0.0981,1,ACTIVE,1,3,2
1458,4303,7:51:00,0,0.00,0,3.8200,0.2840,0.3520,0.0981,1,ACTIVE,1,3,2
1458,4304,7:51:30,0,106.00,0,3.1000,0.2840,0.2770,0.0412,1,ACTIVE,1,3,2
1458,4305,7:52:00,0,86.00,0,1.5800,0.1550,0.1390,0.0206,1,ACTIVE,1,3,2
1458,4306,7:52:30,0,0.00,0,1.0700,0.1300,0.0880,0.0115,1,ACTIVE,1,3,2
1458,4307,7:53:00,0,0.00,0,1.0500,0.1190,0.0880,0.0115,0,ACTIVE,1,3,2
1458,4308,7:53:30,0,0.00,0,1.0500,0.1190,0.0880,0.0115,0,ACTIVE,1,3,2
1458,4309,7:54:00,0,0.00,0,1.0500,0.1190,0.0880,0.0115,0,ACTIVE,1,3,2
1458,4310,7:54:30,0,0.00,0,1.0500,0.1190,0.0880,0.0115,0,ACTIVE,1,3,2
1458,4311,7:55:00,0,0.00,0,1.0500,0.1190,0.0880,0.0115,0,ACTIVE,1,3,2
1458,4312,7:55:30,0,0.00,0,1.0500,0.1190,0.0880,0.0115,0,ACTIVE,1,3,2
1458,4313,7:56:00,0,0.00,0,1.0500,0.1120,0.0880,0.0292,0,ACTIVE,1,3,2
1458,4314,7:56:30,0,0.00,0,1.0300,0.1020,0.0880,0.0292,0,ACTIVE,1,3,2
1458,4315,7:57:00,0,0.00,0,0.7800,0.1020,0.0622,0.0070,0,ACTIVE,1,3,2
1458,4316,7:57:30,0,0.00,0,1.0300,0.1020,0.0880,0.0292,0,ACTIVE,1,3,2
1458,4317,7:58:00,0,0.00,0,1.0300,0.1020,0.0880,0.0292,0,ACTIVE,1,3,2
1458,4318,7:58:30,0,115.00,0,6.1200,0.3840,0.5790,0.1760,1,ACTIVE,1,3,2
1458,4319,7:59:00,0,44.00,0,7.3600,0.4370,0.7040,0.2090,1,ACTIVE,1,3,2
1458,4320,7:59:30,0,37.00,0,5.7300,0.3680,0.5430,0.1510,1,ACTIVE,1,3,2
1458,4321,8:00:00,0,44.00,0,3.7900,0.3520,0.3370,0.0512,1,ACTIVE,1,3,2
1458,4322,8:00:30,0,26.00,0,7.7200,0.4670,0.7350,0.2230,1,ACTIVE,1,3,2
1458,4323,8:01:00,0,80.00,0,3.1400,0.3030,0.2770,0.0412,1,ACTIVE,1,3,2
1458,4324,8:01:30,0,0.00,0,1.3800,0.1720,0.1120,0.0162,0,ACTIVE,1,3,2
1458,4325,8:02:00,0,4.00,0,1.3500,0.1610,0.1120,0.0162,1,ACTIVE,1,3,2
1458,4326,8:02:30,0,42.00,0,2.3400,0.1960,0.2090,0.0650,1,ACTIVE,1,3,2
1458,4327,8:03:00,0,73.00,0,6.6500,0.4100,0.6320,0.1880,1,ACTIVE,1,3,2
1458,4328,8:03:30,0,0.00,0,1.6900,0.1550,0.1510,0.0206,1,ACTIVE,1,3,2
1458,4329,8:04:00,0,0.00,0,1.5600,0.1450,0.1390,0.0206,1,ACTIVE,1,3,2
1458,4330,8:04:30,0,199.00,0,5.0400,0.3230,0.4770,0.1390,1,ACTIVE,1,3,2
1458,4331,8:05:00,0,0.00,0,6.4000,0.3600,0.6180,0.1760,1,ACTIVE,1,3,2
1458,4332,8:05:30,0,0.00,0,6.0000,0.3370,0.5790,0.1650,1,ACTIVE,1,3,2
1458,4333,8:06:00,0,0.00,0,5.6500,0.3230,0.5430,0.1650,0,ACTIVE,1,3,2
1458,4334,8:06:30,0,0.00,0,5.3300,0.3160,0.5090,0.1650,0,ACTIVE,1,3,2
1458,4335,8:07:00,0,26.00,0,4.9700,0.2900,0.4770,0.1390,1,ACTIVE,1,3,2
1458,4336,8:07:30,0,5.00,0,4.9700,0.2900,0.4770,0.1390,0,ACTIVE,1,3,2
1458,4337,8:08:00,0,1.00,0,5.0000,0.3030,0.4770,0.1390,0,ACTIVE,1,3,2
1458,4338,8:08:30,0,0.00,0,4.5700,0.2660,0.4370,0.1390,0,ACTIVE,1,3,2
1458,4339,8:09:00,0,0.00,0,4.2300,0.2600,0.4010,0.1300,0,ACTIVE,1,3,2
1458,4340,8:09:30,0,0.00,0,4.2300,0.2600,0.4010,0.1300,0,ACTIVE,1,3,2
1458,4341,8:10:00,0,0.00,0,4.2300,0.2600,0.4010,0.1300,0,ACTIVE,1,3,2
1458,4342,8:10:30,0,0.00,0,4.2400,0.2660,0.4010,0.1300,1,ACTIVE,1,3,2
1458,4343,8:11:00,0,0.00,0,4.5600,0.2660,0.4370,0.1300,1,ACTIVE,1,3,2
1458,4344,8:11:30,0,174.00,0,22.1600,1.9500,1.9500,0.7200,1,ACTIVE,1,3,2
1458,4345,8:12:00,0,152.00,0,42.4400,1.9900,4.1600,1.4700,1,ACTIVE,1,3,2
1458,4346,8:12:30,0,25.00,0,7.7400,0.4770,0.7350,0.2230,1,ACTIVE,1,3,2
1458,4347,8:13:00,0,1.00,0,5.7100,0.3520,0.5430,0.1650,1,ACTIVE,1,3,2
1458,4348,8:13:30,0,53.00,0,7.4100,0.4670,0.7040,0.1960,1,ACTIVE,1,3,2
1458,4349,8:14:00,0,63.00,0,6.1400,0.4010,0.5790,0.1650,1,ACTIVE,1,3,2
1458,4350,8:14:30,0,63.00,0,5.7000,0.3450,0.5430,0.1650,1,ACTIVE,1,3,2
1458,4351,8:15:00,0,0.00,0,7.6300,0.4280,0.7350,0.2230,1,ACTIVE,1,3,2
1458,4352,8:15:30,0,199.00,0,5.7300,0.3600,0.5430,0.1650,1,ACTIVE,1,3,2
1458,4353,8:16:00,0,27.00,0,0.7200,0.0773,0.0622,0.0070,1,ACTIVE,1,3,2
1458,4354,8:16:30,0,5.00,0,1.0100,0.1020,0.0880,0.0115,1,ACTIVE,1,3,2
1458,4355,8:17:00,0,0.00,0,0.5900,0.0512,0.0523,0.0173,0,ACTIVE,1,3,2
1458,4356,8:17:30,0,0.00,0,0.6100,0.0596,0.0523,0.0173,0,ACTIVE,1,3,2
1458,4357,8:18:00,0,0.00,0,0.5900,0.0512,0.0523,0.0173,0,ACTIVE,1,3,2
1458,4358,8:18:30,0,0.00,0,0.5900,0.0512,0.0523,0.0173,0,ACTIVE,1,3,2
1458,4359,8:19:00,0,0.00,0,0.4500,0.0512,0.0378,0.0023,0,ACTIVE,1,3,2
1458,4360,8:19:30,0,0.00,0,0.5700,0.0431,0.0523,0.0173,0,ACTIVE,1,3,2
1458,4361,8:20:00,0,0.00,0,0.4300,0.0431,0.0378,0.0023,0,ACTIVE,1,3,2
1458,4362,8:20:30,0,0.00,0,0.5700,0.0431,0.0523,0.0173,0,ACTIVE,1,3,2
1458,4363,8:21:00,0,55.00,0,0.7000,0.0679,0.0622,0.0070,1,ACTIVE,1,3,2
1458,4364,8:21:30,0,18.00,0,0.2300,0.0339,0.0173,0.0059,1,ACTIVE,1,3,2
1458,4365,8:22:00,0,0.00,0,0.2300,0.0339,0.0173,0.0059,0,ACTIVE,1,3,2
1458,4366,8:22:30,0,0.00,0,0.2300,0.0339,0.0173,0.0059,0,ACTIVE,1,3,2
1458,4367,8:23:00,0,0.00,0,0.2300,0.0339,0.0173,0.0059,0,ACTIVE,1,3,2
1458,4368,8:23:30,0,7.00,0,0.2500,0.0431,0.0173,0.0059,1,ACTIVE,1,3,2
1458,4369,8:24:00,0,83.00,0,3.1700,0.3160,0.2770,0.0347,1,ACTIVE,1,3,2
1458,4370,8:24:30,0,119.00,0,9.8200,0.6180,0.9330,0.2600,1,ACTIVE,1,3,2
1458,4371,8:25:00,0,23.00,0,17.5000,1.0400,1.6700,0.4870,1,ACTIVE,1,3,2
1458,4372,8:25:30,0,26.00,0,18.0100,1.1100,1.7100,0.5200,1,ACTIVE,1,3,2
1458,4373,8:26:00,0,96.00,0,13.0400,0.8200,1.2400,0.3600,1,ACTIVE,1,3,2
1458,4374,8:26:30,0,63.00,0,12.9600,0.7850,1.2400,0.3600,1,ACTIVE,1,3,2
1458,4375,8:27:00,0,96.00,0,13.3400,0.8370,1.2600,0.3840,1,ACTIVE,1,3,2
1458,4376,8:27:30,0,206.00,0,42.4900,2.7000,3.9800,1.5000,1,ACTIVE,1,3,2
1458,4377,8:28:00,0,186.00,0,57.7900,5.5100,5.1700,0.3300,1,ACTIVE,1,3,2
1458,4378,8:28:30,0,251.00,0,41.4500,6.4200,3.0700,0.3370,1,ACTIVE,1,3,2
1458,4379,8:29:00,0,206.00,0,59.3300,8.3200,4.6400,0.3090,1,ACTIVE,1,3,2
1458,4380,8:29:30,0,42.00,0,14.3900,0.9750,1.3500,0.3920,1,ACTIVE,1,3,2
1458,4381,8:30:00,0,3.00,0,18.2100,1.2100,1.7100,0.4980,1,ACTIVE,1,3,2
1458,4382,8:30:30,0,35.00,0,24.9400,2.5300,2.1300,0.6740,1,ACTIVE,1,3,2
1458,4383,8:31:00,0,212.00,0,2.3000,0.1800,0.2090,0.0650,1,ACTIVE,1,3,2
1458,4384,8:31:30,0,3.00,0,0.6500,0.0773,0.0523,0.0173,1,ACTIVE,1,3,2
1458,4385,8:32:00,0,0.00,0,0.6500,0.0773,0.0523,0.0173,1,ACTIVE,1,3,2
1458,4386,8:32:30,0,0.00,0,0.5000,0.0773,0.0378,0.0023,0,ACTIVE,1,3,2
1458,4387,8:33:00,0,0.00,0,0.5000,0.0773,0.0378,0.0023,0,ACTIVE,1,3,2
1458,4388,8:33:30,0,0.00,0,0.5000,0.0773,0.0378,0.0023,0,ACTIVE,1,3,2
1458,4389,8:34:00,0,0.00,0,0.5000,0.0773,0.0378,0.0023,0,ACTIVE,1,3,2
1458,4390,8:34:30,0,0.00,0,0.5000,0.0773,0.0378,0.0023,0,ACTIVE,1,3,2
1458,4391,8:35:00,0,0.00,0,0.5000,0.0773,0.0378,0.0023,0,ACTIVE,1,3,2
1458,4392,8:35:30,0,0.00,0,0.5000,0.0773,0.0378,0.0023,0,ACTIVE,1,3,2
1458,4393,8:36:00,0,80.00,0,7.7600,0.4870,0.7350,0.2230,1,ACTIVE,1,3,2
1458,4394,8:36:30,0,0.00,0,18.8200,1.1600,1.7900,0.5550,0,ACTIVE,1,3,2
1458,4395,8:37:00,0,1.00,0,18.8200,1.1600,1.7900,0.5550,0,ACTIVE,1,3,2
1458,4396,8:37:30,0,0.00,0,18.4200,1.1300,1.7500,0.5430,0,ACTIVE,1,3,2
1458,4397,8:38:00,0,0.00,0,18.0200,1.1100,1.7100,0.5310,0,ACTIVE,1,3,2
1458,4398,8:38:30,0,0.00,0,18.0200,1.1100,1.7100,0.5310,0,ACTIVE,1,3,2
1458,4399,8:39:00,0,46.00,0,13.1500,1.0600,1.2100,0.1800,1,ACTIVE,1,3,2
1458,4400,8:39:30,0,1.00,0,1.3100,0.1450,0.1120,0.0115,1,REST,1,3,2
1458,4401,8:40:00,0,26.00,0,0.7600,0.0939,0.0622,0.0070,1,REST,1,3,2
1458,4402,8:40:30,0,0.00,0,0.4500,0.0512,0.0378,0.0023,1,REST,1,3,2
1458,4403,8:41:00,0,3.00,0,0.4500,0.0512,0.0378,0.0023,1,REST,1,3,2
1458,4404,8:41:30,0,10.00,0,0.4700,0.0596,0.0378,0.0023,1,REST,1,3,2
1458,4405,8:42:00,0,0.00,0,0.4700,0.0596,0.0378,0.0023,1,REST,1,3,2
1458,4406,8:42:30,0,9.00,0,0.4700,0.0596,0.0378,0.0023,1,REST,1,3,2
1458,4407,8:43:00,0,0.00,0,0.4700,0.0596,0.0378,0.0023,0,REST-S,1,3,2
1458,4408,8:43:30,0,0.00,0,0.2500,0.0431,0.0173,0.0059,0,REST-S,1,3,2
1458,4409,8:44:00,0,3.00,0,0.2300,0.0339,0.0173,0.0059,0,REST-S,1,3,2
1458,4410,8:44:30,0,0.00,0,0.2300,0.0339,0.0173,0.0059,0,REST-S,1,3,2
1458,4411,8:45:00,0,0.00,0,0.4500,0.0512,0.0378,0.0023,0,REST-S,1,3,2
1458,4412,8:45:30,0,0.00,0,0.4700,0.0596,0.0378,0.0023,0,REST-S,1,3,2
1458,4413,8:46:00,0,0.00,0,0.4800,0.0679,0.0378,0.0023,0,REST-S,1,3,2
1458,4414,8:46:30,0,0.00,0,0.5000,0.0773,0.0378,0.0023,0,REST-S,1,3,2
1458,4415,8:47:00,0,0.00,0,0.6500,0.0773,0.0523,0.0173,0,REST-S,1,3,2
1458,4416,8:47:30,0,0.00,0,0.6500,0.0773,0.0523,0.0173,0,REST-S,1,3,2
1458,4417,8:48:00,0,0.00,0,0.6700,0.0861,0.0523,0.0173,0,REST-S,1,3,2
1458,4418,8:48:30,0,0.00,0,0.6700,0.0861,0.0523,0.0173,0,REST-S,1,3,2
1458,4419,8:49:00,0,0.00,0,0.6500,0.0773,0.0523,0.0173,0,REST-S,1,3,2
1458,4420,8:49:30,0,0.00,0,0.6500,0.0773,0.0523,0.0173,0,REST-S,1,3,2
1458,4421,8:50:00,0,0.00,0,0.5000,0.0773,0.0378,0.0023,0,REST-S,1,3,2
1458,4422,8:50:30,0,0.00,0,0.5000,0.0773,0.0378,0.0023,0,REST-S,1,3,2
1458,4423,8:51:00,0,2.00,0,0.6500,0.0773,0.0523,0.0173,0,REST-S,1,3,2
1458,4424,8:51:30,0,0.00,0,0.7800,0.1020,0.0622,0.0070,0,REST-S,1,3,2
1458,4425,8:52:00,0,0.00,0,0.7600,0.0939,0.0622,0.0070,0,REST-S,1,3,2
1458,4426,8:52:30,0,0.00,0,0.7600,0.0939,0.0622,0.0070,0,REST-S,1,3,2
1458,4427,8:53:00,0,0.00,0,0.7600,0.0939,0.0622,0.0070,0,REST-S,1,3,2
1458,4428,8:53:30,0,0.00,0,0.7600,0.0939,0.0622,0.0070,0,REST-S,1,3,2
1458,4429,8:54:00,0,0.00,0,0.7600,0.0939,0.0622,0.0070,0,REST-S,1,3,2
1458,4430,8:54:30,0,0.00,0,0.6700,0.0861,0.0523,0.0173,0,REST-S,1,3,2
1458,4431,8:55:00,0,22.00,0,0.6700,0.0861,0.0523,0.0173,1,REST-S,1,3,2
1458,4432,8:55:30,0,0.00,0,0.7400,0.0861,0.0622,0.0070,0,REST-S,1,3,2
1458,4433,8:56:00,0,0.00,0,0.6700,0.0861,0.0523,0.0173,0,REST-S,1,3,2
1458,4434,8:56:30,0,0.00,0,0.7400,0.0861,0.0622,0.0070,0,REST-S,1,3,2
1458,4435,8:57:00,0,0.00,0,0.7400,0.0861,0.0622,0.0070,0,REST-S,1,3,2
1458,4436,8:57:30,0,0.00,0,0.7400,0.0861,0.0622,0.0070,0,REST-S,1,3,2
1458,4437,8:58:00,0,1.00,0,1.0500,0.1120,0.0880,0.0292,0,REST-S,1,3,2
1458,4438,8:58:30,0,0.00,0,1.0700,0.1300,0.0880,0.0115,0,REST-S,1,3,2
1458,4439,8:59:00,0,0.00,0,1.0700,0.1300,0.0880,0.0115,0,REST-S,1,3,2
1458,4440,8:59:30,0,0.00,0,1.0700,0.1300,0.0880,0.0115,0,REST-S,1,3,2
1458,4441,9:00:00,0,0.00,0,1.0700,0.1300,0.0880,0.0115,0,REST-S,1,3,2
1458,4442,9:00:30,0,0.00,0,1.0700,0.1300,0.0880,0.0115,0,REST-S,1,3,2
1458,4443,9:01:00,0,0.00,0,1.0700,0.1300,0.0880,0.0115,0,REST-S,1,3,2
1458,4444,9:01:30,0,0.00,0,1.0700,0.1300,0.0880,0.0115,0,REST-S,1,3,2
1458,4445,9:02:00,0,0.00,0,1.0700,0.1300,0.0880,0.0115,0,REST-S,1,3,2
1458,4446,9:02:30,0,8.00,0,1.0700,0.1300,0.0880,0.0115,0,REST-S,1,3,2
1458,4447,9:03:00,0,0.00,0,1.0800,0.1360,0.0880,0.0115,0,REST-S,1,3,2
1458,4448,9:03:30,0,1.00,0,1.0800,0.1360,0.0880,0.0115,0,REST-S,1,3,2
1458,4449,9:04:00,0,55.00,0,14.2600,1.3500,1.2600,0.1880,1,REST-S,1,3,2
1458,4450,9:04:30,0,1.00,0,17.0600,1.7900,1.4700,0.2050,0,REST-S,1,3,2
1458,4451,9:05:00,0,0.00,0,18.5700,1.9500,1.6000,0.2000,0,REST-S,1,3,2
1458,4452,9:05:30,0,0.00,0,17.1400,1.8300,1.4700,0.2000,0,REST-S,1,3,2
1458,4453,9:06:00,0,0.00,0,17.1400,1.8300,1.4700,0.2000,0,REST-S,1,3,2
1458,4454,9:06:30,0,0.00,0,17.1400,1.8300,1.4700,0.2000,0,REST-S,1,3,2
1458,4455,9:07:00,0,0.00,0,16.8600,1.8300,1.4400,0.2000,0,REST-S,1,3,2
1458,4456,9:07:30,0,0.00,0,16.8700,1.8300,1.4400,0.2050,0,REST-S,1,3,2
1458,4457,9:08:00,0,0.00,0,17.1400,1.8300,1.4700,0.2050,0,REST-S,1,3,2
1458,4458,9:08:30,0,0.00,0,17.1500,1.8300,1.4700,0.2090,0,REST-S,1,3,2
1458,4459,9:09:00,0,0.00,0,17.4200,1.9500,1.4700,0.2090,1,REST,1,3,2
1458,4460,9:09:30,0,1.00,0,16.8700,1.8300,1.4400,0.2090,1,ACTIVE,1,3,2
1458,4461,9:10:00,0,90.00,0,81.4300,5.2800,7.6300,2.7000,1,ACTIVE,1,3,2
1458,4462,9:10:30,0,348.00,0,39.1000,3.2800,3.5700,0.4980,1,ACTIVE,1,3,2
1458,4463,9:11:00,0,450.00,0,91.6500,6.4200,8.5000,2.7600,1,ACTIVE,1,3,2
1458,4464,9:11:30,0,268.00,0,106.8700,7.6300,9.8900,3.0700,1,ACTIVE,1,3,2
1458,4465,9:12:00,0,359.00,0,55.5200,6.5600,4.6400,0.3920,1,ACTIVE,1,3,2
1458,4466,9:12:30,0,511.00,0,20.6700,1.7100,1.8700,0.4980,1,ACTIVE,1,3,2
1458,4467,9:13:00,0,464.00,0,17.0900,1.5700,1.5000,0.4190,1,ACTIVE,1,3,2
1458,4468,9:13:30,0,479.00,0,57.1700,4.6400,5.1700,1.5400,1,ACTIVE,1,3,2
1458,4469,9:14:00,0,315.00,0,49.1600,5.5100,4.1600,0.4980,1,ACTIVE,1,3,2
1458,4470,9:14:30,0,243.00,0,12.4800,2.8800,0.6890,0.0740,1,ACTIVE,1,3,2
1458,4471,9:15:00,0,199.00,0,20.7500,2.6400,1.6700,0.2230,1,ACTIVE,1,3,2
1458,4472,9:15:30,0,152.00,0,20.1100,1.5700,1.8700,0.2720,1,ACTIVE,1,3,2
1458,4473,9:16:00,0,119.00,0,32.6700,4.6400,2.5300,0.2660,1,ACTIVE,1,3,2
1458,4474,9:16:30,0,337.00,0,59.4900,6.5600,5.0600,0.6600,1,ACTIVE,1,3,2
1458,4475,9:17:00,0,268.00,0,20.0400,1.7500,1.7900,0.4770,1,ACTIVE,1,3,2
1458,4476,9:17:30,0,141.00,0,22.7600,1.9100,2.0400,0.6600,1,ACTIVE,1,3,2
1458,4477,9:18:00,0,268.00,0,10.8900,1.4100,0.8750,0.1090,1,ACTIVE,1,3,2
1458,4478,9:18:30,0,395.00,0,32.7000,2.5300,3.0700,0.1920,1,ACTIVE,1,3,2
1458,4479,9:19:00,0,348.00,0,97.1200,4.9500,9.4700,2.9400,1,ACTIVE,1,3,2
1458,4480,9:19:30,0,147.00,0,37.8400,2.4700,3.5700,0.9750,1,ACTIVE,1,3,2
1458,4481,9:20:00,0,193.00,0,20.3800,2.1700,1.7500,0.2380,1,ACTIVE,1,3,2
1458,4482,9:20:30,0,199.00,0,9.0700,0.6740,0.8370,0.2280,1,ACTIVE,1,3,2
1458,4483,9:21:00,0,168.00,0,19.2400,1.9500,1.6700,0.2380,1,ACTIVE,1,3,2
1458,4484,9:21:30,0,235.00,0,126.1500,5.6300,12.6000,3.4200,1,ACTIVE,1,3,2
1458,4485,9:22:00,0,277.00,0,124.5700,9.2700,11.3000,4.9500,1,ACTIVE,1,3,2
1458,4486,9:22:30,0,315.00,0,3292.780,284.0000,290.0000,112.0000,1,ACTIVE,1,3,2
1458,4487,9:23:00,0,383.00,0,2967.950,188.0000,278.0000,107.0000,1,ACTIVE,1,3,2
1458,4488,9:23:30,0,268.00,0,3722.650,219.0000,353.0000,136.0000,1,ACTIVE,1,3,2
1458,4489,9:24:00,0,337.00,0,2926.780,92.1000,297.0000,114.0000,1,ACTIVE,1,3,2
1458,4490,9:24:30,0,251.00,0,1594.610,148.0000,142.0000,20.7000,1,ACTIVE,1,3,2
1458,4491,9:25:00,0,326.00,0,38.3100,5.7600,2.8800,0.3450,1,ACTIVE,1,3,2
1458,4492,9:25:30,0,295.00,0,44.2900,7.1500,3.2100,0.3600,1,ACTIVE,1,3,2
1458,4493,9:26:00,0,168.00,0,440.5500,26.8000,41.3000,17.8000,1,ACTIVE,1,3,2
1458,4494,9:26:30,0,23.00,0,40.1100,3.0100,3.6500,1.3500,1,ACTIVE,1,3,2
1458,4495,9:27:00,0,106.00,0,19.6700,3.8100,1.2600,0.1550,1,ACTIVE,1,3,2
1458,4496,9:27:30,0,61.00,0,24.8200,3.9000,1.8300,0.1880,1,ACTIVE,1,3,2
1458,4497,9:28:00,0,110.00,0,55.3600,7.6300,4.3400,0.4100,1,ACTIVE,1,3,2
1458,4498,9:28:30,0,80.00,0,139.9500,14.9000,11.8000,3.5700,1,ACTIVE,1,3,2
1458,4499,9:29:00,0,199.00,0,131.2000,12.8000,11.3000,3.8100,1,ACTIVE,1,3,2
1458,4500,9:29:30,0,179.00,0,101.7200,16.6000,7.3100,0.8750,1,ACTIVE,1,3,2
1458,4501,9:30:00,0,42.00,0,251.5900,29.2000,20.7000,5.5100,1,ACTIVE,1,3,2
1458,4502,9:30:30,0,179.00,0,186.3100,23.0000,14.9000,4.2500,1,ACTIVE,1,3,2
1458,4503,9:31:00,0,137.00,0,237.5500,29.2000,18.5000,9.6800,1,ACTIVE,1,3,2
1458,4504,9:31:30,0,174.00,0,118.5800,13.1000,9.8900,2.7000,1,ACTIVE,1,3,2
1458,4505,9:32:00,0,179.00,0,112.9300,13.7000,9.0700,2.9400,1,ACTIVE,1,3,2
1458,4506,9:32:30,0,158.00,0,72.5100,11.5000,5.2800,0.7510,1,ACTIVE,1,3,2
1458,4507,9:33:00,0,93.00,0,103.8100,15.6000,7.6300,2.3200,1,ACTIVE,1,3,2
1458,4508,9:33:30,0,96.00,0,111.6200,14.9000,8.6900,2.3200,1,ACTIVE,1,3,2
1458,4509,9:34:00,0,124.00,0,108.8800,12.8000,8.8800,2.5300,1,ACTIVE,1,3,2
1458,4510,9:34:30,0,86.00,0,77.3900,12.3000,5.6300,0.8200,1,ACTIVE,1,3,2
1458,4511,9:35:00,0,68.00,0,72.3500,12.8000,4.9500,0.6050,1,ACTIVE,1,3,2
1458,4512,9:35:30,0,128.00,0,61.5700,10.3000,4.3400,0.6320,1,ACTIVE,1,3,2
1458,4513,9:36:00,0,110.00,0,84.9800,13.1000,6.2800,0.9330,1,ACTIVE,1,3,2
1458,4514,9:36:30,0,46.00,0,129.4500,14.3000,10.8000,3.0700,1,ACTIVE,1,3,2
1458,4515,9:37:00,0,24.00,0,115.5400,13.4000,9.4700,2.7000,1,ACTIVE,1,3,2
1458,4516,9:37:30,0,59.00,0,113.1200,13.1000,9.2700,2.7000,1,ACTIVE,1,3,2
1458,4517,9:38:00,0,39.00,0,73.5800,12.0000,5.2800,0.7040,1,ACTIVE,1,3,2
1458,4518,9:38:30,0,220.00,0,54.8500,10.1000,3.6500,0.4670,1,ACTIVE,1,3,2
1458,4519,9:39:00,0,158.00,0,46.7900,7.9700,3.2800,0.4280,1,ACTIVE,1,3,2
1458,4520,9:39:30,0,132.00,0,55.0100,6.5600,4.4400,1.5000,1,ACTIVE,1,3,2
1458,4521,9:40:00,0,119.00,0,56.5300,6.4200,4.6400,1.6000,1,ACTIVE,1,3,2
1458,4522,9:40:30,0,34.00,0,0.1400,0.0128,0.0125,0.0000,1,ACTIVE,1,3,2
1458,4523,9:41:00,0,77.00,0,14.2600,3.4200,0.7350,0.2280,1,ACTIVE,1,3,2
1458,4524,9:41:30,0,106.00,0,49.4000,6.7000,3.8100,1.0900,1,ACTIVE,1,3,2
1458,4525,9:42:00,0,63.00,0,14.8600,3.1400,0.8750,0.2380,1,ACTIVE,1,3,2
1458,4526,9:42:30,0,68.00,0,31.5400,2.9400,2.7600,0.8200,1,ACTIVE,1,3,2
1458,4527,9:43:00,0,1.00,0,0.0100,0.0049,0.0000,0.0000,1,ACTIVE,1,3,2
1458,4528,9:43:30,0,110.00,0,0.1900,0.0128,0.0173,0.0059,1,ACTIVE,1,3,2
1458,4529,9:44:00,0,147.00,0,131.3100,17.8000,10.3000,1.4400,1,ACTIVE,1,3,2
1458,4530,9:44:30,0,9.00,0,176.8300,16.6000,15.3000,5.8800,1,ACTIVE,1,3,2
1458,4531,9:45:00,0,1.00,0,188.1600,17.4000,16.3000,6.5600,1,ACTIVE,1,3,2
1458,4532,9:45:30,0,186.00,0,158.6800,14.9000,13.7000,5.2800,1,ACTIVE,1,3,2
1458,4533,9:46:00,0,86.00,0,144.5400,14.6000,12.3000,4.2500,1,ACTIVE,1,3,2
1458,4534,9:46:30,0,13.00,0,141.4100,15.3000,11.8000,4.2500,1,ACTIVE,1,3,2
1458,4535,9:47:00,0,100.00,0,95.5200,11.8000,7.6300,2.4700,1,ACTIVE,1,3,2
1458,4536,9:47:30,0,42.00,0,153.5000,16.6000,12.8000,3.9800,1,ACTIVE,1,3,2
1458,4537,9:48:00,0,119.00,0,202.3400,19.8000,17.4000,5.8800,1,ACTIVE,1,3,2
1458,4538,9:48:30,0,115.00,0,143.5800,16.3000,11.8000,4.1600,1,ACTIVE,1,3,2
1458,4539,9:49:00,0,35.00,0,124.8700,16.6000,9.8900,1.3200,1,ACTIVE,1,3,2
1458,4540,9:49:30,0,168.00,0,141.5800,15.6000,11.8000,3.7300,1,ACTIVE,1,3,2
1458,4541,9:50:00,0,141.00,0,296.6900,19.8000,27.4000,12.0000,1,ACTIVE,1,3,2
1458,4542,9:50:30,0,68.00,0,331.4700,19.8000,31.2000,13.4000,1,ACTIVE,1,3,2
1458,4543,9:51:00,0,137.00,0,248.2800,20.7000,22.1000,8.6900,1,ACTIVE,1,3,2
1458,4544,9:51:30,0,42.00,0,185.7500,16.3000,16.3000,6.5600,1,ACTIVE,1,3,2
1458,4545,9:52:00,0,3.00,0,164.7100,11.0000,15.3000,6.1400,1,ACTIVE,1,3,2
1458,4546,9:52:30,0,46.00,0,306.9500,19.4000,28.6000,12.6000,1,ACTIVE,1,3,2
1458,4547,9:53:00,0,168.00,0,194.0200,16.6000,16.6000,10.6000,1,ACTIVE,1,3,2
1458,4548,9:53:30,0,50.00,0,288.7500,15.9000,27.4000,12.6000,1,ACTIVE,1,3,2
1458,4549,9:54:00,0,37.00,0,310.1200,17.8000,29.2000,13.7000,1,ACTIVE,1,3,2
1458,4550,9:54:30,0,24.00,0,326.6000,19.8000,30.5000,14.3000,1,ACTIVE,1,3,2
1458,4551,9:55:00,0,93.00,0,178.2800,14.0000,15.9000,7.1500,1,ACTIVE,1,3,2
1458,4552,9:55:30,0,9.00,0,51.0500,8.6900,3.5700,0.4980,1,ACTIVE,1,3,2
1458,4553,9:56:00,0,119.00,0,49.5700,8.3200,3.5000,0.4980,1,ACTIVE,1,3,2
1458,4554,9:56:30,0,83.00,0,141.1700,11.5000,12.6000,5.2800,1,ACTIVE,1,3,2
1458,4555,9:57:00,0,1.00,0,240.2200,12.6000,23.0000,9.8900,1,ACTIVE,1,3,2
1458,4556,9:57:30,0,59.00,0,106.1600,11.3000,8.8800,3.2100,1,ACTIVE,1,3,2
1458,4557,9:58:00,0,86.00,0,79.0400,12.0000,5.8800,0.8560,1,ACTIVE,1,3,2
1458,4558,9:58:30,0,132.00,0,182.0900,17.8000,15.6000,5.7600,1,ACTIVE,1,3,2
1458,4559,9:59:00,0,16.00,0,209.4200,11.8000,19.8000,9.2700,1,ACTIVE,1,3,2
1458,4560,9:59:30,0,66.00,0,260.8300,18.1000,24.0000,9.2700,1,ACTIVE,1,3,2
1458,4561,10:00:00,0,141.00,0,175.1700,11.8000,16.3000,6.0100,1,ACTIVE,1,3,2
1458,4562,10:00:30,0,128.00,0,134.3800,15.6000,11.0000,3.0700,1,ACTIVE,1,3,2
1458,4563,10:01:00,0,22.00,0,165.5400,18.5000,13.7000,4.2500,1,ACTIVE,1,3,2
1458,4564,10:01:30,0,44.00,0,125.0100,14.6000,10.1000,3.8100,1,ACTIVE,1,3,2
1458,4565,10:02:00,0,42.00,0,180.0200,18.5000,15.3000,4.9500,1,ACTIVE,1,3,2
1458,4566,10:02:30,0,83.00,0,135.1400,17.8000,10.6000,3.1400,1,ACTIVE,1,3,2
1458,4567,10:03:00,0,59.00,0,118.4100,13.7000,9.6800,3.0700,1,ACTIVE,1,3,2
1458,4568,10:03:30,0,73.00,0,134.5600,13.1000,11.5000,4.3400,1,ACTIVE,1,3,2
1458,4569,10:04:00,0,28.00,0,148.3800,19.4000,11.5000,4.3400,1,ACTIVE,1,3,2
1458,4570,10:04:30,0,119.00,0,141.0300,19.4000,10.8000,3.4200,1,ACTIVE,1,3,2
1458,4571,10:05:00,0,0.00,0,175.9300,16.6000,15.3000,5.0600,1,ACTIVE,1,3,2
1458,4572,10:05:30,0,48.00,0,179.3500,16.6000,15.6000,5.5100,1,ACTIVE,1,3,2
1458,4573,10:06:00,0,115.00,0,132.7500,15.6000,11.0000,1.5700,1,ACTIVE,1,3,2
1458,4574,10:06:30,0,24.00,0,154.8000,17.0000,12.8000,4.4400,1,ACTIVE,1,3,2
1458,4575,10:07:00,0,90.00,0,97.6100,7.4700,8.8800,3.0700,1,ACTIVE,1,3,2
1458,4576,10:07:30,0,186.00,0,78.2200,11.8000,5.8800,0.6320,1,ACTIVE,1,3,2
1458,4577,10:08:00,0,206.00,0,37.5700,6.1400,2.7000,0.3370,1,ACTIVE,1,3,2
1458,4578,10:08:30,0,212.00,0,1227.160,94.1000,112.0000,35.5000,1,ACTIVE,1,3,2
1458,4579,10:09:00,0,235.00,0,143.5600,14.3000,12.3000,3.9800,1,ACTIVE,1,3,2
1458,4580,10:09:30,0,212.00,0,44.4600,7.4700,3.1400,0.4280,1,ACTIVE,1,3,2
1458,4581,10:10:00,0,168.00,0,221.7000,22.1000,18.9000,6.4200,1,ACTIVE,1,3,2
1458,4582,10:10:30,0,77.00,0,31.1300,5.5100,2.1300,0.3030,1,ACTIVE,1,3,2
1458,4583,10:11:00,0,63.00,0,376.0700,31.2000,34.8000,2.5300,1,ACTIVE,1,3,2
1458,4584,10:11:30,0,115.00,0,4684.390,278.0000,448.0000,136.0000,1,ACTIVE,1,3,2
1458,4585,10:12:00,0,179.00,0,5148.780,345.0000,478.0000,184.0000,1,ACTIVE,1,3,2
1458,4586,10:12:30,0,193.00,0,1503.980,145.0000,130.0000,38.7000,1,ACTIVE,1,3,2
1458,4587,10:13:00,0,199.00,0,39.7500,7.8000,2.5300,0.3450,1,ACTIVE,1,3,2
1458,4588,10:13:30,0,228.00,0,29.8600,3.0700,2.5300,0.8560,1,ACTIVE,1,3,2
1458,4589,10:14:00,0,359.00,0,28.3500,3.5000,2.2700,0.6890,1,ACTIVE,1,3,2
1458,4590,10:14:30,0,199.00,0,244.9600,10.3000,24.0000,10.6000,1,ACTIVE,1,3,2
1458,4591,10:15:00,0,348.00,0,9.0200,0.3450,0.8940,0.3920,1,ACTIVE,1,3,2
1458,4592,10:15:30,0,295.00,0,2.4900,0.3230,0.1920,0.0880,1,ACTIVE,1,3,2
1458,4593,10:16:00,0,168.00,0,4.2900,0.2900,0.4010,0.1300,1,ACTIVE,1,3,2
1458,4594,10:16:30,0,220.00,0,2480.170,98.3000,244.0000,114.0000,1,ACTIVE,1,3,2
1458,4595,10:17:00,0,174.00,0,4527.880,266.0000,429.0000,169.0000,1,ACTIVE,1,3,2
1458,4596,10:17:30,0,152.00,0,1765.220,72.6000,176.0000,54.8000,1,ACTIVE,1,3,2
1458,4597,10:18:00,0,545.00,0,3902.760,117.0000,393.0000,184.0000,1,ACTIVE,1,3,2
1458,4598,10:18:30,0,206.00,0,5835.330,229.0000,581.0000,224.0000,1,ACTIVE,1,3,2
1458,4599,10:19:00,0,494.00,0,205.8400,10.8000,19.8000,7.9700,1,ACTIVE,1,3,2
1458,4600,10:19:30,0,371.00,0,5547.970,448.0000,499.0000,173.0000,1,ACTIVE,1,3,2
1458,4601,10:20:00,0,243.00,0,6270.510,468.0000,568.0000,239.0000,1,ACTIVE,1,3,2
1458,4602,10:20:30,0,174.00,0,13.2900,1.8300,1.0400,0.1360,1,ACTIVE,1,3,2
1458,4603,10:21:00,0,163.00,0,23.1000,3.2800,1.7900,0.1840,1,ACTIVE,1,3,2
1458,4604,10:21:30,0,220.00,0,14.1000,1.2900,1.2600,0.1610,1,ACTIVE,1,3,2
1458,4605,10:22:00,0,228.00,0,15.5700,1.6000,1.3500,0.1920,1,ACTIVE,1,3,2
1458,4606,10:22:30,0,305.00,0,21.2500,2.8800,1.6700,0.1960,1,ACTIVE,1,3,2
1458,4607,10:23:00,0,70.00,0,24.1500,2.5800,2.0800,0.2000,1,ACTIVE,1,3,2
1458,4608,10:23:30,0,26.00,0,36.1300,5.7600,2.6400,0.2600,1,ACTIVE,1,3,2
1458,4609,10:24:00,0,16.00,0,33.1400,5.2800,2.4200,0.2490,1,ACTIVE,1,3,2
1458,4610,10:24:30,0,199.00,0,22.8800,5.0600,1.3200,0.1330,1,ACTIVE,1,3,2
1458,4611,10:25:00,0,206.00,0,58.1600,8.8800,4.3400,0.4470,1,ACTIVE,1,3,2
1458,4612,10:25:30,0,86.00,0,48.2300,7.1500,3.6500,0.4010,1,ACTIVE,1,3,2
1458,4613,10:26:00,0,220.00,0,32.6600,5.2800,2.3700,0.2280,1,ACTIVE,1,3,2
1458,4614,10:26:30,0,61.00,0,39.6900,5.8800,3.0100,0.3300,1,ACTIVE,1,3,2
1458,4615,10:27:00,0,90.00,0,53.3800,7.8000,4.0700,0.4570,1,ACTIVE,1,3,2
1458,4616,10:27:30,0,163.00,0,62.1300,8.6900,4.8400,0.4870,1,ACTIVE,1,3,2
1458,4617,10:28:00,0,90.00,0,40.4100,4.9500,3.3500,0.1220,1,ACTIVE,1,3,2
1458,4618,10:28:30,0,212.00,0,71.6400,10.3000,5.5100,0.4770,1,ACTIVE,1,3,2
1458,4619,10:29:00,0,337.00,0,76.9700,11.8000,5.7600,0.4980,1,ACTIVE,1,3,2
1458,4620,10:29:30,0,348.00,0,94.5400,11.5000,7.6300,2.0800,1,ACTIVE,1,3,2
1458,4621,10:30:00,0,408.00,0,60.4700,9.4700,4.4400,0.5920,1,ACTIVE,1,3,2
1458,4622,10:30:30,0,295.00,0,25.8700,1.7900,2.4200,0.6600,1,ACTIVE,1,3,2
1458,4623,10:31:00,0,235.00,0,38.9500,2.2200,3.7300,1.2400,1,ACTIVE,1,3,2
1458,4624,10:31:30,0,243.00,0,110.5500,4.6400,11.0000,3.4200,1,ACTIVE,1,3,2
1458,4625,10:32:00,0,100.00,0,47.3600,2.7600,4.5400,1.4100,1,ACTIVE,1,3,2
1458,4626,10:32:30,0,315.00,0,641.8500,50.2000,58.4000,17.4000,1,ACTIVE,1,3,2
1458,4627,10:33:00,0,93.00,0,1307.050,79.2000,125.0000,36.3000,1,ACTIVE,1,3,2
1458,4628,10:33:30,0,348.00,0,64.3200,4.2500,6.0100,2.0800,1,ACTIVE,1,3,2
1458,4629,10:34:00,0,103.00,0,106.6800,6.2800,10.1000,3.9000,1,ACTIVE,1,3,2
1458,4630,10:34:30,0,158.00,0,210.5100,11.3000,20.2000,7.8000,1,ACTIVE,1,3,2
1458,4631,10:35:00,0,220.00,0,147.1000,11.3000,13.4000,4.4400,1,ACTIVE,1,3,2
1458,4632,10:35:30,0,464.00,0,113.8700,7.1500,10.8000,3.2800,1,ACTIVE,1,3,2
1458,4633,10:36:00,0,137.00,0,101.3000,5.2800,9.6800,4.4400,1,ACTIVE,1,3,2
1458,4634,10:36:30,0,228.00,0,90.2700,6.8500,8.5000,0.6180,1,ACTIVE,1,3,2
1458,4635,10:37:00,0,186.00,0,821.4400,45.1000,79.2000,26.2000,1,ACTIVE,1,3,2
1458,4636,10:37:30,0,268.00,0,506.0800,43.2000,46.1000,6.7000,1,ACTIVE,1,3,2
1458,4637,10:38:00,0,66.00,0,1483.820,114.0000,136.0000,36.3000,1,ACTIVE,1,3,2
1458,4638,10:38:30,0,66.00,0,913.1500,58.4000,86.3000,25.7000,1,ACTIVE,1,3,2
1458,4639,10:39:00,0,70.00,0,1213.090,79.2000,114.0000,33.3000,1,ACTIVE,1,3,2
1458,4640,10:39:30,0,0.00,0,1322.040,86.3000,125.0000,35.5000,1,ACTIVE,1,3,2
1458,4641,10:40:00,0,31.00,0,1567.320,100.0000,148.0000,42.2000,1,ACTIVE,1,3,2
1458,4642,10:40:30,0,90.00,0,1564.430,100.0000,148.0000,39.6000,1,ACTIVE,1,3,2
1458,4643,10:41:00,0,0.00,0,781.7800,49.1000,74.2000,21.6000,1,ACTIVE,1,3,2
1458,4644,10:41:30,0,77.00,0,1517.000,75.8000,148.0000,46.1000,1,ACTIVE,1,3,2
1458,4645,10:42:00,0,137.00,0,1210.810,79.2000,114.0000,31.2000,1,ACTIVE,1,3,2
1458,4646,10:42:30,0,124.00,0,1173.730,52.4000,117.0000,31.2000,1,ACTIVE,1,3,2
1458,4647,10:43:00,0,193.00,0,1250.260,59.7000,122.0000,45.1000,1,ACTIVE,1,3,2
1458,4648,10:43:30,0,193.00,0,1637.740,98.3000,155.0000,58.4000,1,ACTIVE,1,3,2
1458,4649,10:44:00,0,73.00,0,481.0300,31.2000,45.1000,15.9000,1,ACTIVE,1,3,2
1458,4650,10:44:30,0,206.00,0,93.2600,11.5000,7.4700,2.2200,1,ACTIVE,1,3,2
1458,4651,10:45:00,0,168.00,0,239.8400,23.0000,20.7000,7.3100,1,ACTIVE,1,3,2
1458,4652,10:45:30,0,174.00,0,83.1200,6.1400,7.4700,3.8100,1,ACTIVE,1,3,2
1458,4653,10:46:00,0,11.00,0,0.7000,0.0679,0.0622,0.0070,1,ACTIVE,1,3,2
1458,4654,10:46:30,0,5.00,0,0.4300,0.0431,0.0378,0.0023,1,ACTIVE,1,3,2
1458,4655,10:47:00,0,14.00,0,0.2100,0.0256,0.0173,0.0059,1,ACTIVE,1,3,2
1458,4656,10:47:30,0,11.00,0,0.4300,0.0431,0.0378,0.0023,1,ACTIVE,1,3,2
1458,4657,10:48:00,0,35.00,0,0.2500,0.0431,0.0173,0.0059,1,ACTIVE,1,3,2
1458,4658,10:48:30,0,147.00,0,126.8900,8.6900,11.8000,4.2500,1,ACTIVE,1,3,2
1458,4659,10:49:00,0,42.00,0,156.6600,15.6000,13.4000,4.4400,1,ACTIVE,1,3,2
1458,4660,10:49:30,0,186.00,0,130.9600,9.6800,12.0000,3.9000,1,ACTIVE,1,3,2
1458,4661,10:50:00,0,243.00,0,150.8800,12.8000,13.4000,4.7400,1,ACTIVE,1,3,2
1458,4662,10:50:30,0,305.00,0,96.2700,5.8800,8.8800,5.0600,1,ACTIVE,1,3,2
1458,4663,10:51:00,0,199.00,0,1014.900,59.7000,96.2000,37.1000,1,ACTIVE,1,3,2
1458,4664,10:51:30,0,371.00,0,117.9400,11.8000,10.3000,1.3200,1,ACTIVE,1,3,2
1458,4665,10:52:00,0,19.00,0,196.8700,20.7000,17.0000,2.0800,1,ACTIVE,1,3,2
1458,4666,10:52:30,0,0.00,0,179.5900,18.5000,15.6000,1.8700,1,ACTIVE,1,3,2
1458,4667,10:53:00,0,3.00,0,200.1300,20.7000,17.4000,2.0800,0,ACTIVE,1,3,2
1458,4668,10:53:30,0,0.00,0,199.1600,20.2000,17.4000,2.0800,0,ACTIVE,1,3,2
1458,4669,10:54:00,0,1.00,0,175.0200,17.8000,15.3000,1.9500,0,ACTIVE,1,3,2
1458,4670,10:54:30,0,0.00,0,177.9400,17.8000,15.6000,1.9500,0,ACTIVE,1,3,2
1458,4671,10:55:00,0,1.00,0,186.6700,18.9000,16.3000,1.9900,1,ACTIVE,1,3,2
1458,4672,10:55:30,0,3.00,0,174.0900,17.4000,15.3000,1.8700,1,ACTIVE,1,3,2
1458,4673,10:56:00,0,259.00,0,150.5600,15.3000,13.1000,1.8300,1,ACTIVE,1,3,2
1458,4674,10:56:30,0,251.00,0,127.2000,9.2700,11.8000,3.3500,1,ACTIVE,1,3,2
1458,4675,10:57:00,0,61.00,0,151.3700,9.6800,14.3000,4.3400,1,ACTIVE,1,3,2
1458,4676,10:57:30,0,21.00,0,152.2700,9.8900,14.3000,4.7400,1,ACTIVE,1,3,2
1458,4677,10:58:00,0,8.00,0,137.2100,9.2700,12.8000,3.9800,1,ACTIVE,1,3,2
1458,4678,10:58:30,0,19.00,0,136.2500,8.8800,12.8000,3.9000,1,ACTIVE,1,3,2
1458,4679,10:59:00,0,70.00,0,107.1600,7.8000,9.8900,3.0100,1,ACTIVE,1,3,2
1458,4680,10:59:30,0,18.00,0,59.1200,6.8500,4.9500,0.6050,1,ACTIVE,1,3,2
1458,4681,11:00:00,0,8.00,0,60.4300,7.0000,5.0600,0.6320,1,ACTIVE,1,3,2
1458,4682,11:00:30,0,259.00,0,84.8000,8.8800,7.3100,1.0900,1,ACTIVE,1,3,2
1458,4683,11:01:00,0,61.00,0,20.8400,2.2700,1.7900,0.1580,1,ACTIVE,1,3,2
1458,4684,11:01:30,0,174.00,0,155.8500,11.5000,14.3000,4.7400,1,ACTIVE,1,3,2
1458,4685,11:02:00,0,0.00,0,150.7600,11.5000,13.7000,4.9500,1,ACTIVE,1,3,2
1458,4686,11:02:30,0,21.00,0,139.9500,10.3000,12.8000,4.3400,1,ACTIVE,1,3,2
1458,4687,11:03:00,0,132.00,0,124.5400,8.8800,11.5000,3.7300,1,ACTIVE,1,3,2
1458,4688,11:03:30,0,119.00,0,86.9000,7.1500,7.8000,2.5800,1,ACTIVE,1,3,2
1458,4689,11:04:00,0,2.00,0,91.1500,7.0000,8.3200,2.5800,1,ACTIVE,1,3,2
1458,4690,11:04:30,0,100.00,0,67.9800,6.2800,5.8800,2.3700,1,ACTIVE,1,3,2
1458,4691,11:05:00,0,5.00,0,1.6800,0.2050,0.1390,0.0115,1,ACTIVE,1,3,2
1458,4692,11:05:30,0,163.00,0,66.9400,3.9800,6.4200,1.7900,1,ACTIVE,1,3,2
1458,4693,11:06:00,0,48.00,0,49.6500,3.9000,4.6400,0.3920,1,ACTIVE,1,3,2
1458,4694,11:06:30,0,0.00,0,33.6400,3.6500,2.8800,0.3230,1,ACTIVE,1,3,2
1458,4695,11:07:00,0,0.00,0,33.4600,3.5700,2.8800,0.3160,1,ACTIVE,1,3,2
1458,4696,11:07:30,0,12.00,0,32.3700,3.5700,2.7600,0.2960,1,ACTIVE,1,3,2
1458,4697,11:08:00,0,110.00,0,71.9800,4.9500,6.7000,2.1700,1,ACTIVE,1,3,2
1458,4698,11:08:30,0,7.00,0,11.9400,1.2400,1.0400,0.0939,1,ACTIVE,1,3,2
1458,4699,11:09:00,0,0.00,0,10.0000,1.0200,0.8750,0.0790,1,ACTIVE,1,3,2
1458,4700,11:09:30,0,0.00,0,9.5600,0.9750,0.8370,0.0650,1,ACTIVE,1,3,2
1458,4701,11:10:00,0,0.00,0,9.9800,1.0200,0.8750,0.0650,1,ACTIVE,1,3,2
1458,4702,11:10:30,0,96.00,0,72.2700,5.1700,6.7000,1.9900,1,REST,1,3,2
1458,4703,11:11:00,0,383.00,0,0.2300,0.0339,0.0173,0.0059,1,REST,1,3,2
1458,4704,11:11:30,0,22.00,0,0.1700,0.0042,0.0173,0.0059,1,REST,1,3,2
1458,4705,11:12:00,0,3.00,0,0.1700,0.0042,0.0173,0.0059,1,REST,1,3,2
1458,4706,11:12:30,0,2.00,0,0.1700,0.0042,0.0173,0.0059,1,REST,1,3,2
1458,4707,11:13:00,0,77.00,0,0.1700,0.0042,0.0173,0.0059,1,REST,1,3,2
1458,4708,11:13:30,0,0.00,0,0.1700,0.0042,0.0173,0.0059,0,REST-S,1,3,2
1458,4709,11:14:00,0,12.00,0,0.1700,0.0042,0.0173,0.0059,0,REST-S,1,3,2
1458,4710,11:14:30,0,0.00,0,0.1700,0.0042,0.0173,0.0059,0,REST-S,1,3,2
1458,4711,11:15:00,0,0.00,0,0.1700,0.0042,0.0173,0.0059,0,REST-S,1,3,2
1458,4712,11:15:30,0,0.00,0,0.1700,0.0042,0.0173,0.0059,0,REST-S,1,3,2
1458,4713,11:16:00,0,0.00,0,0.1700,0.0042,0.0173,0.0059,0,REST-S,1,3,2
1458,4714,11:16:30,0,0.00,0,0.1700,0.0042,0.0173,0.0059,0,REST-S,1,3,2
1458,4715,11:17:00,0,1.00,0,0.1700,0.0042,0.0173,0.0059,0,REST-S,1,3,2
1458,4716,11:17:30,0,0.00,0,0.1700,0.0042,0.0173,0.0059,0,REST-S,1,3,2
1458,4717,11:18:00,0,0.00,0,0.1700,0.0042,0.0173,0.0059,0,REST-S,1,3,2
1458,4718,11:18:30,0,0.00,0,0.1700,0.0042,0.0173,0.0059,0,REST-S,1,3,2
1458,4719,11:19:00,0,0.00,0,0.1700,0.0042,0.0173,0.0059,0,REST-S,1,3,2
1458,4720,11:19:30,0,1.00,0,0.1700,0.0042,0.0173,0.0059,0,REST-S,1,3,2
1458,4721,11:20:00,0,7.00,0,0.1700,0.0042,0.0173,0.0059,0,REST-S,1,3,2
1458,4722,11:20:30,0,0.00,0,0.1700,0.0042,0.0173,0.0059,0,REST-S,1,3,2
1458,4723,11:21:00,0,0.00,0,0.1700,0.0042,0.0173,0.0059,0,REST-S,1,3,2
1458,4724,11:21:30,0,0.00,0,0.1700,0.0042,0.0173,0.0059,0,REST-S,1,3,2
1458,4725,11:22:00,0,0.00,0,0.1700,0.0042,0.0173,0.0059,0,REST-S,1,3,2
1458,4726,11:22:30,0,0.00,0,0.1700,0.0042,0.0173,0.0059,0,REST-S,1,3,2
1458,4727,11:23:00,0,2.00,0,0.1700,0.0042,0.0173,0.0059,0,REST-S,1,3,2
1458,4728,11:23:30,0,0.00,0,0.1700,0.0042,0.0173,0.0059,0,REST-S,1,3,2
1458,4729,11:24:00,0,1.00,0,0.1700,0.0042,0.0173,0.0059,0,REST-S,1,3,2
1458,4730,11:24:30,0,0.00,0,0.1700,0.0042,0.0173,0.0059,0,REST-S,1,3,2
1458,4731,11:25:00,0,0.00,0,0.1700,0.0042,0.0173,0.0059,0,REST-S,1,3,2
1458,4732,11:25:30,0,0.00,0,0.1900,0.0128,0.0173,0.0059,0,REST-S,1,3,2
1458,4733,11:26:00,0,39.00,0,0.1700,0.0042,0.0173,0.0059,1,REST-S,1,3,2
1458,4734,11:26:30,0,141.00,0,0.5300,0.0256,0.0523,0.0173,1,REST-S,1,3,2
1458,4735,11:27:00,0,0.00,0,0.1700,0.0042,0.0173,0.0059,0,REST-S,1,3,2
1458,4736,11:27:30,0,11.00,0,0.1700,0.0042,0.0173,0.0059,1,REST-S,1,3,2
1458,4737,11:28:00,0,0.00,0,0.1900,0.0128,0.0173,0.0059,0,REST-S,1,3,2
1458,4738,11:28:30,0,0.00,0,0.1900,0.0128,0.0173,0.0059,0,REST-S,1,3,2
1458,4739,11:29:00,0,0.00,0,0.1900,0.0128,0.0173,0.0059,0,REST-S,1,3,2
1458,4740,11:29:30,0,0.00,0,0.1900,0.0128,0.0173,0.0059,0,REST-S,1,3,2
1458,4741,11:30:00,0,0.00,0,0.1900,0.0128,0.0173,0.0059,0,REST-S,1,3,2
1458,4742,11:30:30,0,0.00,0,0.1900,0.0128,0.0173,0.0059,0,REST-S,1,3,2
1458,4743,11:31:00,0,0.00,0,0.1900,0.0128,0.0173,0.0059,0,REST-S,1,3,2
1458,4744,11:31:30,0,0.00,0,0.1900,0.0128,0.0173,0.0059,0,REST-S,1,3,2
1458,4745,11:32:00,0,0.00,0,0.1900,0.0128,0.0173,0.0059,0,REST-S,1,3,2
1458,4746,11:32:30,0,0.00,0,0.1900,0.0128,0.0173,0.0059,0,REST-S,1,3,2
1458,4747,11:33:00,0,0.00,0,0.1900,0.0128,0.0173,0.0059,1,REST,1,3,2
1458,4748,11:33:30,0,70.00,0,123.9900,7.4700,11.8000,4.0700,1,ACTIVE,1,3,2
1458,4749,11:34:00,0,228.00,0,222.7500,15.6000,20.7000,6.7000,1,ACTIVE,1,3,2
1458,4750,11:34:30,0,100.00,0,208.4500,14.6000,19.4000,6.0100,1,ACTIVE,1,3,2
1458,4751,11:35:00,0,137.00,0,222.0100,15.3000,20.7000,6.7000,1,ACTIVE,1,3,2
1458,4752,11:35:30,0,83.00,0,258.3600,17.8000,24.0000,7.8000,1,ACTIVE,1,3,2
1458,4753,11:36:00,0,73.00,0,123.3900,8.3200,11.5000,3.8100,1,ACTIVE,1,3,2
1458,4754,11:36:30,0,0.00,0,0.7200,0.1120,0.0523,0.0173,1,ACTIVE,1,3,2
1458,4755,11:37:00,0,13.00,0,0.2700,0.0512,0.0173,0.0059,1,ACTIVE,1,3,2
1458,4756,11:37:30,0,0.00,0,0.2300,0.0339,0.0173,0.0059,1,ACTIVE,1,3,2
1458,4757,11:38:00,0,383.00,0,82.6400,6.4200,7.4700,2.8200,1,ACTIVE,1,3,2
1458,4758,11:38:30,0,421.00,0,120.1100,9.8900,11.0000,1.5400,1,ACTIVE,1,3,2
1458,4759,11:39:00,0,326.00,0,3.3700,0.7200,0.2000,0.0256,1,ACTIVE,1,3,2
1458,4760,11:39:30,0,286.00,0,51.2000,4.1600,4.6400,1.2900,1,ACTIVE,1,3,2
1458,4761,11:40:00,0,337.00,0,71.6500,6.0100,6.4200,1.9900,1,ACTIVE,1,3,2
1458,4762,11:40:30,0,450.00,0,32.9600,5.1700,2.4200,0.3090,1,ACTIVE,1,3,2
1458,4763,11:41:00,0,337.00,0,25.2600,5.6300,1.4400,0.1880,1,ACTIVE,1,3,2
1458,4764,11:41:30,0,464.00,0,30.2800,2.3200,2.7600,0.9330,1,ACTIVE,1,3,2
1458,4765,11:42:00,0,479.00,0,177.2900,17.8000,15.6000,1.3500,1,ACTIVE,1,3,2
1458,4766,11:42:30,0,545.00,0,195.5400,12.0000,18.5000,6.0100,1,ACTIVE,1,3,2
1458,4767,11:43:00,0,600.00,0,0.6300,0.0679,0.0523,0.0173,1,ACTIVE,1,3,2
1458,4768,11:43:30,0,295.00,0,0.6800,0.0596,0.0622,0.0070,1,ACTIVE,1,3,2
1458,4769,11:44:00,0,326.00,0,0.9900,0.0861,0.0880,0.0292,1,ACTIVE,1,3,2
1458,4770,11:44:30,0,359.00,0,0.2300,0.0339,0.0173,0.0059,1,ACTIVE,1,3,2
1458,4771,11:45:00,0,286.00,0,0.2100,0.0256,0.0173,0.0059,1,ACTIVE,1,3,2
1458,4772,11:45:30,0,186.00,0,0.2100,0.0256,0.0173,0.0059,1,ACTIVE,1,3,2
1458,4773,11:46:00,0,359.00,0,0.2100,0.0256,0.0173,0.0059,1,ACTIVE,1,3,2
1458,4774,11:46:30,0,326.00,0,0.2100,0.0256,0.0173,0.0059,1,ACTIVE,1,3,2
1458,4775,11:47:00,0,66.00,0,0.2100,0.0256,0.0173,0.0059,1,ACTIVE,1,3,2
1458,4776,11:47:30,0,450.00,0,0.2300,0.0339,0.0173,0.0059,1,ACTIVE,1,3,2
1458,4777,11:48:00,0,277.00,0,0.4500,0.0512,0.0378,0.0023,1,ACTIVE,1,3,2
1458,4778,11:48:30,0,235.00,0,0.2300,0.0339,0.0173,0.0059,1,ACTIVE,1,3,2
1458,4779,11:49:00,0,295.00,0,0.2100,0.0256,0.0173,0.0059,1,ACTIVE,1,3,2
1458,4780,11:49:30,0,408.00,0,0.5900,0.0512,0.0523,0.0173,1,ACTIVE,1,3,2
1458,4781,11:50:00,0,479.00,0,0.1700,0.0042,0.0173,0.0059,1,ACTIVE,1,3,2
1458,4782,11:50:30,0,408.00,0,0.1700,0.0042,0.0173,0.0059,1,ACTIVE,1,3,2
1458,4783,11:51:00,0,600.00,0,0.0200,0.0049,0.0000,0.0059,1,ACTIVE,1,3,2
1458,4784,11:51:30,0,359.00,0,0.1200,0.0042,0.0125,0.0000,1,ACTIVE,1,3,2
1458,4785,11:52:00,0,228.00,0,0.1700,0.0042,0.0173,0.0059,1,ACTIVE,1,3,2
1458,4786,11:52:30,0,277.00,0,0.1100,0.0339,0.0012,0.0215,1,ACTIVE,1,3,2
1458,4787,11:53:00,0,251.00,0,0.1700,0.0042,0.0173,0.0059,1,ACTIVE,1,3,2
1458,4788,11:53:30,0,86.00,0,0.1700,0.0042,0.0173,0.0059,1,ACTIVE,1,3,2
1458,4789,11:54:00,0,132.00,0,0.1700,0.0042,0.0173,0.0059,1,ACTIVE,1,3,2
1458,4790,11:54:30,0,80.00,0,0.1700,0.0042,0.0173,0.0059,1,ACTIVE,1,3,2
1458,4791,11:55:00,0,220.00,0,0.1700,0.0042,0.0173,0.0059,1,ACTIVE,1,3,2
1458,4792,11:55:30,0,46.00,0,0.1700,0.0042,0.0173,0.0059,1,ACTIVE,1,3,2
1458,4793,11:56:00,0,315.00,0,0.1700,0.0042,0.0173,0.0059,1,ACTIVE,1,3,2
1458,4794,11:56:30,0,46.00,0,0.1700,0.0042,0.0173,0.0059,1,ACTIVE,1,3,2
1458,4795,11:57:00,0,73.00,0,0.1700,0.0042,0.0173,0.0059,1,ACTIVE,1,3,2
1458,4796,11:57:30,0,128.00,0,0.1700,0.0042,0.0173,0.0059,1,ACTIVE,1,3,2
1458,4797,11:58:00,0,141.00,0,0.1700,0.0042,0.0173,0.0059,1,ACTIVE,1,3,2
1458,4798,11:58:30,0,206.00,0,0.1700,0.0042,0.0173,0.0059,1,ACTIVE,1,3,2
1458,4799,11:59:00,0,13.00,0,0.0600,0.0128,0.0012,0.0215,1,ACTIVE,1,3,2
1458,4800,11:59:30,0,86.00,0,0.0600,0.0128,0.0012,0.0215,1,ACTIVE,1,3,2
1458,4801,12:00:00,0,119.00,0,0.1900,0.0128,0.0173,0.0059,1,ACTIVE,1,3,3
1458,4802,12:00:30,0,115.00,0,0.0600,0.0042,0.0012,0.0354,1,ACTIVE,1,3,3
1458,4803,12:01:00,0,119.00,0,0.1700,0.0042,0.0173,0.0059,1,ACTIVE,1,3,3
1458,4804,12:01:30,0,115.00,0,0.1700,0.0042,0.0173,0.0059,1,ACTIVE,1,3,3
1458,4805,12:02:00,0,277.00,0,0.5100,0.0128,0.0523,0.0173,1,ACTIVE,1,3,3
1458,4806,12:02:30,0,186.00,0,0.5100,0.0128,0.0523,0.0173,1,ACTIVE,1,3,3
1458,4807,12:03:00,0,179.00,0,0.1900,0.0128,0.0173,0.0059,1,ACTIVE,1,3,3
1458,4808,12:03:30,0,168.00,0,1.1900,0.0339,0.1220,0.0412,1,ACTIVE,1,3,3
1458,4809,12:04:00,0,235.00,0,1.2500,0.0512,0.1220,0.0650,1,ACTIVE,1,3,3
1458,4810,12:04:30,0,80.00,0,0.5200,0.0128,0.0523,0.0292,1,ACTIVE,1,3,3
1458,4811,12:05:00,0,30.00,0,0.1900,0.0128,0.0173,0.0059,1,ACTIVE,1,3,3
1458,4812,12:05:30,0,228.00,0,0.1900,0.0128,0.0173,0.0059,1,ACTIVE,1,3,3
1458,4813,12:06:00,0,132.00,0,0.1900,0.0128,0.0173,0.0059,1,ACTIVE,1,3,3
1458,4814,12:06:30,0,193.00,0,0.2100,0.0256,0.0173,0.0059,1,ACTIVE,1,3,3
1458,4815,12:07:00,0,174.00,0,0.1900,0.0128,0.0173,0.0059,1,ACTIVE,1,3,3
1458,4816,12:07:30,0,326.00,0,0.1900,0.0128,0.0173,0.0059,1,ACTIVE,1,3,3
1458,4817,12:08:00,0,193.00,0,0.0200,0.0049,0.0000,0.0059,1,ACTIVE,1,3,3
1458,4818,12:08:30,0,152.00,0,0.0100,0.0049,0.0000,0.0000,1,ACTIVE,1,3,3
1458,4819,12:09:00,0,348.00,0,0.2100,0.0256,0.0173,0.0059,1,ACTIVE,1,3,3
1458,4820,12:09:30,0,115.00,0,0.1900,0.0128,0.0173,0.0059,1,ACTIVE,1,3,3
1458,4821,12:10:00,0,286.00,0,0.2300,0.0339,0.0173,0.0059,1,ACTIVE,1,3,3
1458,4822,12:10:30,0,337.00,0,0.6500,0.0773,0.0523,0.0173,1,ACTIVE,1,3,3
1458,4823,12:11:00,0,115.00,0,0.5500,0.0256,0.0523,0.0292,1,ACTIVE,1,3,3
1458,4824,12:11:30,0,259.00,0,0.1900,0.0128,0.0173,0.0059,1,ACTIVE,1,3,3
1458,4825,12:12:00,0,90.00,0,0.0600,0.0128,0.0012,0.0215,1,ACTIVE,1,3,3
1458,4826,12:12:30,0,128.00,0,0.1700,0.0042,0.0173,0.0059,1,ACTIVE,1,3,3
1458,4827,12:13:00,0,141.00,0,0.1900,0.0128,0.0173,0.0059,1,ACTIVE,1,3,3
1458,4828,12:13:30,0,86.00,0,0.0600,0.0128,0.0012,0.0215,1,ACTIVE,1,3,3
1458,4829,12:14:00,0,46.00,0,0.5500,0.0339,0.0523,0.0173,1,ACTIVE,1,3,3
1458,4830,12:14:30,0,124.00,0,0.2600,0.0339,0.0081,0.1070,1,ACTIVE,1,3,3
1458,4831,12:15:00,0,63.00,0,2.0400,0.0512,0.2090,0.0880,1,ACTIVE,1,3,3
1458,4832,12:15:30,0,46.00,0,1.1900,0.0339,0.1220,0.0412,1,ACTIVE,1,3,3
1458,4833,12:16:00,0,83.00,0,2.3800,0.0596,0.2440,0.1050,1,ACTIVE,1,3,3
1458,4834,12:16:30,0,137.00,0,0.5200,0.0128,0.0523,0.0292,1,ACTIVE,1,3,3
1458,4835,12:17:00,0,27.00,0,1.0700,0.0339,0.1120,0.0115,1,ACTIVE,1,3,3
1458,4836,12:17:30,0,179.00,0,0.0600,0.0128,0.0012,0.0215,1,ACTIVE,1,3,3
1458,4837,12:18:00,0,179.00,0,0.5500,0.0339,0.0523,0.0173,1,ACTIVE,1,3,3
1458,4838,12:18:30,0,132.00,0,0.1900,0.0128,0.0173,0.0059,1,ACTIVE,1,3,3
1458,4839,12:19:00,0,90.00,0,0.2500,0.0431,0.0173,0.0059,1,ACTIVE,1,3,3
1458,4840,12:19:30,0,137.00,0,0.2100,0.0256,0.0173,0.0059,1,ACTIVE,1,3,3
1458,4841,12:20:00,0,199.00,0,0.1900,0.0128,0.0173,0.0059,1,ACTIVE,1,3,3
1458,4842,12:20:30,0,359.00,0,0.1900,0.0128,0.0173,0.0059,1,ACTIVE,1,3,3
1458,4843,12:21:00,0,286.00,0,16.4100,1.3800,1.4700,0.4470,1,ACTIVE,1,3,3
1458,4844,12:21:30,0,124.00,0,24.3600,2.2200,2.1300,0.7680,1,ACTIVE,1,3,3
1458,4845,12:22:00,0,206.00,0,1.6700,0.1020,0.1580,0.0523,1,ACTIVE,1,3,3
1458,4846,12:22:30,0,186.00,0,32.9400,2.1700,3.0700,1.1300,1,ACTIVE,1,3,3
1458,4847,12:23:00,0,277.00,0,42.3500,4.1600,3.7300,0.4190,1,ACTIVE,1,3,3
1458,4848,12:23:30,0,179.00,0,21.8300,1.4700,2.0400,0.6890,1,ACTIVE,1,3,3
1458,4849,12:24:00,0,83.00,0,108.5600,5.5100,10.6000,3.5700,1,ACTIVE,1,3,3
1458,4850,12:24:30,0,158.00,0,145.9900,13.4000,13.1000,1.4100,1,ACTIVE,1,3,3
1458,4851,12:25:00,0,158.00,0,83.1200,6.1400,7.4700,3.8100,1,ACTIVE,1,3,3
1458,4852,12:25:30,0,128.00,0,148.1500,10.3000,13.7000,4.9500,1,ACTIVE,1,3,3
1458,4853,12:26:00,0,186.00,0,199.9000,15.9000,18.5000,2.0800,1,ACTIVE,1,3,3
1458,4854,12:26:30,0,168.00,0,138.5400,13.1000,12.0000,3.9000,1,ACTIVE,1,3,3
1458,4855,12:27:00,0,199.00,0,195.7200,11.8000,18.5000,6.7000,1,ACTIVE,1,3,3
1458,4856,12:27:30,0,251.00,0,179.5900,19.4000,14.9000,5.5100,1,ACTIVE,1,3,3
1458,4857,12:28:00,0,158.00,0,174.6300,10.1000,16.3000,8.8800,1,ACTIVE,1,3,3
1458,4858,12:28:30,0,59.00,0,251.0100,13.4000,24.0000,9.8900,1,ACTIVE,1,3,3
1458,4859,12:29:00,0,77.00,0,107.4100,7.4700,9.8900,3.9000,1,ACTIVE,1,3,3
1458,4860,12:29:30,0,80.00,0,176.6600,11.0000,16.6000,6.0100,1,ACTIVE,1,3,3
1458,4861,12:30:00,0,73.00,0,146.4900,9.6800,13.7000,4.7400,1,ACTIVE,1,3,3
1458,4862,12:30:30,0,42.00,0,70.9800,7.4700,6.0100,1.6700,1,ACTIVE,1,3,3
1458,4863,12:31:00,0,28.00,0,64.2800,5.5100,5.7600,1.5400,1,ACTIVE,1,3,3
1458,4864,12:31:30,0,27.00,0,71.2900,5.0600,6.5600,2.4700,1,ACTIVE,1,3,3
1458,4865,12:32:00,0,25.00,0,65.9900,4.3400,6.1400,2.3700,1,ACTIVE,1,3,3
1458,4866,12:32:30,0,22.00,0,82.4000,6.2800,7.4700,2.8800,1,ACTIVE,1,3,3
1458,4867,12:33:00,0,12.00,0,92.3200,7.1500,8.3200,3.3500,1,ACTIVE,1,3,3
1458,4868,12:33:30,0,163.00,0,125.2800,6.7000,12.0000,4.7400,1,ACTIVE,1,3,3
1458,4869,12:34:00,0,100.00,0,252.7700,14.3000,24.0000,9.6800,1,ACTIVE,1,3,3
1458,4870,12:34:30,0,33.00,0,180.3100,8.8800,17.4000,7.8000,1,ACTIVE,1,3,3
1458,4871,12:35:00,0,119.00,0,170.9200,5.6300,17.4000,5.7600,1,ACTIVE,1,3,3
1458,4872,12:35:30,0,27.00,0,438.1600,19.4000,43.2000,15.9000,1,ACTIVE,1,3,3
1458,4873,12:36:00,0,57.00,0,44.5800,3.1400,3.9800,2.5300,1,ACTIVE,1,3,3
1458,4874,12:36:30,0,39.00,0,179.3700,11.0000,16.6000,8.5000,1,ACTIVE,1,3,3
1458,4875,12:37:00,0,46.00,0,164.1100,9.6800,15.3000,8.3200,1,ACTIVE,1,3,3
1458,4876,12:37:30,0,37.00,0,186.6600,11.0000,17.4000,9.2700,1,ACTIVE,1,3,3
1458,4877,12:38:00,0,37.00,0,165.2900,10.6000,15.3000,7.6300,1,ACTIVE,1,3,3
1458,4878,12:38:30,0,39.00,0,136.4900,7.1500,12.8000,7.6300,1,ACTIVE,1,3,3
1458,4879,12:39:00,0,42.00,0,97.0100,5.2800,9.0700,5.3900,1,ACTIVE,1,3,3
1458,4880,12:39:30,0,39.00,0,189.6100,10.3000,17.8000,10.3000,1,ACTIVE,1,3,3
1458,4881,12:40:00,0,3.00,0,159.8500,9.4700,14.9000,7.4700,1,ACTIVE,1,3,3
1458,4882,12:40:30,0,100.00,0,144.0000,7.8000,13.7000,6.2800,1,ACTIVE,1,3,3
1458,4883,12:41:00,0,251.00,0,48.8100,3.0100,4.6400,1.4400,1,ACTIVE,1,3,3
1458,4884,12:41:30,0,141.00,0,246.7000,14.9000,23.0000,11.0000,1,ACTIVE,1,3,3
1458,4885,12:42:00,0,168.00,0,304.6300,17.8000,28.6000,13.7000,1,ACTIVE,1,3,3
1458,4886,12:42:30,0,193.00,0,136.2200,9.2700,12.6000,5.2800,1,ACTIVE,1,3,3
1458,4887,12:43:00,0,315.00,0,34.3000,2.9400,3.1400,0.2840,1,ACTIVE,1,3,3
1458,4888,12:43:30,0,326.00,0,10.3500,0.7350,0.9540,0.3370,1,ACTIVE,1,3,3
1458,4889,12:44:00,0,193.00,0,17.1800,1.7100,1.4700,0.4770,1,ACTIVE,1,3,3
1458,4890,12:44:30,0,277.00,0,21.5100,2.0400,1.8700,0.6050,1,ACTIVE,1,3,3
1458,4891,12:45:00,0,206.00,0,165.1900,10.1000,15.6000,5.7600,1,ACTIVE,1,3,3
1458,4892,12:45:30,0,199.00,0,163.7500,5.0600,16.6000,6.2800,1,ACTIVE,1,3,3
1458,4893,12:46:00,0,66.00,0,0.1900,0.0128,0.0173,0.0059,1,ACTIVE,1,3,3
1458,4894,12:46:30,0,132.00,0,0.1700,0.0042,0.0173,0.0059,1,ACTIVE,1,3,3
1458,4895,12:47:00,0,137.00,0,0.1900,0.0128,0.0173,0.0059,1,ACTIVE,1,3,3
1458,4896,12:47:30,0,286.00,0,0.1700,0.0042,0.0173,0.0059,1,ACTIVE,1,3,3
1458,4897,12:48:00,0,128.00,0,0.1900,0.0128,0.0173,0.0059,1,ACTIVE,1,3,3
1458,4898,12:48:30,0,141.00,0,2.2200,0.1360,0.2090,0.0756,1,ACTIVE,1,3,3
1458,4899,12:49:00,0,147.00,0,0.2100,0.0256,0.0173,0.0059,1,ACTIVE,1,3,3
1458,4900,12:49:30,0,106.00,0,1.3400,0.1020,0.1220,0.0412,1,ACTIVE,1,3,3
1458,4901,12:50:00,0,179.00,0,1.2600,0.1190,0.1120,0.0162,1,ACTIVE,1,3,3
1458,4902,12:50:30,0,124.00,0,0.4800,0.0679,0.0378,0.0023,1,ACTIVE,1,3,3
1458,4903,12:51:00,0,31.00,0,0.2700,0.0512,0.0173,0.0059,1,ACTIVE,1,3,3
1458,4904,12:51:30,0,77.00,0,0.4700,0.0596,0.0378,0.0023,1,ACTIVE,1,3,3
1458,4905,12:52:00,0,96.00,0,0.5900,0.0512,0.0523,0.0173,1,ACTIVE,1,3,3
1458,4906,12:52:30,0,119.00,0,1.9800,0.1020,0.1920,0.0650,1,ACTIVE,1,3,3
1458,4907,12:53:00,0,158.00,0,3.7000,0.2230,0.3520,0.1170,1,ACTIVE,1,3,3
1458,4908,12:53:30,0,86.00,0,2.5900,0.1610,0.2440,0.0880,1,ACTIVE,1,3,3
1458,4909,12:54:00,0,3.00,0,0.6000,0.0512,0.0523,0.0292,1,ACTIVE,1,3,3
1458,4910,12:54:30,0,9.00,0,0.5700,0.0431,0.0523,0.0173,1,ACTIVE,1,3,3
1458,4911,12:55:00,0,13.00,0,0.5700,0.0431,0.0523,0.0173,1,ACTIVE,1,3,3
1458,4912,12:55:30,0,19.00,0,0.5700,0.0431,0.0523,0.0173,1,ACTIVE,1,3,3
1458,4913,12:56:00,0,11.00,0,0.5700,0.0431,0.0523,0.0173,1,ACTIVE,1,3,3
1458,4914,12:56:30,0,42.00,0,0.5700,0.0431,0.0523,0.0173,1,ACTIVE,1,3,3
1458,4915,12:57:00,0,100.00,0,0.2100,0.0256,0.0173,0.0059,1,ACTIVE,1,3,3
1458,4916,12:57:30,0,348.00,0,0.1900,0.0128,0.0173,0.0059,1,ACTIVE,1,3,3
1458,4917,12:58:00,0,115.00,0,1.3700,0.1120,0.1220,0.0523,1,ACTIVE,1,3,3
1458,4918,12:58:30,0,3.00,0,0.6100,0.0596,0.0523,0.0173,1,ACTIVE,1,3,3
1458,4919,12:59:00,0,12.00,0,0.6100,0.0596,0.0523,0.0173,1,ACTIVE,1,3,3
1458,4920,12:59:30,0,5.00,0,0.5900,0.0512,0.0523,0.0173,0,ACTIVE,1,3,3
1458,4921,13:00:00,0,3.00,0,0.6100,0.0596,0.0523,0.0173,0,ACTIVE,1,3,3
1458,4922,13:00:30,0,1.00,0,0.6100,0.0596,0.0523,0.0173,1,ACTIVE,1,3,3
1458,4923,13:01:00,0,57.00,0,0.5900,0.0512,0.0523,0.0173,1,ACTIVE,1,3,3
1458,4924,13:01:30,0,128.00,0,0.2100,0.0256,0.0173,0.0059,1,ACTIVE,1,3,3
1458,4925,13:02:00,0,42.00,0,0.2100,0.0256,0.0173,0.0059,1,ACTIVE,1,3,3
1458,4926,13:02:30,0,96.00,0,0.6700,0.0512,0.0622,0.0070,1,ACTIVE,1,3,3
1458,4927,13:03:00,0,163.00,0,0.7000,0.0679,0.0622,0.0070,1,ACTIVE,1,3,3
1458,4928,13:03:30,0,7.00,0,0.5700,0.0431,0.0523,0.0173,1,ACTIVE,1,3,3
1458,4929,13:04:00,0,10.00,0,0.1100,0.0339,0.0012,0.0215,1,ACTIVE,1,3,3
1458,4930,13:04:30,0,268.00,0,0.2300,0.0339,0.0173,0.0059,1,ACTIVE,1,3,3
1458,4931,13:05:00,0,186.00,0,0.6700,0.0512,0.0622,0.0070,1,ACTIVE,1,3,3
1458,4932,13:05:30,0,199.00,0,0.4100,0.0339,0.0378,0.0023,1,ACTIVE,1,3,3
1458,4933,13:06:00,0,96.00,0,1.2900,0.0773,0.1220,0.0523,1,ACTIVE,1,3,3
1458,4934,13:06:30,0,39.00,0,0.9500,0.0596,0.0880,0.0412,1,ACTIVE,1,3,3
1458,4935,13:07:00,0,48.00,0,0.1100,0.0339,0.0012,0.0215,1,ACTIVE,1,3,3
1458,4936,13:07:30,0,86.00,0,0.5700,0.0431,0.0523,0.0173,1,ACTIVE,1,3,3
1458,4937,13:08:00,0,86.00,0,0.1100,0.0339,0.0012,0.0215,1,ACTIVE,1,3,3
1458,4938,13:08:30,0,73.00,0,0.2100,0.0256,0.0173,0.0059,1,ACTIVE,1,3,3
1458,4939,13:09:00,0,124.00,0,1.6800,0.1020,0.1580,0.0650,1,ACTIVE,1,3,3
1458,4940,13:09:30,0,44.00,0,0.2300,0.0339,0.0173,0.0059,1,ACTIVE,1,3,3
1458,4941,13:10:00,0,7.00,0,0.5500,0.0339,0.0523,0.0173,1,ACTIVE,1,3,3
1458,4942,13:10:30,0,2.00,0,0.4100,0.0339,0.0378,0.0023,0,ACTIVE,1,3,3
1458,4943,13:11:00,0,3.00,0,0.2100,0.0256,0.0173,0.0059,1,ACTIVE,1,3,3
1458,4944,13:11:30,0,35.00,0,4.3900,0.3230,0.4010,0.1510,1,ACTIVE,1,3,3
1458,4945,13:12:00,0,90.00,0,0.9700,0.0773,0.0880,0.0292,1,ACTIVE,1,3,3
1458,4946,13:12:30,0,44.00,0,2.7300,0.2230,0.2440,0.0981,1,ACTIVE,1,3,3
1458,4947,13:13:00,0,77.00,0,2.2400,0.1450,0.2090,0.0756,1,ACTIVE,1,3,3
1458,4948,13:13:30,0,86.00,0,0.5700,0.0431,0.0523,0.0173,1,ACTIVE,1,3,3
1458,4949,13:14:00,0,193.00,0,0.2300,0.0339,0.0173,0.0059,1,ACTIVE,1,3,3
1458,4950,13:14:30,0,86.00,0,1.3200,0.0939,0.1220,0.0412,1,ACTIVE,1,3,3
1458,4951,13:15:00,0,83.00,0,0.5900,0.0512,0.0523,0.0173,1,ACTIVE,1,3,3
1458,4952,13:15:30,0,68.00,0,7.1900,0.3600,0.7040,0.2090,1,ACTIVE,1,3,3
1458,4953,13:16:00,0,326.00,0,2.0400,0.1300,0.1920,0.0650,1,ACTIVE,1,3,3
1458,4954,13:16:30,0,259.00,0,0.6100,0.0596,0.0523,0.0173,1,ACTIVE,1,3,3
1458,4955,13:17:00,0,315.00,0,1.4000,0.1300,0.1220,0.0412,1,ACTIVE,1,3,3
1458,4956,13:17:30,0,0.00,0,0.9700,0.0861,0.0880,0.0115,1,ACTIVE,1,3,3
1458,4957,13:18:00,0,259.00,0,1.3200,0.0939,0.1220,0.0412,1,ACTIVE,1,3,3
1458,4958,13:18:30,0,295.00,0,0.5900,0.0512,0.0523,0.0173,1,ACTIVE,1,3,3
1458,4959,13:19:00,0,359.00,0,0.4500,0.0512,0.0378,0.0023,1,ACTIVE,1,3,3
1458,4960,13:19:30,0,235.00,0,0.2300,0.0339,0.0173,0.0059,1,ACTIVE,1,3,3
1458,4961,13:20:00,0,277.00,0,0.6100,0.0596,0.0523,0.0173,1,ACTIVE,1,3,3
1458,4962,13:20:30,0,163.00,0,0.2700,0.0512,0.0173,0.0059,1,ACTIVE,1,3,3
1458,4963,13:21:00,0,286.00,0,1.4000,0.1300,0.1220,0.0412,1,ACTIVE,1,3,3
1458,4964,13:21:30,0,220.00,0,1.7000,0.1190,0.1580,0.0523,1,ACTIVE,1,3,3
1458,4965,13:22:00,0,163.00,0,0.5900,0.0431,0.0523,0.0292,1,ACTIVE,1,3,3
1458,4966,13:22:30,0,115.00,0,0.1200,0.0339,0.0012,0.0354,1,ACTIVE,1,3,3
1458,4967,13:23:00,0,371.00,0,0.1900,0.0128,0.0173,0.0059,1,ACTIVE,1,3,3
1458,4968,13:23:30,0,228.00,0,2.0000,0.1120,0.1920,0.0650,1,ACTIVE,1,3,3
1458,4969,13:24:00,0,435.00,0,0.6100,0.0596,0.0523,0.0173,1,ACTIVE,1,3,3
1458,4970,13:24:30,0,235.00,0,1.2700,0.0679,0.1220,0.0523,1,ACTIVE,1,3,3
1458,4971,13:25:00,0,277.00,0,1.2000,0.0939,0.1120,0.0162,1,ACTIVE,1,3,3
1458,4972,13:25:30,0,421.00,0,0.5900,0.0512,0.0523,0.0173,1,ACTIVE,1,3,3
1458,4973,13:26:00,0,152.00,0,0.2300,0.0339,0.0173,0.0059,1,ACTIVE,1,3,3
1458,4974,13:26:30,0,326.00,0,0.5700,0.0431,0.0523,0.0173,1,ACTIVE,1,3,3
1458,4975,13:27:00,0,141.00,0,0.6300,0.0679,0.0523,0.0173,1,ACTIVE,1,3,3
1458,4976,13:27:30,0,295.00,0,0.2100,0.0256,0.0173,0.0059,1,ACTIVE,1,3,3
1458,4977,13:28:00,0,235.00,0,1.2800,0.0773,0.1220,0.0412,1,ACTIVE,1,3,3
1458,4978,13:28:30,0,212.00,0,0.2100,0.0256,0.0173,0.0059,1,ACTIVE,1,3,3
1458,4979,13:29:00,0,359.00,0,0.4300,0.0431,0.0378,0.0023,1,ACTIVE,1,3,3
1458,4980,13:29:30,0,277.00,0,1.2800,0.0773,0.1220,0.0412,1,ACTIVE,1,3,3
1458,4981,13:30:00,0,174.00,0,0.1900,0.0128,0.0173,0.0059,1,ACTIVE,1,3,3
1458,4982,13:30:30,0,179.00,0,0.2300,0.0339,0.0173,0.0059,1,ACTIVE,1,3,3
1458,4983,13:31:00,0,220.00,0,0.2300,0.0339,0.0173,0.0059,1,ACTIVE,1,3,3
1458,4984,13:31:30,0,286.00,0,0.9700,0.0773,0.0880,0.0292,1,ACTIVE,1,3,3
1458,4985,13:32:00,0,168.00,0,1.2800,0.0773,0.1220,0.0412,1,ACTIVE,1,3,3
1458,4986,13:32:30,0,259.00,0,0.5900,0.0512,0.0523,0.0173,1,ACTIVE,1,3,3
1458,4987,13:33:00,0,199.00,0,0.0900,0.0256,0.0012,0.0215,1,ACTIVE,1,3,3
1458,4988,13:33:30,0,90.00,0,0.1900,0.0128,0.0173,0.0059,1,ACTIVE,1,3,3
1458,4989,13:34:00,0,16.00,0,0.1900,0.0128,0.0173,0.0059,1,ACTIVE,1,3,3
1458,4990,13:34:30,0,251.00,0,0.1900,0.0128,0.0173,0.0059,1,ACTIVE,1,3,3
1458,4991,13:35:00,0,243.00,0,0.1900,0.0128,0.0173,0.0059,1,ACTIVE,1,3,3
1458,4992,13:35:30,0,359.00,0,0.1700,0.0042,0.0173,0.0059,1,ACTIVE,1,3,3
1458,4993,13:36:00,0,315.00,0,69.2700,5.7600,6.0100,3.5700,1,ACTIVE,1,3,3
1458,4994,13:36:30,0,243.00,0,125.3100,7.6300,11.8000,4.9500,1,ACTIVE,1,3,3
1458,4995,13:37:00,0,243.00,0,77.4400,5.5100,7.1500,2.4200,1,ACTIVE,1,3,3
1458,4996,13:37:30,0,326.00,0,210.1900,22.1000,17.4000,8.5000,1,ACTIVE,1,3,3
1458,4997,13:38:00,0,243.00,0,335.4700,27.4000,29.9000,12.3000,1,ACTIVE,1,3,3
1458,4998,13:38:30,0,259.00,0,185.7600,12.3000,17.4000,5.8800,1,ACTIVE,1,3,3
1458,4999,13:39:00,0,206.00,0,352.6400,26.8000,31.9000,13.1000,1,ACTIVE,1,3,3
1458,5000,13:39:30,0,286.00,0,311.5400,18.5000,29.2000,13.4000,1,ACTIVE,1,3,3
1458,5001,13:40:00,0,251.00,0,139.1700,9.6800,12.8000,4.9500,1,ACTIVE,1,3,3
1458,5002,13:40:30,0,326.00,0,94.7500,5.6300,8.8800,4.1600,1,ACTIVE,1,3,3
1458,5003,13:41:00,0,137.00,0,2.8900,0.1610,0.2770,0.0981,1,ACTIVE,1,3,3
1458,5004,13:41:30,0,103.00,0,1.3200,0.0939,0.1220,0.0412,1,ACTIVE,1,3,3
1458,5005,13:42:00,0,152.00,0,1.3000,0.0861,0.1220,0.0412,1,ACTIVE,1,3,3
1458,5006,13:42:30,0,106.00,0,0.1900,0.0128,0.0173,0.0059,1,ACTIVE,1,3,3
1458,5007,13:43:00,0,5.00,0,0.1900,0.0128,0.0173,0.0059,1,ACTIVE,1,3,3
1458,5008,13:43:30,0,132.00,0,0.1700,0.0042,0.0173,0.0059,1,ACTIVE,1,3,3
1458,5009,13:44:00,0,168.00,0,4.9100,0.2380,0.4770,0.1880,1,ACTIVE,1,3,3
1458,5010,13:44:30,0,152.00,0,3.6300,0.1880,0.3520,0.1170,1,ACTIVE,1,3,3
1458,5011,13:45:00,0,277.00,0,3.3000,0.1880,0.3160,0.1050,1,ACTIVE,1,3,3
1458,5012,13:45:30,0,86.00,0,0.1900,0.0128,0.0173,0.0059,1,ACTIVE,1,3,3
1458,5013,13:46:00,0,179.00,0,2.9200,0.1800,0.2770,0.0880,1,ACTIVE,1,3,3
1458,5014,13:46:30,0,199.00,0,6.1500,0.3680,0.5790,0.2380,1,ACTIVE,1,3,3
1458,5015,13:47:00,0,220.00,0,1.6600,0.0939,0.1580,0.0650,1,ACTIVE,1,3,3
1458,5016,13:47:30,0,295.00,0,0.9900,0.0861,0.0880,0.0292,1,ACTIVE,1,3,3
1458,5017,13:48:00,0,103.00,0,0.2300,0.0339,0.0173,0.0059,1,ACTIVE,1,3,3
1458,5018,13:48:30,0,277.00,0,0.5900,0.0512,0.0523,0.0173,1,ACTIVE,1,3,3
1458,5019,13:49:00,0,295.00,0,0.2100,0.0256,0.0173,0.0059,1,ACTIVE,1,3,3
1458,5020,13:49:30,0,206.00,0,3.3700,0.2230,0.3160,0.0981,1,ACTIVE,1,3,3
1458,5021,13:50:00,0,96.00,0,1.9700,0.0939,0.1920,0.0756,1,ACTIVE,1,3,3
1458,5022,13:50:30,0,28.00,0,6.3000,0.2840,0.6180,0.2380,1,ACTIVE,1,3,3
1458,5023,13:51:00,0,57.00,0,19.0100,1.0400,1.8300,0.6600,1,ACTIVE,1,3,3
1458,5024,13:51:30,0,46.00,0,2.5000,0.3230,0.2000,0.0298,1,ACTIVE,1,3,3
1458,5025,13:52:00,0,10.00,0,2.0700,0.1450,0.1920,0.0650,1,ACTIVE,1,3,3
1458,5026,13:52:30,0,119.00,0,2.6500,0.1880,0.2440,0.0880,1,ACTIVE,1,3,3
1458,5027,13:53:00,0,70.00,0,3.7200,0.2280,0.3520,0.1170,1,ACTIVE,1,3,3
1458,5028,13:53:30,0,7.00,0,0.0100,0.0049,0.0000,0.0000,1,ACTIVE,1,3,3
1458,5029,13:54:00,0,4.00,0,0.2700,0.0512,0.0173,0.0059,0,ACTIVE,1,3,3
1458,5030,13:54:30,0,1.00,0,0.1700,0.0042,0.0173,0.0059,0,ACTIVE,1,3,3
1458,5031,13:55:00,0,2.00,0,0.1700,0.0042,0.0173,0.0059,0,ACTIVE,1,3,3
1458,5032,13:55:30,0,0.00,0,0.1700,0.0042,0.0173,0.0059,0,ACTIVE,1,3,3
1458,5033,13:56:00,0,0.00,0,0.1700,0.0042,0.0173,0.0059,0,ACTIVE,1,3,3
1458,5034,13:56:30,0,1.00,0,0.1700,0.0042,0.0173,0.0059,0,ACTIVE,1,3,3
1458,5035,13:57:00,0,33.00,0,2.1600,0.1020,0.2090,0.0880,1,ACTIVE,1,3,3
1458,5036,13:57:30,0,2.00,0,16.1300,0.6460,1.6000,0.6050,0,ACTIVE,1,3,3
1458,5037,13:58:00,0,55.00,0,4.4300,0.1960,0.4370,0.1510,1,ACTIVE,1,3,3
1458,5038,13:58:30,0,21.00,0,3.2600,0.1720,0.3160,0.0981,1,ACTIVE,1,3,3
1458,5039,13:59:00,0,46.00,0,0.2200,0.0596,0.0035,0.0501,1,ACTIVE,1,3,3
1458,5040,13:59:30,0,48.00,0,0.9300,0.0596,0.0880,0.0292,1,ACTIVE,1,3,3
1458,5041,14:00:00,0,21.00,0,3.2700,0.3600,0.2770,0.0412,1,ACTIVE,1,3,3
1458,5042,14:00:30,0,15.00,0,6.9900,0.4980,0.6600,0.1000,1,ACTIVE,1,3,3
1458,5043,14:01:00,0,8.00,0,4.0800,0.2440,0.3840,0.1650,0,ACTIVE,1,3,3
1458,5044,14:01:30,0,0.00,0,9.3100,0.6600,0.8370,0.4770,1,ACTIVE,1,3,3
1458,5045,14:02:00,0,5.00,0,5.8600,0.2720,0.5790,0.1650,1,ACTIVE,1,3,3
1458,5046,14:02:30,0,128.00,0,5.6500,0.3230,0.5430,0.1650,1,ACTIVE,1,3,3
1458,5047,14:03:00,0,168.00,0,18.1500,0.8200,1.7900,0.6320,1,ACTIVE,1,3,3
1458,5048,14:03:30,0,212.00,0,5.8900,0.2280,0.5790,0.2840,1,ACTIVE,1,3,3
1458,5049,14:04:00,0,96.00,0,4.4700,0.2050,0.4370,0.1760,1,ACTIVE,1,3,3
1458,5050,14:04:30,0,57.00,0,6.1700,0.2280,0.6180,0.2280,1,ACTIVE,1,3,3
1458,5051,14:05:00,0,147.00,0,5.4700,0.2280,0.5430,0.1960,1,ACTIVE,1,3,3
1458,5052,14:05:30,0,0.00,0,6.3600,0.2600,0.6320,0.2280,1,ACTIVE,1,3,3
1458,5053,14:06:00,0,115.00,0,8.0000,0.3030,0.8020,0.2840,1,ACTIVE,1,3,3
1458,5054,14:06:30,0,39.00,0,25.3600,1.0200,2.5300,0.8940,1,ACTIVE,1,3,3
1458,5055,14:07:00,0,73.00,0,5.0000,0.1550,0.5090,0.1880,1,ACTIVE,1,3,3
1458,5056,14:07:30,0,59.00,0,4.3400,0.1610,0.4370,0.1390,1,ACTIVE,1,3,3
1458,5057,14:08:00,0,61.00,0,3.6100,0.1880,0.3520,0.1050,1,ACTIVE,1,3,3
1458,5058,14:08:30,0,42.00,0,4.4000,0.1610,0.4370,0.1960,1,ACTIVE,1,3,3
1458,5059,14:09:00,0,147.00,0,8.6300,0.4570,0.8370,0.2600,1,ACTIVE,1,3,3
1458,5060,14:09:30,0,34.00,0,2.0200,0.1190,0.1920,0.0650,1,ACTIVE,1,3,3
1458,5061,14:10:00,0,179.00,0,3.6600,0.2050,0.3520,0.1170,1,ACTIVE,1,3,3
1458,5062,14:10:30,0,220.00,0,6.3300,0.3030,0.6180,0.2230,1,ACTIVE,1,3,3
1458,5063,14:11:00,0,37.00,0,0.5700,0.0431,0.0523,0.0173,1,ACTIVE,1,3,3
1458,5064,14:11:30,0,106.00,0,0.1300,0.0431,0.0012,0.0215,1,ACTIVE,1,3,3
1458,5065,14:12:00,0,124.00,0,1.2900,0.0773,0.1220,0.0523,1,ACTIVE,1,3,3
1458,5066,14:12:30,0,59.00,0,1.9900,0.1020,0.1920,0.0756,1,ACTIVE,1,3,3
1458,5067,14:13:00,0,1.00,0,0.9300,0.0679,0.0880,0.0115,1,ACTIVE,1,3,3
1458,5068,14:13:30,0,0.00,0,0.9300,0.0679,0.0880,0.0115,1,ACTIVE,1,3,3
1458,5069,14:14:00,0,59.00,0,1.2800,0.0773,0.1220,0.0412,1,ACTIVE,1,3,3
1458,5070,14:14:30,0,83.00,0,2.2000,0.1300,0.2090,0.0756,1,ACTIVE,1,3,3
1458,5071,14:15:00,0,0.00,0,1.6900,0.1120,0.1580,0.0523,1,ACTIVE,1,3,3
1458,5072,14:15:30,0,115.00,0,2.0700,0.1450,0.1920,0.0650,1,ACTIVE,1,3,3
1458,5073,14:16:00,0,206.00,0,6.6700,0.3680,0.6320,0.2960,1,ACTIVE,1,3,3
1458,5074,14:16:30,0,168.00,0,6.2100,0.2660,0.6180,0.1880,1,ACTIVE,1,3,3
1458,5075,14:17:00,0,96.00,0,6.5600,0.3520,0.6320,0.2280,1,ACTIVE,1,3,3
1458,5076,14:17:30,0,11.00,0,10.9300,0.6320,1.0400,0.3920,1,ACTIVE,1,3,3
1458,5077,14:18:00,0,31.00,0,2.2000,0.1300,0.2090,0.0756,1,ACTIVE,1,3,3
1458,5078,14:18:30,0,22.00,0,1.2000,0.0939,0.1120,0.0162,1,ACTIVE,1,3,3
1458,5079,14:19:00,0,21.00,0,0.9500,0.0773,0.0880,0.0115,1,ACTIVE,1,3,3
1458,5080,14:19:30,0,34.00,0,0.9300,0.0596,0.0880,0.0292,1,ACTIVE,1,3,3
1458,5081,14:20:00,0,1.00,0,0.5700,0.0431,0.0523,0.0173,0,ACTIVE,1,3,3
1458,5082,14:20:30,0,35.00,0,0.9200,0.0512,0.0880,0.0292,1,ACTIVE,1,3,3
1458,5083,14:21:00,0,18.00,0,0.5300,0.0256,0.0523,0.0173,1,ACTIVE,1,3,3
1458,5084,14:21:30,0,61.00,0,1.2700,0.0596,0.1220,0.0650,1,ACTIVE,1,3,3
1458,5085,14:22:00,0,34.00,0,0.1900,0.0128,0.0173,0.0059,1,ACTIVE,1,3,3
1458,5086,14:22:30,0,14.00,0,0.9200,0.0512,0.0880,0.0292,1,ACTIVE,1,3,3
1458,5087,14:23:00,0,0.00,0,2.2400,0.1450,0.2090,0.0756,0,ACTIVE,1,3,3
1458,5088,14:23:30,0,21.00,0,1.6700,0.1020,0.1580,0.0523,1,ACTIVE,1,3,3
1458,5089,14:24:00,0,9.00,0,0.0900,0.0256,0.0012,0.0215,0,ACTIVE,1,3,3
1458,5090,14:24:30,0,20.00,0,0.5300,0.0256,0.0523,0.0173,1,ACTIVE,1,3,3
1458,5091,14:25:00,0,37.00,0,0.5700,0.0431,0.0523,0.0173,1,ACTIVE,1,3,3
1458,5092,14:25:30,0,0.00,0,1.5400,0.1360,0.1390,0.0206,1,ACTIVE,1,3,3
1458,5093,14:26:00,0,59.00,0,1.3600,0.1120,0.1220,0.0412,1,ACTIVE,1,3,3
1458,5094,14:26:30,0,124.00,0,0.9100,0.2600,0.0378,0.0023,1,ACTIVE,1,3,3
1458,5095,14:27:00,0,24.00,0,0.5700,0.0431,0.0523,0.0173,1,ACTIVE,1,3,3
1458,5096,14:27:30,0,44.00,0,0.5900,0.0512,0.0523,0.0173,1,ACTIVE,1,3,3
1458,5097,14:28:00,0,1.00,0,0.5700,0.0431,0.0523,0.0173,1,ACTIVE,1,3,3
1458,5098,14:28:30,0,86.00,0,0.5700,0.0431,0.0523,0.0173,1,ACTIVE,1,3,3
1458,5099,14:29:00,0,80.00,0,2.0300,0.1190,0.1920,0.0756,1,ACTIVE,1,3,3
1458,5100,14:29:30,0,174.00,0,2.2600,0.1550,0.2090,0.0756,1,ACTIVE,1,3,3
1458,5101,14:30:00,0,206.00,0,4.5600,0.2600,0.4370,0.1390,1,ACTIVE,1,3,3
1458,5102,14:30:30,0,68.00,0,2.9900,0.2050,0.2770,0.0981,1,ACTIVE,1,3,3
1458,5103,14:31:00,0,0.00,0,3.6100,0.1880,0.3520,0.1050,1,ACTIVE,1,3,3
1458,5104,14:31:30,0,186.00,0,3.5900,0.1720,0.3520,0.1170,1,ACTIVE,1,3,3
1458,5105,14:32:00,0,48.00,0,0.7200,0.0773,0.0622,0.0070,1,ACTIVE,1,3,3
1458,5106,14:32:30,0,110.00,0,1.4800,0.1120,0.1390,0.0206,1,ACTIVE,1,3,3
1458,5107,14:33:00,0,3.00,0,1.3000,0.0861,0.1220,0.0412,1,ACTIVE,1,3,3
1458,5108,14:33:30,0,124.00,0,1.2600,0.0679,0.1220,0.0412,1,ACTIVE,1,3,3
1458,5109,14:34:00,0,158.00,0,2.0800,0.1450,0.1920,0.0756,1,ACTIVE,1,3,3
1458,5110,14:34:30,0,0.00,0,4.1800,0.3030,0.3840,0.1390,1,ACTIVE,1,3,3
1458,5111,14:35:00,0,0.00,0,4.3600,0.3090,0.4010,0.1510,1,ACTIVE,1,3,3
1458,5112,14:35:30,0,1.00,0,4.3500,0.3090,0.4010,0.1390,0,ACTIVE,1,3,3
1458,5113,14:36:00,0,59.00,0,2.2600,0.1550,0.2090,0.0756,1,ACTIVE,1,3,3
1458,5114,14:36:30,0,18.00,0,2.0400,0.1300,0.1920,0.0650,1,ACTIVE,1,3,3
1458,5115,14:37:00,0,8.00,0,2.2000,0.1360,0.2090,0.0650,1,ACTIVE,1,3,3
1458,5116,14:37:30,0,68.00,0,4.6900,0.3090,0.4370,0.1650,1,ACTIVE,1,3,3
1458,5117,14:38:00,0,132.00,0,2.2400,0.1450,0.2090,0.0756,1,ACTIVE,1,3,3
1458,5118,14:38:30,0,259.00,0,3.3800,0.2280,0.3160,0.0981,1,ACTIVE,1,3,3
1458,5119,14:39:00,0,68.00,0,8.8400,0.5550,0.8370,0.2600,1,ACTIVE,1,3,3
1458,5120,14:39:30,0,163.00,0,5.4000,0.3450,0.5090,0.1650,1,ACTIVE,1,3,3
1458,5121,14:40:00,0,163.00,0,6.4100,0.2720,0.6320,0.2490,1,ACTIVE,1,3,3
1458,5122,14:40:30,0,70.00,0,2.9200,0.1720,0.2770,0.0981,1,ACTIVE,1,3,3
1458,5123,14:41:00,0,100.00,0,0.1900,0.0128,0.0173,0.0059,1,ACTIVE,1,3,3
1458,5124,14:41:30,0,158.00,0,4.1000,0.2660,0.3840,0.1390,1,ACTIVE,1,3,3
1458,5125,14:42:00,0,199.00,0,4.5700,0.2720,0.4370,0.1300,1,ACTIVE,1,3,3
1458,5126,14:42:30,0,119.00,0,406.2800,22.5000,37.9000,22.5000,1,ACTIVE,1,3,3
1458,5127,14:43:00,0,251.00,0,543.9500,23.5000,53.6000,20.7000,1,ACTIVE,1,3,3
1458,5128,14:43:30,0,137.00,0,5.2100,0.2660,0.5090,0.1510,1,ACTIVE,1,3,3
1458,5129,14:44:00,0,235.00,0,84.0300,2.6400,8.5000,3.4200,1,ACTIVE,1,3,3
1458,5130,14:44:30,0,193.00,0,9.4600,0.4280,0.9330,0.3090,1,ACTIVE,1,3,3
1458,5131,14:45:00,0,212.00,0,12.3300,0.5790,1.2100,0.4100,1,ACTIVE,1,3,3
1458,5132,14:45:30,0,395.00,0,7.0800,0.4010,0.6740,0.2600,1,ACTIVE,1,3,3
1458,5133,14:46:00,0,511.00,0,4.3000,0.2600,0.4010,0.1960,1,ACTIVE,1,3,3
1458,5134,14:46:30,0,383.00,0,1322.650,51.3000,136.0000,16.3000,1,ACTIVE,1,3,3
1458,5135,14:47:00,0,408.00,0,114.9300,8.3200,10.6000,3.7300,1,ACTIVE,1,3,3
1458,5136,14:47:30,0,228.00,0,75.7700,3.4200,7.4700,2.5800,1,ACTIVE,1,3,3
1458,5137,14:48:00,0,359.00,0,110.4500,5.1700,10.8000,4.1600,1,ACTIVE,1,3,3
1458,5138,14:48:30,0,479.00,0,94.2400,6.5600,8.6900,3.3500,1,ACTIVE,1,3,3
1458,5139,14:49:00,0,286.00,0,81.3900,5.7600,7.4700,3.0100,1,ACTIVE,1,3,3
1458,5140,14:49:30,0,305.00,0,76.2600,4.2500,7.1500,3.9000,1,ACTIVE,1,3,3
1458,5141,14:50:00,0,96.00,0,46.4100,2.5800,4.4400,1.6700,1,ACTIVE,1,3,3
1458,5142,14:50:30,0,141.00,0,69.1100,3.2100,6.7000,3.0700,1,ACTIVE,1,3,3
1458,5143,14:51:00,0,0.00,0,59.3800,2.0800,6.0100,1.9500,1,ACTIVE,1,3,3
1458,5144,14:51:30,0,0.00,0,57.0400,2.6400,5.6300,1.7100,1,ACTIVE,1,3,3
1458,5145,14:52:00,0,5.00,0,56.5700,2.3700,5.6300,1.8300,1,ACTIVE,1,3,3
1458,5146,14:52:30,0,8.00,0,59.0100,3.0100,5.7600,1.7900,1,ACTIVE,1,3,3
1458,5147,14:53:00,0,193.00,0,87.5600,5.1700,8.3200,3.0100,1,ACTIVE,1,3,3
1458,5148,14:53:30,0,115.00,0,80.4100,4.6400,7.6300,3.0700,1,ACTIVE,1,3,3
1458,5149,14:54:00,0,23.00,0,51.5800,3.4200,4.7400,2.3200,1,ACTIVE,1,3,3
1458,5150,14:54:30,0,163.00,0,68.6400,3.2100,6.7000,2.6400,1,ACTIVE,1,3,3
1458,5151,14:55:00,0,212.00,0,14.0900,3.0700,0.3160,4.1600,1,ACTIVE,1,3,3
1458,5152,14:55:30,0,464.00,0,77.8500,2.5300,7.8000,3.6500,1,ACTIVE,1,3,3
1458,5153,14:56:00,0,93.00,0,16.4100,0.9330,1.5700,0.5550,1,ACTIVE,1,3,3
1458,5154,14:56:30,0,137.00,0,24.7600,1.4700,2.3700,0.7040,1,ACTIVE,1,3,3
1458,5155,14:57:00,0,93.00,0,21.1900,1.5700,1.9500,0.5920,1,ACTIVE,1,3,3
1458,5156,14:57:30,0,326.00,0,74.6200,3.4200,7.1500,4.0700,1,ACTIVE,1,3,3
1458,5157,14:58:00,0,464.00,0,3.0500,0.2600,0.2770,0.0412,1,ACTIVE,1,3,3
1458,5158,14:58:30,0,80.00,0,0.7000,0.0679,0.0622,0.0070,1,ACTIVE,1,3,3
1458,5159,14:59:00,0,277.00,0,7.5100,0.3680,0.7350,0.2380,1,ACTIVE,1,3,3
1458,5160,14:59:30,0,212.00,0,2.6500,0.1880,0.2440,0.0880,1,ACTIVE,1,3,3
1458,5161,15:00:00,0,295.00,0,4.7700,0.3600,0.4370,0.1300,1,ACTIVE,1,3,3
1458,5162,15:00:30,0,193.00,0,4.6500,0.3090,0.4370,0.1300,1,ACTIVE,1,3,3
1458,5163,15:01:00,0,348.00,0,6.1300,0.3920,0.5790,0.1760,1,ACTIVE,1,3,3
1458,5164,15:01:30,0,206.00,0,6.7400,0.4470,0.6320,0.1960,1,ACTIVE,1,3,3
1458,5165,15:02:00,0,286.00,0,3.4100,0.2440,0.3160,0.0981,1,ACTIVE,1,3,3
1458,5166,15:02:30,0,199.00,0,2.2600,0.1610,0.2090,0.0650,1,ACTIVE,1,3,3
1458,5167,15:03:00,0,277.00,0,1.7300,0.1300,0.1580,0.0523,1,ACTIVE,1,3,3
1458,5168,15:03:30,0,464.00,0,3.7300,0.2440,0.3520,0.0981,1,ACTIVE,1,3,3
1458,5169,15:04:00,0,251.00,0,1.6400,0.0861,0.1580,0.0650,1,ACTIVE,1,3,3
1458,5170,15:04:30,0,479.00,0,4.0600,0.2600,0.3840,0.1170,1,ACTIVE,1,3,3
1458,5171,15:05:00,0,212.00,0,2.9200,0.1720,0.2770,0.0981,1,ACTIVE,1,3,3
1458,5172,15:05:30,0,268.00,0,3.3500,0.2140,0.3160,0.0981,1,ACTIVE,1,3,3
1458,5173,15:06:00,0,119.00,0,4.1800,0.2280,0.4010,0.1510,1,ACTIVE,1,3,3
1458,5174,15:06:30,0,42.00,0,1.1900,0.0861,0.1120,0.0162,1,ACTIVE,1,3,3
1458,5175,15:07:00,0,251.00,0,3.3000,0.1880,0.3160,0.1050,1,ACTIVE,1,3,3
1458,5176,15:07:30,0,435.00,0,1.5300,0.1360,0.1390,0.0162,1,ACTIVE,1,3,3
1458,5177,15:08:00,0,277.00,0,4.5200,0.2380,0.4370,0.1510,1,ACTIVE,1,3,3
1458,5178,15:08:30,0,315.00,0,4.0800,0.2660,0.3840,0.1170,1,ACTIVE,1,3,3
1458,5179,15:09:00,0,235.00,0,7.2700,0.3760,0.7040,0.2490,1,ACTIVE,1,3,3
1458,5180,15:09:30,0,337.00,0,3.0100,0.2440,0.2770,0.0395,1,ACTIVE,1,3,3
1458,5181,15:10:00,0,35.00,0,1.3000,0.0861,0.1220,0.0412,1,ACTIVE,1,3,3
1458,5182,15:10:30,0,42.00,0,1.3200,0.0939,0.1220,0.0412,1,ACTIVE,1,3,3
1458,5183,15:11:00,0,70.00,0,1.2400,0.1120,0.1120,0.0162,1,ACTIVE,1,3,3
1458,5184,15:11:30,0,141.00,0,2.5500,0.1450,0.2440,0.0880,1,ACTIVE,1,3,3
1458,5185,15:12:00,0,55.00,0,1.2600,0.0679,0.1220,0.0412,1,ACTIVE,1,3,3
1458,5186,15:12:30,0,128.00,0,2.2600,0.1550,0.2090,0.0756,1,ACTIVE,1,3,3
1458,5187,15:13:00,0,137.00,0,2.9200,0.1720,0.2770,0.0981,1,ACTIVE,1,3,3
1458,5188,15:13:30,0,0.00,0,2.9100,0.1720,0.2770,0.0880,1,ACTIVE,1,3,3
1458,5189,15:14:00,0,96.00,0,2.8800,0.1610,0.2770,0.0880,1,ACTIVE,1,3,3
1458,5190,15:14:30,0,158.00,0,2.9200,0.1720,0.2770,0.0981,1,ACTIVE,1,3,3
1458,5191,15:15:00,0,106.00,0,3.7100,0.2140,0.3520,0.1390,1,ACTIVE,1,3,3
1458,5192,15:15:30,0,63.00,0,2.2200,0.1450,0.2090,0.0650,1,ACTIVE,1,3,3
1458,5193,15:16:00,0,4.00,0,1.5400,0.1360,0.1390,0.0206,1,ACTIVE,1,3,3
1458,5194,15:16:30,0,23.00,0,1.6900,0.1120,0.1580,0.0523,1,ACTIVE,1,3,3
1458,5195,15:17:00,0,1.00,0,1.6500,0.0939,0.1580,0.0523,0,ACTIVE,1,3,3
1458,5196,15:17:30,0,37.00,0,1.3000,0.0861,0.1220,0.0412,1,ACTIVE,1,3,3
1458,5197,15:18:00,0,0.00,0,1.3100,0.0861,0.1220,0.0523,0,ACTIVE,1,3,3
1458,5198,15:18:30,0,18.00,0,0.9300,0.0596,0.0880,0.0292,1,ACTIVE,1,3,3
1458,5199,15:19:00,0,1.00,0,0.9200,0.0512,0.0880,0.0292,0,ACTIVE,1,3,3
1458,5200,15:19:30,0,0.00,0,0.9200,0.0512,0.0880,0.0292,0,ACTIVE,1,3,3
1458,5201,15:20:00,0,0.00,0,1.2800,0.0773,0.1220,0.0412,0,ACTIVE,1,3,3
1458,5202,15:20:30,0,0.00,0,1.2400,0.1120,0.1120,0.0162,0,ACTIVE,1,3,3
1458,5203,15:21:00,0,0.00,0,1.2400,0.1120,0.1120,0.0162,0,ACTIVE,1,3,3
1458,5204,15:21:30,0,26.00,0,1.3200,0.0939,0.1220,0.0412,1,ACTIVE,1,3,3
1458,5205,15:22:00,0,0.00,0,0.9300,0.0596,0.0880,0.0292,1,ACTIVE,1,3,3
1458,5206,15:22:30,0,11.00,0,0.9300,0.0596,0.0880,0.0292,1,ACTIVE,1,3,3
1458,5207,15:23:00,0,174.00,0,0.9300,0.0596,0.0880,0.0292,1,ACTIVE,1,3,3
1458,5208,15:23:30,0,147.00,0,1.3000,0.0861,0.1220,0.0412,1,ACTIVE,1,3,3
1458,5209,15:24:00,0,268.00,0,2.9200,0.1720,0.2770,0.1050,1,ACTIVE,1,3,3
1458,5210,15:24:30,0,124.00,0,0.7000,0.0679,0.0622,0.0070,1,ACTIVE,1,3,3
1458,5211,15:25:00,0,147.00,0,3.2500,0.1550,0.3160,0.1300,1,ACTIVE,1,3,3
1458,5212,15:25:30,0,326.00,0,1.2200,0.1020,0.1120,0.0162,1,ACTIVE,1,3,3
1458,5213,15:26:00,0,1.00,0,0.6700,0.0512,0.0622,0.0070,1,ACTIVE,1,3,3
1458,5214,15:26:30,0,1.00,0,0.6500,0.0431,0.0622,0.0070,1,ACTIVE,1,3,3
1458,5215,15:27:00,0,9.00,0,0.6300,0.0339,0.0622,0.0070,1,ACTIVE,1,3,3
1458,5216,15:27:30,0,13.00,0,0.6100,0.0256,0.0622,0.0070,1,ACTIVE,1,3,3
1458,5217,15:28:00,0,7.00,0,0.1900,0.0128,0.0173,0.0059,0,ACTIVE,1,3,3
1458,5218,15:28:30,0,33.00,0,0.6800,0.0596,0.0622,0.0070,1,ACTIVE,1,3,3
1458,5219,15:29:00,0,31.00,0,1.3600,0.1120,0.1220,0.0412,1,ACTIVE,1,3,3
1458,5220,15:29:30,0,2.00,0,2.0700,0.1450,0.1920,0.0650,0,ACTIVE,1,3,3
1458,5221,15:30:00,0,2.00,0,2.3400,0.1880,0.2090,0.0880,0,ACTIVE,1,3,3
1458,5222,15:30:30,0,90.00,0,4.2800,0.2840,0.4010,0.1300,1,ACTIVE,1,3,3
1458,5223,15:31:00,0,30.00,0,3.6900,0.2230,0.3520,0.1050,1,ACTIVE,1,3,3
1458,5224,15:31:30,0,0.00,0,2.9200,0.1720,0.2770,0.0981,0,ACTIVE,1,3,3
1458,5225,15:32:00,0,0.00,0,2.8800,0.1610,0.2770,0.0880,0,ACTIVE,1,3,3
1458,5226,15:32:30,0,16.00,0,2.2400,0.1450,0.2090,0.0756,0,ACTIVE,1,3,3
1458,5227,15:33:00,0,0.00,0,2.6300,0.1800,0.2440,0.0880,0,ACTIVE,1,3,3
1458,5228,15:33:30,0,1.00,0,3.3300,0.2050,0.3160,0.0981,0,ACTIVE,1,3,3
1458,5229,15:34:00,0,1.00,0,3.6900,0.2230,0.3520,0.1050,0,ACTIVE,1,3,3
1458,5230,15:34:30,0,4.00,0,4.0200,0.2380,0.3840,0.1170,0,ACTIVE,1,3,3
1458,5231,15:35:00,0,46.00,0,3.6800,0.2230,0.3520,0.0981,1,ACTIVE,1,3,3
1458,5232,15:35:30,0,10.00,0,2.6500,0.1960,0.2490,0.0347,1,ACTIVE,1,3,3
1458,5233,15:36:00,0,8.00,0,4.1700,0.3090,0.3840,0.1170,1,ACTIVE,1,3,3
1458,5234,15:36:30,0,11.00,0,6.3100,0.4670,0.5790,0.1880,1,ACTIVE,1,3,3
1458,5235,15:37:00,0,450.00,0,4.1200,0.2600,0.3840,0.1650,1,ACTIVE,1,3,3
1458,5236,15:37:30,0,212.00,0,1.7400,0.1360,0.1580,0.0523,1,ACTIVE,1,3,3
1458,5237,15:38:00,0,179.00,0,7.4900,0.4570,0.7040,0.2840,1,ACTIVE,1,3,3
1458,5238,15:38:30,0,70.00,0,4.6500,0.2900,0.4370,0.1650,1,ACTIVE,1,3,3
1458,5239,15:39:00,0,106.00,0,337.4400,18.9000,32.6000,9.4700,1,ACTIVE,1,3,3
1458,5240,15:39:30,0,96.00,0,582.5000,57.2000,51.3000,6.0100,1,ACTIVE,1,3,3
1458,5241,15:40:00,0,106.00,0,291.2400,31.2000,25.1000,2.1700,1,ACTIVE,1,3,3
1458,5242,15:40:30,0,68.00,0,116.2800,7.4700,11.0000,2.9400,1,ACTIVE,1,3,3
1458,5243,15:41:00,0,1.00,0,59.6100,6.1400,5.1700,0.7200,1,ACTIVE,1,3,3
1458,5244,15:41:30,0,0.00,0,77.9800,6.0100,7.1500,1.9100,1,ACTIVE,1,3,3
1458,5245,15:42:00,0,7.00,0,64.0400,6.2800,5.6300,0.7510,1,ACTIVE,1,3,3
1458,5246,15:42:30,0,53.00,0,76.0000,7.4700,6.7000,0.7510,1,ACTIVE,1,3,3
1458,5247,15:43:00,0,128.00,0,27.9700,1.6000,2.7000,0.7350,1,ACTIVE,1,3,3
1458,5248,15:43:30,0,163.00,0,27.1400,1.2100,2.7000,0.7680,1,ACTIVE,1,3,3
1458,5249,15:44:00,0,147.00,0,15.3700,0.9130,1.4700,0.4280,1,ACTIVE,1,3,3
1458,5250,15:44:30,0,163.00,0,8.5600,0.4370,0.8370,0.2380,1,ACTIVE,1,3,3
1458,5251,15:45:00,0,193.00,0,14.0100,0.6740,1.3800,0.4100,1,ACTIVE,1,3,3
1458,5252,15:45:30,0,228.00,0,6.9800,0.3760,0.6740,0.2230,1,ACTIVE,1,3,3
1458,5253,15:46:00,0,212.00,0,5.0300,0.3160,0.4770,0.1390,1,ACTIVE,1,3,3
1458,5254,15:46:30,0,163.00,0,3.3300,0.2050,0.3160,0.0981,1,ACTIVE,1,3,3
1458,5255,15:47:00,0,206.00,0,1.7300,0.2230,0.1390,0.0162,1,ACTIVE,1,3,3
1458,5256,15:47:30,0,193.00,0,0.9700,0.0773,0.0880,0.0292,1,ACTIVE,1,3,3
1458,5257,15:48:00,0,212.00,0,1.5000,0.1190,0.1390,0.0162,1,ACTIVE,1,3,3
1458,5258,15:48:30,0,268.00,0,0.6100,0.0596,0.0523,0.0173,1,ACTIVE,1,3,3
1458,5259,15:49:00,0,212.00,0,1.9400,0.0861,0.1920,0.0650,1,ACTIVE,1,3,3
1458,5260,15:49:30,0,206.00,0,0.7000,0.0679,0.0622,0.0070,1,ACTIVE,1,3,3
1458,5261,15:50:00,0,163.00,0,0.6100,0.0596,0.0523,0.0173,1,ACTIVE,1,3,3
1458,5262,15:50:30,0,305.00,0,1.6400,0.0861,0.1580,0.0650,1,ACTIVE,1,3,3
1458,5263,15:51:00,0,168.00,0,0.2100,0.0256,0.0173,0.0059,1,ACTIVE,1,3,3
1458,5264,15:51:30,0,286.00,0,1.3200,0.0939,0.1220,0.0412,1,ACTIVE,1,3,3
1458,5265,15:52:00,0,124.00,0,2.2600,0.1610,0.2090,0.0650,1,ACTIVE,1,3,3
1458,5266,15:52:30,0,22.00,0,1.2200,0.1020,0.1120,0.0162,1,ACTIVE,1,3,3
1458,5267,15:53:00,0,3.00,0,2.1300,0.1020,0.2090,0.0650,1,ACTIVE,1,3,3
1458,5268,15:53:30,0,18.00,0,2.8600,0.1450,0.2770,0.0981,1,ACTIVE,1,3,3
1458,5269,15:54:00,0,179.00,0,1.6500,0.1360,0.1510,0.0206,1,ACTIVE,1,3,3
1458,5270,15:54:30,0,152.00,0,1.2600,0.1190,0.1120,0.0162,1,ACTIVE,1,3,3
1458,5271,15:55:00,0,24.00,0,0.0100,0.0049,0.0000,0.0000,1,ACTIVE,1,3,3
1458,5272,15:55:30,0,53.00,0,0.1900,0.0128,0.0173,0.0059,1,ACTIVE,1,3,3
1458,5273,15:56:00,0,106.00,0,0.2100,0.0256,0.0173,0.0059,1,ACTIVE,1,3,3
1458,5274,15:56:30,0,132.00,0,0.2700,0.0512,0.0173,0.0059,1,ACTIVE,1,3,3
1458,5275,15:57:00,0,110.00,0,0.2100,0.0256,0.0173,0.0059,1,ACTIVE,1,3,3
1458,5276,15:57:30,0,100.00,0,0.2100,0.0256,0.0173,0.0059,1,ACTIVE,1,3,3
1458,5277,15:58:00,0,15.00,0,0.2100,0.0256,0.0173,0.0059,1,ACTIVE,1,3,3
1458,5278,15:58:30,0,31.00,0,0.6500,0.0773,0.0523,0.0173,1,ACTIVE,1,3,3
1458,5279,15:59:00,0,21.00,0,0.7200,0.0773,0.0622,0.0070,1,ACTIVE,1,3,3
1458,5280,15:59:30,0,9.00,0,0.2300,0.0339,0.0173,0.0059,1,ACTIVE,1,3,3
1458,5281,16:00:00,0,206.00,0,0.1400,0.0128,0.0125,0.0000,1,ACTIVE,1,3,3
1458,5282,16:00:30,0,259.00,0,0.1900,0.0128,0.0173,0.0059,1,ACTIVE,1,3,3
1458,5283,16:01:00,0,152.00,0,0.1700,0.0042,0.0173,0.0059,1,ACTIVE,1,3,3
1458,5284,16:01:30,0,110.00,0,0.1700,0.0042,0.0173,0.0059,1,ACTIVE,1,3,3
1458,5285,16:02:00,0,119.00,0,0.0200,0.0049,0.0000,0.0059,1,ACTIVE,1,3,3
1458,5286,16:02:30,0,141.00,0,0.0100,0.0049,0.0000,0.0000,1,ACTIVE,1,3,3
1458,5287,16:03:00,0,163.00,0,0.0200,0.0049,0.0000,0.0059,1,ACTIVE,1,3,3
1458,5288,16:03:30,0,206.00,0,0.0200,0.0049,0.0000,0.0059,1,ACTIVE,1,3,3
1458,5289,16:04:00,0,220.00,0,0.0200,0.0049,0.0000,0.0059,1,ACTIVE,1,3,3
1458,5290,16:04:30,0,206.00,0,0.1200,0.0042,0.0125,0.0000,1,ACTIVE,1,3,3
1458,5291,16:05:00,0,186.00,0,0.0100,0.0049,0.0000,0.0000,1,ACTIVE,1,3,3
1458,5292,16:05:30,0,158.00,0,0.1200,0.0042,0.0125,0.0000,1,ACTIVE,1,3,3
1458,5293,16:06:00,0,186.00,0,0.1700,0.0042,0.0173,0.0059,1,ACTIVE,1,3,3
1458,5294,16:06:30,0,0.00,0,0.0400,0.0146,0.0000,0.0059,1,ACTIVE,1,3,3
1458,5295,16:07:00,0,228.00,0,236.4800,11.3000,23.0000,9.0700,1,ACTIVE,1,3,3
1458,5296,16:07:30,0,39.00,0,8.2600,0.5670,0.7680,0.2600,1,ACTIVE,1,3,3
1458,5297,16:08:00,0,70.00,0,7.8600,0.5200,0.7350,0.2490,1,ACTIVE,1,3,3
1458,5298,16:08:30,0,163.00,0,4.2000,0.2230,0.4010,0.1760,1,ACTIVE,1,3,3
1458,5299,16:09:00,0,96.00,0,4.2000,0.2440,0.4010,0.1390,1,ACTIVE,1,3,3
1458,5300,16:09:30,0,12.00,0,6.0700,0.3520,0.5790,0.1960,1,ACTIVE,1,3,3
1458,5301,16:10:00,0,3.00,0,9.3600,0.5670,0.8940,0.2600,1,ACTIVE,1,3,3
1458,5302,16:10:30,0,100.00,0,6.0500,0.3600,0.5790,0.1650,1,ACTIVE,1,3,3
1458,5303,16:11:00,0,59.00,0,5.4600,0.3680,0.5090,0.1760,1,ACTIVE,1,3,3
1458,5304,16:11:30,0,0.00,0,5.8200,0.3840,0.5430,0.1960,1,ACTIVE,1,3,3
1458,5305,16:12:00,0,174.00,0,6.8300,0.3160,0.6740,0.2090,1,ACTIVE,1,3,3
1458,5306,16:12:30,0,206.00,0,6.4700,0.3840,0.6180,0.1880,1,ACTIVE,1,3,3
1458,5307,16:13:00,0,268.00,0,5.3400,0.1610,0.5430,0.2090,1,ACTIVE,1,3,3
1458,5308,16:13:30,0,315.00,0,5.3600,0.3160,0.5090,0.1880,1,ACTIVE,1,3,3
1458,5309,16:14:00,0,186.00,0,8.4700,0.4470,0.8020,0.4190,1,ACTIVE,1,3,3
1458,5310,16:14:30,0,90.00,0,0.3400,0.0339,0.0105,0.1580,1,ACTIVE,1,3,3
1458,5311,16:15:00,0,251.00,0,3.2400,0.1610,0.3160,0.1050,1,ACTIVE,1,3,3
1458,5312,16:15:30,0,27.00,0,6.3100,0.6320,0.5550,0.0512,1,ACTIVE,1,3,3
1458,5313,16:16:00,0,251.00,0,3.3900,0.2280,0.3160,0.1050,1,ACTIVE,1,3,3
1458,5314,16:16:30,0,251.00,0,103.5500,3.0100,10.6000,4.0700,1,ACTIVE,1,3,3
1458,5315,16:17:00,0,168.00,0,5.7500,0.3450,0.5430,0.2090,1,ACTIVE,1,3,3
1458,5316,16:17:30,0,147.00,0,9.3800,0.6460,0.8750,0.2720,1,ACTIVE,1,3,3
1458,5317,16:18:00,0,119.00,0,9.8500,0.5430,0.9540,0.2720,1,ACTIVE,1,3,3
1458,5318,16:18:30,0,24.00,0,2.2000,0.1880,0.2000,0.0256,1,ACTIVE,1,3,3
1458,5319,16:19:00,0,12.00,0,3.6900,0.3090,0.3370,0.0460,1,ACTIVE,1,3,3
1458,5320,16:19:30,0,3.00,0,6.0700,0.6600,0.5200,0.0512,1,ACTIVE,1,3,3
1458,5321,16:20:00,0,179.00,0,0.5500,0.0339,0.0523,0.0173,1,ACTIVE,1,3,3
1458,5322,16:20:30,0,110.00,0,0.5300,0.0256,0.0523,0.0173,1,ACTIVE,1,3,3
1458,5323,16:21:00,0,86.00,0,0.0200,0.0049,0.0000,0.0059,1,ACTIVE,1,3,3
1458,5324,16:21:30,0,7.00,0,0.0200,0.0049,0.0000,0.0059,1,ACTIVE,1,3,3
1458,5325,16:22:00,0,0.00,0,0.0200,0.0049,0.0000,0.0059,0,ACTIVE,1,3,3
1458,5326,16:22:30,0,0.00,0,0.0100,0.0049,0.0000,0.0000,0,ACTIVE,1,3,3
1458,5327,16:23:00,0,1.00,0,0.0200,0.0049,0.0000,0.0059,0,ACTIVE,1,3,3
1458,5328,16:23:30,0,1.00,0,0.0100,0.0049,0.0000,0.0000,0,ACTIVE,1,3,3
1458,5329,16:24:00,0,3.00,0,0.0100,0.0049,0.0000,0.0000,1,ACTIVE,1,3,3
1458,5330,16:24:30,0,44.00,0,0.0100,0.0049,0.0000,0.0000,1,ACTIVE,1,3,3
1458,5331,16:25:00,0,70.00,0,0.0100,0.0049,0.0000,0.0000,1,ACTIVE,1,3,3
1458,5332,16:25:30,0,152.00,0,0.2100,0.0256,0.0173,0.0059,1,ACTIVE,1,3,3
1458,5333,16:26:00,0,259.00,0,2.5600,0.1550,0.2440,0.0756,1,ACTIVE,1,3,3
1458,5334,16:26:30,0,421.00,0,236.0800,10.1000,23.5000,7.0000,1,ACTIVE,1,3,3
1458,5335,16:27:00,0,259.00,0,512.4800,34.0000,49.1000,6.2800,1,ACTIVE,1,3,3
1458,5336,16:27:30,0,168.00,0,555.9800,45.1000,51.3000,6.2800,1,ACTIVE,1,3,3
1458,5337,16:28:00,0,421.00,0,345.8200,28.6000,31.2000,8.6900,1,ACTIVE,1,3,3
1458,5338,16:28:30,0,186.00,0,2250.420,42.2000,234.0000,100.0000,1,ACTIVE,1,3,3
1458,5339,16:29:00,0,5.00,0,565.9200,28.6000,54.8000,21.1000,1,ACTIVE,1,3,3
1458,5340,16:29:30,0,39.00,0,443.2500,25.7000,42.2000,15.3000,1,ACTIVE,1,3,3
1458,5341,16:30:00,0,193.00,0,407.2500,25.1000,38.7000,11.5000,1,ACTIVE,1,3,3
1458,5342,16:30:30,0,228.00,0,448.0200,28.0000,42.2000,14.9000,1,ACTIVE,1,3,3
1458,5343,16:31:00,0,158.00,0,0.0100,0.0049,0.0000,0.0000,1,ACTIVE,1,3,3
1458,5344,16:31:30,0,220.00,0,0.0100,0.0049,0.0000,0.0000,1,ACTIVE,1,3,3
1458,5345,16:32:00,0,464.00,0,0.0200,0.0049,0.0000,0.0059,1,ACTIVE,1,3,3
1458,5346,16:32:30,0,315.00,0,0.0100,0.0049,0.0000,0.0000,1,ACTIVE,1,3,3
1458,5347,16:33:00,0,315.00,0,0.1700,0.0042,0.0173,0.0059,1,ACTIVE,1,3,3
1458,5348,16:33:30,0,277.00,0,0.0200,0.0049,0.0000,0.0059,1,ACTIVE,1,3,3
1458,5349,16:34:00,0,206.00,0,0.0100,0.0049,0.0000,0.0000,1,ACTIVE,1,3,3
1458,5350,16:34:30,0,193.00,0,0.1100,0.0339,0.0012,0.0215,1,ACTIVE,1,3,3
1458,5351,16:35:00,0,251.00,0,1.6700,0.0939,0.1580,0.0756,1,ACTIVE,1,3,3
1458,5352,16:35:30,0,243.00,0,1.3300,0.0939,0.1220,0.0523,1,ACTIVE,1,3,3
1458,5353,16:36:00,0,286.00,0,2.5900,0.1300,0.2440,0.1510,1,ACTIVE,1,3,3
1458,5354,16:36:30,0,235.00,0,2.1300,0.0773,0.2090,0.1170,1,ACTIVE,1,3,3
1458,5355,16:37:00,0,251.00,0,4.1400,0.3520,0.0694,2.5300,1,ACTIVE,1,3,3
1458,5356,16:37:30,0,315.00,0,4.3200,0.0939,0.4370,0.2600,1,ACTIVE,1,3,3
1458,5357,16:38:00,0,220.00,0,0.1800,0.0431,0.0035,0.0501,1,ACTIVE,1,3,3
1458,5358,16:38:30,0,243.00,0,0.1100,0.0339,0.0012,0.0215,1,ACTIVE,1,3,3
1458,5359,16:39:00,0,286.00,0,0.2300,0.0339,0.0173,0.0059,1,ACTIVE,1,3,3
1458,5360,16:39:30,0,186.00,0,0.2100,0.0256,0.0173,0.0059,1,ACTIVE,1,3,3
1458,5361,16:40:00,0,206.00,0,0.1900,0.0128,0.0173,0.0059,1,ACTIVE,1,3,3
1458,5362,16:40:30,0,86.00,0,0.0100,0.0049,0.0000,0.0000,1,ACTIVE,1,3,3
1458,5363,16:41:00,0,286.00,0,0.0200,0.0049,0.0000,0.0059,1,ACTIVE,1,3,3
1458,5364,16:41:30,0,235.00,0,0.1900,0.0128,0.0173,0.0059,1,ACTIVE,1,3,3
1458,5365,16:42:00,0,179.00,0,0.4300,0.0431,0.0378,0.0023,1,ACTIVE,1,3,3
1458,5366,16:42:30,0,199.00,0,0.2100,0.0256,0.0173,0.0059,1,ACTIVE,1,3,3
1458,5367,16:43:00,0,20.00,0,0.1700,0.0042,0.0173,0.0059,1,ACTIVE,1,3,3
1458,5368,16:43:30,0,19.00,0,0.0600,0.0128,0.0012,0.0215,1,ACTIVE,1,3,3
1458,5369,16:44:00,0,20.00,0,0.0400,0.0042,0.0012,0.0215,1,ACTIVE,1,3,3
1458,5370,16:44:30,0,206.00,0,0.1900,0.0128,0.0173,0.0059,1,ACTIVE,1,3,3
1458,5371,16:45:00,0,152.00,0,0.0200,0.0049,0.0000,0.0059,1,ACTIVE,1,3,3
1458,5372,16:45:30,0,110.00,0,0.0200,0.0049,0.0000,0.0059,1,ACTIVE,1,3,3
1458,5373,16:46:00,0,435.00,0,0.0100,0.0049,0.0000,0.0000,1,ACTIVE,1,3,3
1458,5374,16:46:30,0,421.00,0,0.2100,0.0256,0.0173,0.0059,1,ACTIVE,1,3,3
1458,5375,16:47:00,0,158.00,0,1.0100,0.0939,0.0880,0.0292,1,ACTIVE,1,3,3
1458,5376,16:47:30,0,295.00,0,0.1700,0.0042,0.0173,0.0059,1,ACTIVE,1,3,3
1458,5377,16:48:00,0,199.00,0,0.0200,0.0049,0.0000,0.0059,1,ACTIVE,1,3,3
1458,5378,16:48:30,0,179.00,0,0.1700,0.0042,0.0173,0.0059,1,ACTIVE,1,3,3
1458,5379,16:49:00,0,228.00,0,0.0100,0.0049,0.0000,0.0000,1,ACTIVE,1,3,3
1458,5380,16:49:30,0,212.00,0,0.1700,0.0042,0.0173,0.0059,1,ACTIVE,1,3,3
1458,5381,16:50:00,0,315.00,0,0.9700,0.0773,0.0880,0.0292,1,ACTIVE,1,3,3
1458,5382,16:50:30,0,348.00,0,0.5100,0.0128,0.0523,0.0173,1,ACTIVE,1,3,3
1458,5383,16:51:00,0,277.00,0,0.2500,0.0431,0.0173,0.0059,1,ACTIVE,1,3,3
1458,5384,16:51:30,0,124.00,0,0.1900,0.0128,0.0173,0.0059,1,ACTIVE,1,3,3
1458,5385,16:52:00,0,93.00,0,0.5700,0.0431,0.0523,0.0173,1,ACTIVE,1,3,3
1458,5386,16:52:30,0,383.00,0,0.1900,0.0128,0.0173,0.0059,1,ACTIVE,1,3,3
1458,5387,16:53:00,0,562.00,0,0.1900,0.0128,0.0173,0.0059,1,ACTIVE,1,3,3
1458,5388,16:53:30,0,206.00,0,5.1600,0.9750,0.3370,0.0460,1,ACTIVE,1,3,3
1458,5389,16:54:00,0,147.00,0,29.4300,2.2200,2.7600,0.3520,1,ACTIVE,1,3,3
1458,5390,16:54:30,0,228.00,0,14.6100,1.3200,1.2900,0.3520,1,ACTIVE,1,3,3
1458,5391,16:55:00,0,220.00,0,13.3700,0.8200,1.2600,0.4470,1,ACTIVE,1,3,3
1458,5392,16:55:30,0,268.00,0,1.6900,0.1120,0.1580,0.0523,1,ACTIVE,1,3,3
1458,5393,16:56:00,0,128.00,0,0.5300,0.0256,0.0523,0.0173,1,ACTIVE,1,3,3
1458,5394,16:56:30,0,174.00,0,48.0100,1.1600,4.9500,1.9500,1,ACTIVE,1,3,3
1458,5395,16:57:00,0,128.00,0,201.2400,17.0000,17.8000,7.4700,1,ACTIVE,1,3,3
1458,5396,16:57:30,0,168.00,0,7.1900,0.6740,0.2440,3.2800,1,ACTIVE,1,3,3
1458,5397,16:58:00,0,152.00,0,7.1700,0.4190,0.2380,3.8100,1,ACTIVE,1,3,3
1458,5398,16:58:30,0,119.00,0,4.3700,0.1800,0.0880,2.9400,1,ACTIVE,1,3,3
1458,5399,16:59:00,0,141.00,0,45.4500,1.2100,4.6400,1.9900,1,ACTIVE,1,3,3
1458,5400,16:59:30,0,31.00,0,24.0800,0.8940,0.8940,13.1000,1,ACTIVE,1,3,3
1458,5401,17:00:00,0,26.00,0,18.7700,0.6740,0.6890,10.3000,1,ACTIVE,1,3,3
1458,5402,17:00:30,0,15.00,0,17.2700,0.5920,0.6180,9.6800,1,ACTIVE,1,3,3
1458,5403,17:01:00,0,86.00,0,129.8300,1.3200,13.7000,6.4200,1,ACTIVE,1,3,3
1458,5404,17:01:30,0,37.00,0,153.7800,1.7500,16.3000,6.7000,1,ACTIVE,1,3,3
1458,5405,17:02:00,0,22.00,0,174.1800,1.9500,18.5000,6.8500,1,ACTIVE,1,3,3
1458,5406,17:02:30,0,128.00,0,47.8500,0.5670,5.0600,2.1300,1,ACTIVE,1,3,3
1458,5407,17:03:00,0,90.00,0,4.9200,0.1720,0.1020,3.3500,1,ACTIVE,1,3,3
1458,5408,17:03:30,0,158.00,0,3.2400,0.1550,0.0547,2.2200,1,ACTIVE,1,3,3
1458,5409,17:04:00,0,46.00,0,3.7300,0.1020,0.3840,0.1300,1,ACTIVE,1,3,3
1458,5410,17:04:30,0,44.00,0,3.9500,0.1300,0.4010,0.1390,1,ACTIVE,1,3,3
1458,5411,17:05:00,0,27.00,0,3.6100,0.1720,0.3520,0.1300,1,ACTIVE,1,3,3
1458,5412,17:05:30,0,31.00,0,3.6300,0.1880,0.3520,0.1170,1,ACTIVE,1,3,3
1458,5413,17:06:00,0,77.00,0,70.2400,3.0100,7.0000,2.1300,1,ACTIVE,1,3,3
1458,5414,17:06:30,0,61.00,0,61.7000,2.2700,6.1400,2.6400,1,ACTIVE,1,3,3
1458,5415,17:07:00,0,73.00,0,71.0000,3.5700,6.8500,2.8800,1,ACTIVE,1,3,3
1458,5416,17:07:30,0,57.00,0,131.1400,11.3000,11.5000,4.9500,1,ACTIVE,1,3,3
1458,5417,17:08:00,0,235.00,0,23.4600,1.4400,2.2200,0.7680,1,ACTIVE,1,3,3
1458,5418,17:08:30,0,277.00,0,101.2600,3.6500,10.1000,4.2500,1,ACTIVE,1,3,3
1458,5419,17:09:00,0,286.00,0,135.9600,5.7600,13.4000,5.3900,1,ACTIVE,1,3,3
1458,5420,17:09:30,0,235.00,0,0.2100,0.0256,0.0173,0.0059,1,ACTIVE,1,3,3
1458,5421,17:10:00,0,235.00,0,0.1900,0.0128,0.0173,0.0059,1,ACTIVE,1,3,3
1458,5422,17:10:30,0,193.00,0,0.1900,0.0128,0.0173,0.0059,1,ACTIVE,1,3,3
1458,5423,17:11:00,0,128.00,0,0.1900,0.0128,0.0173,0.0059,1,ACTIVE,1,3,3
1458,5424,17:11:30,0,55.00,0,0.1900,0.0128,0.0173,0.0059,1,ACTIVE,1,3,3
1458,5425,17:12:00,0,66.00,0,0.1900,0.0128,0.0173,0.0059,1,ACTIVE,1,3,3
1458,5426,17:12:30,0,141.00,0,0.0400,0.0146,0.0000,0.0059,1,ACTIVE,1,3,3
1458,5427,17:13:00,0,268.00,0,0.1900,0.0128,0.0173,0.0059,1,ACTIVE,1,3,3
1458,5428,17:13:30,0,220.00,0,0.1900,0.0128,0.0173,0.0059,1,ACTIVE,1,3,3
1458,5429,17:14:00,0,39.00,0,0.1900,0.0128,0.0173,0.0059,1,ACTIVE,1,3,3
1458,5430,17:14:30,0,80.00,0,0.1900,0.0128,0.0173,0.0059,1,ACTIVE,1,3,3
1458,5431,17:15:00,0,147.00,0,0.2100,0.0256,0.0173,0.0059,1,ACTIVE,1,3,3
1458,5432,17:15:30,0,59.00,0,0.1900,0.0128,0.0173,0.0059,1,ACTIVE,1,3,3
1458,5433,17:16:00,0,4.00,0,0.1900,0.0128,0.0173,0.0059,1,ACTIVE,1,3,3
1458,5434,17:16:30,0,124.00,0,0.1900,0.0128,0.0173,0.0059,1,ACTIVE,1,3,3
1458,5435,17:17:00,0,53.00,0,0.1900,0.0128,0.0173,0.0059,1,ACTIVE,1,3,3
1458,5436,17:17:30,0,10.00,0,0.1900,0.0128,0.0173,0.0059,1,ACTIVE,1,3,3
1458,5437,17:18:00,0,23.00,0,0.1700,0.0042,0.0173,0.0059,1,ACTIVE,1,3,3
1458,5438,17:18:30,0,73.00,0,0.1900,0.0128,0.0173,0.0059,1,ACTIVE,1,3,3
1458,5439,17:19:00,0,73.00,0,0.1900,0.0128,0.0173,0.0059,1,ACTIVE,1,3,3
1458,5440,17:19:30,0,70.00,0,0.1900,0.0128,0.0173,0.0059,1,ACTIVE,1,3,3
1458,5441,17:20:00,0,86.00,0,0.1900,0.0128,0.0173,0.0059,1,ACTIVE,1,3,3
1458,5442,17:20:30,0,137.00,0,0.1700,0.0042,0.0173,0.0059,1,ACTIVE,1,3,3
1458,5443,17:21:00,0,115.00,0,0.1900,0.0128,0.0173,0.0059,1,ACTIVE,1,3,3
1458,5444,17:21:30,0,0.00,0,0.1700,0.0042,0.0173,0.0059,1,ACTIVE,1,3,3
1458,5445,17:22:00,0,110.00,0,0.1400,0.0128,0.0125,0.0000,1,ACTIVE,1,3,3
1458,5446,17:22:30,0,228.00,0,0.1900,0.0128,0.0173,0.0059,1,ACTIVE,1,3,3
1458,5447,17:23:00,0,137.00,0,0.1700,0.0042,0.0173,0.0059,1,ACTIVE,1,3,3
1458,5448,17:23:30,0,295.00,0,0.1900,0.0128,0.0173,0.0059,1,ACTIVE,1,3,3
1458,5449,17:24:00,0,115.00,0,0.1900,0.0128,0.0173,0.0059,1,ACTIVE,1,3,3
1458,5450,17:24:30,0,86.00,0,0.1900,0.0128,0.0173,0.0059,1,ACTIVE,1,3,3
1458,5451,17:25:00,0,63.00,0,0.1900,0.0128,0.0173,0.0059,1,ACTIVE,1,3,3
1458,5452,17:25:30,0,68.00,0,0.1200,0.0042,0.0125,0.0000,1,ACTIVE,1,3,3
1458,5453,17:26:00,0,158.00,0,0.1400,0.0128,0.0125,0.0000,1,ACTIVE,1,3,3
1458,5454,17:26:30,0,103.00,0,0.1900,0.0128,0.0173,0.0059,1,ACTIVE,1,3,3
1458,5455,17:27:00,0,235.00,0,0.1900,0.0128,0.0173,0.0059,1,ACTIVE,1,3,3
1458,5456,17:27:30,0,220.00,0,0.1900,0.0128,0.0173,0.0059,1,ACTIVE,1,3,3
1458,5457,17:28:00,0,37.00,0,0.1900,0.0128,0.0173,0.0059,1,ACTIVE,1,3,3
1458,5458,17:28:30,0,132.00,0,0.1900,0.0128,0.0173,0.0059,1,ACTIVE,1,3,3
1458,5459,17:29:00,0,179.00,0,0.1900,0.0128,0.0173,0.0059,1,ACTIVE,1,3,3
1458,5460,17:29:30,0,61.00,0,0.1400,0.0128,0.0125,0.0000,1,ACTIVE,1,3,3
1458,5461,17:30:00,0,259.00,0,0.1900,0.0128,0.0173,0.0059,1,ACTIVE,1,3,3
1458,5462,17:30:30,0,66.00,0,0.1400,0.0128,0.0125,0.0000,1,ACTIVE,1,3,3
1458,5463,17:31:00,0,30.00,0,0.1900,0.0128,0.0173,0.0059,1,ACTIVE,1,3,3
1458,5464,17:31:30,0,44.00,0,0.1700,0.0042,0.0173,0.0059,1,ACTIVE,1,3,3
1458,5465,17:32:00,0,21.00,0,0.1700,0.0042,0.0173,0.0059,1,ACTIVE,1,3,3
1458,5466,17:32:30,0,22.00,0,0.1700,0.0042,0.0173,0.0059,1,ACTIVE,1,3,3
1458,5467,17:33:00,0,124.00,0,0.1900,0.0128,0.0173,0.0059,1,ACTIVE,1,3,3
1458,5468,17:33:30,0,86.00,0,0.1900,0.0128,0.0173,0.0059,1,ACTIVE,1,3,3
1458,5469,17:34:00,0,106.00,0,0.1900,0.0128,0.0173,0.0059,1,ACTIVE,1,3,3
1458,5470,17:34:30,0,86.00,0,0.1900,0.0128,0.0173,0.0059,1,ACTIVE,1,3,3
1458,5471,17:35:00,0,34.00,0,0.1900,0.0128,0.0173,0.0059,1,ACTIVE,1,3,3
1458,5472,17:35:30,0,163.00,0,0.1700,0.0042,0.0173,0.0059,1,ACTIVE,1,3,3
1458,5473,17:36:00,0,100.00,0,0.1700,0.0042,0.0173,0.0059,1,ACTIVE,1,3,3
1458,5474,17:36:30,0,128.00,0,0.1700,0.0042,0.0173,0.0059,1,ACTIVE,1,3,3
1458,5475,17:37:00,0,57.00,0,0.1900,0.0128,0.0173,0.0059,1,ACTIVE,1,3,3
1458,5476,17:37:30,0,46.00,0,0.1900,0.0128,0.0173,0.0059,1,ACTIVE,1,3,3
1458,5477,17:38:00,0,80.00,0,0.1900,0.0128,0.0173,0.0059,1,ACTIVE,1,3,3
1458,5478,17:38:30,0,199.00,0,0.1900,0.0128,0.0173,0.0059,1,ACTIVE,1,3,3
1458,5479,17:39:00,0,119.00,0,0.1900,0.0128,0.0173,0.0059,1,ACTIVE,1,3,3
1458,5480,17:39:30,0,70.00,0,0.1700,0.0042,0.0173,0.0059,1,ACTIVE,1,3,3
1458,5481,17:40:00,0,103.00,0,0.1200,0.0042,0.0125,0.0000,1,ACTIVE,1,3,3
1458,5482,17:40:30,0,132.00,0,0.1900,0.0128,0.0173,0.0059,1,ACTIVE,1,3,3
1458,5483,17:41:00,0,103.00,0,0.1900,0.0128,0.0173,0.0059,1,ACTIVE,1,3,3
1458,5484,17:41:30,0,35.00,0,0.1700,0.0042,0.0173,0.0059,1,ACTIVE,1,3,3
1458,5485,17:42:00,0,119.00,0,0.1700,0.0042,0.0173,0.0059,1,ACTIVE,1,3,3
1458,5486,17:42:30,0,110.00,0,0.1400,0.0128,0.0125,0.0000,1,ACTIVE,1,3,3
1458,5487,17:43:00,0,61.00,0,0.1900,0.0128,0.0173,0.0059,1,ACTIVE,1,3,3
1458,5488,17:43:30,0,137.00,0,0.1900,0.0128,0.0173,0.0059,1,ACTIVE,1,3,3
1458,5489,17:44:00,0,59.00,0,0.1900,0.0128,0.0173,0.0059,1,ACTIVE,1,3,3
1458,5490,17:44:30,0,119.00,0,0.1900,0.0128,0.0173,0.0059,1,ACTIVE,1,3,3
1458,5491,17:45:00,0,90.00,0,0.1900,0.0128,0.0173,0.0059,1,ACTIVE,1,3,3
1458,5492,17:45:30,0,63.00,0,0.1900,0.0128,0.0173,0.0059,1,ACTIVE,1,3,3
1458,5493,17:46:00,0,86.00,0,0.1200,0.0042,0.0125,0.0000,1,ACTIVE,1,3,3
1458,5494,17:46:30,0,77.00,0,0.0200,0.0049,0.0000,0.0059,1,ACTIVE,1,3,3
1458,5495,17:47:00,0,124.00,0,0.1700,0.0042,0.0173,0.0059,1,ACTIVE,1,3,3
1458,5496,17:47:30,0,0.00,0,0.0100,0.0049,0.0000,0.0000,1,ACTIVE,1,3,3
1458,5497,17:48:00,0,30.00,0,0.0200,0.0049,0.0000,0.0059,1,ACTIVE,1,3,3
1458,5498,17:48:30,0,100.00,0,0.1400,0.0128,0.0125,0.0000,1,ACTIVE,1,3,3
1458,5499,17:49:00,0,168.00,0,0.1400,0.0128,0.0125,0.0000,1,ACTIVE,1,3,3
1458,5500,17:49:30,0,115.00,0,0.1700,0.0042,0.0173,0.0059,1,ACTIVE,1,3,3
1458,5501,17:50:00,0,42.00,0,0.0200,0.0049,0.0000,0.0059,1,ACTIVE,1,3,3
1458,5502,17:50:30,0,128.00,0,0.1700,0.0042,0.0173,0.0059,1,ACTIVE,1,3,3
1458,5503,17:51:00,0,70.00,0,0.1700,0.0042,0.0173,0.0059,1,ACTIVE,1,3,3
1458,5504,17:51:30,0,1.00,0,0.1700,0.0042,0.0173,0.0059,1,ACTIVE,1,3,3
1458,5505,17:52:00,0,96.00,0,0.1700,0.0042,0.0173,0.0059,1,ACTIVE,1,3,3
1458,5506,17:52:30,0,115.00,0,0.1700,0.0042,0.0173,0.0059,1,ACTIVE,1,3,3
1458,5507,17:53:00,0,106.00,0,0.1200,0.0042,0.0125,0.0000,1,ACTIVE,1,3,3
1458,5508,17:53:30,0,100.00,0,0.1700,0.0042,0.0173,0.0059,1,ACTIVE,1,3,3
1458,5509,17:54:00,0,137.00,0,0.2700,0.0512,0.0173,0.0059,1,ACTIVE,1,3,3
1458,5510,17:54:30,0,46.00,0,0.4100,0.0339,0.0378,0.0023,1,ACTIVE,1,3,3
1458,5511,17:55:00,0,70.00,0,0.1400,0.0128,0.0125,0.0000,1,ACTIVE,1,3,3
1458,5512,17:55:30,0,77.00,0,0.5000,0.0773,0.0378,0.0023,1,ACTIVE,1,3,3
1458,5513,17:56:00,0,268.00,0,0.6800,0.1550,0.0378,0.0023,1,ACTIVE,1,3,3
1458,5514,17:56:30,0,119.00,0,1.0700,0.1300,0.0880,0.0070,1,ACTIVE,1,3,3
1458,5515,17:57:00,0,163.00,0,1.5800,0.2140,0.1220,0.0412,1,ACTIVE,1,3,3
1458,5516,17:57:30,0,128.00,0,3.9000,0.6460,0.2770,0.0395,1,ACTIVE,1,3,3
1458,5517,17:58:00,0,80.00,0,3.7600,0.8940,0.2000,0.0256,1,ACTIVE,1,3,3
1458,5518,17:58:30,0,141.00,0,4.1400,0.7040,0.2900,0.0395,1,ACTIVE,1,3,3
1458,5519,17:59:00,0,124.00,0,3.3600,0.9130,0.1510,0.0115,1,ACTIVE,1,3,3
1458,5520,17:59:30,0,168.00,0,3.6800,0.7680,0.2230,0.0256,1,ACTIVE,1,3,3
1458,5521,18:00:00,0,80.00,0,3.5400,0.7040,0.2230,0.0256,1,ACTIVE,1,3,3
1458,5522,18:00:30,0,66.00,0,3.2400,0.6600,0.2000,0.0256,1,ACTIVE,1,3,3
1458,5523,18:01:00,0,70.00,0,4.2800,0.8200,0.2770,0.0395,1,ACTIVE,1,3,3
1458,5524,18:01:30,0,100.00,0,3.4900,0.6740,0.2230,0.0347,1,ACTIVE,1,3,3
1458,5525,18:02:00,0,59.00,0,3.1500,0.6180,0.2000,0.0256,1,ACTIVE,1,3,3
1458,5526,18:02:30,0,100.00,0,3.1500,0.7200,0.1760,0.0206,1,ACTIVE,1,3,3
1458,5527,18:03:00,0,46.00,0,3.0000,0.6460,0.1760,0.0256,1,ACTIVE,1,3,3
1458,5528,18:03:30,0,90.00,0,2.6300,0.5790,0.1510,0.0206,1,ACTIVE,1,3,3
1458,5529,18:04:00,0,93.00,0,6.2300,1.2900,0.3840,0.0115,1,ACTIVE,1,3,3
1458,5530,18:04:30,0,158.00,0,3.6300,0.7510,0.2230,0.0115,1,ACTIVE,1,3,3
1458,5531,18:05:00,0,268.00,0,1.9300,0.4280,0.1120,0.0070,1,ACTIVE,1,3,3
1458,5532,18:05:30,0,100.00,0,1.3600,0.3680,0.0622,0.0023,1,ACTIVE,1,3,3
1458,5533,18:06:00,0,100.00,0,1.7200,0.5310,0.0622,0.0023,1,ACTIVE,1,3,3
1458,5534,18:06:30,0,359.00,0,2.3000,0.3840,0.1580,0.0650,1,ACTIVE,1,3,3
1458,5535,18:07:00,0,286.00,0,4716.620,331.0000,438.0000,136.0000,1,ACTIVE,1,3,3
1458,5536,18:07:30,0,383.00,0,5146.390,278.0000,499.0000,148.0000,1,ACTIVE,1,3,3
1458,5537,18:08:00,0,212.00,0,0.1400,0.0128,0.0125,0.0000,1,ACTIVE,1,3,3
1458,5538,18:08:30,0,199.00,0,0.1700,0.0042,0.0173,0.0059,1,ACTIVE,1,3,3
1458,5539,18:09:00,0,206.00,0,0.3800,0.1020,0.0173,0.0059,1,ACTIVE,1,3,3
1458,5540,18:09:30,0,152.00,0,0.1400,0.0128,0.0125,0.0000,1,ACTIVE,1,3,3
1458,5541,18:10:00,0,128.00,0,0.1700,0.0042,0.0173,0.0059,1,ACTIVE,1,3,3
1458,5542,18:10:30,0,163.00,0,0.1900,0.0128,0.0173,0.0059,1,ACTIVE,1,3,3
1458,5543,18:11:00,0,199.00,0,0.1700,0.0042,0.0173,0.0059,1,ACTIVE,1,3,3
1458,5544,18:11:30,0,119.00,0,0.2100,0.0256,0.0173,0.0059,1,ACTIVE,1,3,3
1458,5545,18:12:00,0,96.00,0,0.6700,0.0512,0.0622,0.0070,1,ACTIVE,1,3,3
1458,5546,18:12:30,0,93.00,0,0.3900,0.0256,0.0378,0.0023,1,ACTIVE,1,3,3
1458,5547,18:13:00,0,168.00,0,0.4700,0.0596,0.0378,0.0023,1,ACTIVE,1,3,3
1458,5548,18:13:30,0,147.00,0,0.5700,0.0431,0.0523,0.0173,1,ACTIVE,1,3,3
1458,5549,18:14:00,0,141.00,0,0.5500,0.0256,0.0523,0.0292,1,ACTIVE,1,3,3
1458,5550,18:14:30,0,220.00,0,0.1900,0.0128,0.0173,0.0059,1,ACTIVE,1,3,3
1458,5551,18:15:00,0,186.00,0,0.1900,0.0128,0.0173,0.0059,1,ACTIVE,1,3,3
1458,5552,18:15:30,0,147.00,0,0.1700,0.0042,0.0173,0.0059,1,ACTIVE,1,3,3
1458,5553,18:16:00,0,277.00,0,0.1700,0.0042,0.0173,0.0059,1,ACTIVE,1,3,3
1458,5554,18:16:30,0,251.00,0,0.1900,0.0128,0.0173,0.0059,1,ACTIVE,1,3,3
1458,5555,18:17:00,0,174.00,0,0.1900,0.0128,0.0173,0.0059,1,ACTIVE,1,3,3
1458,5556,18:17:30,0,147.00,0,0.2400,0.0512,0.0035,0.0919,1,ACTIVE,1,3,3
1458,5557,18:18:00,0,212.00,0,0.1900,0.0128,0.0173,0.0059,1,ACTIVE,1,3,3
1458,5558,18:18:30,0,259.00,0,0.1900,0.0128,0.0173,0.0059,1,ACTIVE,1,3,3
1458,5559,18:19:00,0,186.00,0,0.1900,0.0128,0.0173,0.0059,1,ACTIVE,1,3,3
1458,5560,18:19:30,0,199.00,0,0.1700,0.0042,0.0173,0.0059,1,ACTIVE,1,3,3
1458,5561,18:20:00,0,168.00,0,0.1700,0.0042,0.0173,0.0059,1,ACTIVE,1,3,3
1458,5562,18:20:30,0,199.00,0,0.1900,0.0128,0.0173,0.0059,1,ACTIVE,1,3,3
1458,5563,18:21:00,0,228.00,0,0.1700,0.0042,0.0173,0.0059,1,ACTIVE,1,3,3
1458,5564,18:21:30,0,44.00,0,0.1900,0.0128,0.0173,0.0059,1,ACTIVE,1,3,3
1458,5565,18:22:00,0,93.00,0,0.1900,0.0128,0.0173,0.0059,1,ACTIVE,1,3,3
1458,5566,18:22:30,0,305.00,0,0.1700,0.0042,0.0173,0.0059,1,ACTIVE,1,3,3
1458,5567,18:23:00,0,243.00,0,0.1700,0.0042,0.0173,0.0059,1,ACTIVE,1,3,3
1458,5568,18:23:30,0,193.00,0,0.1700,0.0042,0.0173,0.0059,1,ACTIVE,1,3,3
1458,5569,18:24:00,0,179.00,0,0.1700,0.0042,0.0173,0.0059,1,ACTIVE,1,3,3
1458,5570,18:24:30,0,186.00,0,0.1200,0.0042,0.0125,0.0000,1,ACTIVE,1,3,3
1458,5571,18:25:00,0,163.00,0,0.1700,0.0042,0.0173,0.0059,1,ACTIVE,1,3,3
1458,5572,18:25:30,0,286.00,0,0.1700,0.0042,0.0173,0.0059,1,ACTIVE,1,3,3
1458,5573,18:26:00,0,193.00,0,0.1700,0.0042,0.0173,0.0059,1,ACTIVE,1,3,3
1458,5574,18:26:30,0,286.00,0,0.1700,0.0042,0.0173,0.0059,1,ACTIVE,1,3,3
1458,5575,18:27:00,0,193.00,0,0.1700,0.0042,0.0173,0.0059,1,ACTIVE,1,3,3
1458,5576,18:27:30,0,93.00,0,0.1700,0.0042,0.0173,0.0059,1,ACTIVE,1,3,3
1458,5577,18:28:00,0,348.00,0,0.1900,0.0128,0.0173,0.0059,1,ACTIVE,1,3,3
1458,5578,18:28:30,0,348.00,0,0.1700,0.0042,0.0173,0.0059,1,ACTIVE,1,3,3
1458,5579,18:29:00,0,383.00,0,0.1900,0.0128,0.0173,0.0059,1,ACTIVE,1,3,3
1458,5580,18:29:30,0,193.00,0,0.1900,0.0128,0.0173,0.0059,1,ACTIVE,1,3,3
1458,5581,18:30:00,0,193.00,0,0.2100,0.0256,0.0173,0.0059,1,ACTIVE,1,3,3
1458,5582,18:30:30,0,186.00,0,0.2100,0.0256,0.0173,0.0059,1,ACTIVE,1,3,3
1458,5583,18:31:00,0,259.00,0,0.1700,0.0042,0.0173,0.0059,1,ACTIVE,1,3,3
1458,5584,18:31:30,0,395.00,0,0.1700,0.0042,0.0173,0.0059,1,ACTIVE,1,3,3
1458,5585,18:32:00,0,326.00,0,0.1200,0.0042,0.0125,0.0000,1,ACTIVE,1,3,3
1458,5586,18:32:30,0,305.00,0,0.0200,0.0049,0.0000,0.0059,1,ACTIVE,1,3,3
1458,5587,18:33:00,0,337.00,0,0.1200,0.0042,0.0125,0.0000,1,ACTIVE,1,3,3
1458,5588,18:33:30,0,305.00,0,0.1200,0.0042,0.0125,0.0000,1,ACTIVE,1,3,3
1458,5589,18:34:00,0,326.00,0,0.1700,0.0042,0.0173,0.0059,1,ACTIVE,1,3,3
1458,5590,18:34:30,0,193.00,0,0.0200,0.0049,0.0000,0.0059,1,ACTIVE,1,3,3
1458,5591,18:35:00,0,277.00,0,0.1700,0.0042,0.0173,0.0059,1,ACTIVE,1,3,3
1458,5592,18:35:30,0,295.00,0,0.1200,0.0042,0.0125,0.0000,1,ACTIVE,1,3,3
1458,5593,18:36:00,0,235.00,0,0.1200,0.0042,0.0125,0.0000,1,ACTIVE,1,3,3
1458,5594,18:36:30,0,141.00,0,0.0200,0.0049,0.0000,0.0059,1,ACTIVE,1,3,3
1458,5595,18:37:00,0,199.00,0,0.1200,0.0042,0.0125,0.0000,1,ACTIVE,1,3,3
1458,5596,18:37:30,0,220.00,0,0.1700,0.0042,0.0173,0.0059,1,ACTIVE,1,3,3
1458,5597,18:38:00,0,259.00,0,0.0100,0.0049,0.0000,0.0000,1,ACTIVE,1,3,3
1458,5598,18:38:30,0,206.00,0,0.0100,0.0049,0.0000,0.0000,1,ACTIVE,1,3,3
1458,5599,18:39:00,0,268.00,0,0.1200,0.0042,0.0125,0.0000,1,ACTIVE,1,3,3
1458,5600,18:39:30,0,305.00,0,0.1200,0.0042,0.0125,0.0000,1,ACTIVE,1,3,3
1458,5601,18:40:00,0,450.00,0,0.0200,0.0049,0.0000,0.0059,1,ACTIVE,1,3,3
1458,5602,18:40:30,0,348.00,0,0.1200,0.0042,0.0125,0.0000,1,ACTIVE,1,3,3
1458,5603,18:41:00,0,168.00,0,0.1200,0.0042,0.0125,0.0000,1,ACTIVE,1,3,3
1458,5604,18:41:30,0,137.00,0,0.0100,0.0049,0.0000,0.0000,1,ACTIVE,1,3,3
1458,5605,18:42:00,0,268.00,0,0.0200,0.0049,0.0000,0.0059,1,ACTIVE,1,3,3
1458,5606,18:42:30,0,235.00,0,0.0100,0.0049,0.0000,0.0000,1,ACTIVE,1,3,3
1458,5607,18:43:00,0,315.00,0,0.0100,0.0049,0.0000,0.0000,1,ACTIVE,1,3,3
1458,5608,18:43:30,0,212.00,0,0.0100,0.0049,0.0000,0.0000,1,ACTIVE,1,3,3
1458,5609,18:44:00,0,235.00,0,0.0100,0.0049,0.0000,0.0000,1,ACTIVE,1,3,3
1458,5610,18:44:30,0,371.00,0,0.1700,0.0042,0.0173,0.0059,1,ACTIVE,1,3,3
1458,5611,18:45:00,0,562.00,0,10.8200,3.1400,0.4370,0.0512,1,ACTIVE,1,3,3
1458,5612,18:45:30,0,286.00,0,19.0000,4.8400,0.9330,0.1140,1,ACTIVE,1,3,3
1458,5613,18:46:00,0,527.00,0,12.3600,1.5000,1.0200,0.1140,1,ACTIVE,1,3,3
1458,5614,18:46:30,0,395.00,0,19.5500,3.0700,1.4400,0.1390,1,ACTIVE,1,3,3
1458,5615,18:47:00,0,337.00,0,18.6200,2.3700,1.5000,0.2000,1,ACTIVE,1,3,3
1458,5616,18:47:30,0,235.00,0,12.0300,0.8940,1.1100,0.3090,1,ACTIVE,1,3,3
1458,5617,18:48:00,0,158.00,0,33.3700,1.9100,3.2100,0.9750,1,ACTIVE,1,3,3
1458,5618,18:48:30,0,3.00,0,4.2000,0.3230,0.3840,0.1170,1,ACTIVE,1,3,3
1458,5619,18:49:00,0,4.00,0,1.4300,0.1450,0.1220,0.0412,1,ACTIVE,1,3,3
1458,5620,18:49:30,0,0.00,0,0.2100,0.0256,0.0173,0.0059,0,ACTIVE,1,3,3
1458,5621,18:50:00,0,80.00,0,0.2100,0.0256,0.0173,0.0059,1,ACTIVE,1,3,3
1458,5622,18:50:30,0,0.00,0,0.1200,0.0042,0.0125,0.0000,0,ACTIVE,1,3,3
1458,5623,18:51:00,0,0.00,0,0.1200,0.0042,0.0125,0.0000,1,ACTIVE,1,3,3
1458,5624,18:51:30,0,70.00,0,8.6800,0.4770,0.8370,0.2720,1,ACTIVE,1,3,3
1458,5625,18:52:00,0,44.00,0,12.7800,0.6890,1.2400,0.3920,1,ACTIVE,1,3,3
1458,5626,18:52:30,0,55.00,0,13.9600,0.7510,1.3500,0.4470,1,ACTIVE,1,3,3
1458,5627,18:53:00,0,5.00,0,18.8800,1.0200,1.8300,0.5790,1,ACTIVE,1,3,3
1458,5628,18:53:30,0,22.00,0,19.2800,1.0400,1.8700,0.5790,1,ACTIVE,1,3,3
1458,5629,18:54:00,0,32.00,0,13.3800,0.7350,1.2900,0.4100,1,ACTIVE,1,3,3
1458,5630,18:54:30,0,1.00,0,3.0300,0.2280,0.2770,0.0880,0,ACTIVE,1,3,3
1458,5631,18:55:00,0,33.00,0,2.5300,0.2440,0.2230,0.0347,1,ACTIVE,1,3,3
1458,5632,18:55:30,0,1.00,0,2.2900,0.2280,0.2000,0.0298,0,ACTIVE,1,3,3
1458,5633,18:56:00,0,63.00,0,1.2600,0.1190,0.1120,0.0162,1,ACTIVE,1,3,3
1458,5634,18:56:30,0,42.00,0,0.0200,0.0049,0.0000,0.0059,1,ACTIVE,1,3,3
1458,5635,18:57:00,0,3.00,0,0.1700,0.0042,0.0173,0.0059,0,ACTIVE,1,3,3
1458,5636,18:57:30,0,1.00,0,0.1700,0.0042,0.0173,0.0059,0,ACTIVE,1,3,3
1458,5637,18:58:00,0,3.00,0,0.1200,0.0042,0.0125,0.0000,0,ACTIVE,1,3,3
1458,5638,18:58:30,0,0.00,0,0.1700,0.0042,0.0173,0.0059,0,ACTIVE,1,3,3
1458,5639,18:59:00,0,0.00,0,0.1700,0.0042,0.0173,0.0059,0,ACTIVE,1,3,3
1458,5640,18:59:30,0,0.00,0,0.1700,0.0042,0.0173,0.0059,0,ACTIVE,1,3,3
1458,5641,19:00:00,0,0.00,0,0.1700,0.0042,0.0173,0.0059,1,ACTIVE,1,3,3
1458,5642,19:00:30,0,124.00,0,5.6000,0.2900,0.5430,0.1880,1,ACTIVE,1,3,3
1458,5643,19:01:00,0,0.00,0,9.1200,0.4370,0.8940,0.2960,1,ACTIVE,1,3,3
1458,5644,19:01:30,0,326.00,0,9.0000,1.4100,0.6600,0.1000,1,ACTIVE,1,3,3
1458,5645,19:02:00,0,371.00,0,21.1500,6.5600,0.7510,0.0694,1,ACTIVE,1,3,3
1458,5646,19:02:30,0,315.00,0,25.9600,3.9000,1.9500,0.2540,1,ACTIVE,1,3,3
1458,5647,19:03:00,0,435.00,0,26.7400,3.3500,2.1700,0.2900,1,ACTIVE,1,3,3
1458,5648,19:03:30,0,158.00,0,17.9300,1.9500,1.5000,0.4190,1,ACTIVE,1,3,3
1458,5649,19:04:00,0,119.00,0,32.4000,4.7400,2.4700,0.2440,1,ACTIVE,1,3,3
1458,5650,19:04:30,0,464.00,0,20.6400,1.8300,1.8300,0.5550,1,ACTIVE,1,3,3
1458,5651,19:05:00,0,315.00,0,18.2200,1.9500,1.5400,0.4190,1,ACTIVE,1,3,3
1458,5652,19:05:30,0,315.00,0,21.6200,2.5800,1.7900,0.2380,1,ACTIVE,1,3,3
1458,5653,19:06:00,0,268.00,0,3.7800,0.2660,0.3520,0.0981,1,ACTIVE,1,3,3
1458,5654,19:06:30,0,305.00,0,7.8200,0.5200,0.7350,0.2090,1,ACTIVE,1,3,3
1458,5655,19:07:00,0,268.00,0,8.9300,0.6050,0.8370,0.2380,1,ACTIVE,1,3,3
1458,5656,19:07:30,0,450.00,0,15.2400,2.7000,1.0400,0.1550,1,ACTIVE,1,3,3
1458,5657,19:08:00,0,212.00,0,23.6800,1.7900,2.1700,0.6460,1,ACTIVE,1,3,3
1458,5658,19:08:30,0,0.00,0,42.7400,2.5300,4.0700,1.3800,1,ACTIVE,1,3,3
1458,5659,19:09:00,0,3.00,0,27.9100,1.9500,2.5800,0.8940,1,ACTIVE,1,3,3
1458,5660,19:09:30,0,212.00,0,17.9200,1.2400,1.6700,0.4770,1,ACTIVE,1,3,3
1458,5661,19:10:00,0,7.00,0,16.5800,1.0600,1.5700,0.4470,1,ACTIVE,1,3,3
1458,5662,19:10:30,0,37.00,0,15.8800,1.0200,1.5000,0.4280,1,ACTIVE,1,3,3
1458,5663,19:11:00,0,50.00,0,17.9600,1.0900,1.7100,0.5200,1,ACTIVE,1,3,3
1458,5664,19:11:30,0,141.00,0,35.3300,1.9100,3.4200,1.0400,1,ACTIVE,1,3,3
1458,5665,19:12:00,0,46.00,0,24.1600,1.1600,2.3700,0.7850,1,ACTIVE,1,3,3
1458,5666,19:12:30,0,24.00,0,22.8800,1.6000,2.1300,0.6600,1,ACTIVE,1,3,3
1458,5667,19:13:00,0,14.00,0,27.7600,1.7100,2.6400,0.7850,1,ACTIVE,1,3,3
1458,5668,19:13:30,0,21.00,0,29.3200,1.4400,2.8800,0.8560,1,ACTIVE,1,3,3
1458,5669,19:14:00,0,77.00,0,16.7800,0.9750,1.6000,0.5310,1,ACTIVE,1,3,3
1458,5670,19:14:30,0,1.00,0,0.7800,0.1020,0.0622,0.0070,0,ACTIVE,1,3,3
1458,5671,19:15:00,0,0.00,0,0.7600,0.0939,0.0622,0.0070,0,ACTIVE,1,3,3
1458,5672,19:15:30,0,8.00,0,0.8200,0.1190,0.0622,0.0070,1,ACTIVE,1,3,3
1458,5673,19:16:00,0,0.00,0,1.3100,0.1450,0.1120,0.0070,1,ACTIVE,1,3,3
1458,5674,19:16:30,0,100.00,0,1.8500,0.2280,0.1510,0.0162,1,ACTIVE,1,3,3
1458,5675,19:17:00,0,315.00,0,7.1300,0.7350,0.6180,0.0825,1,ACTIVE,1,3,3
1458,5676,19:17:30,0,70.00,0,2.3300,0.2440,0.2000,0.0298,1,ACTIVE,1,3,3
1458,5677,19:18:00,0,31.00,0,31.0000,1.9100,2.9400,0.9330,1,ACTIVE,1,3,3
1458,5678,19:18:30,0,20.00,0,38.7400,1.7900,3.8100,1.2600,1,ACTIVE,1,3,3
1458,5679,19:19:00,0,27.00,0,51.3300,1.9100,5.1700,1.7100,1,ACTIVE,1,3,3
1458,5680,19:19:30,0,0.00,0,19.8500,1.1100,1.9100,0.6320,0,ACTIVE,1,3,3
1458,5681,19:20:00,0,30.00,0,13.9200,0.8750,1.3200,0.3920,1,ACTIVE,1,3,3
1458,5682,19:20:30,0,0.00,0,8.4800,0.5430,0.8020,0.2380,0,ACTIVE,1,3,3
1458,5683,19:21:00,0,0.00,0,8.1200,0.5200,0.7680,0.2280,0,ACTIVE,1,3,3
1458,5684,19:21:30,0,0.00,0,7.7800,0.4870,0.7350,0.2380,0,ACTIVE,1,3,3
1458,5685,19:22:00,0,0.00,0,7.7600,0.4870,0.7350,0.2230,0,ACTIVE,1,3,3
1458,5686,19:22:30,0,0.00,0,7.7700,0.4870,0.7350,0.2280,0,ACTIVE,1,3,3
1458,5687,19:23:00,0,0.00,0,7.4700,0.4770,0.7040,0.2230,0,ACTIVE,1,3,3
1458,5688,19:23:30,0,0.00,0,7.4300,0.4670,0.7040,0.2090,0,ACTIVE,1,3,3
1458,5689,19:24:00,0,0.00,0,7.4300,0.4670,0.7040,0.2090,0,ACTIVE,1,3,3
1458,5690,19:24:30,0,0.00,0,6.6200,0.4470,0.6180,0.1960,0,ACTIVE,1,3,3
1458,5691,19:25:00,0,16.00,0,13.2600,0.7850,1.2600,0.4190,0,ACTIVE,1,3,3
1458,5692,19:25:30,0,8.00,0,13.0200,0.7850,1.2400,0.4190,0,ACTIVE,1,3,3
1458,5693,19:26:00,0,3.00,0,11.2500,0.7040,1.0600,0.3520,0,ACTIVE,1,3,3
1458,5694,19:26:30,0,8.00,0,13.3400,0.8200,1.2600,0.4190,0,ACTIVE,1,3,3
1458,5695,19:27:00,0,12.00,0,9.4400,0.5920,0.8940,0.2840,0,ACTIVE,1,3,3
1458,5696,19:27:30,0,1.00,0,5.4700,0.3840,0.5090,0.1510,0,ACTIVE,1,3,3
1458,5697,19:28:00,0,0.00,0,5.4700,0.3840,0.5090,0.1510,0,ACTIVE,1,3,3
1458,5698,19:28:30,0,0.00,0,5.1900,0.3840,0.4770,0.1510,0,ACTIVE,1,3,3
1458,5699,19:29:00,0,0.00,0,5.1200,0.3600,0.4770,0.1390,0,ACTIVE,1,3,3
1458,5700,19:29:30,0,0.00,0,5.4200,0.3600,0.5090,0.1510,0,ACTIVE,1,3,3
1458,5701,19:30:00,0,1.00,0,2.5300,0.2440,0.2230,0.0347,0,ACTIVE,1,3,3
1458,5702,19:30:30,0,0.00,0,1.6700,0.1960,0.1390,0.0206,0,ACTIVE,1,3,3
1458,5703,19:31:00,0,2.00,0,1.6300,0.1800,0.1390,0.0162,0,ACTIVE,1,3,3
1458,5704,19:31:30,0,0.00,0,1.6500,0.1880,0.1390,0.0162,0,ACTIVE,1,3,3
1458,5705,19:32:00,0,1.00,0,2.0400,0.2140,0.1760,0.0256,0,ACTIVE,1,3,3
1458,5706,19:32:30,0,0.00,0,2.4100,0.2280,0.2090,0.0650,0,ACTIVE,1,3,3
1458,5707,19:33:00,0,0.00,0,1.6700,0.1960,0.1390,0.0162,0,ACTIVE,1,3,3
1458,5708,19:33:30,0,0.00,0,1.6500,0.1880,0.1390,0.0162,0,ACTIVE,1,3,3
1458,5709,19:34:00,0,0.00,0,1.7800,0.1960,0.1510,0.0206,0,ACTIVE,1,3,3
1458,5710,19:34:30,0,42.00,0,8.4800,0.5310,0.8020,0.2600,1,ACTIVE,1,3,3
1458,5711,19:35:00,0,44.00,0,14.3700,0.8200,1.3800,0.4470,1,ACTIVE,1,3,3
1458,5712,19:35:30,0,10.00,0,12.7200,0.7680,1.2100,0.3840,0,ACTIVE,1,3,3
1458,5713,19:36:00,0,5.00,0,10.5500,0.6600,0.9960,0.3370,0,ACTIVE,1,3,3
1458,5714,19:36:30,0,1.00,0,10.5600,0.6740,0.9960,0.3230,0,ACTIVE,1,3,3
1458,5715,19:37:00,0,13.00,0,18.2900,0.9130,1.7900,0.5670,1,ACTIVE,1,3,3
1458,5716,19:37:30,0,20.00,0,21.3300,0.8750,2.1300,0.7200,1,ACTIVE,1,3,3
1458,5717,19:38:00,0,27.00,0,17.1800,0.8560,1.6700,0.5670,1,ACTIVE,1,3,3
1458,5718,19:38:30,0,18.00,0,45.4100,1.8300,4.5400,1.5000,1,ACTIVE,1,3,3
1458,5719,19:39:00,0,35.00,0,28.8400,1.2400,2.8800,0.8200,1,ACTIVE,1,3,3
1458,5720,19:39:30,0,22.00,0,29.1900,1.3800,2.8800,0.8560,1,ACTIVE,1,3,3
1458,5721,19:40:00,0,28.00,0,23.4900,1.0900,2.3200,0.7200,1,ACTIVE,1,3,3
1458,5722,19:40:30,0,5.00,0,31.4100,1.2900,3.1400,0.9750,1,ACTIVE,1,3,3
1458,5723,19:41:00,0,16.00,0,23.5900,1.1100,2.3200,0.7680,1,ACTIVE,1,3,3
1458,5724,19:41:30,0,179.00,0,16.4200,0.9750,1.5700,0.4770,1,ACTIVE,1,3,3
1458,5725,19:42:00,0,277.00,0,12.8400,0.7040,1.2400,0.4190,1,ACTIVE,1,3,3
1458,5726,19:42:30,0,174.00,0,16.8100,0.9750,1.6000,0.5550,1,ACTIVE,1,3,3
1458,5727,19:43:00,0,359.00,0,9.9900,1.5700,0.7350,0.0740,1,ACTIVE,1,3,3
1458,5728,19:43:30,0,295.00,0,12.9600,1.6700,1.0400,0.1360,1,ACTIVE,1,3,3
1458,5729,19:44:00,0,277.00,0,11.2700,2.0800,0.7510,0.0825,1,ACTIVE,1,3,3
1458,5730,19:44:30,0,174.00,0,6.0900,0.6600,0.5200,0.0694,1,ACTIVE,1,3,3
1458,5731,19:45:00,0,259.00,0,7.8100,0.8750,0.6600,0.0880,1,ACTIVE,1,3,3
1458,5732,19:45:30,0,212.00,0,5.4300,0.3680,0.5090,0.1510,1,ACTIVE,1,3,3
1458,5733,19:46:00,0,421.00,0,5.4600,0.3840,0.5090,0.1390,1,ACTIVE,1,3,3
1458,5734,19:46:30,0,220.00,0,6.1700,0.4100,0.5790,0.1760,1,ACTIVE,1,3,3
1458,5735,19:47:00,0,315.00,0,5.0500,0.3230,0.4770,0.1510,1,ACTIVE,1,3,3
1458,5736,19:47:30,0,337.00,0,5.4400,0.3760,0.5090,0.1390,1,ACTIVE,1,3,3
1458,5737,19:48:00,0,277.00,0,4.6200,0.2900,0.4370,0.1390,1,ACTIVE,1,3,3
1458,5738,19:48:30,0,359.00,0,5.3200,0.3230,0.5090,0.1390,1,ACTIVE,1,3,3
1458,5739,19:49:00,0,259.00,0,7.0400,0.4100,0.6740,0.2090,1,ACTIVE,1,3,3
1458,5740,19:49:30,0,179.00,0,6.1000,0.3760,0.5790,0.1760,1,ACTIVE,1,3,3
1458,5741,19:50:00,0,259.00,0,4.6900,0.3230,0.4370,0.1300,1,ACTIVE,1,3,3
1458,5742,19:50:30,0,243.00,0,5.5400,0.4980,0.4980,0.0740,1,ACTIVE,1,3,3
1458,5743,19:51:00,0,174.00,0,7.3400,0.4190,0.7040,0.2230,1,ACTIVE,1,3,3
1458,5744,19:51:30,0,277.00,0,4.3500,0.3230,0.4010,0.1170,1,ACTIVE,1,3,3
1458,5745,19:52:00,0,305.00,0,3.6300,0.3680,0.3160,0.0460,1,ACTIVE,1,3,3
1458,5746,19:52:30,0,174.00,0,3.7200,0.2380,0.3520,0.0981,1,ACTIVE,1,3,3
1458,5747,19:53:00,0,212.00,0,4.3200,0.3030,0.4010,0.1300,1,ACTIVE,1,3,3
1458,5748,19:53:30,0,315.00,0,1.9700,0.1800,0.1760,0.0256,1,ACTIVE,1,3,3
1458,5749,19:54:00,0,251.00,0,4.0100,0.2280,0.3840,0.1300,1,ACTIVE,1,3,3
1458,5750,19:54:30,0,337.00,0,1.3400,0.1020,0.1220,0.0412,1,ACTIVE,1,3,3
1458,5751,19:55:00,0,494.00,0,3.7000,0.2230,0.3520,0.1170,1,ACTIVE,1,3,3
1458,5752,19:55:30,0,383.00,0,4.2300,0.2660,0.4010,0.1170,1,ACTIVE,1,3,3
1458,5753,19:56:00,0,277.00,0,2.9200,0.1800,0.2770,0.0880,1,ACTIVE,1,3,3
1458,5754,19:56:30,0,359.00,0,2.6300,0.1800,0.2440,0.0880,1,ACTIVE,1,3,3
1458,5755,19:57:00,0,212.00,0,2.5900,0.1610,0.2440,0.0880,1,ACTIVE,1,3,3
1458,5756,19:57:30,0,243.00,0,3.3100,0.1960,0.3160,0.0981,1,ACTIVE,1,3,3
1458,5757,19:58:00,0,305.00,0,2.2500,0.1550,0.2090,0.0650,1,ACTIVE,1,3,3
1458,5758,19:58:30,0,479.00,0,2.4900,0.2230,0.2230,0.0347,1,ACTIVE,1,3,3
1458,5759,19:59:00,0,243.00,0,4.6900,0.3230,0.4370,0.1390,1,ACTIVE,1,3,3
1458,5760,19:59:30,0,235.00,0,2.9300,0.2050,0.2770,0.0395,1,ACTIVE,1,3,3
1458,5761,20:00:00,0,348.00,0,4.0200,0.2380,0.3840,0.1170,1,ACTIVE,1,3,3
1458,5762,20:00:30,0,326.00,0,5.4200,0.3680,0.5090,0.1390,1,ACTIVE,1,3,3
1458,5763,20:01:00,0,295.00,0,2.2600,0.1610,0.2090,0.0650,1,ACTIVE,1,3,3
1458,5764,20:01:30,0,348.00,0,2.2000,0.1360,0.2090,0.0650,1,ACTIVE,1,3,3
1458,5765,20:02:00,0,235.00,0,2.9500,0.1880,0.2770,0.0981,1,ACTIVE,1,3,3
1458,5766,20:02:30,0,383.00,0,2.2400,0.1450,0.2090,0.0756,1,ACTIVE,1,3,3
1458,5767,20:03:00,0,421.00,0,3.1900,0.1450,0.3160,0.0981,1,ACTIVE,1,3,3
1458,5768,20:03:30,0,545.00,0,1.5400,0.1360,0.1390,0.0206,1,ACTIVE,1,3,3
1458,5769,20:04:00,0,337.00,0,6.4900,0.3370,0.6320,0.1960,1,ACTIVE,1,3,3
1458,5770,20:04:30,0,251.00,0,2.6500,0.1880,0.2440,0.0880,1,ACTIVE,1,3,3
1458,5771,20:05:00,0,251.00,0,2.2600,0.1610,0.2090,0.0650,1,ACTIVE,1,3,3
1458,5772,20:05:30,0,286.00,0,1.3600,0.1120,0.1220,0.0412,1,ACTIVE,1,3,3
1458,5773,20:06:00,0,450.00,0,1.3200,0.1450,0.1120,0.0162,1,ACTIVE,1,3,3
1458,5774,20:06:30,0,315.00,0,1.5900,0.1610,0.1390,0.0206,1,ACTIVE,1,3,3
1458,5775,20:07:00,0,251.00,0,5.3900,1.5400,0.2230,0.0347,1,ACTIVE,1,3,3
1458,5776,20:07:30,0,251.00,0,37.1800,5.7600,2.7600,0.2840,1,ACTIVE,1,3,3
1458,5777,20:08:00,0,305.00,0,76.4300,7.1500,6.7000,1.7900,1,ACTIVE,1,3,3
1458,5778,20:08:30,0,228.00,0,99.0900,11.3000,8.3200,1.2100,1,ACTIVE,1,3,3
1458,5779,20:09:00,0,235.00,0,23.4800,3.2800,1.8300,0.2140,1,ACTIVE,1,3,3
1458,5780,20:09:30,0,383.00,0,5.0300,1.1600,0.2770,0.0347,1,ACTIVE,1,3,3
1458,5781,20:10:00,0,371.00,0,8.3900,1.4100,0.5920,0.0825,1,ACTIVE,1,3,3
1458,5782,20:10:30,0,235.00,0,1.0100,0.0939,0.0880,0.0292,1,ACTIVE,1,3,3
1458,5783,20:11:00,0,326.00,0,17.1900,2.5800,1.2900,0.1550,1,ACTIVE,1,3,3
1458,5784,20:11:30,0,494.00,0,0.0200,0.0049,0.0000,0.0059,1,ACTIVE,1,3,3
1458,5785,20:12:00,0,179.00,0,0.0200,0.0049,0.0000,0.0059,1,ACTIVE,1,3,3
1458,5786,20:12:30,0,124.00,0,0.1700,0.0042,0.0173,0.0059,1,ACTIVE,1,3,3
1458,5787,20:13:00,0,115.00,0,0.1700,0.0042,0.0173,0.0059,1,ACTIVE,1,3,3
1458,5788,20:13:30,0,179.00,0,0.1700,0.0042,0.0173,0.0059,1,ACTIVE,1,3,3
1458,5789,20:14:00,0,220.00,0,0.0900,0.0256,0.0012,0.0215,1,ACTIVE,1,3,3
1458,5790,20:14:30,0,243.00,0,0.9000,0.0431,0.0880,0.0292,1,ACTIVE,1,3,3
1458,5791,20:15:00,0,100.00,0,0.1900,0.0128,0.0173,0.0059,1,ACTIVE,1,3,3
1458,5792,20:15:30,0,61.00,0,0.1700,0.0042,0.0173,0.0059,1,ACTIVE,1,3,3
1458,5793,20:16:00,0,18.00,0,0.1700,0.0042,0.0173,0.0059,1,ACTIVE,1,3,3
1458,5794,20:16:30,0,115.00,0,0.1900,0.0128,0.0173,0.0059,1,ACTIVE,1,3,3
1458,5795,20:17:00,0,19.00,0,0.1900,0.0128,0.0173,0.0059,1,ACTIVE,1,3,3
1458,5796,20:17:30,0,48.00,0,0.1900,0.0128,0.0173,0.0059,1,ACTIVE,1,3,3
1458,5797,20:18:00,0,106.00,0,0.1900,0.0128,0.0173,0.0059,1,ACTIVE,1,3,3
1458,5798,20:18:30,0,0.00,0,0.1900,0.0128,0.0173,0.0059,1,ACTIVE,1,3,3
1458,5799,20:19:00,0,61.00,0,0.1900,0.0128,0.0173,0.0059,1,ACTIVE,1,3,3
1458,5800,20:19:30,0,25.00,0,0.1200,0.0042,0.0125,0.0000,1,ACTIVE,1,3,3
1458,5801,20:20:00,0,0.00,0,0.1200,0.0042,0.0125,0.0000,0,ACTIVE,1,3,3
1458,5802,20:20:30,0,0.00,0,0.1700,0.0042,0.0173,0.0059,0,ACTIVE,1,3,3
1458,5803,20:21:00,0,20.00,0,0.1700,0.0042,0.0173,0.0059,1,ACTIVE,1,3,3
1458,5804,20:21:30,0,15.00,0,0.1900,0.0128,0.0173,0.0059,1,ACTIVE,1,3,3
1458,5805,20:22:00,0,93.00,0,0.1900,0.0128,0.0173,0.0059,1,ACTIVE,1,3,3
1458,5806,20:22:30,0,44.00,0,0.1900,0.0128,0.0173,0.0059,1,ACTIVE,1,3,3
1458,5807,20:23:00,0,0.00,0,0.1900,0.0128,0.0173,0.0059,1,ACTIVE,1,3,3
1458,5808,20:23:30,0,18.00,0,0.1700,0.0042,0.0173,0.0059,1,ACTIVE,1,3,3
1458,5809,20:24:00,0,86.00,0,0.1700,0.0042,0.0173,0.0059,1,ACTIVE,1,3,3
1458,5810,20:24:30,0,19.00,0,0.1700,0.0042,0.0173,0.0059,1,ACTIVE,1,3,3
1458,5811,20:25:00,0,0.00,0,0.1700,0.0042,0.0173,0.0059,0,ACTIVE,1,3,3
1458,5812,20:25:30,0,30.00,0,0.1200,0.0042,0.0125,0.0000,1,ACTIVE,1,3,3
1458,5813,20:26:00,0,7.00,0,0.1700,0.0042,0.0173,0.0059,0,ACTIVE,1,3,3
1458,5814,20:26:30,0,8.00,0,0.1700,0.0042,0.0173,0.0059,0,ACTIVE,1,3,3
1458,5815,20:27:00,0,1.00,0,0.1700,0.0042,0.0173,0.0059,0,ACTIVE,1,3,3
1458,5816,20:27:30,0,57.00,0,0.1700,0.0042,0.0173,0.0059,1,ACTIVE,1,3,3
1458,5817,20:28:00,0,53.00,0,0.1700,0.0042,0.0173,0.0059,1,ACTIVE,1,3,3
1458,5818,20:28:30,0,0.00,0,0.1700,0.0042,0.0173,0.0059,0,ACTIVE,1,3,3
1458,5819,20:29:00,0,0.00,0,0.1700,0.0042,0.0173,0.0059,0,ACTIVE,1,3,3
1458,5820,20:29:30,0,0.00,0,0.1700,0.0042,0.0173,0.0059,0,ACTIVE,1,3,3
1458,5821,20:30:00,0,0.00,0,0.1700,0.0042,0.0173,0.0059,0,ACTIVE,1,3,3
1458,5822,20:30:30,0,0.00,0,0.1700,0.0042,0.0173,0.0059,0,ACTIVE,1,3,3
1458,5823,20:31:00,0,0.00,0,0.1700,0.0042,0.0173,0.0059,0,ACTIVE,1,3,3
1458,5824,20:31:30,0,57.00,0,0.1700,0.0042,0.0173,0.0059,1,ACTIVE,1,3,3
1458,5825,20:32:00,0,10.00,0,0.1700,0.0042,0.0173,0.0059,0,ACTIVE,1,3,3
1458,5826,20:32:30,0,0.00,0,0.1700,0.0042,0.0173,0.0059,0,ACTIVE,1,3,3
1458,5827,20:33:00,0,0.00,0,0.1700,0.0042,0.0173,0.0059,0,ACTIVE,1,3,3
1458,5828,20:33:30,0,110.00,0,0.1700,0.0042,0.0173,0.0059,1,ACTIVE,1,3,3
1458,5829,20:34:00,0,7.00,0,0.1700,0.0042,0.0173,0.0059,1,ACTIVE,1,3,3
1458,5830,20:34:30,0,57.00,0,0.1700,0.0042,0.0173,0.0059,1,ACTIVE,1,3,3
1458,5831,20:35:00,0,90.00,0,0.3600,0.0128,0.0378,0.0023,1,ACTIVE,1,3,3
1458,5832,20:35:30,0,35.00,1,0.3400,0.0042,0.0378,0.0023,1,ACTIVE,1,3,3
1458,5833,20:36:00,0,83.00,1,0.5800,0.0128,0.0622,0.0070,1,ACTIVE,1,3,3
1458,5834,20:36:30,0,3.00,0,0.1700,0.0042,0.0173,0.0059,1,ACTIVE,1,3,3
1458,5835,20:37:00,0,19.00,0,0.1700,0.0042,0.0173,0.0059,1,ACTIVE,1,3,3
1458,5836,20:37:30,0,124.00,0,0.1700,0.0042,0.0173,0.0059,1,ACTIVE,1,3,3
1458,5837,20:38:00,0,34.00,0,0.1700,0.0042,0.0173,0.0059,1,ACTIVE,1,3,3
1458,5838,20:38:30,0,464.00,0,0.1700,0.0042,0.0173,0.0059,1,ACTIVE,1,3,3
1458,5839,20:39:00,0,212.00,0,4.2800,0.5790,0.3370,0.0412,1,ACTIVE,1,3,3
1458,5840,20:39:30,0,80.00,0,11.1500,1.6700,0.8370,0.1000,1,ACTIVE,1,3,3
1458,5841,20:40:00,0,103.00,0,23.6000,2.8200,1.9500,0.2770,1,ACTIVE,1,3,3
1458,5842,20:40:30,0,277.00,0,18.8300,2.4700,1.5000,0.1800,1,ACTIVE,1,3,3
1458,5843,20:41:00,0,100.00,0,7.7600,0.9130,0.6460,0.0740,1,ACTIVE,1,3,3
1458,5844,20:41:30,0,83.00,0,1.5900,0.0679,0.1580,0.0523,1,ACTIVE,1,3,3
1458,5845,20:42:00,0,371.00,0,0.1700,0.0042,0.0173,0.0059,1,ACTIVE,1,3,3
1458,5846,20:42:30,0,128.00,0,0.1200,0.0042,0.0125,0.0000,1,ACTIVE,1,3,3
1458,5847,20:43:00,0,286.00,0,0.0200,0.0049,0.0000,0.0059,1,ACTIVE,1,3,3
1458,5848,20:43:30,0,206.00,0,0.1700,0.0042,0.0173,0.0059,1,ACTIVE,1,3,3
1458,5849,20:44:00,0,42.00,0,0.0200,0.0049,0.0000,0.0059,1,ACTIVE,1,3,3
1458,5850,20:44:30,0,5.00,0,0.1200,0.0042,0.0125,0.0000,1,ACTIVE,1,3,3
1458,5851,20:45:00,0,10.00,0,0.1200,0.0042,0.0125,0.0000,1,ACTIVE,1,3,3
1458,5852,20:45:30,0,7.00,0,0.0200,0.0049,0.0000,0.0059,0,ACTIVE,1,3,3
1458,5853,20:46:00,0,30.00,0,0.1700,0.0042,0.0173,0.0059,1,ACTIVE,1,3,3
1458,5854,20:46:30,0,1.00,0,0.1200,0.0042,0.0125,0.0000,0,ACTIVE,1,3,3
1458,5855,20:47:00,0,15.00,0,0.1700,0.0042,0.0173,0.0059,1,ACTIVE,1,3,3
1458,5856,20:47:30,0,0.00,0,0.1700,0.0042,0.0173,0.0059,0,ACTIVE,1,3,3
1458,5857,20:48:00,0,35.00,0,0.1200,0.0042,0.0125,0.0000,1,ACTIVE,1,3,3
1458,5858,20:48:30,0,68.00,0,0.0200,0.0049,0.0000,0.0059,1,ACTIVE,1,3,3
1458,5859,20:49:00,0,1.00,0,0.1700,0.0042,0.0173,0.0059,0,ACTIVE,1,3,3
1458,5860,20:49:30,0,4.00,0,0.1200,0.0042,0.0125,0.0000,0,ACTIVE,1,3,3
1458,5861,20:50:00,0,0.00,0,0.1200,0.0042,0.0125,0.0000,0,ACTIVE,1,3,3
1458,5862,20:50:30,0,1.00,0,0.1700,0.0042,0.0173,0.0059,0,ACTIVE,1,3,3
1458,5863,20:51:00,0,0.00,0,0.1700,0.0042,0.0173,0.0059,0,ACTIVE,1,3,3
1458,5864,20:51:30,0,10.00,0,0.1700,0.0042,0.0173,0.0059,0,ACTIVE,1,3,3
1458,5865,20:52:00,0,1.00,0,0.1700,0.0042,0.0173,0.0059,0,ACTIVE,1,3,3
1458,5866,20:52:30,0,18.00,0,0.1700,0.0042,0.0173,0.0059,0,ACTIVE,1,3,3
1458,5867,20:53:00,0,1.00,0,0.1700,0.0042,0.0173,0.0059,0,ACTIVE,1,3,3
1458,5868,20:53:30,0,1.00,0,0.1700,0.0042,0.0173,0.0059,0,ACTIVE,1,3,3
1458,5869,20:54:00,0,13.00,0,0.1700,0.0042,0.0173,0.0059,0,ACTIVE,1,3,3
1458,5870,20:54:30,0,0.00,0,0.1700,0.0042,0.0173,0.0059,0,ACTIVE,1,3,3
1458,5871,20:55:00,0,0.00,0,0.1700,0.0042,0.0173,0.0059,0,ACTIVE,1,3,3
1458,5872,20:55:30,0,0.00,0,0.1700,0.0042,0.0173,0.0059,0,ACTIVE,1,3,3
1458,5873,20:56:00,0,0.00,0,0.1700,0.0042,0.0173,0.0059,0,ACTIVE,1,3,3
1458,5874,20:56:30,0,0.00,0,0.1700,0.0042,0.0173,0.0059,0,ACTIVE,1,3,3
1458,5875,20:57:00,0,26.00,0,0.1700,0.0042,0.0173,0.0059,1,ACTIVE,1,3,3
1458,5876,20:57:30,0,0.00,0,0.1700,0.0042,0.0173,0.0059,0,ACTIVE,1,3,3
1458,5877,20:58:00,0,0.00,0,0.1700,0.0042,0.0173,0.0059,0,ACTIVE,1,3,3
1458,5878,20:58:30,0,0.00,0,0.1700,0.0042,0.0173,0.0059,0,ACTIVE,1,3,3
1458,5879,20:59:00,0,0.00,0,0.1700,0.0042,0.0173,0.0059,0,ACTIVE,1,3,3
1458,5880,20:59:30,0,3.00,0,0.1700,0.0042,0.0173,0.0059,0,ACTIVE,1,3,3
1458,5881,21:00:00,0,141.00,0,0.1700,0.0042,0.0173,0.0059,1,REST,1,3,3
1458,5882,21:00:30,0,16.00,0,0.1700,0.0042,0.0173,0.0059,1,REST,1,3,3
1458,5883,21:01:00,0,34.00,0,0.1700,0.0042,0.0173,0.0059,1,REST,1,3,3
1458,5884,21:01:30,0,2.00,0,0.1700,0.0042,0.0173,0.0059,0,REST-S,1,3,3
1458,5885,21:02:00,0,0.00,0,0.1700,0.0042,0.0173,0.0059,0,REST-S,1,3,3
1458,5886,21:02:30,0,0.00,0,0.1700,0.0042,0.0173,0.0059,0,REST-S,1,3,3
1458,5887,21:03:00,0,0.00,0,0.1700,0.0042,0.0173,0.0059,0,REST-S,1,3,3
1458,5888,21:03:30,0,0.00,0,0.1700,0.0042,0.0173,0.0059,0,REST-S,1,3,3
1458,5889,21:04:00,0,0.00,0,0.1700,0.0042,0.0173,0.0059,0,REST-S,1,3,3
1458,5890,21:04:30,0,0.00,0,0.1700,0.0042,0.0173,0.0059,0,REST-S,1,3,3
1458,5891,21:05:00,0,0.00,0,0.1700,0.0042,0.0173,0.0059,0,REST-S,1,3,3
1458,5892,21:05:30,0,0.00,0,0.1700,0.0042,0.0173,0.0059,0,REST-S,1,3,3
1458,5893,21:06:00,0,0.00,0,0.1700,0.0042,0.0173,0.0059,0,REST-S,1,3,3
1458,5894,21:06:30,0,0.00,0,0.1700,0.0042,0.0173,0.0059,0,REST-S,1,3,3
1458,5895,21:07:00,0,0.00,0,0.1700,0.0042,0.0173,0.0059,0,REST-S,1,3,3
1458,5896,21:07:30,0,0.00,0,0.1700,0.0042,0.0173,0.0059,0,REST-S,1,3,3
1458,5897,21:08:00,0,0.00,0,0.1700,0.0042,0.0173,0.0059,0,REST-S,1,3,3
1458,5898,21:08:30,0,0.00,0,0.1700,0.0042,0.0173,0.0059,0,REST-S,1,3,3
1458,5899,21:09:00,0,0.00,0,0.1700,0.0042,0.0173,0.0059,0,REST-S,1,3,3
1458,5900,21:09:30,0,4.00,0,0.1700,0.0042,0.0173,0.0059,0,REST-S,1,3,3
1458,5901,21:10:00,0,0.00,0,0.1700,0.0042,0.0173,0.0059,0,REST-S,1,3,3
1458,5902,21:10:30,0,0.00,0,0.1700,0.0042,0.0173,0.0059,0,REST-S,1,3,3
1458,5903,21:11:00,0,0.00,0,0.1700,0.0042,0.0173,0.0059,0,REST-S,1,3,3
1458,5904,21:11:30,0,0.00,0,0.1700,0.0042,0.0173,0.0059,0,REST-S,1,3,3
1458,5905,21:12:00,0,0.00,0,0.1700,0.0042,0.0173,0.0059,0,REST-S,1,3,3
1458,5906,21:12:30,0,0.00,0,0.1700,0.0042,0.0173,0.0059,0,REST-S,1,3,3
1458,5907,21:13:00,0,0.00,0,0.1700,0.0042,0.0173,0.0059,0,REST-S,1,3,3
1458,5908,21:13:30,0,0.00,0,0.1700,0.0042,0.0173,0.0059,0,REST-S,1,3,3
1458,5909,21:14:00,0,0.00,0,0.1700,0.0042,0.0173,0.0059,0,REST-S,1,3,3
1458,5910,21:14:30,0,0.00,0,0.1700,0.0042,0.0173,0.0059,0,REST-S,1,3,3
1458,5911,21:15:00,0,0.00,0,0.1700,0.0042,0.0173,0.0059,0,REST-S,1,3,3
1458,5912,21:15:30,0,0.00,0,0.1700,0.0042,0.0173,0.0059,0,REST-S,1,3,3
1458,5913,21:16:00,0,0.00,0,0.1700,0.0042,0.0173,0.0059,0,REST-S,1,3,3
1458,5914,21:16:30,0,0.00,0,0.1700,0.0042,0.0173,0.0059,0,REST-S,1,3,3
1458,5915,21:17:00,0,0.00,0,0.1700,0.0042,0.0173,0.0059,0,REST-S,1,3,3
1458,5916,21:17:30,0,0.00,0,0.1700,0.0042,0.0173,0.0059,0,REST-S,1,3,3
1458,5917,21:18:00,0,0.00,0,0.1700,0.0042,0.0173,0.0059,0,REST-S,1,3,3
1458,5918,21:18:30,0,0.00,0,0.1700,0.0042,0.0173,0.0059,0,REST-S,1,3,3
1458,5919,21:19:00,0,0.00,0,0.1700,0.0042,0.0173,0.0059,0,REST-S,1,3,3
1458,5920,21:19:30,0,0.00,0,0.1700,0.0042,0.0173,0.0059,0,REST-S,1,3,3
1458,5921,21:20:00,0,0.00,0,0.1200,0.0042,0.0125,0.0000,0,REST-S,1,3,3
1458,5922,21:20:30,0,0.00,0,0.1700,0.0042,0.0173,0.0059,0,REST-S,1,3,3
1458,5923,21:21:00,0,0.00,0,0.1700,0.0042,0.0173,0.0059,0,REST-S,1,3,3
1458,5924,21:21:30,0,0.00,0,0.1700,0.0042,0.0173,0.0059,0,REST-S,1,3,3
1458,5925,21:22:00,0,0.00,0,0.1700,0.0042,0.0173,0.0059,0,REST-S,1,3,3
1458,5926,21:22:30,0,28.00,0,0.1700,0.0042,0.0173,0.0059,1,REST-S,1,3,3
1458,5927,21:23:00,0,0.00,0,0.1700,0.0042,0.0173,0.0059,0,REST-S,1,3,3
1458,5928,21:23:30,0,0.00,0,0.1700,0.0042,0.0173,0.0059,0,REST-S,1,3,3
1458,5929,21:24:00,0,31.00,0,0.1200,0.0042,0.0125,0.0000,1,REST-S,1,3,3
1458,5930,21:24:30,0,3.00,0,0.1700,0.0042,0.0173,0.0059,0,REST-S,1,3,3
1458,5931,21:25:00,0,7.00,0,0.1700,0.0042,0.0173,0.0059,0,REST-S,1,3,3
1458,5932,21:25:30,0,0.00,0,0.1700,0.0042,0.0173,0.0059,0,REST-S,1,3,3
1458,5933,21:26:00,0,0.00,0,0.1700,0.0042,0.0173,0.0059,0,REST-S,1,3,3
1458,5934,21:26:30,0,0.00,0,0.1700,0.0042,0.0173,0.0059,0,REST-S,1,3,3
1458,5935,21:27:00,0,4.00,0,0.1700,0.0042,0.0173,0.0059,0,REST-S,1,3,3
1458,5936,21:27:30,0,15.00,0,0.1700,0.0042,0.0173,0.0059,1,REST-S,1,3,3
1458,5937,21:28:00,0,0.00,0,0.1700,0.0042,0.0173,0.0059,0,REST-S,1,3,3
1458,5938,21:28:30,0,115.00,0,0.1700,0.0042,0.0173,0.0059,1,REST-S,1,3,3
1458,5939,21:29:00,0,0.00,0,0.1700,0.0042,0.0173,0.0059,0,REST-S,1,3,3
1458,5940,21:29:30,0,4.00,0,0.1700,0.0042,0.0173,0.0059,0,REST-S,1,3,3
1458,5941,21:30:00,0,12.00,0,0.1700,0.0042,0.0173,0.0059,0,REST-S,1,3,3
1458,5942,21:30:30,0,0.00,0,0.1700,0.0042,0.0173,0.0059,0,REST-S,1,3,3
1458,5943,21:31:00,0,22.00,0,0.1700,0.0042,0.0173,0.0059,1,REST-S,1,3,3
1458,5944,21:31:30,0,5.00,0,0.1900,0.0128,0.0173,0.0059,0,REST-S,1,3,3
1458,5945,21:32:00,0,0.00,0,0.1700,0.0042,0.0173,0.0059,0,REST-S,1,3,3
1458,5946,21:32:30,0,4.00,0,0.1900,0.0128,0.0173,0.0059,0,REST-S,1,3,3
1458,5947,21:33:00,0,0.00,0,0.1900,0.0128,0.0173,0.0059,0,REST-S,1,3,3
1458,5948,21:33:30,0,7.00,0,0.1900,0.0128,0.0173,0.0059,0,REST-S,1,3,3
1458,5949,21:34:00,0,3.00,0,0.1900,0.0128,0.0173,0.0059,0,REST-S,1,3,3
1458,5950,21:34:30,0,27.00,0,0.1700,0.0042,0.0173,0.0059,1,REST-S,1,3,3
1458,5951,21:35:00,0,0.00,0,0.1900,0.0128,0.0173,0.0059,0,REST-S,1,3,3
1458,5952,21:35:30,0,4.00,0,0.1700,0.0042,0.0173,0.0059,0,REST-S,1,3,3
1458,5953,21:36:00,0,16.00,0,0.1700,0.0042,0.0173,0.0059,0,REST-S,1,3,3
1458,5954,21:36:30,0,2.00,0,0.1900,0.0128,0.0173,0.0059,0,REST-S,1,3,3
1458,5955,21:37:00,0,0.00,0,0.1900,0.0128,0.0173,0.0059,0,REST-S,1,3,3
1458,5956,21:37:30,0,33.00,0,0.1900,0.0128,0.0173,0.0059,1,REST-S,1,3,3
1458,5957,21:38:00,0,3.00,0,0.1900,0.0128,0.0173,0.0059,0,REST-S,1,3,3
1458,5958,21:38:30,0,0.00,0,0.1700,0.0042,0.0173,0.0059,0,REST-S,1,3,3
1458,5959,21:39:00,0,4.00,0,0.1700,0.0042,0.0173,0.0059,0,REST-S,1,3,3
1458,5960,21:39:30,0,0.00,0,0.1900,0.0128,0.0173,0.0059,0,REST-S,1,3,3
1458,5961,21:40:00,0,10.00,0,0.1900,0.0128,0.0173,0.0059,0,REST-S,1,3,3
1458,5962,21:40:30,0,1.00,0,0.1700,0.0042,0.0173,0.0059,0,REST-S,1,3,3
1458,5963,21:41:00,0,0.00,0,0.1700,0.0042,0.0173,0.0059,0,REST-S,1,3,3
1458,5964,21:41:30,0,0.00,0,0.1900,0.0128,0.0173,0.0059,0,REST-S,1,3,3
1458,5965,21:42:00,0,4.00,0,0.1700,0.0042,0.0173,0.0059,0,REST-S,1,3,3
1458,5966,21:42:30,0,1.00,0,0.1700,0.0042,0.0173,0.0059,0,REST-S,1,3,3
1458,5967,21:43:00,0,0.00,0,0.1900,0.0128,0.0173,0.0059,0,REST-S,1,3,3
1458,5968,21:43:30,0,7.00,0,0.1900,0.0128,0.0173,0.0059,0,REST-S,1,3,3
1458,5969,21:44:00,0,0.00,0,0.1900,0.0128,0.0173,0.0059,0,REST-S,1,3,3
1458,5970,21:44:30,0,0.00,0,0.1900,0.0128,0.0173,0.0059,0,REST-S,1,3,3
1458,5971,21:45:00,0,4.00,0,0.1700,0.0042,0.0173,0.0059,0,REST-S,1,3,3
1458,5972,21:45:30,0,0.00,0,0.1900,0.0128,0.0173,0.0059,0,REST-S,1,3,3
1458,5973,21:46:00,0,0.00,0,0.1900,0.0128,0.0173,0.0059,0,REST-S,1,3,3
1458,5974,21:46:30,0,0.00,0,0.1700,0.0042,0.0173,0.0059,0,REST-S,1,3,3
1458,5975,21:47:00,0,1.00,0,0.1700,0.0042,0.0173,0.0059,0,REST-S,1,3,3
1458,5976,21:47:30,0,0.00,0,0.1700,0.0042,0.0173,0.0059,0,REST-S,1,3,3
1458,5977,21:48:00,0,0.00,0,0.1700,0.0042,0.0173,0.0059,0,REST-S,1,3,3
1458,5978,21:48:30,0,0.00,0,0.1700,0.0042,0.0173,0.0059,0,REST-S,1,3,3
1458,5979,21:49:00,0,0.00,0,0.1900,0.0128,0.0173,0.0059,0,REST-S,1,3,3
1458,5980,21:49:30,0,1.00,0,0.1700,0.0042,0.0173,0.0059,0,REST-S,1,3,3
1458,5981,21:50:00,0,21.00,0,0.1700,0.0042,0.0173,0.0059,1,REST-S,1,3,3
1458,5982,21:50:30,0,1.00,0,0.1700,0.0042,0.0173,0.0059,0,REST-S,1,3,3
1458,5983,21:51:00,0,83.00,0,0.0200,0.0049,0.0000,0.0059,1,REST-S,1,3,3
1458,5984,21:51:30,0,3.00,0,0.1700,0.0042,0.0173,0.0059,1,REST-S,1,3,3
1458,5985,21:52:00,0,12.00,0,0.1700,0.0042,0.0173,0.0059,1,REST-S,1,3,3
1458,5986,21:52:30,0,163.00,0,0.1900,0.0128,0.0173,0.0059,1,REST-S,1,3,3
1458,5987,21:53:00,0,9.00,0,0.1700,0.0042,0.0173,0.0059,1,REST-S,1,3,3
1458,5988,21:53:30,0,14.00,0,0.1700,0.0042,0.0173,0.0059,1,REST-S,1,3,3
1458,5989,21:54:00,0,0.00,0,0.1700,0.0042,0.0173,0.0059,0,REST-S,1,3,3
1458,5990,21:54:30,0,0.00,0,0.1700,0.0042,0.0173,0.0059,0,REST-S,1,3,3
1458,5991,21:55:00,0,0.00,0,0.1700,0.0042,0.0173,0.0059,0,REST-S,1,3,3
1458,5992,21:55:30,0,1.00,0,0.1700,0.0042,0.0173,0.0059,0,REST-S,1,3,3
1458,5993,21:56:00,0,0.00,0,0.1700,0.0042,0.0173,0.0059,0,REST-S,1,3,3
1458,5994,21:56:30,0,0.00,0,0.1700,0.0042,0.0173,0.0059,0,REST-S,1,3,3
1458,5995,21:57:00,0,0.00,0,0.1900,0.0128,0.0173,0.0059,0,REST-S,1,3,3
1458,5996,21:57:30,0,0.00,0,0.1700,0.0042,0.0173,0.0059,0,REST-S,1,3,3
1458,5997,21:58:00,0,0.00,0,0.1700,0.0042,0.0173,0.0059,0,REST-S,1,3,3
1458,5998,21:58:30,0,0.00,0,0.1900,0.0128,0.0173,0.0059,0,REST-S,1,3,3
1458,5999,21:59:00,0,0.00,0,0.1700,0.0042,0.0173,0.0059,0,REST-S,1,3,3
1458,6000,21:59:30,0,0.00,0,0.1700,0.0042,0.0173,0.0059,0,REST-S,1,3,3
1458,6001,22:00:00,0,0.00,0,0.1900,0.0128,0.0173,0.0059,0,REST-S,1,3,3
1458,6002,22:00:30,0,0.00,0,0.1900,0.0128,0.0173,0.0059,0,REST-S,1,3,3
1458,6003,22:01:00,0,0.00,0,0.1700,0.0042,0.0173,0.0059,0,REST-S,1,3,3
1458,6004,22:01:30,0,0.00,0,0.1700,0.0042,0.0173,0.0059,0,REST-S,1,3,3
1458,6005,22:02:00,0,0.00,0,0.1700,0.0042,0.0173,0.0059,0,REST-S,1,3,3
1458,6006,22:02:30,0,0.00,0,0.1700,0.0042,0.0173,0.0059,0,REST-S,1,3,3
1458,6007,22:03:00,0,0.00,0,0.1700,0.0042,0.0173,0.0059,0,REST-S,1,3,3
1458,6008,22:03:30,0,0.00,0,0.1700,0.0042,0.0173,0.0059,0,REST-S,1,3,3
1458,6009,22:04:00,0,0.00,0,0.1700,0.0042,0.0173,0.0059,0,REST-S,1,3,3
1458,6010,22:04:30,0,1.00,0,0.1700,0.0042,0.0173,0.0059,0,REST-S,1,3,3
1458,6011,22:05:00,0,0.00,0,0.1700,0.0042,0.0173,0.0059,0,REST-S,1,3,3
1458,6012,22:05:30,0,0.00,0,0.1700,0.0042,0.0173,0.0059,0,REST-S,1,3,3
1458,6013,22:06:00,0,0.00,0,0.1700,0.0042,0.0173,0.0059,0,REST-S,1,3,3
1458,6014,22:06:30,0,1.00,0,0.1700,0.0042,0.0173,0.0059,0,REST-S,1,3,3
1458,6015,22:07:00,0,3.00,0,0.1700,0.0042,0.0173,0.0059,0,REST-S,1,3,3
1458,6016,22:07:30,0,0.00,0,0.1700,0.0042,0.0173,0.0059,0,REST-S,1,3,3
1458,6017,22:08:00,0,0.00,0,0.1700,0.0042,0.0173,0.0059,0,REST-S,1,3,3
1458,6018,22:08:30,0,2.00,0,0.1700,0.0042,0.0173,0.0059,0,REST-S,1,3,3
1458,6019,22:09:00,0,10.00,0,0.1700,0.0042,0.0173,0.0059,0,REST-S,1,3,3
1458,6020,22:09:30,0,8.00,0,0.1900,0.0128,0.0173,0.0059,0,REST-S,1,3,3
1458,6021,22:10:00,0,1.00,0,0.1700,0.0042,0.0173,0.0059,0,REST-S,1,3,3
1458,6022,22:10:30,0,1.00,0,0.1900,0.0128,0.0173,0.0059,0,REST-S,1,3,3
1458,6023,22:11:00,0,1.00,0,0.1900,0.0128,0.0173,0.0059,0,REST-S,1,3,3
1458,6024,22:11:30,0,0.00,0,0.1700,0.0042,0.0173,0.0059,0,REST-S,1,3,3
1458,6025,22:12:00,0,1.00,0,0.1700,0.0042,0.0173,0.0059,0,REST-S,1,3,3
1458,6026,22:12:30,0,9.00,0,0.1700,0.0042,0.0173,0.0059,0,REST-S,1,3,3
1458,6027,22:13:00,0,1.00,0,0.1700,0.0042,0.0173,0.0059,0,REST-S,1,3,3
1458,6028,22:13:30,0,1.00,0,0.1700,0.0042,0.0173,0.0059,0,REST-S,1,3,3
1458,6029,22:14:00,0,16.00,0,0.1900,0.0128,0.0173,0.0059,0,REST-S,1,3,3
1458,6030,22:14:30,0,13.00,0,0.1900,0.0128,0.0173,0.0059,0,REST-S,1,3,3
1458,6031,22:15:00,0,0.00,0,0.1900,0.0128,0.0173,0.0059,0,REST-S,1,3,3
1458,6032,22:15:30,0,0.00,0,0.1900,0.0128,0.0173,0.0059,0,REST-S,1,3,3
1458,6033,22:16:00,0,0.00,0,0.1900,0.0128,0.0173,0.0059,0,REST-S,1,3,3
1458,6034,22:16:30,0,0.00,0,0.1900,0.0128,0.0173,0.0059,0,REST-S,1,3,3
1458,6035,22:17:00,0,1.00,0,0.1900,0.0128,0.0173,0.0059,0,REST-S,1,3,3
1458,6036,22:17:30,0,0.00,0,0.1900,0.0128,0.0173,0.0059,0,REST-S,1,3,3
1458,6037,22:18:00,0,0.00,0,0.1700,0.0042,0.0173,0.0059,0,REST-S,1,3,3
1458,6038,22:18:30,0,0.00,0,0.1700,0.0042,0.0173,0.0059,0,REST-S,1,3,3
1458,6039,22:19:00,0,0.00,0,0.1700,0.0042,0.0173,0.0059,0,REST-S,1,3,3
1458,6040,22:19:30,0,0.00,0,0.1700,0.0042,0.0173,0.0059,0,REST-S,1,3,3
1458,6041,22:20:00,0,0.00,0,0.1700,0.0042,0.0173,0.0059,0,REST-S,1,3,3
1458,6042,22:20:30,0,0.00,0,0.1700,0.0042,0.0173,0.0059,0,REST-S,1,3,3
1458,6043,22:21:00,0,0.00,0,0.1700,0.0042,0.0173,0.0059,0,REST-S,1,3,3
1458,6044,22:21:30,0,0.00,0,0.1700,0.0042,0.0173,0.0059,0,REST-S,1,3,3
1458,6045,22:22:00,0,16.00,0,0.1700,0.0042,0.0173,0.0059,0,REST-S,1,3,3
1458,6046,22:22:30,0,1.00,0,0.1700,0.0042,0.0173,0.0059,0,REST-S,1,3,3
1458,6047,22:23:00,0,0.00,0,0.1700,0.0042,0.0173,0.0059,0,REST-S,1,3,3
1458,6048,22:23:30,0,1.00,0,0.1900,0.0128,0.0173,0.0059,0,REST-S,1,3,3
1458,6049,22:24:00,0,0.00,0,0.1700,0.0042,0.0173,0.0059,0,REST-S,1,3,3
1458,6050,22:24:30,0,1.00,0,0.1700,0.0042,0.0173,0.0059,0,REST-S,1,3,3
1458,6051,22:25:00,0,0.00,0,0.1700,0.0042,0.0173,0.0059,0,REST-S,1,3,3
1458,6052,22:25:30,0,168.00,0,0.1900,0.0128,0.0173,0.0059,1,REST-S,1,3,3
1458,6053,22:26:00,0,8.00,0,0.1700,0.0042,0.0173,0.0059,1,REST-S,1,3,3
1458,6054,22:26:30,0,70.00,0,0.1700,0.0042,0.0173,0.0059,1,REST-S,1,3,3
1458,6055,22:27:00,0,0.00,0,0.1700,0.0042,0.0173,0.0059,0,REST-S,1,3,3
1458,6056,22:27:30,0,37.00,0,0.1700,0.0042,0.0173,0.0059,1,REST-S,1,3,3
1458,6057,22:28:00,0,12.00,0,0.1700,0.0042,0.0173,0.0059,0,REST-S,1,3,3
1458,6058,22:28:30,0,3.00,0,0.1900,0.0128,0.0173,0.0059,0,REST-S,1,3,3
1458,6059,22:29:00,0,7.00,0,0.1900,0.0128,0.0173,0.0059,0,REST-S,1,3,3
1458,6060,22:29:30,0,48.00,0,0.1900,0.0128,0.0173,0.0059,1,REST-S,1,3,3
1458,6061,22:30:00,0,1.00,0,0.1900,0.0128,0.0173,0.0059,0,REST-S,1,3,3
1458,6062,22:30:30,0,0.00,0,0.1900,0.0128,0.0173,0.0059,0,REST-S,1,3,3
1458,6063,22:31:00,0,0.00,0,0.1900,0.0128,0.0173,0.0059,0,REST-S,1,3,3
1458,6064,22:31:30,0,0.00,0,0.1900,0.0128,0.0173,0.0059,0,REST-S,1,3,3
1458,6065,22:32:00,0,0.00,0,0.1700,0.0042,0.0173,0.0059,0,REST-S,1,3,3
1458,6066,22:32:30,0,0.00,0,0.1900,0.0128,0.0173,0.0059,0,REST-S,1,3,3
1458,6067,22:33:00,0,0.00,0,0.1900,0.0128,0.0173,0.0059,0,REST-S,1,3,3
1458,6068,22:33:30,0,0.00,0,0.1900,0.0128,0.0173,0.0059,0,REST-S,1,3,3
1458,6069,22:34:00,0,0.00,0,0.1900,0.0128,0.0173,0.0059,0,REST-S,1,3,3
1458,6070,22:34:30,0,0.00,0,0.1900,0.0128,0.0173,0.0059,0,REST-S,1,3,3
1458,6071,22:35:00,0,0.00,0,0.1900,0.0128,0.0173,0.0059,0,REST-S,1,3,3
1458,6072,22:35:30,0,0.00,0,0.1700,0.0042,0.0173,0.0059,0,REST-S,1,3,3
1458,6073,22:36:00,0,0.00,0,0.1900,0.0128,0.0173,0.0059,0,REST-S,1,3,3
1458,6074,22:36:30,0,0.00,0,0.1700,0.0042,0.0173,0.0059,0,REST-S,1,3,3
1458,6075,22:37:00,0,0.00,0,0.1700,0.0042,0.0173,0.0059,0,REST-S,1,3,3
1458,6076,22:37:30,0,0.00,0,0.1900,0.0128,0.0173,0.0059,0,REST-S,1,3,3
1458,6077,22:38:00,0,0.00,0,0.1900,0.0128,0.0173,0.0059,0,REST-S,1,3,3
1458,6078,22:38:30,0,0.00,0,0.1700,0.0042,0.0173,0.0059,0,REST-S,1,3,3
1458,6079,22:39:00,0,0.00,0,0.1700,0.0042,0.0173,0.0059,0,REST-S,1,3,3
1458,6080,22:39:30,0,0.00,0,0.1700,0.0042,0.0173,0.0059,0,REST-S,1,3,3
1458,6081,22:40:00,0,0.00,0,0.1700,0.0042,0.0173,0.0059,0,REST-S,1,3,3
1458,6082,22:40:30,0,0.00,0,0.1700,0.0042,0.0173,0.0059,0,REST-S,1,3,3
1458,6083,22:41:00,0,0.00,0,0.1700,0.0042,0.0173,0.0059,0,REST-S,1,3,3
1458,6084,22:41:30,0,0.00,0,0.1700,0.0042,0.0173,0.0059,0,REST-S,1,3,3
1458,6085,22:42:00,0,0.00,0,0.1700,0.0042,0.0173,0.0059,0,REST-S,1,3,3
1458,6086,22:42:30,0,0.00,0,0.1700,0.0042,0.0173,0.0059,0,REST-S,1,3,3
1458,6087,22:43:00,0,0.00,0,0.1900,0.0128,0.0173,0.0059,0,REST-S,1,3,3
1458,6088,22:43:30,0,0.00,0,0.1900,0.0128,0.0173,0.0059,0,REST-S,1,3,3
1458,6089,22:44:00,0,0.00,0,0.1700,0.0042,0.0173,0.0059,0,REST-S,1,3,3
1458,6090,22:44:30,0,0.00,0,0.1900,0.0128,0.0173,0.0059,0,REST-S,1,3,3
1458,6091,22:45:00,0,0.00,0,0.1700,0.0042,0.0173,0.0059,0,REST-S,1,3,3
1458,6092,22:45:30,0,0.00,0,0.1900,0.0128,0.0173,0.0059,0,REST-S,1,3,3
1458,6093,22:46:00,0,0.00,0,0.1700,0.0042,0.0173,0.0059,0,REST-S,1,3,3
1458,6094,22:46:30,0,0.00,0,0.1700,0.0042,0.0173,0.0059,0,REST-S,1,3,3
1458,6095,22:47:00,0,0.00,0,0.1700,0.0042,0.0173,0.0059,0,REST-S,1,3,3
1458,6096,22:47:30,0,1.00,0,0.1700,0.0042,0.0173,0.0059,0,REST-S,1,3,3
1458,6097,22:48:00,0,0.00,0,0.1700,0.0042,0.0173,0.0059,0,REST-S,1,3,3
1458,6098,22:48:30,0,4.00,0,0.1700,0.0042,0.0173,0.0059,0,REST-S,1,3,3
1458,6099,22:49:00,0,3.00,0,0.1700,0.0042,0.0173,0.0059,0,REST-S,1,3,3
1458,6100,22:49:30,0,31.00,0,0.1700,0.0042,0.0173,0.0059,1,REST-S,1,3,3
1458,6101,22:50:00,0,70.00,0,0.1700,0.0042,0.0173,0.0059,1,REST-S,1,3,3
1458,6102,22:50:30,0,0.00,0,0.1900,0.0128,0.0173,0.0059,0,REST-S,1,3,3
1458,6103,22:51:00,0,23.00,0,0.1900,0.0128,0.0173,0.0059,1,REST-S,1,3,3
1458,6104,22:51:30,0,0.00,0,0.1900,0.0128,0.0173,0.0059,0,REST-S,1,3,3
1458,6105,22:52:00,0,15.00,0,0.1900,0.0128,0.0173,0.0059,1,REST-S,1,3,3
1458,6106,22:52:30,0,14.00,0,0.1700,0.0042,0.0173,0.0059,0,REST-S,1,3,3
1458,6107,22:53:00,0,1.00,0,0.1700,0.0042,0.0173,0.0059,0,REST-S,1,3,3
1458,6108,22:53:30,0,0.00,0,0.1700,0.0042,0.0173,0.0059,0,REST-S,1,3,3
1458,6109,22:54:00,0,11.00,0,0.1700,0.0042,0.0173,0.0059,0,REST-S,1,3,3
1458,6110,22:54:30,0,1.00,0,0.1700,0.0042,0.0173,0.0059,0,REST-S,1,3,3
1458,6111,22:55:00,0,12.00,0,0.1700,0.0042,0.0173,0.0059,0,REST-S,1,3,3
1458,6112,22:55:30,0,1.00,0,0.1700,0.0042,0.0173,0.0059,0,REST-S,1,3,3
1458,6113,22:56:00,0,0.00,0,0.1700,0.0042,0.0173,0.0059,0,REST-S,1,3,3
1458,6114,22:56:30,0,7.00,0,0.1700,0.0042,0.0173,0.0059,0,REST-S,1,3,3
1458,6115,22:57:00,0,0.00,0,0.1700,0.0042,0.0173,0.0059,0,REST-S,1,3,3
1458,6116,22:57:30,0,10.00,0,0.1900,0.0128,0.0173,0.0059,0,REST-S,1,3,3
1458,6117,22:58:00,0,8.00,0,0.1700,0.0042,0.0173,0.0059,0,REST-S,1,3,3
1458,6118,22:58:30,0,1.00,0,0.1900,0.0128,0.0173,0.0059,0,REST-S,1,3,3
1458,6119,22:59:00,0,23.00,0,0.1700,0.0042,0.0173,0.0059,1,REST-S,1,3,3
1458,6120,22:59:30,0,0.00,0,0.1900,0.0128,0.0173,0.0059,0,REST-S,1,3,3
1458,6121,23:00:00,0,0.00,0,0.1700,0.0042,0.0173,0.0059,0,REST-S,1,3,3
1458,6122,23:00:30,0,1.00,0,0.1700,0.0042,0.0173,0.0059,0,REST-S,1,3,3
1458,6123,23:01:00,0,0.00,0,0.1700,0.0042,0.0173,0.0059,0,REST-S,1,3,3
1458,6124,23:01:30,0,0.00,0,0.1700,0.0042,0.0173,0.0059,0,REST-S,1,3,3
1458,6125,23:02:00,0,0.00,0,0.1700,0.0042,0.0173,0.0059,0,REST-S,1,3,3
1458,6126,23:02:30,0,13.00,0,0.1700,0.0042,0.0173,0.0059,0,REST-S,1,3,3
1458,6127,23:03:00,0,2.00,0,0.1700,0.0042,0.0173,0.0059,0,REST-S,1,3,3
1458,6128,23:03:30,0,7.00,0,0.1900,0.0128,0.0173,0.0059,0,REST-S,1,3,3
1458,6129,23:04:00,0,14.00,0,0.1700,0.0042,0.0173,0.0059,1,REST-S,1,3,3
1458,6130,23:04:30,0,19.00,0,0.1700,0.0042,0.0173,0.0059,1,REST-S,1,3,3
1458,6131,23:05:00,0,228.00,0,0.1700,0.0042,0.0173,0.0059,1,REST-S,1,3,3
1458,6132,23:05:30,0,0.00,0,0.1700,0.0042,0.0173,0.0059,1,REST-S,1,3,3
1458,6133,23:06:00,0,1.00,0,0.1900,0.0128,0.0173,0.0059,1,REST-S,1,3,3
1458,6134,23:06:30,0,0.00,0,0.1700,0.0042,0.0173,0.0059,0,REST-S,1,3,3
1458,6135,23:07:00,0,0.00,0,0.1900,0.0128,0.0173,0.0059,0,REST-S,1,3,3
1458,6136,23:07:30,0,0.00,0,0.1900,0.0128,0.0173,0.0059,0,REST-S,1,3,3
1458,6137,23:08:00,0,0.00,0,0.1900,0.0128,0.0173,0.0059,0,REST-S,1,3,3
1458,6138,23:08:30,0,1.00,0,0.1700,0.0042,0.0173,0.0059,0,REST-S,1,3,3
1458,6139,23:09:00,0,0.00,0,0.1900,0.0128,0.0173,0.0059,0,REST-S,1,3,3
1458,6140,23:09:30,0,0.00,0,0.1700,0.0042,0.0173,0.0059,0,REST-S,1,3,3
1458,6141,23:10:00,0,0.00,0,0.1900,0.0128,0.0173,0.0059,0,REST-S,1,3,3
1458,6142,23:10:30,0,0.00,0,0.1700,0.0042,0.0173,0.0059,0,REST-S,1,3,3
1458,6143,23:11:00,0,0.00,0,0.1700,0.0042,0.0173,0.0059,0,REST-S,1,3,3
1458,6144,23:11:30,0,0.00,0,0.1700,0.0042,0.0173,0.0059,0,REST-S,1,3,3
1458,6145,23:12:00,0,0.00,0,0.1700,0.0042,0.0173,0.0059,0,REST-S,1,3,3
1458,6146,23:12:30,0,0.00,0,0.1700,0.0042,0.0173,0.0059,0,REST-S,1,3,3
1458,6147,23:13:00,0,0.00,0,0.1700,0.0042,0.0173,0.0059,0,REST-S,1,3,3
1458,6148,23:13:30,0,0.00,0,0.1700,0.0042,0.0173,0.0059,0,REST-S,1,3,3
1458,6149,23:14:00,0,0.00,0,0.1700,0.0042,0.0173,0.0059,0,REST-S,1,3,3
1458,6150,23:14:30,0,0.00,0,0.1700,0.0042,0.0173,0.0059,0,REST-S,1,3,3
1458,6151,23:15:00,0,0.00,0,0.1700,0.0042,0.0173,0.0059,0,REST-S,1,3,3
1458,6152,23:15:30,0,0.00,0,0.1700,0.0042,0.0173,0.0059,0,REST-S,1,3,3
1458,6153,23:16:00,0,0.00,0,0.1700,0.0042,0.0173,0.0059,0,REST-S,1,3,3
1458,6154,23:16:30,0,0.00,0,0.1700,0.0042,0.0173,0.0059,0,REST-S,1,3,3
1458,6155,23:17:00,0,0.00,0,0.1700,0.0042,0.0173,0.0059,0,REST-S,1,3,3
1458,6156,23:17:30,0,0.00,0,0.1700,0.0042,0.0173,0.0059,0,REST-S,1,3,3
1458,6157,23:18:00,0,0.00,0,0.1700,0.0042,0.0173,0.0059,0,REST-S,1,3,3
1458,6158,23:18:30,0,0.00,0,0.1700,0.0042,0.0173,0.0059,0,REST-S,1,3,3
1458,6159,23:19:00,0,1.00,0,0.1700,0.0042,0.0173,0.0059,0,REST-S,1,3,3
1458,6160,23:19:30,0,0.00,0,0.1700,0.0042,0.0173,0.0059,1,REST-S,1,3,3
1458,6161,23:20:00,0,80.00,0,0.1700,0.0042,0.0173,0.0059,1,REST-S,1,3,3
1458,6162,23:20:30,0,137.00,0,0.0200,0.0049,0.0000,0.0059,1,REST-S,1,3,3
1458,6163,23:21:00,0,34.00,0,0.1700,0.0042,0.0173,0.0059,1,REST-S,1,3,3
1458,6164,23:21:30,0,0.00,0,0.1700,0.0042,0.0173,0.0059,0,REST-S,1,3,3
1458,6165,23:22:00,0,0.00,0,0.1700,0.0042,0.0173,0.0059,0,REST-S,1,3,3
1458,6166,23:22:30,0,0.00,0,0.1700,0.0042,0.0173,0.0059,0,REST-S,1,3,3
1458,6167,23:23:00,0,0.00,0,0.1700,0.0042,0.0173,0.0059,0,REST-S,1,3,3
1458,6168,23:23:30,0,0.00,0,0.1700,0.0042,0.0173,0.0059,0,REST-S,1,3,3
1458,6169,23:24:00,0,0.00,0,0.1700,0.0042,0.0173,0.0059,0,REST-S,1,3,3
1458,6170,23:24:30,0,0.00,0,0.1700,0.0042,0.0173,0.0059,0,REST-S,1,3,3
1458,6171,23:25:00,0,0.00,0,0.1700,0.0042,0.0173,0.0059,0,REST-S,1,3,3
1458,6172,23:25:30,0,0.00,0,0.1700,0.0042,0.0173,0.0059,0,REST-S,1,3,3
1458,6173,23:26:00,0,0.00,0,0.1700,0.0042,0.0173,0.0059,0,REST-S,1,3,3
1458,6174,23:26:30,0,0.00,0,0.1700,0.0042,0.0173,0.0059,0,REST-S,1,3,3
1458,6175,23:27:00,0,0.00,0,0.1900,0.0128,0.0173,0.0059,0,REST-S,1,3,3
1458,6176,23:27:30,0,0.00,0,0.1700,0.0042,0.0173,0.0059,0,REST-S,1,3,3
1458,6177,23:28:00,0,0.00,0,0.1700,0.0042,0.0173,0.0059,0,REST-S,1,3,3
1458,6178,23:28:30,0,0.00,0,0.1700,0.0042,0.0173,0.0059,0,REST-S,1,3,3
1458,6179,23:29:00,0,0.00,0,0.1900,0.0128,0.0173,0.0059,0,REST-S,1,3,3
1458,6180,23:29:30,0,0.00,0,0.1700,0.0042,0.0173,0.0059,0,REST-S,1,3,3
1458,6181,23:30:00,0,0.00,0,0.1700,0.0042,0.0173,0.0059,0,REST-S,1,3,3
1458,6182,23:30:30,0,0.00,0,0.1700,0.0042,0.0173,0.0059,0,REST-S,1,3,3
1458,6183,23:31:00,0,0.00,0,0.1700,0.0042,0.0173,0.0059,0,REST-S,1,3,3
1458,6184,23:31:30,0,0.00,0,0.1700,0.0042,0.0173,0.0059,0,REST-S,1,3,3
1458,6185,23:32:00,0,0.00,0,0.1700,0.0042,0.0173,0.0059,0,REST-S,1,3,3
1458,6186,23:32:30,0,0.00,0,0.1700,0.0042,0.0173,0.0059,0,REST-S,1,3,3
1458,6187,23:33:00,0,0.00,0,0.1700,0.0042,0.0173,0.0059,0,REST-S,1,3,3
1458,6188,23:33:30,0,0.00,0,0.1700,0.0042,0.0173,0.0059,0,REST-S,1,3,3
1458,6189,23:34:00,0,0.00,0,0.1700,0.0042,0.0173,0.0059,0,REST-S,1,3,3
1458,6190,23:34:30,0,0.00,0,0.1700,0.0042,0.0173,0.0059,0,REST-S,1,3,3
1458,6191,23:35:00,0,0.00,0,0.1700,0.0042,0.0173,0.0059,0,REST-S,1,3,3
1458,6192,23:35:30,0,0.00,0,0.1700,0.0042,0.0173,0.0059,0,REST-S,1,3,3
1458,6193,23:36:00,0,0.00,0,0.1700,0.0042,0.0173,0.0059,0,REST-S,1,3,3
1458,6194,23:36:30,0,0.00,0,0.1700,0.0042,0.0173,0.0059,0,REST-S,1,3,3
1458,6195,23:37:00,0,0.00,0,0.1700,0.0042,0.0173,0.0059,0,REST-S,1,3,3
1458,6196,23:37:30,0,0.00,0,0.1700,0.0042,0.0173,0.0059,0,REST-S,1,3,3
1458,6197,23:38:00,0,0.00,0,0.1700,0.0042,0.0173,0.0059,0,REST-S,1,3,3
1458,6198,23:38:30,0,0.00,0,0.1700,0.0042,0.0173,0.0059,0,REST-S,1,3,3
1458,6199,23:39:00,0,0.00,0,0.1700,0.0042,0.0173,0.0059,0,REST-S,1,3,3
1458,6200,23:39:30,0,0.00,0,0.1700,0.0042,0.0173,0.0059,0,REST-S,1,3,3
1458,6201,23:40:00,0,0.00,0,0.1700,0.0042,0.0173,0.0059,0,REST-S,1,3,3
1458,6202,23:40:30,0,0.00,0,0.1700,0.0042,0.0173,0.0059,0,REST-S,1,3,3
1458,6203,23:41:00,0,0.00,0,0.1700,0.0042,0.0173,0.0059,0,REST-S,1,3,3
1458,6204,23:41:30,0,0.00,0,0.1700,0.0042,0.0173,0.0059,0,REST-S,1,3,3
1458,6205,23:42:00,0,0.00,0,0.1700,0.0042,0.0173,0.0059,0,REST-S,1,3,3
1458,6206,23:42:30,0,0.00,0,0.1700,0.0042,0.0173,0.0059,0,REST-S,1,3,3
1458,6207,23:43:00,0,0.00,0,0.1700,0.0042,0.0173,0.0059,0,REST-S,1,3,3
1458,6208,23:43:30,0,0.00,0,0.1700,0.0042,0.0173,0.0059,0,REST-S,1,3,3
1458,6209,23:44:00,0,0.00,0,0.1700,0.0042,0.0173,0.0059,0,REST-S,1,3,3
1458,6210,23:44:30,0,0.00,0,0.1700,0.0042,0.0173,0.0059,0,REST-S,1,3,3
1458,6211,23:45:00,0,0.00,0,0.1700,0.0042,0.0173,0.0059,0,REST-S,1,3,3
1458,6212,23:45:30,0,3.00,0,0.1700,0.0042,0.0173,0.0059,0,REST-S,1,3,3
1458,6213,23:46:00,0,0.00,0,0.1700,0.0042,0.0173,0.0059,0,REST-S,1,3,3
1458,6214,23:46:30,0,0.00,0,0.1700,0.0042,0.0173,0.0059,0,REST-S,1,3,3
1458,6215,23:47:00,0,0.00,0,0.1700,0.0042,0.0173,0.0059,0,REST-S,1,3,3
1458,6216,23:47:30,0,0.00,0,0.1700,0.0042,0.0173,0.0059,0,REST-S,1,3,3
1458,6217,23:48:00,0,0.00,0,0.1700,0.0042,0.0173,0.0059,0,REST-S,1,3,3
1458,6218,23:48:30,0,73.00,0,0.0400,0.0146,0.0000,0.0059,1,REST-S,1,3,3
1458,6219,23:49:00,0,0.00,0,0.1900,0.0128,0.0173,0.0059,0,REST-S,1,3,3
1458,6220,23:49:30,0,0.00,0,0.1700,0.0042,0.0173,0.0059,0,REST-S,1,3,3
1458,6221,23:50:00,0,0.00,0,0.1700,0.0042,0.0173,0.0059,0,REST-S,1,3,3
1458,6222,23:50:30,0,0.00,0,0.1700,0.0042,0.0173,0.0059,0,REST-S,1,3,3
1458,6223,23:51:00,0,0.00,0,0.1700,0.0042,0.0173,0.0059,0,REST-S,1,3,3
1458,6224,23:51:30,0,0.00,0,0.1700,0.0042,0.0173,0.0059,0,REST-S,1,3,3
1458,6225,23:52:00,0,0.00,0,0.1700,0.0042,0.0173,0.0059,0,REST-S,1,3,3
1458,6226,23:52:30,0,0.00,0,0.1700,0.0042,0.0173,0.0059,0,REST-S,1,3,3
1458,6227,23:53:00,0,0.00,0,0.1700,0.0042,0.0173,0.0059,0,REST-S,1,3,3
1458,6228,23:53:30,0,0.00,0,0.1900,0.0128,0.0173,0.0059,0,REST-S,1,3,3
1458,6229,23:54:00,0,0.00,0,0.1700,0.0042,0.0173,0.0059,0,REST-S,1,3,3
1458,6230,23:54:30,0,0.00,0,0.1700,0.0042,0.0173,0.0059,0,REST-S,1,3,3
1458,6231,23:55:00,0,0.00,0,0.1700,0.0042,0.0173,0.0059,0,REST-S,1,3,3
1458,6232,23:55:30,0,0.00,0,0.1700,0.0042,0.0173,0.0059,0,REST-S,1,3,3
1458,6233,23:56:00,0,0.00,0,0.1700,0.0042,0.0173,0.0059,0,REST-S,1,3,3
1458,6234,23:56:30,0,0.00,0,0.1900,0.0128,0.0173,0.0059,0,REST-S,1,3,3
1458,6235,23:57:00,0,0.00,0,0.1700,0.0042,0.0173,0.0059,0,REST-S,1,3,3
1458,6236,23:57:30,0,0.00,0,0.1700,0.0042,0.0173,0.0059,0,REST-S,1,3,3
1458,6237,23:58:00,0,0.00,0,0.1900,0.0128,0.0173,0.0059,0,REST-S,1,3,3
1458,6238,23:58:30,0,0.00,0,0.1900,0.0128,0.0173,0.0059,0,REST-S,1,3,3
1458,6239,23:59:00,0,0.00,0,0.1700,0.0042,0.0173,0.0059,0,REST-S,1,3,3
1458,6240,23:59:30,0,8.00,0,0.1700,0.0042,0.0173,0.0059,0,REST-S,1,3,3
1458,6241,0:00:00,0,0.00,0,0.1700,0.0042,0.0173,0.0059,0,REST-S,2,4,3
1458,6242,0:00:30,0,96.00,0,0.1700,0.0042,0.0173,0.0059,1,REST-S,2,4,3
1458,6243,0:01:00,0,34.00,0,0.1900,0.0128,0.0173,0.0059,1,REST-S,2,4,3
1458,6244,0:01:30,0,0.00,0,0.1900,0.0128,0.0173,0.0059,0,REST-S,2,4,3
1458,6245,0:02:00,0,0.00,0,0.1700,0.0042,0.0173,0.0059,0,REST-S,2,4,3
1458,6246,0:02:30,0,0.00,0,0.1900,0.0128,0.0173,0.0059,0,REST-S,2,4,3
1458,6247,0:03:00,0,0.00,0,0.1700,0.0042,0.0173,0.0059,0,REST-S,2,4,3
1458,6248,0:03:30,0,0.00,0,0.1900,0.0128,0.0173,0.0059,0,REST-S,2,4,3
1458,6249,0:04:00,0,0.00,0,0.1900,0.0128,0.0173,0.0059,0,REST-S,2,4,3
1458,6250,0:04:30,0,0.00,0,0.1700,0.0042,0.0173,0.0059,0,REST-S,2,4,3
1458,6251,0:05:00,0,0.00,0,0.1900,0.0128,0.0173,0.0059,0,REST-S,2,4,3
1458,6252,0:05:30,0,0.00,0,0.1700,0.0042,0.0173,0.0059,0,REST-S,2,4,3
1458,6253,0:06:00,0,0.00,0,0.1700,0.0042,0.0173,0.0059,0,REST-S,2,4,3
1458,6254,0:06:30,0,0.00,0,0.1700,0.0042,0.0173,0.0059,0,REST-S,2,4,3
1458,6255,0:07:00,0,0.00,0,0.1900,0.0128,0.0173,0.0059,0,REST-S,2,4,3
1458,6256,0:07:30,0,0.00,0,0.1900,0.0128,0.0173,0.0059,0,REST-S,2,4,3
1458,6257,0:08:00,0,0.00,0,0.1700,0.0042,0.0173,0.0059,0,REST-S,2,4,3
1458,6258,0:08:30,0,0.00,0,0.1900,0.0128,0.0173,0.0059,0,REST-S,2,4,3
1458,6259,0:09:00,0,0.00,0,0.1700,0.0042,0.0173,0.0059,0,REST-S,2,4,3
1458,6260,0:09:30,0,0.00,0,0.1900,0.0128,0.0173,0.0059,0,REST-S,2,4,3
1458,6261,0:10:00,0,0.00,0,0.1700,0.0042,0.0173,0.0059,0,REST-S,2,4,3
1458,6262,0:10:30,0,0.00,0,0.1900,0.0128,0.0173,0.0059,0,REST-S,2,4,3
1458,6263,0:11:00,0,0.00,0,0.1900,0.0128,0.0173,0.0059,0,REST-S,2,4,3
1458,6264,0:11:30,0,21.00,0,0.1700,0.0042,0.0173,0.0059,1,REST-S,2,4,3
1458,6265,0:12:00,0,0.00,0,0.1700,0.0042,0.0173,0.0059,1,REST-S,2,4,3
1458,6266,0:12:30,0,193.00,0,0.1200,0.0042,0.0125,0.0000,1,REST-S,2,4,3
1458,6267,0:13:00,0,57.00,0,0.1700,0.0042,0.0173,0.0059,1,REST-S,2,4,3
1458,6268,0:13:30,0,0.00,0,0.1700,0.0042,0.0173,0.0059,1,REST-S,2,4,3
1458,6269,0:14:00,0,11.00,0,0.1700,0.0042,0.0173,0.0059,1,REST-S,2,4,3
1458,6270,0:14:30,0,9.00,0,0.1700,0.0042,0.0173,0.0059,0,REST-S,2,4,3
1458,6271,0:15:00,0,0.00,0,0.1700,0.0042,0.0173,0.0059,0,REST-S,2,4,3
1458,6272,0:15:30,0,1.00,0,0.1700,0.0042,0.0173,0.0059,0,REST-S,2,4,3
1458,6273,0:16:00,0,0.00,0,0.1700,0.0042,0.0173,0.0059,0,REST-S,2,4,3
1458,6274,0:16:30,0,0.00,0,0.1700,0.0042,0.0173,0.0059,0,REST-S,2,4,3
1458,6275,0:17:00,0,3.00,0,0.1700,0.0042,0.0173,0.0059,0,REST-S,2,4,3
1458,6276,0:17:30,0,0.00,0,0.1700,0.0042,0.0173,0.0059,0,REST-S,2,4,3
1458,6277,0:18:00,0,0.00,0,0.1700,0.0042,0.0173,0.0059,0,REST-S,2,4,3
1458,6278,0:18:30,0,0.00,0,0.1700,0.0042,0.0173,0.0059,0,REST-S,2,4,3
1458,6279,0:19:00,0,0.00,0,0.1700,0.0042,0.0173,0.0059,0,REST-S,2,4,3
1458,6280,0:19:30,0,0.00,0,0.1900,0.0128,0.0173,0.0059,0,REST-S,2,4,3
1458,6281,0:20:00,0,0.00,0,0.1700,0.0042,0.0173,0.0059,0,REST-S,2,4,3
1458,6282,0:20:30,0,0.00,0,0.1700,0.0042,0.0173,0.0059,0,REST-S,2,4,3
1458,6283,0:21:00,0,0.00,0,0.1700,0.0042,0.0173,0.0059,0,REST-S,2,4,3
1458,6284,0:21:30,0,0.00,0,0.1900,0.0128,0.0173,0.0059,0,REST-S,2,4,3
1458,6285,0:22:00,0,0.00,0,0.1700,0.0042,0.0173,0.0059,0,REST-S,2,4,3
1458,6286,0:22:30,0,0.00,0,0.1900,0.0128,0.0173,0.0059,0,REST-S,2,4,3
1458,6287,0:23:00,0,0.00,0,0.1900,0.0128,0.0173,0.0059,0,REST-S,2,4,3
1458,6288,0:23:30,0,0.00,0,0.1900,0.0128,0.0173,0.0059,0,REST-S,2,4,3
1458,6289,0:24:00,0,0.00,0,0.1900,0.0128,0.0173,0.0059,0,REST-S,2,4,3
1458,6290,0:24:30,0,0.00,0,0.1700,0.0042,0.0173,0.0059,0,REST-S,2,4,3
1458,6291,0:25:00,0,0.00,0,0.1900,0.0128,0.0173,0.0059,0,REST-S,2,4,3
1458,6292,0:25:30,0,0.00,0,0.1900,0.0128,0.0173,0.0059,0,REST-S,2,4,3
1458,6293,0:26:00,0,0.00,0,0.1900,0.0128,0.0173,0.0059,0,REST-S,2,4,3
1458,6294,0:26:30,0,0.00,0,0.1700,0.0042,0.0173,0.0059,0,REST-S,2,4,3
1458,6295,0:27:00,0,1.00,0,0.1700,0.0042,0.0173,0.0059,0,REST-S,2,4,3
1458,6296,0:27:30,0,0.00,0,0.1900,0.0128,0.0173,0.0059,0,REST-S,2,4,3
1458,6297,0:28:00,0,1.00,0,0.1900,0.0128,0.0173,0.0059,0,REST-S,2,4,3
1458,6298,0:28:30,0,0.00,0,0.1900,0.0128,0.0173,0.0059,0,REST-S,2,4,3
1458,6299,0:29:00,0,0.00,0,0.1900,0.0128,0.0173,0.0059,0,REST-S,2,4,3
1458,6300,0:29:30,0,0.00,0,0.1700,0.0042,0.0173,0.0059,0,REST-S,2,4,3
1458,6301,0:30:00,0,0.00,0,0.1900,0.0128,0.0173,0.0059,0,REST-S,2,4,3
1458,6302,0:30:30,0,0.00,0,0.1900,0.0128,0.0173,0.0059,0,REST-S,2,4,3
1458,6303,0:31:00,0,0.00,0,0.1900,0.0128,0.0173,0.0059,0,REST-S,2,4,3
1458,6304,0:31:30,0,0.00,0,0.1900,0.0128,0.0173,0.0059,0,REST-S,2,4,3
1458,6305,0:32:00,0,0.00,0,0.1900,0.0128,0.0173,0.0059,0,REST-S,2,4,3
1458,6306,0:32:30,0,0.00,0,0.1900,0.0128,0.0173,0.0059,0,REST-S,2,4,3
1458,6307,0:33:00,0,0.00,0,0.1900,0.0128,0.0173,0.0059,0,REST-S,2,4,3
1458,6308,0:33:30,0,0.00,0,0.1900,0.0128,0.0173,0.0059,0,REST-S,2,4,3
1458,6309,0:34:00,0,0.00,0,0.1900,0.0128,0.0173,0.0059,0,REST-S,2,4,3
1458,6310,0:34:30,0,0.00,0,0.1700,0.0042,0.0173,0.0059,0,REST-S,2,4,3
1458,6311,0:35:00,0,0.00,0,0.1900,0.0128,0.0173,0.0059,0,REST-S,2,4,3
1458,6312,0:35:30,0,0.00,0,0.1900,0.0128,0.0173,0.0059,0,REST-S,2,4,3
1458,6313,0:36:00,0,0.00,0,0.1900,0.0128,0.0173,0.0059,0,REST-S,2,4,3
1458,6314,0:36:30,0,0.00,0,0.1900,0.0128,0.0173,0.0059,0,REST-S,2,4,3
1458,6315,0:37:00,0,63.00,0,0.1700,0.0042,0.0173,0.0059,1,REST-S,2,4,3
1458,6316,0:37:30,0,0.00,0,0.1900,0.0128,0.0173,0.0059,0,REST-S,2,4,3
1458,6317,0:38:00,0,0.00,0,0.1900,0.0128,0.0173,0.0059,0,REST-S,2,4,3
1458,6318,0:38:30,0,0.00,0,0.1900,0.0128,0.0173,0.0059,0,REST-S,2,4,3
1458,6319,0:39:00,0,0.00,0,0.1700,0.0042,0.0173,0.0059,0,REST-S,2,4,3
1458,6320,0:39:30,0,0.00,0,0.1900,0.0128,0.0173,0.0059,0,REST-S,2,4,3
1458,6321,0:40:00,0,0.00,0,0.1900,0.0128,0.0173,0.0059,0,REST-S,2,4,3
1458,6322,0:40:30,0,0.00,0,0.1900,0.0128,0.0173,0.0059,0,REST-S,2,4,3
1458,6323,0:41:00,0,0.00,0,0.1900,0.0128,0.0173,0.0059,0,REST-S,2,4,3
1458,6324,0:41:30,0,0.00,0,0.1900,0.0128,0.0173,0.0059,0,REST-S,2,4,3
1458,6325,0:42:00,0,0.00,0,0.1900,0.0128,0.0173,0.0059,0,REST-S,2,4,3
1458,6326,0:42:30,0,0.00,0,0.1900,0.0128,0.0173,0.0059,0,REST-S,2,4,3
1458,6327,0:43:00,0,0.00,0,0.1900,0.0128,0.0173,0.0059,0,REST-S,2,4,3
1458,6328,0:43:30,0,0.00,0,0.1900,0.0128,0.0173,0.0059,0,REST-S,2,4,3
1458,6329,0:44:00,0,0.00,0,0.1900,0.0128,0.0173,0.0059,0,REST-S,2,4,3
1458,6330,0:44:30,0,0.00,0,0.1900,0.0128,0.0173,0.0059,0,REST-S,2,4,3
1458,6331,0:45:00,0,0.00,0,0.1900,0.0128,0.0173,0.0059,0,REST-S,2,4,3
1458,6332,0:45:30,0,0.00,0,0.1900,0.0128,0.0173,0.0059,0,REST-S,2,4,3
1458,6333,0:46:00,0,3.00,0,0.1700,0.0042,0.0173,0.0059,0,REST-S,2,4,3
1458,6334,0:46:30,0,46.00,0,0.1900,0.0128,0.0173,0.0059,1,REST-S,2,4,3
1458,6335,0:47:00,0,0.00,0,0.1900,0.0128,0.0173,0.0059,0,REST-S,2,4,3
1458,6336,0:47:30,0,0.00,0,0.1900,0.0128,0.0173,0.0059,0,REST-S,2,4,3
1458,6337,0:48:00,0,5.00,0,0.1900,0.0128,0.0173,0.0059,0,REST-S,2,4,3
1458,6338,0:48:30,0,0.00,0,0.1900,0.0128,0.0173,0.0059,0,REST-S,2,4,3
1458,6339,0:49:00,0,0.00,0,0.1900,0.0128,0.0173,0.0059,0,REST-S,2,4,3
1458,6340,0:49:30,0,0.00,0,0.1900,0.0128,0.0173,0.0059,0,REST-S,2,4,3
1458,6341,0:50:00,0,0.00,0,0.1900,0.0128,0.0173,0.0059,0,REST-S,2,4,3
1458,6342,0:50:30,0,0.00,0,0.1900,0.0128,0.0173,0.0059,0,REST-S,2,4,3
1458,6343,0:51:00,0,0.00,0,0.1900,0.0128,0.0173,0.0059,0,REST-S,2,4,3
1458,6344,0:51:30,0,0.00,0,0.1900,0.0128,0.0173,0.0059,0,REST-S,2,4,3
1458,6345,0:52:00,0,0.00,0,0.1900,0.0128,0.0173,0.0059,0,REST-S,2,4,3
1458,6346,0:52:30,0,0.00,0,0.1900,0.0128,0.0173,0.0059,0,REST-S,2,4,3
1458,6347,0:53:00,0,0.00,0,0.1900,0.0128,0.0173,0.0059,0,REST-S,2,4,3
1458,6348,0:53:30,0,0.00,0,0.1900,0.0128,0.0173,0.0059,0,REST-S,2,4,3
1458,6349,0:54:00,0,0.00,0,0.1900,0.0128,0.0173,0.0059,0,REST-S,2,4,3
1458,6350,0:54:30,0,0.00,0,0.1900,0.0128,0.0173,0.0059,0,REST-S,2,4,3
1458,6351,0:55:00,0,0.00,0,0.1900,0.0128,0.0173,0.0059,0,REST-S,2,4,3
1458,6352,0:55:30,0,0.00,0,0.1900,0.0128,0.0173,0.0059,0,REST-S,2,4,3
1458,6353,0:56:00,0,0.00,0,0.1900,0.0128,0.0173,0.0059,0,REST-S,2,4,3
1458,6354,0:56:30,0,0.00,0,0.1900,0.0128,0.0173,0.0059,0,REST-S,2,4,3
1458,6355,0:57:00,0,0.00,0,0.1900,0.0128,0.0173,0.0059,0,REST-S,2,4,3
1458,6356,0:57:30,0,0.00,0,0.1900,0.0128,0.0173,0.0059,0,REST-S,2,4,3
1458,6357,0:58:00,0,0.00,0,0.1900,0.0128,0.0173,0.0059,0,REST-S,2,4,3
1458,6358,0:58:30,0,0.00,0,0.1900,0.0128,0.0173,0.0059,0,REST-S,2,4,3
1458,6359,0:59:00,0,0.00,0,0.1900,0.0128,0.0173,0.0059,0,REST-S,2,4,3
1458,6360,0:59:30,0,0.00,0,0.1900,0.0128,0.0173,0.0059,0,REST-S,2,4,3
1458,6361,1:00:00,0,0.00,0,0.1900,0.0128,0.0173,0.0059,0,REST-S,2,4,3
1458,6362,1:00:30,0,0.00,0,0.1900,0.0128,0.0173,0.0059,0,REST-S,2,4,3
1458,6363,1:01:00,0,0.00,0,0.1700,0.0042,0.0173,0.0059,0,REST-S,2,4,3
1458,6364,1:01:30,0,0.00,0,0.1700,0.0042,0.0173,0.0059,0,REST-S,2,4,3
1458,6365,1:02:00,0,0.00,0,0.1900,0.0128,0.0173,0.0059,0,REST-S,2,4,3
1458,6366,1:02:30,0,0.00,0,0.1900,0.0128,0.0173,0.0059,0,REST-S,2,4,3
1458,6367,1:03:00,0,0.00,0,0.1900,0.0128,0.0173,0.0059,0,REST-S,2,4,3
1458,6368,1:03:30,0,0.00,0,0.1900,0.0128,0.0173,0.0059,0,REST-S,2,4,3
1458,6369,1:04:00,0,0.00,0,0.1900,0.0128,0.0173,0.0059,0,REST-S,2,4,3
1458,6370,1:04:30,0,0.00,0,0.1900,0.0128,0.0173,0.0059,0,REST-S,2,4,3
1458,6371,1:05:00,0,0.00,0,0.1900,0.0128,0.0173,0.0059,0,REST-S,2,4,3
1458,6372,1:05:30,0,0.00,0,0.1900,0.0128,0.0173,0.0059,0,REST-S,2,4,3
1458,6373,1:06:00,0,0.00,0,0.1900,0.0128,0.0173,0.0059,0,REST-S,2,4,3
1458,6374,1:06:30,0,0.00,0,0.1900,0.0128,0.0173,0.0059,0,REST-S,2,4,3
1458,6375,1:07:00,0,0.00,0,0.1900,0.0128,0.0173,0.0059,0,REST-S,2,4,3
1458,6376,1:07:30,0,0.00,0,0.1900,0.0128,0.0173,0.0059,0,REST-S,2,4,3
1458,6377,1:08:00,0,0.00,0,0.1900,0.0128,0.0173,0.0059,0,REST-S,2,4,3
1458,6378,1:08:30,0,0.00,0,0.1900,0.0128,0.0173,0.0059,0,REST-S,2,4,3
1458,6379,1:09:00,0,0.00,0,0.1900,0.0128,0.0173,0.0059,0,REST-S,2,4,3
1458,6380,1:09:30,0,0.00,0,0.1900,0.0128,0.0173,0.0059,0,REST-S,2,4,3
1458,6381,1:10:00,0,0.00,0,0.1900,0.0128,0.0173,0.0059,0,REST-S,2,4,3
1458,6382,1:10:30,0,0.00,0,0.1900,0.0128,0.0173,0.0059,0,REST-S,2,4,3
1458,6383,1:11:00,0,0.00,0,0.1900,0.0128,0.0173,0.0059,0,REST-S,2,4,3
1458,6384,1:11:30,0,0.00,0,0.1900,0.0128,0.0173,0.0059,0,REST-S,2,4,3
1458,6385,1:12:00,0,0.00,0,0.1900,0.0128,0.0173,0.0059,0,REST-S,2,4,3
1458,6386,1:12:30,0,0.00,0,0.1900,0.0128,0.0173,0.0059,0,REST-S,2,4,3
1458,6387,1:13:00,0,0.00,0,0.1900,0.0128,0.0173,0.0059,0,REST-S,2,4,3
1458,6388,1:13:30,0,0.00,0,0.1900,0.0128,0.0173,0.0059,0,REST-S,2,4,3
1458,6389,1:14:00,0,0.00,0,0.1900,0.0128,0.0173,0.0059,0,REST-S,2,4,3
1458,6390,1:14:30,0,0.00,0,0.1900,0.0128,0.0173,0.0059,1,REST-S,2,4,3
1458,6391,1:15:00,0,0.00,0,0.1900,0.0128,0.0173,0.0059,1,REST-S,2,4,3
1458,6392,1:15:30,0,193.00,0,0.0400,0.0146,0.0000,0.0059,1,REST-S,2,4,3
1458,6393,1:16:00,0,0.00,0,0.1900,0.0128,0.0173,0.0059,1,REST-S,2,4,3
1458,6394,1:16:30,0,106.00,0,0.1900,0.0128,0.0173,0.0059,1,REST-S,2,4,3
1458,6395,1:17:00,0,0.00,0,0.1900,0.0128,0.0173,0.0059,1,REST-S,2,4,3
1458,6396,1:17:30,0,251.00,0,0.1900,0.0128,0.0173,0.0059,1,REST-S,2,4,3
1458,6397,1:18:00,0,206.00,0,0.1900,0.0128,0.0173,0.0059,1,REST-S,2,4,3
1458,6398,1:18:30,0,19.00,0,3.0200,0.6600,0.1760,0.0162,1,REST-S,2,4,3
1458,6399,1:19:00,0,179.00,0,33.1400,4.6400,2.5800,0.2490,1,REST-S,2,4,3
1458,6400,1:19:30,0,259.00,0,0.1900,0.0128,0.0173,0.0059,1,REST-S,2,4,3
1458,6401,1:20:00,0,0.00,0,0.1700,0.0042,0.0173,0.0059,1,REST-S,2,4,3
1458,6402,1:20:30,0,96.00,0,0.1900,0.0128,0.0173,0.0059,1,REST-S,2,4,3
1458,6403,1:21:00,0,0.00,0,0.1900,0.0128,0.0173,0.0059,0,REST-S,2,4,3
1458,6404,1:21:30,0,0.00,0,0.1700,0.0042,0.0173,0.0059,0,REST-S,2,4,3
1458,6405,1:22:00,0,0.00,0,0.1700,0.0042,0.0173,0.0059,0,REST-S,2,4,3
1458,6406,1:22:30,0,0.00,0,0.1700,0.0042,0.0173,0.0059,0,REST-S,2,4,3
1458,6407,1:23:00,0,0.00,0,0.1700,0.0042,0.0173,0.0059,0,REST-S,2,4,3
1458,6408,1:23:30,0,0.00,0,0.1700,0.0042,0.0173,0.0059,0,REST-S,2,4,3
1458,6409,1:24:00,0,0.00,0,0.1700,0.0042,0.0173,0.0059,0,REST-S,2,4,3
1458,6410,1:24:30,0,0.00,0,0.1700,0.0042,0.0173,0.0059,0,REST-S,2,4,3
1458,6411,1:25:00,0,0.00,0,0.1700,0.0042,0.0173,0.0059,0,REST-S,2,4,3
1458,6412,1:25:30,0,0.00,0,0.1700,0.0042,0.0173,0.0059,0,REST-S,2,4,3
1458,6413,1:26:00,0,0.00,0,0.1900,0.0128,0.0173,0.0059,0,REST-S,2,4,3
1458,6414,1:26:30,0,0.00,0,0.1700,0.0042,0.0173,0.0059,0,REST-S,2,4,3
1458,6415,1:27:00,0,0.00,0,0.1900,0.0128,0.0173,0.0059,0,REST-S,2,4,3
1458,6416,1:27:30,0,0.00,0,0.1700,0.0042,0.0173,0.0059,0,REST-S,2,4,3
1458,6417,1:28:00,0,0.00,0,0.1700,0.0042,0.0173,0.0059,0,REST-S,2,4,3
1458,6418,1:28:30,0,0.00,0,0.1700,0.0042,0.0173,0.0059,0,REST-S,2,4,3
1458,6419,1:29:00,0,0.00,0,0.1700,0.0042,0.0173,0.0059,0,REST-S,2,4,3
1458,6420,1:29:30,0,0.00,0,0.1700,0.0042,0.0173,0.0059,0,REST-S,2,4,3
1458,6421,1:30:00,0,0.00,0,0.1900,0.0128,0.0173,0.0059,0,REST-S,2,4,3
1458,6422,1:30:30,0,0.00,0,0.1700,0.0042,0.0173,0.0059,0,REST-S,2,4,3
1458,6423,1:31:00,0,0.00,0,0.1900,0.0128,0.0173,0.0059,0,REST-S,2,4,3
1458,6424,1:31:30,0,0.00,0,0.1700,0.0042,0.0173,0.0059,0,REST-S,2,4,3
1458,6425,1:32:00,0,0.00,0,0.1900,0.0128,0.0173,0.0059,0,REST-S,2,4,3
1458,6426,1:32:30,0,0.00,0,0.1700,0.0042,0.0173,0.0059,0,REST-S,2,4,3
1458,6427,1:33:00,0,0.00,0,0.1700,0.0042,0.0173,0.0059,0,REST-S,2,4,3
1458,6428,1:33:30,0,0.00,0,0.1700,0.0042,0.0173,0.0059,0,REST-S,2,4,3
1458,6429,1:34:00,0,0.00,0,0.1700,0.0042,0.0173,0.0059,0,REST-S,2,4,3
1458,6430,1:34:30,0,0.00,0,0.1700,0.0042,0.0173,0.0059,0,REST-S,2,4,3
1458,6431,1:35:00,0,0.00,0,0.1700,0.0042,0.0173,0.0059,0,REST-S,2,4,3
1458,6432,1:35:30,0,0.00,0,0.1700,0.0042,0.0173,0.0059,0,REST-S,2,4,3
1458,6433,1:36:00,0,0.00,0,0.1700,0.0042,0.0173,0.0059,0,REST-S,2,4,3
1458,6434,1:36:30,0,0.00,0,0.1900,0.0128,0.0173,0.0059,0,REST-S,2,4,3
1458,6435,1:37:00,0,0.00,0,0.1900,0.0128,0.0173,0.0059,0,REST-S,2,4,3
1458,6436,1:37:30,0,0.00,0,0.1700,0.0042,0.0173,0.0059,0,REST-S,2,4,3
1458,6437,1:38:00,0,0.00,0,0.1900,0.0128,0.0173,0.0059,0,REST-S,2,4,3
1458,6438,1:38:30,0,0.00,0,0.1900,0.0128,0.0173,0.0059,0,REST-S,2,4,3
1458,6439,1:39:00,0,0.00,0,0.1900,0.0128,0.0173,0.0059,0,REST-S,2,4,3
1458,6440,1:39:30,0,0.00,0,0.1700,0.0042,0.0173,0.0059,0,REST-S,2,4,3
1458,6441,1:40:00,0,0.00,0,0.1700,0.0042,0.0173,0.0059,0,REST-S,2,4,3
1458,6442,1:40:30,0,0.00,0,0.1900,0.0128,0.0173,0.0059,0,REST-S,2,4,3
1458,6443,1:41:00,0,0.00,0,0.1700,0.0042,0.0173,0.0059,0,REST-S,2,4,3
1458,6444,1:41:30,0,0.00,0,0.1700,0.0042,0.0173,0.0059,0,REST-S,2,4,3
1458,6445,1:42:00,0,0.00,0,0.1900,0.0128,0.0173,0.0059,0,REST-S,2,4,3
1458,6446,1:42:30,0,0.00,0,0.1700,0.0042,0.0173,0.0059,0,REST-S,2,4,3
1458,6447,1:43:00,0,0.00,0,0.1900,0.0128,0.0173,0.0059,0,REST-S,2,4,3
1458,6448,1:43:30,0,0.00,0,0.1700,0.0042,0.0173,0.0059,0,REST-S,2,4,3
1458,6449,1:44:00,0,0.00,0,0.1700,0.0042,0.0173,0.0059,0,REST-S,2,4,3
1458,6450,1:44:30,0,0.00,0,0.1700,0.0042,0.0173,0.0059,0,REST-S,2,4,3
1458,6451,1:45:00,0,0.00,0,0.1900,0.0128,0.0173,0.0059,0,REST-S,2,4,3
1458,6452,1:45:30,0,0.00,0,0.1900,0.0128,0.0173,0.0059,0,REST-S,2,4,3
1458,6453,1:46:00,0,0.00,0,0.1700,0.0042,0.0173,0.0059,0,REST-S,2,4,3
1458,6454,1:46:30,0,0.00,0,0.1700,0.0042,0.0173,0.0059,0,REST-S,2,4,3
1458,6455,1:47:00,0,0.00,0,0.1700,0.0042,0.0173,0.0059,0,REST-S,2,4,3
1458,6456,1:47:30,0,0.00,0,0.1700,0.0042,0.0173,0.0059,0,REST-S,2,4,3
1458,6457,1:48:00,0,0.00,0,0.1900,0.0128,0.0173,0.0059,0,REST-S,2,4,3
1458,6458,1:48:30,0,0.00,0,0.1900,0.0128,0.0173,0.0059,0,REST-S,2,4,3
1458,6459,1:49:00,0,0.00,0,0.1900,0.0128,0.0173,0.0059,0,REST-S,2,4,3
1458,6460,1:49:30,0,0.00,0,0.1900,0.0128,0.0173,0.0059,0,REST-S,2,4,3
1458,6461,1:50:00,0,0.00,0,0.1700,0.0042,0.0173,0.0059,0,REST-S,2,4,3
1458,6462,1:50:30,0,0.00,0,0.1900,0.0128,0.0173,0.0059,0,REST-S,2,4,3
1458,6463,1:51:00,0,0.00,0,0.1700,0.0042,0.0173,0.0059,0,REST-S,2,4,3
1458,6464,1:51:30,0,0.00,0,0.1900,0.0128,0.0173,0.0059,0,REST-S,2,4,3
1458,6465,1:52:00,0,0.00,0,0.1900,0.0128,0.0173,0.0059,0,REST-S,2,4,3
1458,6466,1:52:30,0,0.00,0,0.1900,0.0128,0.0173,0.0059,0,REST-S,2,4,3
1458,6467,1:53:00,0,0.00,0,0.1700,0.0042,0.0173,0.0059,0,REST-S,2,4,3
1458,6468,1:53:30,0,0.00,0,0.1900,0.0128,0.0173,0.0059,0,REST-S,2,4,3
1458,6469,1:54:00,0,0.00,0,0.1700,0.0042,0.0173,0.0059,0,REST-S,2,4,3
1458,6470,1:54:30,0,0.00,0,0.1900,0.0128,0.0173,0.0059,0,REST-S,2,4,3
1458,6471,1:55:00,0,0.00,0,0.1700,0.0042,0.0173,0.0059,0,REST-S,2,4,3
1458,6472,1:55:30,0,0.00,0,0.1900,0.0128,0.0173,0.0059,0,REST-S,2,4,3
1458,6473,1:56:00,0,0.00,0,0.1700,0.0042,0.0173,0.0059,0,REST-S,2,4,3
1458,6474,1:56:30,0,0.00,0,0.1700,0.0042,0.0173,0.0059,0,REST-S,2,4,3
1458,6475,1:57:00,0,0.00,0,0.1900,0.0128,0.0173,0.0059,0,REST-S,2,4,3
1458,6476,1:57:30,0,0.00,0,0.1700,0.0042,0.0173,0.0059,0,REST-S,2,4,3
1458,6477,1:58:00,0,0.00,0,0.1900,0.0128,0.0173,0.0059,0,REST-S,2,4,3
1458,6478,1:58:30,0,0.00,0,0.1900,0.0128,0.0173,0.0059,0,REST-S,2,4,3
1458,6479,1:59:00,0,0.00,0,0.1900,0.0128,0.0173,0.0059,0,REST-S,2,4,3
1458,6480,1:59:30,0,0.00,0,0.1900,0.0128,0.0173,0.0059,0,REST-S,2,4,3
1458,6481,2:00:00,0,0.00,0,0.1900,0.0128,0.0173,0.0059,0,REST-S,2,4,3
1458,6482,2:00:30,0,0.00,0,0.1900,0.0128,0.0173,0.0059,0,REST-S,2,4,3
1458,6483,2:01:00,0,0.00,0,0.1900,0.0128,0.0173,0.0059,0,REST-S,2,4,3
1458,6484,2:01:30,0,96.00,0,0.0100,0.0049,0.0000,0.0000,1,REST-S,2,4,3
1458,6485,2:02:00,0,1.00,0,0.1900,0.0128,0.0173,0.0059,0,REST-S,2,4,3
1458,6486,2:02:30,0,19.00,0,0.1900,0.0128,0.0173,0.0059,1,REST-S,2,4,3
1458,6487,2:03:00,0,35.00,0,0.1900,0.0128,0.0173,0.0059,1,REST-S,2,4,3
1458,6488,2:03:30,0,199.00,0,0.1400,0.0128,0.0125,0.0000,1,REST-S,2,4,3
1458,6489,2:04:00,0,1.00,0,0.1900,0.0128,0.0173,0.0059,1,REST-S,2,4,3
1458,6490,2:04:30,0,0.00,0,0.1700,0.0042,0.0173,0.0059,1,REST-S,2,4,3
1458,6491,2:05:00,0,33.00,0,0.1900,0.0128,0.0173,0.0059,1,REST-S,2,4,3
1458,6492,2:05:30,0,0.00,0,0.1700,0.0042,0.0173,0.0059,0,REST-S,2,4,3
1458,6493,2:06:00,0,0.00,0,0.1700,0.0042,0.0173,0.0059,0,REST-S,2,4,3
1458,6494,2:06:30,0,0.00,0,0.1900,0.0128,0.0173,0.0059,0,REST-S,2,4,3
1458,6495,2:07:00,0,0.00,0,0.1700,0.0042,0.0173,0.0059,0,REST-S,2,4,3
1458,6496,2:07:30,0,0.00,0,0.1900,0.0128,0.0173,0.0059,0,REST-S,2,4,3
1458,6497,2:08:00,0,0.00,0,0.1700,0.0042,0.0173,0.0059,0,REST-S,2,4,3
1458,6498,2:08:30,0,0.00,0,0.1700,0.0042,0.0173,0.0059,0,REST-S,2,4,3
1458,6499,2:09:00,0,0.00,0,0.1700,0.0042,0.0173,0.0059,0,REST-S,2,4,3
1458,6500,2:09:30,0,0.00,0,0.1700,0.0042,0.0173,0.0059,0,REST-S,2,4,3
1458,6501,2:10:00,0,0.00,0,0.1700,0.0042,0.0173,0.0059,0,REST-S,2,4,3
1458,6502,2:10:30,0,0.00,0,0.1700,0.0042,0.0173,0.0059,0,REST-S,2,4,3
1458,6503,2:11:00,0,0.00,0,0.1700,0.0042,0.0173,0.0059,0,REST-S,2,4,3
1458,6504,2:11:30,0,0.00,0,0.1700,0.0042,0.0173,0.0059,0,REST-S,2,4,3
1458,6505,2:12:00,0,0.00,0,0.1700,0.0042,0.0173,0.0059,0,REST-S,2,4,3
1458,6506,2:12:30,0,0.00,0,0.1700,0.0042,0.0173,0.0059,0,REST-S,2,4,3
1458,6507,2:13:00,0,0.00,0,0.1700,0.0042,0.0173,0.0059,0,REST-S,2,4,3
1458,6508,2:13:30,0,0.00,0,0.1700,0.0042,0.0173,0.0059,0,REST-S,2,4,3
1458,6509,2:14:00,0,0.00,0,0.1700,0.0042,0.0173,0.0059,0,REST-S,2,4,3
1458,6510,2:14:30,0,0.00,0,0.1700,0.0042,0.0173,0.0059,0,REST-S,2,4,3
1458,6511,2:15:00,0,0.00,0,0.1700,0.0042,0.0173,0.0059,0,REST-S,2,4,3
1458,6512,2:15:30,0,0.00,0,0.1700,0.0042,0.0173,0.0059,0,REST-S,2,4,3
1458,6513,2:16:00,0,0.00,0,0.1700,0.0042,0.0173,0.0059,0,REST-S,2,4,3
1458,6514,2:16:30,0,0.00,0,0.1700,0.0042,0.0173,0.0059,0,REST-S,2,4,3
1458,6515,2:17:00,0,0.00,0,0.1700,0.0042,0.0173,0.0059,0,REST-S,2,4,3
1458,6516,2:17:30,0,0.00,0,0.1700,0.0042,0.0173,0.0059,0,REST-S,2,4,3
1458,6517,2:18:00,0,0.00,0,0.1700,0.0042,0.0173,0.0059,0,REST-S,2,4,3
1458,6518,2:18:30,0,0.00,0,0.1700,0.0042,0.0173,0.0059,0,REST-S,2,4,3
1458,6519,2:19:00,0,0.00,0,0.1700,0.0042,0.0173,0.0059,0,REST-S,2,4,3
1458,6520,2:19:30,0,0.00,0,0.1700,0.0042,0.0173,0.0059,0,REST-S,2,4,3
1458,6521,2:20:00,0,0.00,0,0.1700,0.0042,0.0173,0.0059,0,REST-S,2,4,3
1458,6522,2:20:30,0,0.00,0,0.1700,0.0042,0.0173,0.0059,0,REST-S,2,4,3
1458,6523,2:21:00,0,0.00,0,0.1700,0.0042,0.0173,0.0059,0,REST-S,2,4,3
1458,6524,2:21:30,0,0.00,0,0.1700,0.0042,0.0173,0.0059,0,REST-S,2,4,3
1458,6525,2:22:00,0,0.00,0,0.1700,0.0042,0.0173,0.0059,0,REST-S,2,4,3
1458,6526,2:22:30,0,0.00,0,0.1700,0.0042,0.0173,0.0059,0,REST-S,2,4,3
1458,6527,2:23:00,0,0.00,0,0.1700,0.0042,0.0173,0.0059,0,REST-S,2,4,3
1458,6528,2:23:30,0,0.00,0,0.1700,0.0042,0.0173,0.0059,0,REST-S,2,4,3
1458,6529,2:24:00,0,0.00,0,0.1700,0.0042,0.0173,0.0059,0,REST-S,2,4,3
1458,6530,2:24:30,0,0.00,0,0.1200,0.0042,0.0125,0.0000,0,REST-S,2,4,3
1458,6531,2:25:00,0,0.00,0,0.1700,0.0042,0.0173,0.0059,0,REST-S,2,4,3
1458,6532,2:25:30,0,0.00,0,0.1700,0.0042,0.0173,0.0059,0,REST-S,2,4,3
1458,6533,2:26:00,0,0.00,0,0.1200,0.0042,0.0125,0.0000,0,REST-S,2,4,3
1458,6534,2:26:30,0,0.00,0,0.1700,0.0042,0.0173,0.0059,0,REST-S,2,4,3
1458,6535,2:27:00,0,0.00,0,0.1700,0.0042,0.0173,0.0059,0,REST-S,2,4,3
1458,6536,2:27:30,0,0.00,0,0.1700,0.0042,0.0173,0.0059,0,REST-S,2,4,3
1458,6537,2:28:00,0,0.00,0,0.1700,0.0042,0.0173,0.0059,0,REST-S,2,4,3
1458,6538,2:28:30,0,0.00,0,0.1700,0.0042,0.0173,0.0059,0,REST-S,2,4,3
1458,6539,2:29:00,0,0.00,0,0.1700,0.0042,0.0173,0.0059,0,REST-S,2,4,3
1458,6540,2:29:30,0,0.00,0,0.1700,0.0042,0.0173,0.0059,0,REST-S,2,4,3
1458,6541,2:30:00,0,0.00,0,0.1700,0.0042,0.0173,0.0059,0,REST-S,2,4,3
1458,6542,2:30:30,0,0.00,0,0.1700,0.0042,0.0173,0.0059,0,REST-S,2,4,3
1458,6543,2:31:00,0,0.00,0,0.1700,0.0042,0.0173,0.0059,0,REST-S,2,4,3
1458,6544,2:31:30,0,0.00,0,0.1700,0.0042,0.0173,0.0059,0,REST-S,2,4,3
1458,6545,2:32:00,0,0.00,0,0.1200,0.0042,0.0125,0.0000,0,REST-S,2,4,3
1458,6546,2:32:30,0,0.00,0,0.1700,0.0042,0.0173,0.0059,0,REST-S,2,4,3
1458,6547,2:33:00,0,0.00,0,0.1700,0.0042,0.0173,0.0059,0,REST-S,2,4,3
1458,6548,2:33:30,0,0.00,0,0.1700,0.0042,0.0173,0.0059,0,REST-S,2,4,3
1458,6549,2:34:00,0,0.00,0,0.1700,0.0042,0.0173,0.0059,0,REST-S,2,4,3
1458,6550,2:34:30,0,0.00,0,0.1700,0.0042,0.0173,0.0059,0,REST-S,2,4,3
1458,6551,2:35:00,0,0.00,0,0.1700,0.0042,0.0173,0.0059,0,REST-S,2,4,3
1458,6552,2:35:30,0,0.00,0,0.1700,0.0042,0.0173,0.0059,0,REST-S,2,4,3
1458,6553,2:36:00,0,0.00,0,0.1700,0.0042,0.0173,0.0059,0,REST-S,2,4,3
1458,6554,2:36:30,0,0.00,0,0.1700,0.0042,0.0173,0.0059,0,REST-S,2,4,3
1458,6555,2:37:00,0,0.00,0,0.1700,0.0042,0.0173,0.0059,0,REST-S,2,4,3
1458,6556,2:37:30,0,0.00,0,0.1700,0.0042,0.0173,0.0059,0,REST-S,2,4,3
1458,6557,2:38:00,0,0.00,0,0.1700,0.0042,0.0173,0.0059,0,REST-S,2,4,3
1458,6558,2:38:30,0,0.00,0,0.1700,0.0042,0.0173,0.0059,0,REST-S,2,4,3
1458,6559,2:39:00,0,0.00,0,0.1700,0.0042,0.0173,0.0059,0,REST-S,2,4,3
1458,6560,2:39:30,0,0.00,0,0.1700,0.0042,0.0173,0.0059,0,REST-S,2,4,3
1458,6561,2:40:00,0,0.00,0,0.1700,0.0042,0.0173,0.0059,0,REST-S,2,4,3
1458,6562,2:40:30,0,0.00,0,0.1700,0.0042,0.0173,0.0059,0,REST-S,2,4,3
1458,6563,2:41:00,0,0.00,0,0.1700,0.0042,0.0173,0.0059,0,REST-S,2,4,3
1458,6564,2:41:30,0,0.00,0,0.1700,0.0042,0.0173,0.0059,0,REST-S,2,4,3
1458,6565,2:42:00,0,0.00,0,0.1700,0.0042,0.0173,0.0059,0,REST-S,2,4,3
1458,6566,2:42:30,0,0.00,0,0.1700,0.0042,0.0173,0.0059,0,REST-S,2,4,3
1458,6567,2:43:00,0,0.00,0,0.1700,0.0042,0.0173,0.0059,0,REST-S,2,4,3
1458,6568,2:43:30,0,0.00,0,0.1700,0.0042,0.0173,0.0059,0,REST-S,2,4,3
1458,6569,2:44:00,0,0.00,0,0.1700,0.0042,0.0173,0.0059,0,REST-S,2,4,3
1458,6570,2:44:30,0,0.00,0,0.1700,0.0042,0.0173,0.0059,0,REST-S,2,4,3
1458,6571,2:45:00,0,0.00,0,0.1700,0.0042,0.0173,0.0059,0,REST-S,2,4,3
1458,6572,2:45:30,0,0.00,0,0.1700,0.0042,0.0173,0.0059,0,REST-S,2,4,3
1458,6573,2:46:00,0,0.00,0,0.1700,0.0042,0.0173,0.0059,0,REST-S,2,4,3
1458,6574,2:46:30,0,0.00,0,0.1700,0.0042,0.0173,0.0059,0,REST-S,2,4,3
1458,6575,2:47:00,0,0.00,0,0.1700,0.0042,0.0173,0.0059,0,REST-S,2,4,3
1458,6576,2:47:30,0,0.00,0,0.1700,0.0042,0.0173,0.0059,0,REST-S,2,4,3
1458,6577,2:48:00,0,0.00,0,0.1700,0.0042,0.0173,0.0059,0,REST-S,2,4,3
1458,6578,2:48:30,0,0.00,0,0.1700,0.0042,0.0173,0.0059,0,REST-S,2,4,3
1458,6579,2:49:00,0,0.00,0,0.1700,0.0042,0.0173,0.0059,0,REST-S,2,4,3
1458,6580,2:49:30,0,0.00,0,0.1700,0.0042,0.0173,0.0059,0,REST-S,2,4,3
1458,6581,2:50:00,0,0.00,0,0.1700,0.0042,0.0173,0.0059,0,REST-S,2,4,3
1458,6582,2:50:30,0,0.00,0,0.1700,0.0042,0.0173,0.0059,0,REST-S,2,4,3
1458,6583,2:51:00,0,0.00,0,0.1700,0.0042,0.0173,0.0059,0,REST-S,2,4,3
1458,6584,2:51:30,0,8.00,0,0.1700,0.0042,0.0173,0.0059,0,REST-S,2,4,3
1458,6585,2:52:00,0,1.00,0,0.1700,0.0042,0.0173,0.0059,0,REST-S,2,4,3
1458,6586,2:52:30,0,0.00,0,0.1200,0.0042,0.0125,0.0000,0,REST-S,2,4,3
1458,6587,2:53:00,0,0.00,0,0.1700,0.0042,0.0173,0.0059,0,REST-S,2,4,3
1458,6588,2:53:30,0,0.00,0,0.1700,0.0042,0.0173,0.0059,0,REST-S,2,4,3
1458,6589,2:54:00,0,0.00,0,0.1700,0.0042,0.0173,0.0059,0,REST-S,2,4,3
1458,6590,2:54:30,0,0.00,0,0.1700,0.0042,0.0173,0.0059,0,REST-S,2,4,3
1458,6591,2:55:00,0,0.00,0,0.1700,0.0042,0.0173,0.0059,0,REST-S,2,4,3
1458,6592,2:55:30,0,0.00,0,0.1700,0.0042,0.0173,0.0059,0,REST-S,2,4,3
1458,6593,2:56:00,0,0.00,0,0.1700,0.0042,0.0173,0.0059,0,REST-S,2,4,3
1458,6594,2:56:30,0,0.00,0,0.1700,0.0042,0.0173,0.0059,0,REST-S,2,4,3
1458,6595,2:57:00,0,0.00,0,0.1700,0.0042,0.0173,0.0059,0,REST-S,2,4,3
1458,6596,2:57:30,0,0.00,0,0.1700,0.0042,0.0173,0.0059,0,REST-S,2,4,3
1458,6597,2:58:00,0,0.00,0,0.1700,0.0042,0.0173,0.0059,0,REST-S,2,4,3
1458,6598,2:58:30,0,0.00,0,0.1700,0.0042,0.0173,0.0059,0,REST-S,2,4,3
1458,6599,2:59:00,0,0.00,0,0.1700,0.0042,0.0173,0.0059,0,REST-S,2,4,3
1458,6600,2:59:30,0,0.00,0,0.1700,0.0042,0.0173,0.0059,0,REST-S,2,4,3
1458,6601,3:00:00,0,0.00,0,0.1700,0.0042,0.0173,0.0059,0,REST-S,2,4,3
1458,6602,3:00:30,0,0.00,0,0.1700,0.0042,0.0173,0.0059,0,REST-S,2,4,3
1458,6603,3:01:00,0,0.00,0,0.1700,0.0042,0.0173,0.0059,0,REST-S,2,4,3
1458,6604,3:01:30,0,0.00,0,0.1700,0.0042,0.0173,0.0059,0,REST-S,2,4,3
1458,6605,3:02:00,0,0.00,0,0.1700,0.0042,0.0173,0.0059,0,REST-S,2,4,3
1458,6606,3:02:30,0,0.00,0,0.1700,0.0042,0.0173,0.0059,0,REST-S,2,4,3
1458,6607,3:03:00,0,0.00,0,0.1700,0.0042,0.0173,0.0059,0,REST-S,2,4,3
1458,6608,3:03:30,0,0.00,0,0.1700,0.0042,0.0173,0.0059,0,REST-S,2,4,3
1458,6609,3:04:00,0,0.00,0,0.1700,0.0042,0.0173,0.0059,0,REST-S,2,4,3
1458,6610,3:04:30,0,0.00,0,0.1700,0.0042,0.0173,0.0059,0,REST-S,2,4,3
1458,6611,3:05:00,0,0.00,0,0.1700,0.0042,0.0173,0.0059,0,REST-S,2,4,3
1458,6612,3:05:30,0,0.00,0,0.1700,0.0042,0.0173,0.0059,0,REST-S,2,4,3
1458,6613,3:06:00,0,0.00,0,0.1700,0.0042,0.0173,0.0059,0,REST-S,2,4,3
1458,6614,3:06:30,0,0.00,0,0.1700,0.0042,0.0173,0.0059,0,REST-S,2,4,3
1458,6615,3:07:00,0,0.00,0,0.1700,0.0042,0.0173,0.0059,0,REST-S,2,4,3
1458,6616,3:07:30,0,0.00,0,0.1700,0.0042,0.0173,0.0059,0,REST-S,2,4,3
1458,6617,3:08:00,0,0.00,0,0.1700,0.0042,0.0173,0.0059,0,REST-S,2,4,3
1458,6618,3:08:30,0,0.00,0,0.1700,0.0042,0.0173,0.0059,0,REST-S,2,4,3
1458,6619,3:09:00,0,0.00,0,0.1700,0.0042,0.0173,0.0059,0,REST-S,2,4,3
1458,6620,3:09:30,0,0.00,0,0.1700,0.0042,0.0173,0.0059,0,REST-S,2,4,3
1458,6621,3:10:00,0,0.00,0,0.1700,0.0042,0.0173,0.0059,0,REST-S,2,4,3
1458,6622,3:10:30,0,0.00,0,0.1700,0.0042,0.0173,0.0059,0,REST-S,2,4,3
1458,6623,3:11:00,0,0.00,0,0.1700,0.0042,0.0173,0.0059,0,REST-S,2,4,3
1458,6624,3:11:30,0,0.00,0,0.1700,0.0042,0.0173,0.0059,0,REST-S,2,4,3
1458,6625,3:12:00,0,0.00,0,0.1700,0.0042,0.0173,0.0059,0,REST-S,2,4,3
1458,6626,3:12:30,0,0.00,0,0.1700,0.0042,0.0173,0.0059,0,REST-S,2,4,3
1458,6627,3:13:00,0,0.00,0,0.1700,0.0042,0.0173,0.0059,0,REST-S,2,4,3
1458,6628,3:13:30,0,0.00,0,0.1700,0.0042,0.0173,0.0059,0,REST-S,2,4,3
1458,6629,3:14:00,0,0.00,0,0.1700,0.0042,0.0173,0.0059,0,REST-S,2,4,3
1458,6630,3:14:30,0,0.00,0,0.1700,0.0042,0.0173,0.0059,0,REST-S,2,4,3
1458,6631,3:15:00,0,0.00,0,0.1700,0.0042,0.0173,0.0059,0,REST-S,2,4,3
1458,6632,3:15:30,0,0.00,0,0.1700,0.0042,0.0173,0.0059,0,REST-S,2,4,3
1458,6633,3:16:00,0,0.00,0,0.1700,0.0042,0.0173,0.0059,0,REST-S,2,4,3
1458,6634,3:16:30,0,0.00,0,0.1700,0.0042,0.0173,0.0059,0,REST-S,2,4,3
1458,6635,3:17:00,0,0.00,0,0.1700,0.0042,0.0173,0.0059,0,REST-S,2,4,3
1458,6636,3:17:30,0,0.00,0,0.1700,0.0042,0.0173,0.0059,0,REST-S,2,4,3
1458,6637,3:18:00,0,0.00,0,0.1700,0.0042,0.0173,0.0059,0,REST-S,2,4,3
1458,6638,3:18:30,0,0.00,0,0.1700,0.0042,0.0173,0.0059,0,REST-S,2,4,3
1458,6639,3:19:00,0,0.00,0,0.1700,0.0042,0.0173,0.0059,0,REST-S,2,4,3
1458,6640,3:19:30,0,0.00,0,0.1700,0.0042,0.0173,0.0059,0,REST-S,2,4,3
1458,6641,3:20:00,0,0.00,0,0.1700,0.0042,0.0173,0.0059,0,REST-S,2,4,3
1458,6642,3:20:30,0,0.00,0,0.1700,0.0042,0.0173,0.0059,0,REST-S,2,4,3
1458,6643,3:21:00,0,0.00,0,0.1700,0.0042,0.0173,0.0059,0,REST-S,2,4,3
1458,6644,3:21:30,0,73.00,0,0.1700,0.0042,0.0173,0.0059,1,REST-S,2,4,3
1458,6645,3:22:00,0,0.00,0,0.1700,0.0042,0.0173,0.0059,0,REST-S,2,4,3
1458,6646,3:22:30,0,0.00,0,0.1700,0.0042,0.0173,0.0059,0,REST-S,2,4,3
1458,6647,3:23:00,0,0.00,0,0.1700,0.0042,0.0173,0.0059,0,REST-S,2,4,3
1458,6648,3:23:30,0,0.00,0,0.1700,0.0042,0.0173,0.0059,0,REST-S,2,4,3
1458,6649,3:24:00,0,0.00,0,0.1200,0.0042,0.0125,0.0000,0,REST-S,2,4,3
1458,6650,3:24:30,0,0.00,0,0.1700,0.0042,0.0173,0.0059,0,REST-S,2,4,3
1458,6651,3:25:00,0,0.00,0,0.1700,0.0042,0.0173,0.0059,0,REST-S,2,4,3
1458,6652,3:25:30,0,0.00,0,0.1700,0.0042,0.0173,0.0059,0,REST-S,2,4,3
1458,6653,3:26:00,0,0.00,0,0.1700,0.0042,0.0173,0.0059,0,REST-S,2,4,3
1458,6654,3:26:30,0,0.00,0,0.1700,0.0042,0.0173,0.0059,0,REST-S,2,4,3
1458,6655,3:27:00,0,0.00,0,0.1700,0.0042,0.0173,0.0059,0,REST-S,2,4,3
1458,6656,3:27:30,0,0.00,0,0.1700,0.0042,0.0173,0.0059,0,REST-S,2,4,3
1458,6657,3:28:00,0,0.00,0,0.1700,0.0042,0.0173,0.0059,0,REST-S,2,4,3
1458,6658,3:28:30,0,0.00,0,0.1700,0.0042,0.0173,0.0059,0,REST-S,2,4,3
1458,6659,3:29:00,0,0.00,0,0.1700,0.0042,0.0173,0.0059,0,REST-S,2,4,3
1458,6660,3:29:30,0,0.00,0,0.1700,0.0042,0.0173,0.0059,0,REST-S,2,4,3
1458,6661,3:30:00,0,0.00,0,0.1700,0.0042,0.0173,0.0059,0,REST-S,2,4,3
1458,6662,3:30:30,0,0.00,0,0.1700,0.0042,0.0173,0.0059,0,REST-S,2,4,3
1458,6663,3:31:00,0,0.00,0,0.1700,0.0042,0.0173,0.0059,0,REST-S,2,4,3
1458,6664,3:31:30,0,0.00,0,0.1700,0.0042,0.0173,0.0059,0,REST-S,2,4,3
1458,6665,3:32:00,0,0.00,0,0.1700,0.0042,0.0173,0.0059,0,REST-S,2,4,3
1458,6666,3:32:30,0,0.00,0,0.1700,0.0042,0.0173,0.0059,0,REST-S,2,4,3
1458,6667,3:33:00,0,0.00,0,0.1700,0.0042,0.0173,0.0059,0,REST-S,2,4,3
1458,6668,3:33:30,0,0.00,0,0.1700,0.0042,0.0173,0.0059,0,REST-S,2,4,3
1458,6669,3:34:00,0,0.00,0,0.1700,0.0042,0.0173,0.0059,0,REST-S,2,4,3
1458,6670,3:34:30,0,0.00,0,0.1700,0.0042,0.0173,0.0059,0,REST-S,2,4,3
1458,6671,3:35:00,0,0.00,0,0.1700,0.0042,0.0173,0.0059,0,REST-S,2,4,3
1458,6672,3:35:30,0,0.00,0,0.1700,0.0042,0.0173,0.0059,0,REST-S,2,4,3
1458,6673,3:36:00,0,0.00,0,0.1700,0.0042,0.0173,0.0059,0,REST-S,2,4,3
1458,6674,3:36:30,0,0.00,0,0.1700,0.0042,0.0173,0.0059,0,REST-S,2,4,3
1458,6675,3:37:00,0,2.00,0,0.1700,0.0042,0.0173,0.0059,0,REST-S,2,4,3
1458,6676,3:37:30,0,13.00,0,0.1700,0.0042,0.0173,0.0059,0,REST-S,2,4,3
1458,6677,3:38:00,0,0.00,0,0.1700,0.0042,0.0173,0.0059,0,REST-S,2,4,3
1458,6678,3:38:30,0,0.00,0,0.1700,0.0042,0.0173,0.0059,0,REST-S,2,4,3
1458,6679,3:39:00,0,0.00,0,0.1700,0.0042,0.0173,0.0059,0,REST-S,2,4,3
1458,6680,3:39:30,0,0.00,0,0.1700,0.0042,0.0173,0.0059,0,REST-S,2,4,3
1458,6681,3:40:00,0,0.00,0,0.1700,0.0042,0.0173,0.0059,0,REST-S,2,4,3
1458,6682,3:40:30,0,0.00,0,0.1700,0.0042,0.0173,0.0059,0,REST-S,2,4,3
1458,6683,3:41:00,0,61.00,0,0.1700,0.0042,0.0173,0.0059,1,REST-S,2,4,3
1458,6684,3:41:30,0,0.00,0,0.1700,0.0042,0.0173,0.0059,1,REST-S,2,4,3
1458,6685,3:42:00,0,220.00,0,0.1700,0.0042,0.0173,0.0059,1,REST-S,2,4,3
1458,6686,3:42:30,0,0.00,0,0.1700,0.0042,0.0173,0.0059,1,REST-S,2,4,3
1458,6687,3:43:00,0,0.00,0,0.1700,0.0042,0.0173,0.0059,1,REST-S,2,4,3
1458,6688,3:43:30,0,0.00,0,0.1700,0.0042,0.0173,0.0059,0,REST-S,2,4,3
1458,6689,3:44:00,0,0.00,0,0.1700,0.0042,0.0173,0.0059,0,REST-S,2,4,3
1458,6690,3:44:30,0,68.00,0,0.1700,0.0042,0.0173,0.0059,1,REST-S,2,4,3
1458,6691,3:45:00,0,50.00,0,0.1700,0.0042,0.0173,0.0059,1,REST-S,2,4,3
1458,6692,3:45:30,0,0.00,0,0.1700,0.0042,0.0173,0.0059,1,REST-S,2,4,3
1458,6693,3:46:00,0,179.00,0,0.1700,0.0042,0.0173,0.0059,1,REST-S,2,4,3
1458,6694,3:46:30,0,80.00,0,0.1700,0.0042,0.0173,0.0059,1,REST-S,2,4,3
1458,6695,3:47:00,0,0.00,0,0.1700,0.0042,0.0173,0.0059,1,REST-S,2,4,3
1458,6696,3:47:30,0,1.00,0,0.1700,0.0042,0.0173,0.0059,0,REST-S,2,4,3
1458,6697,3:48:00,0,0.00,0,0.1900,0.0128,0.0173,0.0059,0,REST-S,2,4,3
1458,6698,3:48:30,0,0.00,0,0.1900,0.0128,0.0173,0.0059,0,REST-S,2,4,3
1458,6699,3:49:00,0,0.00,0,0.1700,0.0042,0.0173,0.0059,0,REST-S,2,4,3
1458,6700,3:49:30,0,0.00,0,0.1700,0.0042,0.0173,0.0059,0,REST-S,2,4,3
1458,6701,3:50:00,0,0.00,0,0.1700,0.0042,0.0173,0.0059,0,REST-S,2,4,3
1458,6702,3:50:30,0,0.00,0,0.1700,0.0042,0.0173,0.0059,0,REST-S,2,4,3
1458,6703,3:51:00,0,0.00,0,0.1700,0.0042,0.0173,0.0059,0,REST-S,2,4,3
1458,6704,3:51:30,0,0.00,0,0.1700,0.0042,0.0173,0.0059,0,REST-S,2,4,3
1458,6705,3:52:00,0,0.00,0,0.1700,0.0042,0.0173,0.0059,0,REST-S,2,4,3
1458,6706,3:52:30,0,0.00,0,0.1700,0.0042,0.0173,0.0059,0,REST-S,2,4,3
1458,6707,3:53:00,0,0.00,0,0.1700,0.0042,0.0173,0.0059,0,REST-S,2,4,3
1458,6708,3:53:30,0,0.00,0,0.1700,0.0042,0.0173,0.0059,0,REST-S,2,4,3
1458,6709,3:54:00,0,0.00,0,0.1700,0.0042,0.0173,0.0059,1,REST-S,2,4,3
1458,6710,3:54:30,0,110.00,0,0.1700,0.0042,0.0173,0.0059,1,REST-S,2,4,3
1458,6711,3:55:00,0,179.00,0,0.1700,0.0042,0.0173,0.0059,1,REST-S,2,4,3
1458,6712,3:55:30,0,44.00,0,0.1700,0.0042,0.0173,0.0059,1,REST-S,2,4,3
1458,6713,3:56:00,0,5.00,0,0.1700,0.0042,0.0173,0.0059,1,REST-S,2,4,3
1458,6714,3:56:30,0,0.00,0,0.1700,0.0042,0.0173,0.0059,0,REST-S,2,4,3
1458,6715,3:57:00,0,0.00,0,0.1700,0.0042,0.0173,0.0059,0,REST-S,2,4,3
1458,6716,3:57:30,0,0.00,0,0.1700,0.0042,0.0173,0.0059,0,REST-S,2,4,3
1458,6717,3:58:00,0,0.00,0,0.1700,0.0042,0.0173,0.0059,0,REST-S,2,4,3
1458,6718,3:58:30,0,0.00,0,0.1700,0.0042,0.0173,0.0059,0,REST-S,2,4,3
1458,6719,3:59:00,0,0.00,0,0.1700,0.0042,0.0173,0.0059,0,REST-S,2,4,3
1458,6720,3:59:30,0,0.00,0,0.1700,0.0042,0.0173,0.0059,0,REST-S,2,4,3
1458,6721,4:00:00,0,0.00,0,0.1700,0.0042,0.0173,0.0059,0,REST-S,2,4,3
1458,6722,4:00:30,0,0.00,0,0.1700,0.0042,0.0173,0.0059,0,REST-S,2,4,3
1458,6723,4:01:00,0,0.00,0,0.1700,0.0042,0.0173,0.0059,0,REST-S,2,4,3
1458,6724,4:01:30,0,0.00,0,0.1700,0.0042,0.0173,0.0059,0,REST-S,2,4,3
1458,6725,4:02:00,0,0.00,0,0.0200,0.0049,0.0000,0.0059,0,REST-S,2,4,3
1458,6726,4:02:30,0,0.00,0,0.1700,0.0042,0.0173,0.0059,0,REST-S,2,4,3
1458,6727,4:03:00,0,0.00,0,0.1700,0.0042,0.0173,0.0059,0,REST-S,2,4,3
1458,6728,4:03:30,0,0.00,0,0.1700,0.0042,0.0173,0.0059,0,REST-S,2,4,3
1458,6729,4:04:00,0,0.00,0,0.1700,0.0042,0.0173,0.0059,0,REST-S,2,4,3
1458,6730,4:04:30,0,0.00,0,0.0200,0.0049,0.0000,0.0059,0,REST-S,2,4,3
1458,6731,4:05:00,0,0.00,0,0.1700,0.0042,0.0173,0.0059,0,REST-S,2,4,3
1458,6732,4:05:30,0,0.00,0,0.1700,0.0042,0.0173,0.0059,0,REST-S,2,4,3
1458,6733,4:06:00,0,0.00,0,0.1700,0.0042,0.0173,0.0059,0,REST-S,2,4,3
1458,6734,4:06:30,0,0.00,0,0.1700,0.0042,0.0173,0.0059,0,REST-S,2,4,3
1458,6735,4:07:00,0,0.00,0,0.1700,0.0042,0.0173,0.0059,0,REST-S,2,4,3
1458,6736,4:07:30,0,0.00,0,0.1700,0.0042,0.0173,0.0059,0,REST-S,2,4,3
1458,6737,4:08:00,0,0.00,0,0.1700,0.0042,0.0173,0.0059,0,REST-S,2,4,3
1458,6738,4:08:30,0,0.00,0,0.1700,0.0042,0.0173,0.0059,0,REST-S,2,4,3
1458,6739,4:09:00,0,0.00,0,0.1700,0.0042,0.0173,0.0059,0,REST-S,2,4,3
1458,6740,4:09:30,0,0.00,0,0.0200,0.0049,0.0000,0.0059,0,REST-S,2,4,3
1458,6741,4:10:00,0,0.00,0,0.1700,0.0042,0.0173,0.0059,0,REST-S,2,4,3
1458,6742,4:10:30,0,0.00,0,0.1700,0.0042,0.0173,0.0059,0,REST-S,2,4,3
1458,6743,4:11:00,0,0.00,0,0.1700,0.0042,0.0173,0.0059,0,REST-S,2,4,3
1458,6744,4:11:30,0,119.00,0,0.0100,0.0049,0.0000,0.0000,1,REST-S,2,4,3
1458,6745,4:12:00,0,34.00,0,0.0200,0.0049,0.0000,0.0059,1,REST-S,2,4,3
1458,6746,4:12:30,0,32.00,0,0.1700,0.0042,0.0173,0.0059,1,REST-S,2,4,3
1458,6747,4:13:00,0,0.00,0,0.1700,0.0042,0.0173,0.0059,1,REST-S,2,4,3
1458,6748,4:13:30,0,141.00,0,0.1700,0.0042,0.0173,0.0059,1,REST-S,2,4,3
1458,6749,4:14:00,0,0.00,0,0.1700,0.0042,0.0173,0.0059,0,REST-S,2,4,3
1458,6750,4:14:30,0,0.00,0,0.1700,0.0042,0.0173,0.0059,0,REST-S,2,4,3
1458,6751,4:15:00,0,0.00,0,0.0200,0.0049,0.0000,0.0059,0,REST-S,2,4,3
1458,6752,4:15:30,0,0.00,0,0.1700,0.0042,0.0173,0.0059,0,REST-S,2,4,3
1458,6753,4:16:00,0,28.00,0,0.1700,0.0042,0.0173,0.0059,1,REST-S,2,4,3
1458,6754,4:16:30,0,2.00,0,0.1700,0.0042,0.0173,0.0059,0,REST-S,2,4,3
1458,6755,4:17:00,0,0.00,0,0.1700,0.0042,0.0173,0.0059,0,REST-S,2,4,3
1458,6756,4:17:30,0,0.00,0,0.1700,0.0042,0.0173,0.0059,0,REST-S,2,4,3
1458,6757,4:18:00,0,0.00,0,0.1700,0.0042,0.0173,0.0059,0,REST-S,2,4,3
1458,6758,4:18:30,0,0.00,0,0.1700,0.0042,0.0173,0.0059,0,REST-S,2,4,3
1458,6759,4:19:00,0,0.00,0,0.1700,0.0042,0.0173,0.0059,0,REST-S,2,4,3
1458,6760,4:19:30,0,0.00,0,0.1700,0.0042,0.0173,0.0059,0,REST-S,2,4,3
1458,6761,4:20:00,0,0.00,0,0.1700,0.0042,0.0173,0.0059,0,REST-S,2,4,3
1458,6762,4:20:30,0,0.00,0,0.1700,0.0042,0.0173,0.0059,0,REST-S,2,4,3
1458,6763,4:21:00,0,0.00,0,0.1700,0.0042,0.0173,0.0059,0,REST-S,2,4,3
1458,6764,4:21:30,0,0.00,0,0.1700,0.0042,0.0173,0.0059,0,REST-S,2,4,3
1458,6765,4:22:00,0,0.00,0,0.1700,0.0042,0.0173,0.0059,0,REST-S,2,4,3
1458,6766,4:22:30,0,0.00,0,0.1700,0.0042,0.0173,0.0059,0,REST-S,2,4,3
1458,6767,4:23:00,0,0.00,0,0.1900,0.0128,0.0173,0.0059,0,REST-S,2,4,3
1458,6768,4:23:30,0,0.00,0,0.1700,0.0042,0.0173,0.0059,0,REST-S,2,4,3
1458,6769,4:24:00,0,1.00,0,0.1700,0.0042,0.0173,0.0059,0,REST-S,2,4,3
1458,6770,4:24:30,0,0.00,0,0.1700,0.0042,0.0173,0.0059,0,REST-S,2,4,3
1458,6771,4:25:00,0,0.00,0,0.1700,0.0042,0.0173,0.0059,0,REST-S,2,4,3
1458,6772,4:25:30,0,0.00,0,0.1700,0.0042,0.0173,0.0059,0,REST-S,2,4,3
1458,6773,4:26:00,0,0.00,0,0.1700,0.0042,0.0173,0.0059,0,REST-S,2,4,3
1458,6774,4:26:30,0,0.00,0,0.1700,0.0042,0.0173,0.0059,0,REST-S,2,4,3
1458,6775,4:27:00,0,0.00,0,0.1700,0.0042,0.0173,0.0059,0,REST-S,2,4,3
1458,6776,4:27:30,0,0.00,0,0.1700,0.0042,0.0173,0.0059,0,REST-S,2,4,3
1458,6777,4:28:00,0,0.00,0,0.1700,0.0042,0.0173,0.0059,0,REST-S,2,4,3
1458,6778,4:28:30,0,0.00,0,0.1700,0.0042,0.0173,0.0059,0,REST-S,2,4,3
1458,6779,4:29:00,0,0.00,0,0.1900,0.0128,0.0173,0.0059,0,REST-S,2,4,3
1458,6780,4:29:30,0,0.00,0,0.1700,0.0042,0.0173,0.0059,0,REST-S,2,4,3
1458,6781,4:30:00,0,0.00,0,0.1700,0.0042,0.0173,0.0059,0,REST-S,2,4,3
1458,6782,4:30:30,0,0.00,0,0.1700,0.0042,0.0173,0.0059,0,REST-S,2,4,3
1458,6783,4:31:00,0,0.00,0,0.1700,0.0042,0.0173,0.0059,0,REST-S,2,4,3
1458,6784,4:31:30,0,0.00,0,0.1700,0.0042,0.0173,0.0059,0,REST-S,2,4,3
1458,6785,4:32:00,0,0.00,0,0.1700,0.0042,0.0173,0.0059,0,REST-S,2,4,3
1458,6786,4:32:30,0,0.00,0,0.1900,0.0128,0.0173,0.0059,0,REST-S,2,4,3
1458,6787,4:33:00,0,0.00,0,0.1700,0.0042,0.0173,0.0059,0,REST-S,2,4,3
1458,6788,4:33:30,0,0.00,0,0.1700,0.0042,0.0173,0.0059,0,REST-S,2,4,3
1458,6789,4:34:00,0,0.00,0,0.1900,0.0128,0.0173,0.0059,0,REST-S,2,4,3
1458,6790,4:34:30,0,0.00,0,0.1700,0.0042,0.0173,0.0059,0,REST-S,2,4,3
1458,6791,4:35:00,0,0.00,0,0.1700,0.0042,0.0173,0.0059,0,REST-S,2,4,3
1458,6792,4:35:30,0,0.00,0,0.1700,0.0042,0.0173,0.0059,0,REST-S,2,4,3
1458,6793,4:36:00,0,0.00,0,0.1700,0.0042,0.0173,0.0059,0,REST-S,2,4,3
1458,6794,4:36:30,0,0.00,0,0.1700,0.0042,0.0173,0.0059,0,REST-S,2,4,3
1458,6795,4:37:00,0,0.00,0,0.1700,0.0042,0.0173,0.0059,0,REST-S,2,4,3
1458,6796,4:37:30,0,0.00,0,0.1900,0.0128,0.0173,0.0059,0,REST-S,2,4,3
1458,6797,4:38:00,0,0.00,0,0.1900,0.0128,0.0173,0.0059,0,REST-S,2,4,3
1458,6798,4:38:30,0,0.00,0,0.1700,0.0042,0.0173,0.0059,0,REST-S,2,4,3
1458,6799,4:39:00,0,0.00,0,0.1700,0.0042,0.0173,0.0059,0,REST-S,2,4,3
1458,6800,4:39:30,0,0.00,0,0.1700,0.0042,0.0173,0.0059,0,REST-S,2,4,3
1458,6801,4:40:00,0,0.00,0,0.1700,0.0042,0.0173,0.0059,0,REST-S,2,4,3
1458,6802,4:40:30,0,0.00,0,0.1700,0.0042,0.0173,0.0059,0,REST-S,2,4,3
1458,6803,4:41:00,0,0.00,0,0.1900,0.0128,0.0173,0.0059,0,REST-S,2,4,3
1458,6804,4:41:30,0,0.00,0,0.1700,0.0042,0.0173,0.0059,0,REST-S,2,4,3
1458,6805,4:42:00,0,73.00,0,0.1700,0.0042,0.0173,0.0059,1,REST-S,2,4,3
1458,6806,4:42:30,0,5.00,0,0.1700,0.0042,0.0173,0.0059,0,REST-S,2,4,3
1458,6807,4:43:00,0,0.00,0,0.1700,0.0042,0.0173,0.0059,0,REST-S,2,4,3
1458,6808,4:43:30,0,0.00,0,0.1700,0.0042,0.0173,0.0059,0,REST-S,2,4,3
1458,6809,4:44:00,0,26.00,0,0.1700,0.0042,0.0173,0.0059,1,REST-S,2,4,3
1458,6810,4:44:30,0,0.00,0,0.1700,0.0042,0.0173,0.0059,0,REST-S,2,4,3
1458,6811,4:45:00,0,0.00,0,0.1700,0.0042,0.0173,0.0059,1,REST-S,2,4,3
1458,6812,4:45:30,0,0.00,0,0.1700,0.0042,0.0173,0.0059,1,REST-S,2,4,3
1458,6813,4:46:00,0,179.00,0,0.1700,0.0042,0.0173,0.0059,1,REST-S,2,4,3
1458,6814,4:46:30,0,0.00,0,0.1700,0.0042,0.0173,0.0059,1,REST-S,2,4,3
1458,6815,4:47:00,0,20.00,0,0.1700,0.0042,0.0173,0.0059,1,REST-S,2,4,3
1458,6816,4:47:30,0,66.00,0,0.0200,0.0049,0.0000,0.0059,1,REST-S,2,4,3
1458,6817,4:48:00,0,0.00,0,0.1700,0.0042,0.0173,0.0059,0,REST-S,2,4,3
1458,6818,4:48:30,0,0.00,0,0.1700,0.0042,0.0173,0.0059,0,REST-S,2,4,3
1458,6819,4:49:00,0,0.00,0,0.1700,0.0042,0.0173,0.0059,0,REST-S,2,4,3
1458,6820,4:49:30,0,0.00,0,0.1700,0.0042,0.0173,0.0059,0,REST-S,2,4,3
1458,6821,4:50:00,0,0.00,0,0.1700,0.0042,0.0173,0.0059,0,REST-S,2,4,3
1458,6822,4:50:30,0,7.00,0,0.1700,0.0042,0.0173,0.0059,0,REST-S,2,4,3
1458,6823,4:51:00,0,0.00,0,0.1700,0.0042,0.0173,0.0059,0,REST-S,2,4,3
1458,6824,4:51:30,0,0.00,0,0.1700,0.0042,0.0173,0.0059,0,REST-S,2,4,3
1458,6825,4:52:00,0,0.00,0,0.1700,0.0042,0.0173,0.0059,0,REST-S,2,4,3
1458,6826,4:52:30,0,0.00,0,0.1700,0.0042,0.0173,0.0059,0,REST-S,2,4,3
1458,6827,4:53:00,0,0.00,0,0.1700,0.0042,0.0173,0.0059,0,REST-S,2,4,3
1458,6828,4:53:30,0,1.00,0,0.1700,0.0042,0.0173,0.0059,0,REST-S,2,4,3
1458,6829,4:54:00,0,0.00,0,0.1900,0.0128,0.0173,0.0059,0,REST-S,2,4,3
1458,6830,4:54:30,0,0.00,0,0.1700,0.0042,0.0173,0.0059,0,REST-S,2,4,3
1458,6831,4:55:00,0,0.00,0,0.1700,0.0042,0.0173,0.0059,0,REST-S,2,4,3
1458,6832,4:55:30,0,0.00,0,0.1700,0.0042,0.0173,0.0059,0,REST-S,2,4,3
1458,6833,4:56:00,0,0.00,0,0.1700,0.0042,0.0173,0.0059,0,REST-S,2,4,3
1458,6834,4:56:30,0,0.00,0,0.1700,0.0042,0.0173,0.0059,0,REST-S,2,4,3
1458,6835,4:57:00,0,0.00,0,0.1700,0.0042,0.0173,0.0059,0,REST-S,2,4,3
1458,6836,4:57:30,0,1.00,0,0.1700,0.0042,0.0173,0.0059,0,REST-S,2,4,3
1458,6837,4:58:00,0,0.00,0,0.1700,0.0042,0.0173,0.0059,0,REST-S,2,4,3
1458,6838,4:58:30,0,0.00,0,0.1700,0.0042,0.0173,0.0059,0,REST-S,2,4,3
1458,6839,4:59:00,0,0.00,0,0.1700,0.0042,0.0173,0.0059,0,REST-S,2,4,3
1458,6840,4:59:30,0,0.00,0,0.1700,0.0042,0.0173,0.0059,0,REST-S,2,4,3
1458,6841,5:00:00,0,0.00,0,0.1700,0.0042,0.0173,0.0059,1,REST-S,2,4,3
1458,6842,5:00:30,0,0.00,0,0.1700,0.0042,0.0173,0.0059,1,REST-S,2,4,3
1458,6843,5:01:00,0,251.00,0,0.1700,0.0042,0.0173,0.0059,1,REST-S,2,4,3
1458,6844,5:01:30,0,0.00,0,0.1700,0.0042,0.0173,0.0059,1,REST-S,2,4,3
1458,6845,5:02:00,0,7.00,0,0.1700,0.0042,0.0173,0.0059,1,REST-S,2,4,3
1458,6846,5:02:30,0,0.00,0,0.1700,0.0042,0.0173,0.0059,0,REST-S,2,4,3
1458,6847,5:03:00,0,3.00,0,0.1700,0.0042,0.0173,0.0059,0,REST-S,2,4,3
1458,6848,5:03:30,0,1.00,0,0.1700,0.0042,0.0173,0.0059,0,REST-S,2,4,3
1458,6849,5:04:00,0,1.00,0,0.1700,0.0042,0.0173,0.0059,0,REST-S,2,4,3
1458,6850,5:04:30,0,0.00,0,0.1700,0.0042,0.0173,0.0059,0,REST-S,2,4,3
1458,6851,5:05:00,0,0.00,0,0.1700,0.0042,0.0173,0.0059,0,REST-S,2,4,3
1458,6852,5:05:30,0,0.00,0,0.1700,0.0042,0.0173,0.0059,0,REST-S,2,4,3
1458,6853,5:06:00,0,0.00,0,0.1700,0.0042,0.0173,0.0059,0,REST-S,2,4,3
1458,6854,5:06:30,0,0.00,0,0.1700,0.0042,0.0173,0.0059,0,REST-S,2,4,3
1458,6855,5:07:00,0,0.00,0,0.1700,0.0042,0.0173,0.0059,0,REST-S,2,4,3
1458,6856,5:07:30,0,0.00,0,0.1700,0.0042,0.0173,0.0059,0,REST-S,2,4,3
1458,6857,5:08:00,0,0.00,0,0.1700,0.0042,0.0173,0.0059,0,REST-S,2,4,3
1458,6858,5:08:30,0,0.00,0,0.1700,0.0042,0.0173,0.0059,0,REST-S,2,4,3
1458,6859,5:09:00,0,0.00,0,0.1700,0.0042,0.0173,0.0059,0,REST-S,2,4,3
1458,6860,5:09:30,0,0.00,0,0.1700,0.0042,0.0173,0.0059,0,REST-S,2,4,3
1458,6861,5:10:00,0,0.00,0,0.1700,0.0042,0.0173,0.0059,0,REST-S,2,4,3
1458,6862,5:10:30,0,2.00,0,0.1700,0.0042,0.0173,0.0059,0,REST-S,2,4,3
1458,6863,5:11:00,0,0.00,0,0.1700,0.0042,0.0173,0.0059,0,REST-S,2,4,3
1458,6864,5:11:30,0,0.00,0,0.1700,0.0042,0.0173,0.0059,0,REST-S,2,4,3
1458,6865,5:12:00,0,0.00,0,0.1700,0.0042,0.0173,0.0059,0,REST-S,2,4,3
1458,6866,5:12:30,0,0.00,0,0.1700,0.0042,0.0173,0.0059,0,REST-S,2,4,3
1458,6867,5:13:00,0,0.00,0,0.1700,0.0042,0.0173,0.0059,0,REST-S,2,4,3
1458,6868,5:13:30,0,0.00,0,0.1700,0.0042,0.0173,0.0059,0,REST-S,2,4,3
1458,6869,5:14:00,0,5.00,0,0.1700,0.0042,0.0173,0.0059,1,ACTIVE,2,4,3
1458,6870,5:14:30,0,86.00,0,0.1900,0.0128,0.0173,0.0059,1,ACTIVE,2,4,3
1458,6871,5:15:00,0,212.00,0,0.1400,0.0128,0.0125,0.0000,1,ACTIVE,2,4,3
1458,6872,5:15:30,0,3.00,0,0.1700,0.0042,0.0173,0.0059,1,ACTIVE,2,4,3
1458,6873,5:16:00,0,0.00,0,0.1700,0.0042,0.0173,0.0059,1,ACTIVE,2,4,3
1458,6874,5:16:30,0,0.00,0,0.1900,0.0128,0.0173,0.0059,0,ACTIVE,2,4,3
1458,6875,5:17:00,0,0.00,0,0.1900,0.0128,0.0173,0.0059,0,ACTIVE,2,4,3
1458,6876,5:17:30,0,0.00,0,0.1700,0.0042,0.0173,0.0059,0,ACTIVE,2,4,3
1458,6877,5:18:00,0,0.00,0,0.1900,0.0128,0.0173,0.0059,0,ACTIVE,2,4,3
1458,6878,5:18:30,0,0.00,0,0.1900,0.0128,0.0173,0.0059,0,ACTIVE,2,4,3
1458,6879,5:19:00,0,0.00,0,0.1700,0.0042,0.0173,0.0059,1,ACTIVE,2,4,3
1458,6880,5:19:30,0,0.00,0,0.1700,0.0042,0.0173,0.0059,1,ACTIVE,2,4,3
1458,6881,5:20:00,0,243.00,0,0.1700,0.0042,0.0173,0.0059,1,ACTIVE,2,4,3
1458,6882,5:20:30,0,0.00,0,0.1700,0.0042,0.0173,0.0059,1,ACTIVE,2,4,3
1458,6883,5:21:00,0,0.00,0,0.1900,0.0128,0.0173,0.0059,1,ACTIVE,2,4,3
1458,6884,5:21:30,0,0.00,0,0.1900,0.0128,0.0173,0.0059,0,ACTIVE,2,4,3
1458,6885,5:22:00,0,0.00,0,0.1900,0.0128,0.0173,0.0059,1,ACTIVE,2,4,3
1458,6886,5:22:30,0,0.00,0,0.1700,0.0042,0.0173,0.0059,0,ACTIVE,2,4,3
1458,6887,5:23:00,0,158.00,0,0.1900,0.0128,0.0173,0.0059,1,ACTIVE,2,4,3
1458,6888,5:23:30,0,0.00,0,0.1900,0.0128,0.0173,0.0059,0,ACTIVE,2,4,3
1458,6889,5:24:00,0,0.00,0,0.1900,0.0128,0.0173,0.0059,1,ACTIVE,2,4,3
1458,6890,5:24:30,0,0.00,0,0.1900,0.0128,0.0173,0.0059,0,ACTIVE,2,4,3
1458,6891,5:25:00,0,124.00,0,0.1700,0.0042,0.0173,0.0059,1,ACTIVE,2,4,3
1458,6892,5:25:30,0,1.00,0,0.1700,0.0042,0.0173,0.0059,0,ACTIVE,2,4,3
1458,6893,5:26:00,0,0.00,0,0.1700,0.0042,0.0173,0.0059,0,ACTIVE,2,4,3
1458,6894,5:26:30,0,0.00,0,0.1700,0.0042,0.0173,0.0059,0,ACTIVE,2,4,3
1458,6895,5:27:00,0,0.00,0,0.1900,0.0128,0.0173,0.0059,0,ACTIVE,2,4,3
1458,6896,5:27:30,0,0.00,0,0.1900,0.0128,0.0173,0.0059,0,ACTIVE,2,4,3
1458,6897,5:28:00,0,0.00,0,0.1700,0.0042,0.0173,0.0059,0,ACTIVE,2,4,3
1458,6898,5:28:30,0,110.00,0,0.1200,0.0042,0.0125,0.0000,1,ACTIVE,2,4,3
1458,6899,5:29:00,0,80.00,0,0.1700,0.0042,0.0173,0.0059,1,ACTIVE,2,4,3
1458,6900,5:29:30,0,1.00,0,0.1700,0.0042,0.0173,0.0059,1,ACTIVE,2,4,3
1458,6901,5:30:00,0,18.00,0,0.1700,0.0042,0.0173,0.0059,1,ACTIVE,2,4,3
1458,6902,5:30:30,0,0.00,0,0.1900,0.0128,0.0173,0.0059,0,ACTIVE,2,4,3
1458,6903,5:31:00,0,0.00,0,0.1700,0.0042,0.0173,0.0059,0,ACTIVE,2,4,3
1458,6904,5:31:30,0,18.00,0,0.1700,0.0042,0.0173,0.0059,1,ACTIVE,2,4,3
1458,6905,5:32:00,0,57.00,0,0.1200,0.0042,0.0125,0.0000,1,ACTIVE,2,4,3
1458,6906,5:32:30,0,0.00,0,0.1700,0.0042,0.0173,0.0059,0,ACTIVE,2,4,3
1458,6907,5:33:00,0,0.00,0,0.1700,0.0042,0.0173,0.0059,0,ACTIVE,2,4,3
1458,6908,5:33:30,0,35.00,0,0.0100,0.0049,0.0000,0.0000,1,ACTIVE,2,4,3
1458,6909,5:34:00,0,18.00,0,0.1700,0.0042,0.0173,0.0059,1,ACTIVE,2,4,3
1458,6910,5:34:30,0,0.00,0,0.1700,0.0042,0.0173,0.0059,0,ACTIVE,2,4,3
1458,6911,5:35:00,0,0.00,0,0.1700,0.0042,0.0173,0.0059,0,ACTIVE,2,4,3
1458,6912,5:35:30,0,4.00,0,0.1700,0.0042,0.0173,0.0059,0,ACTIVE,2,4,3
1458,6913,5:36:00,0,0.00,0,0.1700,0.0042,0.0173,0.0059,0,ACTIVE,2,4,3
1458,6914,5:36:30,0,55.00,0,0.1700,0.0042,0.0173,0.0059,1,ACTIVE,2,4,3
1458,6915,5:37:00,0,16.00,0,0.1700,0.0042,0.0173,0.0059,1,ACTIVE,2,4,3
1458,6916,5:37:30,0,93.00,0,0.0200,0.0049,0.0000,0.0059,1,ACTIVE,2,4,3
1458,6917,5:38:00,0,16.00,0,0.1700,0.0042,0.0173,0.0059,1,ACTIVE,2,4,3
1458,6918,5:38:30,0,21.00,0,0.1700,0.0042,0.0173,0.0059,1,ACTIVE,2,4,3
1458,6919,5:39:00,0,286.00,0,0.1700,0.0042,0.0173,0.0059,1,ACTIVE,2,4,3
1458,6920,5:39:30,0,179.00,0,6.1000,0.8020,0.4870,0.0559,1,ACTIVE,2,4,3
1458,6921,5:40:00,0,228.00,0,67.6400,8.8800,5.3900,0.7040,1,ACTIVE,2,4,3
1458,6922,5:40:30,0,63.00,0,70.9700,9.8900,5.5100,0.7510,1,ACTIVE,2,4,3
1458,6923,5:41:00,0,193.00,0,73.2100,8.8800,6.0100,0.8560,1,ACTIVE,2,4,3
1458,6924,5:41:30,0,147.00,0,132.3300,12.6000,11.5000,3.4200,1,ACTIVE,2,4,3
1458,6925,5:42:00,0,220.00,0,97.6900,11.5000,8.1400,0.8560,1,ACTIVE,2,4,3
1458,6926,5:42:30,0,259.00,0,86.7800,9.2700,7.4700,0.8200,1,ACTIVE,2,4,3
1458,6927,5:43:00,0,179.00,0,0.8400,0.1300,0.0622,0.0070,1,ACTIVE,2,4,3
1458,6928,5:43:30,0,228.00,0,0.6700,0.0861,0.0523,0.0173,1,ACTIVE,2,4,3
1458,6929,5:44:00,0,295.00,0,6.2600,1.2900,0.3840,0.0395,1,ACTIVE,2,4,3
1458,6930,5:44:30,0,371.00,0,19.7600,2.6400,1.5700,0.1650,1,ACTIVE,2,4,3
1458,6931,5:45:00,0,383.00,0,11.7000,1.4700,0.9540,0.0919,1,ACTIVE,2,4,3
1458,6932,5:45:30,0,228.00,0,0.8000,0.1120,0.0622,0.0070,1,ACTIVE,2,4,3
1458,6933,5:46:00,0,186.00,0,3.6400,1.0400,0.1510,0.0162,1,ACTIVE,2,4,3
1458,6934,5:46:30,0,243.00,0,30.5200,3.9000,2.4700,0.2230,1,ACTIVE,2,4,3
1458,6935,5:47:00,0,527.00,0,17.3200,2.7600,1.2600,0.1420,1,ACTIVE,2,4,3
1458,6936,5:47:30,0,383.00,0,25.3700,3.3500,2.0400,0.1270,1,ACTIVE,2,4,3
1458,6937,5:48:00,0,464.00,0,12.9100,1.7500,1.0200,0.1220,1,ACTIVE,2,4,3
1458,6938,5:48:30,0,326.00,0,0.9500,0.1800,0.0622,0.0023,1,ACTIVE,2,4,3
1458,6939,5:49:00,0,206.00,0,1.2400,0.2050,0.0880,0.0115,1,ACTIVE,2,4,3
1458,6940,5:49:30,0,70.00,0,0.2700,0.0512,0.0173,0.0059,1,ACTIVE,2,4,3
1458,6941,5:50:00,0,37.00,0,0.2500,0.0431,0.0173,0.0059,1,ACTIVE,2,4,3
1458,6942,5:50:30,0,93.00,0,0.2700,0.0512,0.0173,0.0059,1,ACTIVE,2,4,3
1458,6943,5:51:00,0,326.00,0,1.5200,0.2380,0.1120,0.0162,1,ACTIVE,2,4,3
1458,6944,5:51:30,0,326.00,0,37.9800,5.8800,2.8200,0.2840,1,ACTIVE,2,4,3
1458,6945,5:52:00,0,220.00,0,62.8400,6.7000,5.3900,0.7200,1,ACTIVE,2,4,3
1458,6946,5:52:30,0,63.00,0,0.4800,0.0679,0.0378,0.0023,1,ACTIVE,2,4,3
1458,6947,5:53:00,0,63.00,0,0.6500,0.0773,0.0523,0.0173,1,ACTIVE,2,4,3
1458,6948,5:53:30,0,103.00,0,0.8400,0.1300,0.0622,0.0070,1,ACTIVE,2,4,3
1458,6949,5:54:00,0,152.00,0,1.1300,0.1550,0.0880,0.0115,1,ACTIVE,2,4,3
1458,6950,5:54:30,0,251.00,0,2.2400,0.4570,0.1390,0.0162,1,ACTIVE,2,4,3
1458,6951,5:55:00,0,168.00,0,2.4200,0.4870,0.1510,0.0206,1,ACTIVE,2,4,3
1458,6952,5:55:30,0,158.00,0,0.7000,0.1020,0.0523,0.0173,1,ACTIVE,2,4,3
1458,6953,5:56:00,0,68.00,0,0.8000,0.1120,0.0622,0.0070,1,ACTIVE,2,4,3
1458,6954,5:56:30,0,158.00,0,0.8400,0.1300,0.0622,0.0070,1,ACTIVE,2,4,3
1458,6955,5:57:00,0,44.00,0,0.6700,0.0861,0.0523,0.0173,1,ACTIVE,2,4,3
1458,6956,5:57:30,0,168.00,0,0.8000,0.1120,0.0622,0.0070,1,ACTIVE,2,4,3
1458,6957,5:58:00,0,259.00,0,0.8900,0.1550,0.0622,0.0070,1,ACTIVE,2,4,3
1458,6958,5:58:30,0,295.00,0,0.7800,0.1020,0.0622,0.0070,1,ACTIVE,2,4,3
1458,6959,5:59:00,0,435.00,0,0.9300,0.1720,0.0622,0.0070,1,ACTIVE,2,4,3
1458,6960,5:59:30,0,315.00,0,0.8700,0.1450,0.0622,0.0070,1,ACTIVE,2,4,3
1458,6961,6:00:00,0,235.00,0,0.7400,0.0861,0.0622,0.0070,1,ACTIVE,2,4,3
1458,6962,6:00:30,0,235.00,0,1.8400,0.2230,0.1510,0.0206,1,ACTIVE,2,4,3
1458,6963,6:01:00,0,259.00,0,1.6500,0.1880,0.1390,0.0162,1,ACTIVE,2,4,3
1458,6964,6:01:30,0,106.00,0,0.7800,0.1020,0.0622,0.0070,1,ACTIVE,2,4,3
1458,6965,6:02:00,0,63.00,0,0.7400,0.0861,0.0622,0.0070,1,ACTIVE,2,4,3
1458,6966,6:02:30,0,66.00,0,1.7600,0.2380,0.1390,0.0162,1,ACTIVE,2,4,3
1458,6967,6:03:00,0,179.00,0,0.7200,0.0773,0.0622,0.0070,1,ACTIVE,2,4,3
1458,6968,6:03:30,0,206.00,0,1.6300,0.1800,0.1390,0.0162,1,ACTIVE,2,4,3
1458,6969,6:04:00,0,199.00,0,1.0500,0.1190,0.0880,0.0115,1,ACTIVE,2,4,3
1458,6970,6:04:30,0,141.00,0,0.1700,0.0042,0.0173,0.0059,1,ACTIVE,2,4,3
1458,6971,6:05:00,0,163.00,0,0.1700,0.0042,0.0173,0.0059,1,ACTIVE,2,4,3
1458,6972,6:05:30,0,199.00,0,0.1700,0.0042,0.0173,0.0059,1,ACTIVE,2,4,3
1458,6973,6:06:00,0,326.00,0,0.0200,0.0049,0.0000,0.0059,1,ACTIVE,2,4,3
1458,6974,6:06:30,0,18.00,0,0.1700,0.0042,0.0173,0.0059,1,ACTIVE,2,4,3
1458,6975,6:07:00,0,199.00,0,0.1900,0.0128,0.0173,0.0059,1,ACTIVE,2,4,3
1458,6976,6:07:30,0,152.00,0,0.1900,0.0128,0.0173,0.0059,1,ACTIVE,2,4,3
1458,6977,6:08:00,0,86.00,0,0.1700,0.0042,0.0173,0.0059,1,ACTIVE,2,4,3
1458,6978,6:08:30,0,128.00,0,0.2100,0.0256,0.0173,0.0059,1,ACTIVE,2,4,3
1458,6979,6:09:00,0,96.00,0,0.2100,0.0256,0.0173,0.0059,1,ACTIVE,2,4,3
1458,6980,6:09:30,0,186.00,0,2.0700,0.0512,0.2090,0.1120,1,ACTIVE,2,4,3
1458,6981,6:10:00,0,80.00,0,10.1600,0.2280,1.0400,0.4980,1,ACTIVE,2,4,3
1458,6982,6:10:30,0,147.00,0,12.6400,0.2960,1.2900,0.6180,1,ACTIVE,2,4,3
1458,6983,6:11:00,0,124.00,0,0.4100,0.0339,0.0378,0.0023,1,ACTIVE,2,4,3
1458,6984,6:11:30,0,115.00,0,0.1700,0.0042,0.0173,0.0059,1,ACTIVE,2,4,3
1458,6985,6:12:00,0,86.00,0,2.6800,0.0512,0.2770,0.1300,1,ACTIVE,2,4,3
1458,6986,6:12:30,0,73.00,0,7.1700,0.1550,0.7350,0.3520,1,ACTIVE,2,4,3
1458,6987,6:13:00,0,80.00,0,13.3900,0.2720,1.3800,0.6600,1,ACTIVE,2,4,3
1458,6988,6:13:30,0,83.00,0,17.5800,0.3230,1.8300,0.8020,1,ACTIVE,2,4,3
1458,6989,6:14:00,0,147.00,0,16.9700,0.3520,1.7500,0.8020,1,ACTIVE,2,4,3
1458,6990,6:14:30,0,55.00,0,20.2000,0.4470,2.0800,0.9130,1,ACTIVE,2,4,3
1458,6991,6:15:00,0,68.00,0,13.4000,0.2840,1.3800,0.6460,1,ACTIVE,2,4,3
1458,6992,6:15:30,0,141.00,0,8.9300,0.2280,0.9130,0.3920,1,ACTIVE,2,4,3
1458,6993,6:16:00,0,96.00,0,0.5500,0.0256,0.0523,0.0292,1,ACTIVE,2,4,3
1458,6994,6:16:30,0,193.00,0,0.5700,0.0339,0.0523,0.0292,1,ACTIVE,2,4,3
1458,6995,6:17:00,0,186.00,0,2.8100,0.1020,0.2770,0.1390,1,ACTIVE,2,4,3
1458,6996,6:17:30,0,220.00,0,1.6500,0.0939,0.1580,0.0523,1,ACTIVE,2,4,3
1458,6997,6:18:00,0,359.00,0,2.3200,0.2440,0.2000,0.0256,1,ACTIVE,2,4,3
1458,6998,6:18:30,0,110.00,0,1.5900,0.1610,0.1390,0.0162,1,ACTIVE,2,4,3
1458,6999,6:19:00,0,68.00,0,2.0400,0.2140,0.1760,0.0256,1,ACTIVE,2,4,3
1458,7000,6:19:30,0,147.00,0,2.0600,0.2230,0.1760,0.0256,1,ACTIVE,2,4,3
1458,7001,6:20:00,0,277.00,0,1.8000,0.2050,0.1510,0.0206,1,ACTIVE,2,4,3
1458,7002,6:20:30,0,212.00,0,2.2800,0.2230,0.2000,0.0256,1,ACTIVE,2,4,3
1458,7003,6:21:00,0,259.00,0,1.3100,0.1450,0.1120,0.0115,1,ACTIVE,2,4,3
1458,7004,6:21:30,0,286.00,0,1.3400,0.1550,0.1120,0.0162,1,ACTIVE,2,4,3
1458,7005,6:22:00,0,152.00,0,2.0700,0.2280,0.1760,0.0256,1,ACTIVE,2,4,3
1458,7006,6:22:30,0,106.00,0,2.0400,0.2140,0.1760,0.0206,1,ACTIVE,2,4,3
1458,7007,6:23:00,0,359.00,0,2.3400,0.1960,0.2090,0.0650,1,ACTIVE,2,4,3
1458,7008,6:23:30,0,158.00,0,1.8000,0.2050,0.1510,0.0206,1,ACTIVE,2,4,3
1458,7009,6:24:00,0,141.00,0,1.3800,0.1190,0.1220,0.0412,1,ACTIVE,2,4,3
1458,7010,6:24:30,0,158.00,0,2.0600,0.2230,0.1760,0.0256,1,ACTIVE,2,4,3
1458,7011,6:25:00,0,137.00,0,2.3300,0.2440,0.2000,0.0298,1,ACTIVE,2,4,3
1458,7012,6:25:30,0,359.00,0,5.5200,0.5310,0.4870,0.0694,1,ACTIVE,2,4,3
1458,7013,6:26:00,0,220.00,0,2.0400,0.2140,0.1760,0.0256,1,ACTIVE,2,4,3
1458,7014,6:26:30,0,115.00,0,1.0100,0.1020,0.0880,0.0115,1,ACTIVE,2,4,3
1458,7015,6:27:00,0,83.00,0,1.3000,0.1360,0.1120,0.0162,1,ACTIVE,2,4,3
1458,7016,6:27:30,0,110.00,0,1.0800,0.1360,0.0880,0.0115,1,ACTIVE,2,4,3
1458,7017,6:28:00,0,141.00,0,1.0300,0.1120,0.0880,0.0070,1,ACTIVE,2,4,3
1458,7018,6:28:30,0,168.00,0,0.8000,0.1120,0.0622,0.0070,1,ACTIVE,2,4,3
1458,7019,6:29:00,0,96.00,0,0.7400,0.0861,0.0622,0.0070,1,ACTIVE,2,4,3
1458,7020,6:29:30,0,212.00,0,0.6300,0.0679,0.0523,0.0173,1,ACTIVE,2,4,3
1458,7021,6:30:00,0,152.00,0,1.6700,0.1960,0.1390,0.0162,1,ACTIVE,2,4,3
1458,7022,6:30:30,0,243.00,0,1.6300,0.1800,0.1390,0.0162,1,ACTIVE,2,4,3
1458,7023,6:31:00,0,163.00,0,1.6200,0.1720,0.1390,0.0206,1,ACTIVE,2,4,3
1458,7024,6:31:30,0,55.00,0,1.6100,0.1720,0.1390,0.0162,1,ACTIVE,2,4,3
1458,7025,6:32:00,0,59.00,0,1.8200,0.2140,0.1510,0.0206,1,ACTIVE,2,4,3
1458,7026,6:32:30,0,57.00,0,2.0700,0.2280,0.1760,0.0256,1,ACTIVE,2,4,3
1458,7027,6:33:00,0,168.00,0,1.6500,0.1880,0.1390,0.0206,1,ACTIVE,2,4,3
1458,7028,6:33:30,0,179.00,0,1.8000,0.2050,0.1510,0.0206,1,ACTIVE,2,4,3
1458,7029,6:34:00,0,93.00,0,1.6500,0.1880,0.1390,0.0162,1,ACTIVE,2,4,3
1458,7030,6:34:30,0,100.00,0,1.5600,0.1450,0.1390,0.0206,1,ACTIVE,2,4,3
1458,7031,6:35:00,0,103.00,0,1.6100,0.1720,0.1390,0.0162,1,ACTIVE,2,4,3
1458,7032,6:35:30,0,96.00,0,1.5900,0.1610,0.1390,0.0162,1,ACTIVE,2,4,3
1458,7033,6:36:00,0,110.00,0,1.6100,0.1720,0.1390,0.0162,1,ACTIVE,2,4,3
1458,7034,6:36:30,0,168.00,0,2.0700,0.2280,0.1760,0.0256,1,ACTIVE,2,4,3
1458,7035,6:37:00,0,70.00,0,3.2000,0.3300,0.2770,0.0395,1,ACTIVE,2,4,3
1458,7036,6:37:30,0,55.00,0,2.0000,0.1960,0.1760,0.0256,1,ACTIVE,2,4,3
1458,7037,6:38:00,0,137.00,0,1.6100,0.1720,0.1390,0.0162,1,ACTIVE,2,4,3
1458,7038,6:38:30,0,128.00,0,12.0000,0.8370,1.1100,0.3920,1,ACTIVE,2,4,3
1458,7039,6:39:00,0,115.00,0,31.5800,2.3700,2.8800,1.0400,1,ACTIVE,2,4,3
1458,7040,6:39:30,0,90.00,0,36.8200,3.0700,3.2800,1.2100,1,ACTIVE,2,4,3
1458,7041,6:40:00,0,70.00,0,30.8100,2.5300,2.7600,0.9960,1,ACTIVE,2,4,3
1458,7042,6:40:30,0,152.00,0,23.1500,1.4700,2.1700,0.8020,1,ACTIVE,2,4,3
1458,7043,6:41:00,0,186.00,0,18.6200,1.7900,1.6000,0.5670,1,ACTIVE,2,4,3
1458,7044,6:41:30,0,124.00,0,7.8400,0.6460,0.7040,0.2230,1,ACTIVE,2,4,3
1458,7045,6:42:00,0,168.00,0,1.0300,0.1120,0.0880,0.0115,1,ACTIVE,2,4,3
1458,7046,6:42:30,0,220.00,0,2.5300,0.2440,0.2230,0.0347,1,ACTIVE,2,4,3
1458,7047,6:43:00,0,277.00,0,7.1100,0.2960,0.7040,0.2600,1,ACTIVE,2,4,3
1458,7048,6:43:30,0,174.00,0,1.7800,0.1960,0.1510,0.0206,1,ACTIVE,2,4,3
1458,7049,6:44:00,0,141.00,0,2.5800,0.2660,0.2230,0.0298,1,ACTIVE,2,4,3
1458,7050,6:44:30,0,28.00,0,1.3100,0.1450,0.1120,0.0115,1,ACTIVE,2,4,3
1458,7051,6:45:00,0,228.00,0,2.0600,0.2230,0.1760,0.0256,1,ACTIVE,2,4,3
1458,7052,6:45:30,0,106.00,0,4.2000,0.3230,0.3840,0.1120,1,ACTIVE,2,4,3
1458,7053,6:46:00,0,124.00,0,2.5300,0.2440,0.2230,0.0298,1,ACTIVE,2,4,3
1458,7054,6:46:30,0,158.00,0,2.5800,0.2660,0.2230,0.0347,1,ACTIVE,2,4,3
1458,7055,6:47:00,0,235.00,0,1.0700,0.1300,0.0880,0.0115,1,ACTIVE,2,4,3
1458,7056,6:47:30,0,295.00,0,2.3200,0.1880,0.2090,0.0650,1,ACTIVE,2,4,3
1458,7057,6:48:00,0,220.00,0,1.0300,0.1120,0.0880,0.0115,1,ACTIVE,2,4,3
1458,7058,6:48:30,0,243.00,0,2.2900,0.2280,0.2000,0.0298,1,ACTIVE,2,4,3
1458,7059,6:49:00,0,179.00,0,3.8500,0.3840,0.3370,0.0480,1,ACTIVE,2,4,3
1458,7060,6:49:30,0,186.00,0,3.4300,0.3300,0.3030,0.0440,1,ACTIVE,2,4,3
1458,7061,6:50:00,0,115.00,0,3.4300,0.3300,0.3030,0.0440,1,ACTIVE,2,4,3
1458,7062,6:50:30,0,152.00,0,3.4000,0.3160,0.3030,0.0440,1,ACTIVE,2,4,3
1458,7063,6:51:00,0,100.00,0,3.1400,0.3030,0.2770,0.0395,1,ACTIVE,2,4,3
1458,7064,6:51:30,0,73.00,0,3.8900,0.4010,0.3370,0.0480,1,ACTIVE,2,4,3
1458,7065,6:52:00,0,119.00,0,3.8400,0.3760,0.3370,0.0480,1,ACTIVE,2,4,3
1458,7066,6:52:30,0,100.00,0,4.3900,0.4370,0.3840,0.0559,1,ACTIVE,2,4,3
1458,7067,6:53:00,0,35.00,0,3.8800,0.3920,0.3370,0.0512,1,ACTIVE,2,4,3
1458,7068,6:53:30,0,13.00,0,4.1300,0.4190,0.3600,0.0512,1,ACTIVE,2,4,3
1458,7069,6:54:00,0,137.00,0,0.6300,0.0679,0.0523,0.0173,1,ACTIVE,2,4,3
1458,7070,6:54:30,0,119.00,0,1.7500,0.1800,0.1510,0.0206,1,ACTIVE,2,4,3
1458,7071,6:55:00,0,77.00,0,2.0200,0.2050,0.1760,0.0256,1,ACTIVE,2,4,3
1458,7072,6:55:30,0,186.00,0,2.8200,0.2720,0.2490,0.0347,1,ACTIVE,2,4,3
1458,7073,6:56:00,0,28.00,0,3.8200,0.2840,0.3520,0.0981,1,ACTIVE,2,4,3
1458,7074,6:56:30,0,268.00,0,3.7200,0.3520,0.3300,0.0480,1,ACTIVE,2,4,3
1458,7075,6:57:00,0,174.00,0,3.4800,0.3520,0.3030,0.0440,1,ACTIVE,2,4,3
1458,7076,6:57:30,0,128.00,0,1.5700,0.1550,0.1390,0.0162,1,ACTIVE,2,4,3
1458,7077,6:58:00,0,158.00,0,4.1300,0.4190,0.3600,0.0512,1,ACTIVE,2,4,3
1458,7078,6:58:30,0,103.00,0,3.7200,0.3520,0.3300,0.0480,1,ACTIVE,2,4,3
1458,7079,6:59:00,0,119.00,0,4.3900,0.4370,0.3840,0.0559,1,ACTIVE,2,4,3
1458,7080,6:59:30,0,235.00,0,3.4100,0.3230,0.3030,0.0440,1,ACTIVE,2,4,3
1458,7081,7:00:00,0,31.00,0,3.4600,0.3450,0.3030,0.0440,1,ACTIVE,2,4,3
1458,7082,7:00:30,0,93.00,0,3.7400,0.3600,0.3300,0.0480,1,ACTIVE,2,4,3
1458,7083,7:01:00,0,115.00,0,3.1900,0.3230,0.2770,0.0395,1,ACTIVE,2,4,3
1458,7084,7:01:30,0,16.00,0,3.1800,0.3230,0.2770,0.0347,1,ACTIVE,2,4,3
1458,7085,7:02:00,0,0.00,0,3.8700,0.3920,0.3370,0.0480,0,ACTIVE,2,4,3
1458,7086,7:02:30,0,9.00,0,4.7900,0.4770,0.4190,0.0596,0,ACTIVE,2,4,3
1458,7087,7:03:00,0,8.00,0,4.7600,0.4670,0.4190,0.0596,0,ACTIVE,2,4,3
1458,7088,7:03:30,0,7.00,0,4.7900,0.4770,0.4190,0.0596,0,ACTIVE,2,4,3
1458,7089,7:04:00,0,24.00,0,4.7800,0.4770,0.4190,0.0559,1,ACTIVE,2,4,3
1458,7090,7:04:30,0,1.00,0,5.7200,0.5790,0.4980,0.0694,0,ACTIVE,2,4,3
1458,7091,7:05:00,0,16.00,0,5.0300,0.5090,0.4370,0.0650,1,ACTIVE,2,4,3
1458,7092,7:05:30,0,66.00,0,4.1700,0.4370,0.3600,0.0512,1,ACTIVE,2,4,3
1458,7093,7:06:00,0,13.00,0,3.7900,0.3840,0.3300,0.0440,1,ACTIVE,2,4,3
1458,7094,7:06:30,0,1.00,0,3.4000,0.3160,0.3030,0.0440,1,ACTIVE,2,4,3
1458,7095,7:07:00,0,77.00,0,4.2000,0.3230,0.3840,0.1120,1,ACTIVE,2,4,3
1458,7096,7:07:30,0,228.00,0,3.1700,0.3160,0.2770,0.0395,1,ACTIVE,2,4,3
1458,7097,7:08:00,0,315.00,0,3.4100,0.3230,0.3030,0.0440,1,ACTIVE,2,4,3
1458,7098,7:08:30,0,106.00,0,5.2800,0.5090,0.4670,0.0650,1,ACTIVE,2,4,3
1458,7099,7:09:00,0,93.00,0,5.2800,0.5090,0.4670,0.0650,1,ACTIVE,2,4,3
1458,7100,7:09:30,0,83.00,0,4.5800,0.3520,0.4190,0.1220,1,ACTIVE,2,4,3
1458,7101,7:10:00,0,163.00,0,2.5800,0.2660,0.2230,0.0347,1,ACTIVE,2,4,3
1458,7102,7:10:30,0,359.00,0,3.4800,0.3520,0.3030,0.0440,1,ACTIVE,2,4,3
1458,7103,7:11:00,0,228.00,0,2.5900,0.2720,0.2230,0.0298,1,ACTIVE,2,4,3
1458,7104,7:11:30,0,80.00,0,2.3200,0.2440,0.2000,0.0256,1,ACTIVE,2,4,3
1458,7105,7:12:00,0,199.00,0,1.7600,0.1880,0.1510,0.0206,1,ACTIVE,2,4,3
1458,7106,7:12:30,0,35.00,0,3.1400,0.3030,0.2770,0.0395,1,ACTIVE,2,4,3
1458,7107,7:13:00,0,66.00,0,3.7200,0.3520,0.3300,0.0440,1,ACTIVE,2,4,3
1458,7108,7:13:30,0,66.00,0,2.5300,0.2440,0.2230,0.0298,1,ACTIVE,2,4,3
1458,7109,7:14:00,0,1.00,0,3.2500,0.3520,0.2770,0.0395,1,ACTIVE,2,4,3
1458,7110,7:14:30,0,50.00,0,3.9300,0.4190,0.3370,0.0480,1,ACTIVE,2,4,3
1458,7111,7:15:00,0,57.00,0,4.4800,0.4770,0.3840,0.0559,1,ACTIVE,2,4,3
1458,7112,7:15:30,0,12.00,0,4.8100,0.4870,0.4190,0.0559,1,ACTIVE,2,4,3
1458,7113,7:16:00,0,20.00,0,4.1900,0.4470,0.3600,0.0480,1,ACTIVE,2,4,3
1458,7114,7:16:30,0,15.00,0,1.1000,0.1450,0.0880,0.0115,1,ACTIVE,2,4,3
1458,7115,7:17:00,0,33.00,0,1.3300,0.1550,0.1120,0.0115,1,ACTIVE,2,4,3
1458,7116,7:17:30,0,220.00,0,1.7600,0.1880,0.1510,0.0206,1,ACTIVE,2,4,3
1458,7117,7:18:00,0,141.00,0,2.6200,0.2840,0.2230,0.0298,1,ACTIVE,2,4,3
1458,7118,7:18:30,0,83.00,0,3.8200,0.4010,0.3300,0.0440,1,ACTIVE,2,4,3
1458,7119,7:19:00,0,106.00,0,3.1300,0.2960,0.2770,0.0395,1,ACTIVE,2,4,3
1458,7120,7:19:30,0,3.00,0,3.1300,0.2960,0.2770,0.0395,1,ACTIVE,2,4,3
1458,7121,7:20:00,0,0.00,0,3.4100,0.3230,0.3030,0.0440,1,ACTIVE,2,4,3
1458,7122,7:20:30,0,70.00,0,2.0700,0.2280,0.1760,0.0256,1,ACTIVE,2,4,3
1458,7123,7:21:00,0,59.00,0,2.5900,0.2720,0.2230,0.0347,1,ACTIVE,2,4,3
1458,7124,7:21:30,0,18.00,0,2.5200,0.2380,0.2230,0.0347,1,ACTIVE,2,4,3
1458,7125,7:22:00,0,66.00,0,2.6200,0.2840,0.2230,0.0298,1,ACTIVE,2,4,3
1458,7126,7:22:30,0,163.00,0,1.7600,0.1880,0.1510,0.0206,1,ACTIVE,2,4,3
1458,7127,7:23:00,0,124.00,0,2.5600,0.2600,0.2230,0.0298,1,ACTIVE,2,4,3
1458,7128,7:23:30,0,46.00,0,2.3200,0.2380,0.2000,0.0298,1,ACTIVE,2,4,3
1458,7129,7:24:00,0,53.00,0,3.8200,0.2840,0.3520,0.0981,1,ACTIVE,2,4,3
1458,7130,7:24:30,0,66.00,0,4.2000,0.3230,0.3840,0.1120,1,ACTIVE,2,4,3
1458,7131,7:25:00,0,13.00,0,3.1900,0.3230,0.2770,0.0395,1,ACTIVE,2,4,3
1458,7132,7:25:30,0,39.00,0,2.6200,0.2840,0.2230,0.0298,1,ACTIVE,2,4,3
1458,7133,7:26:00,0,193.00,0,3.4100,0.3230,0.3030,0.0440,1,ACTIVE,2,4,3
1458,7134,7:26:30,0,124.00,0,3.2000,0.3300,0.2770,0.0395,1,ACTIVE,2,4,3
1458,7135,7:27:00,0,110.00,0,4.9500,0.4770,0.4370,0.0650,1,ACTIVE,2,4,3
1458,7136,7:27:30,0,110.00,0,4.1800,0.3160,0.3840,0.1120,1,ACTIVE,2,4,3
1458,7137,7:28:00,0,199.00,0,1.2600,0.1190,0.1120,0.0162,1,ACTIVE,2,4,3
1458,7138,7:28:30,0,90.00,0,1.3000,0.1360,0.1120,0.0162,1,ACTIVE,2,4,3
1458,7139,7:29:00,0,66.00,0,2.9500,0.3300,0.2490,0.0347,1,ACTIVE,2,4,3
1458,7140,7:29:30,0,68.00,0,2.3800,0.2660,0.2000,0.0298,1,ACTIVE,2,4,3
1458,7141,7:30:00,0,57.00,0,1.8000,0.2050,0.1510,0.0206,1,ACTIVE,2,4,3
1458,7142,7:30:30,0,57.00,0,0.7600,0.0939,0.0622,0.0070,1,ACTIVE,2,4,3
1458,7143,7:31:00,0,0.00,0,1.3400,0.1550,0.1120,0.0162,0,ACTIVE,2,4,3
1458,7144,7:31:30,0,0.00,0,1.0300,0.1120,0.0880,0.0115,0,ACTIVE,2,4,3
1458,7145,7:32:00,0,0.00,0,1.7600,0.1880,0.1510,0.0206,0,ACTIVE,2,4,3
1458,7146,7:32:30,0,0.00,0,2.3300,0.2440,0.2000,0.0298,0,ACTIVE,2,4,3
1458,7147,7:33:00,0,18.00,0,2.0400,0.2140,0.1760,0.0256,1,ACTIVE,2,4,3
1458,7148,7:33:30,0,7.00,0,2.5800,0.2660,0.2230,0.0347,1,ACTIVE,2,4,3
1458,7149,7:34:00,0,73.00,0,2.8700,0.2960,0.2490,0.0298,1,ACTIVE,2,4,3
1458,7150,7:34:30,0,220.00,0,5.1500,0.4470,0.4670,0.0694,1,ACTIVE,2,4,3
1458,7151,7:35:00,0,83.00,0,5.2100,0.4770,0.4670,0.0650,1,ACTIVE,2,4,3
1458,7152,7:35:30,0,141.00,0,8.0900,0.5090,0.7680,0.2230,1,ACTIVE,2,4,3
1458,7153,7:36:00,0,110.00,0,1.5200,0.1300,0.1390,0.0162,1,ACTIVE,2,4,3
1458,7154,7:36:30,0,83.00,0,2.3200,0.1880,0.2090,0.0650,1,ACTIVE,2,4,3
1458,7155,7:37:00,0,228.00,0,1.5900,0.1610,0.1390,0.0206,1,ACTIVE,2,4,3
1458,7156,7:37:30,0,141.00,0,1.7000,0.1610,0.1510,0.0206,1,ACTIVE,2,4,3
1458,7157,7:38:00,0,96.00,0,2.0700,0.2280,0.1760,0.0256,1,ACTIVE,2,4,3
1458,7158,7:38:30,0,15.00,0,0.4100,0.0339,0.0378,0.0023,1,ACTIVE,2,4,3
1458,7159,7:39:00,0,73.00,0,0.9200,0.0512,0.0880,0.0292,1,ACTIVE,2,4,3
1458,7160,7:39:30,0,106.00,0,3.2000,0.3300,0.2770,0.0395,1,ACTIVE,2,4,3
1458,7161,7:40:00,0,86.00,0,3.8900,0.4010,0.3370,0.0480,1,ACTIVE,2,4,3
1458,7162,7:40:30,0,61.00,0,3.8100,0.3920,0.3300,0.0480,1,ACTIVE,2,4,3
1458,7163,7:41:00,0,16.00,0,4.1300,0.4190,0.3600,0.0512,1,ACTIVE,2,4,3
1458,7164,7:41:30,0,12.00,0,9.7700,0.6740,0.9130,0.2600,1,ACTIVE,2,4,3
1458,7165,7:42:00,0,83.00,0,3.9300,0.4190,0.3370,0.0480,1,ACTIVE,2,4,3
1458,7166,7:42:30,0,132.00,0,0.9700,0.0861,0.0880,0.0115,1,ACTIVE,2,4,3
1458,7167,7:43:00,0,132.00,0,0.9300,0.0596,0.0880,0.0292,1,ACTIVE,2,4,3
1458,7168,7:43:30,0,295.00,0,5.1700,0.4570,0.4670,0.0694,1,ACTIVE,2,4,3
1458,7169,7:44:00,0,55.00,0,4.6200,0.4010,0.4190,0.0596,1,ACTIVE,2,4,3
1458,7170,7:44:30,0,115.00,0,5.1500,0.4470,0.4670,0.0694,1,ACTIVE,2,4,3
1458,7171,7:45:00,0,48.00,0,7.3500,0.4190,0.7040,0.2330,1,ACTIVE,2,4,3
1458,7172,7:45:30,0,119.00,0,8.7000,0.4770,0.8370,0.2840,1,ACTIVE,2,4,3
1458,7173,7:46:00,0,220.00,0,3.7200,0.3520,0.3300,0.0480,1,ACTIVE,2,4,3
1458,7174,7:46:30,0,212.00,0,4.9000,0.3450,0.4570,0.1300,1,ACTIVE,2,4,3
1458,7175,7:47:00,0,286.00,0,2.1000,0.2380,0.1760,0.0256,1,ACTIVE,2,4,3
1458,7176,7:47:30,0,199.00,0,2.0000,0.1960,0.1760,0.0256,1,ACTIVE,2,4,3
1458,7177,7:48:00,0,33.00,0,0.2100,0.0256,0.0173,0.0059,1,ACTIVE,2,4,3
1458,7178,7:48:30,0,141.00,0,2.2600,0.2140,0.2000,0.0298,1,ACTIVE,2,4,3
1458,7179,7:49:00,0,212.00,0,4.2900,0.3920,0.3840,0.0559,1,ACTIVE,2,4,3
1458,7180,7:49:30,0,57.00,0,1.0300,0.1120,0.0880,0.0115,1,ACTIVE,2,4,3
1458,7181,7:50:00,0,103.00,0,2.0000,0.1960,0.1760,0.0256,1,ACTIVE,2,4,3
1458,7182,7:50:30,0,168.00,0,5.3900,0.3520,0.5090,0.1390,1,ACTIVE,2,4,3
1458,7183,7:51:00,0,251.00,0,6.1200,0.3920,0.5790,0.1650,1,ACTIVE,2,4,3
1458,7184,7:51:30,0,132.00,0,5.1600,0.3760,0.4770,0.1390,1,ACTIVE,2,4,3
1458,7185,7:52:00,0,326.00,0,9.2800,0.6050,0.8750,0.2600,1,ACTIVE,2,4,3
1458,7186,7:52:30,0,326.00,0,4.3300,0.4100,0.3840,0.0559,1,ACTIVE,2,4,3
1458,7187,7:53:00,0,259.00,0,5.1700,0.4570,0.4670,0.0694,1,ACTIVE,2,4,3
1458,7188,7:53:30,0,199.00,0,7.4100,0.4670,0.7040,0.1960,1,ACTIVE,2,4,3
1458,7189,7:54:00,0,147.00,0,2.8200,0.2720,0.2490,0.0347,1,ACTIVE,2,4,3
1458,7190,7:54:30,0,119.00,0,5.5100,0.5310,0.4870,0.0650,1,ACTIVE,2,4,3
1458,7191,7:55:00,0,119.00,0,10.1100,0.6600,0.9540,0.2720,1,ACTIVE,2,4,3
1458,7192,7:55:30,0,103.00,0,12.8100,0.8370,1.2100,0.3300,1,ACTIVE,2,4,3
1458,7193,7:56:00,0,305.00,0,9.3200,0.6320,0.8750,0.2440,1,ACTIVE,2,4,3
1458,7194,7:56:30,0,68.00,0,2.3200,0.2380,0.2000,0.0298,1,ACTIVE,2,4,3
1458,7195,7:57:00,0,186.00,0,2.6700,0.2050,0.2440,0.0756,1,ACTIVE,2,4,3
1458,7196,7:57:30,0,141.00,0,2.8500,0.2840,0.2490,0.0347,1,ACTIVE,2,4,3
1458,7197,7:58:00,0,259.00,0,5.7700,0.3840,0.5430,0.1510,1,ACTIVE,2,4,3
1458,7198,7:58:30,0,212.00,0,8.0300,0.4770,0.7680,0.2330,1,ACTIVE,2,4,3
1458,7199,7:59:00,0,326.00,0,6.7900,0.4190,0.6460,0.1880,1,ACTIVE,2,4,3
1458,7200,7:59:30,0,337.00,0,5.1500,0.4470,0.4670,0.0694,1,ACTIVE,2,4,3
1458,7201,8:00:00,0,337.00,0,6.5700,0.4370,0.6180,0.1760,1,ACTIVE,2,4,3
1458,7202,8:00:30,0,147.00,0,7.2400,0.4470,0.6890,0.1960,1,ACTIVE,2,4,3
1458,7203,8:01:00,0,158.00,0,13.6300,1.1800,1.2100,0.3760,1,ACTIVE,2,4,3
1458,7204,8:01:30,0,115.00,0,10.4400,0.6320,0.9960,0.2960,1,ACTIVE,2,4,3
1458,7205,8:02:00,0,220.00,0,7.2100,0.4370,0.6890,0.1880,1,ACTIVE,2,4,3
1458,7206,8:02:30,0,168.00,0,6.1200,0.3840,0.5790,0.1760,1,ACTIVE,2,4,3
1458,7207,8:03:00,0,179.00,0,7.2300,0.4470,0.6890,0.1880,1,ACTIVE,2,4,3
1458,7208,8:03:30,0,286.00,0,9.4600,0.5310,0.9130,0.2600,1,ACTIVE,2,4,3
1458,7209,8:04:00,0,110.00,0,6.7600,0.4010,0.6460,0.1960,1,ACTIVE,2,4,3
1458,7210,8:04:30,0,295.00,0,5.2900,0.3030,0.5090,0.1510,1,ACTIVE,2,4,3
1458,7211,8:05:00,0,235.00,0,5.4400,0.3760,0.5090,0.1390,1,ACTIVE,2,4,3
1458,7212,8:05:30,0,228.00,0,9.7700,0.5920,0.9330,0.2600,1,ACTIVE,2,4,3
1458,7213,8:06:00,0,243.00,0,12.9000,0.7510,1.2400,0.3760,1,ACTIVE,2,4,3
1458,7214,8:06:30,0,228.00,0,3.4300,0.3300,0.3030,0.0440,1,ACTIVE,2,4,3
1458,7215,8:07:00,0,199.00,0,8.4500,0.5310,0.8020,0.2330,1,ACTIVE,2,4,3
1458,7216,8:07:30,0,243.00,0,5.4400,0.3760,0.5090,0.1390,1,ACTIVE,2,4,3
1458,7217,8:08:00,0,199.00,0,4.8300,0.4190,0.4370,0.0650,1,ACTIVE,2,4,3
1458,7218,8:08:30,0,147.00,0,6.1400,0.4010,0.5790,0.1650,1,ACTIVE,2,4,3
1458,7219,8:09:00,0,305.00,0,9.6700,0.5430,0.9330,0.2720,1,ACTIVE,2,4,3
1458,7220,8:09:30,0,128.00,0,2.5200,0.2380,0.2230,0.0347,1,ACTIVE,2,4,3
1458,7221,8:10:00,0,193.00,0,1.3400,0.1550,0.1120,0.0162,1,ACTIVE,2,4,3
1458,7222,8:10:30,0,152.00,0,1.5500,0.1450,0.1390,0.0162,1,ACTIVE,2,4,3
1458,7223,8:11:00,0,124.00,0,3.7200,0.3520,0.3300,0.0480,1,ACTIVE,2,4,3
1458,7224,8:11:30,0,42.00,0,9.3200,0.6320,0.8750,0.2440,1,ACTIVE,2,4,3
1458,7225,8:12:00,0,70.00,0,1.2800,0.1300,0.1120,0.0162,1,ACTIVE,2,4,3
1458,7226,8:12:30,0,50.00,0,3.2200,0.3370,0.2770,0.0395,1,ACTIVE,2,4,3
1458,7227,8:13:00,0,42.00,0,3.1900,0.3230,0.2770,0.0395,1,ACTIVE,2,4,3
1458,7228,8:13:30,0,9.00,0,12.6000,0.7350,1.2100,0.3450,1,ACTIVE,2,4,3
1458,7229,8:14:00,0,137.00,0,7.8200,0.5200,0.7350,0.2090,1,ACTIVE,2,4,3
1458,7230,8:14:30,0,0.00,0,2.9100,0.3160,0.2490,0.0298,1,ACTIVE,2,4,3
1458,7231,8:15:00,0,73.00,0,2.8100,0.2720,0.2490,0.0298,1,ACTIVE,2,4,3
1458,7232,8:15:30,0,73.00,0,2.7500,0.2380,0.2490,0.0347,1,ACTIVE,2,4,3
1458,7233,8:16:00,0,220.00,0,16.5300,1.0400,1.5700,0.4470,1,ACTIVE,2,4,3
1458,7234,8:16:30,0,337.00,0,7.3100,0.6460,0.6600,0.0960,1,ACTIVE,2,4,3
1458,7235,8:17:00,0,90.00,0,10.5900,0.7040,0.9960,0.2840,1,ACTIVE,2,4,3
1458,7236,8:17:30,0,158.00,0,10.1000,0.6460,0.9540,0.2960,1,ACTIVE,2,4,3
1458,7237,8:18:00,0,4.00,0,11.6300,0.7040,1.1100,0.3230,1,ACTIVE,2,4,3
1458,7238,8:18:30,0,48.00,0,14.2000,0.8940,1.3500,0.3760,1,ACTIVE,2,4,3
1458,7239,8:19:00,0,32.00,0,15.4900,0.9750,1.4700,0.4190,1,ACTIVE,2,4,3
1458,7240,8:19:30,0,100.00,0,11.7500,0.7680,1.1100,0.3090,1,ACTIVE,2,4,3
1458,7241,8:20:00,0,53.00,0,6.1800,0.4190,0.5790,0.1650,1,ACTIVE,2,4,3
1458,7242,8:20:30,0,110.00,0,7.7500,0.4870,0.7350,0.2090,1,ACTIVE,2,4,3
1458,7243,8:21:00,0,110.00,0,6.5300,0.4190,0.6180,0.1760,1,ACTIVE,2,4,3
1458,7244,8:21:30,0,66.00,0,3.7900,0.2660,0.3520,0.1120,1,ACTIVE,2,4,3
1458,7245,8:22:00,0,106.00,0,5.5900,0.5200,0.4980,0.0740,1,ACTIVE,2,4,3
1458,7246,8:22:30,0,228.00,0,8.4300,0.5200,0.8020,0.2330,1,ACTIVE,2,4,3
1458,7247,8:23:00,0,93.00,0,6.5300,0.4190,0.6180,0.1760,1,ACTIVE,2,4,3
1458,7248,8:23:30,0,103.00,0,2.6500,0.1960,0.2440,0.0756,1,ACTIVE,2,4,3
1458,7249,8:24:00,0,137.00,0,300.9700,15.6000,29.2000,9.6800,1,ACTIVE,2,4,3
1458,7250,8:24:30,0,5.00,0,565.0600,29.9000,54.8000,17.8000,1,ACTIVE,2,4,3
1458,7251,8:25:00,0,8.00,0,480.5300,27.4000,46.1000,15.3000,1,ACTIVE,2,4,3
1458,7252,8:25:30,0,24.00,0,438.8600,28.6000,41.3000,12.6000,1,ACTIVE,2,4,3
1458,7253,8:26:00,0,259.00,0,5.1100,0.3520,0.4770,0.1390,1,ACTIVE,2,4,3
1458,7254,8:26:30,0,174.00,0,14.1100,0.8560,1.3500,0.3760,1,ACTIVE,2,4,3
1458,7255,8:27:00,0,53.00,0,7.7500,0.4870,0.7350,0.2090,1,ACTIVE,2,4,3
1458,7256,8:27:30,0,80.00,0,15.0300,0.8940,1.4400,0.4100,1,ACTIVE,2,4,3
1458,7257,8:28:00,0,93.00,0,7.2400,0.4470,0.6890,0.1960,1,ACTIVE,2,4,3
1458,7258,8:28:30,0,152.00,0,6.9100,0.4770,0.6460,0.1880,1,ACTIVE,2,4,3
1458,7259,8:29:00,0,193.00,0,2.5800,0.2660,0.2230,0.0298,1,ACTIVE,2,4,3
1458,7260,8:29:30,0,128.00,0,3.4000,0.3160,0.3030,0.0440,1,ACTIVE,2,4,3
1458,7261,8:30:00,0,110.00,0,3.8800,0.3920,0.3370,0.0512,1,ACTIVE,2,4,3
1458,7262,8:30:30,0,286.00,0,3.8500,0.3840,0.3370,0.0480,1,ACTIVE,2,4,3
1458,7263,8:31:00,0,163.00,0,5.3700,0.3450,0.5090,0.1390,1,ACTIVE,2,4,3
1458,7264,8:31:30,0,119.00,0,6.8300,0.4370,0.6460,0.1880,1,ACTIVE,2,4,3
1458,7265,8:32:00,0,147.00,0,3.7300,0.2440,0.3520,0.0981,1,ACTIVE,2,4,3
1458,7266,8:32:30,0,73.00,0,3.7400,0.3300,0.3370,0.0512,1,ACTIVE,2,4,3
1458,7267,8:33:00,0,220.00,0,2.2600,0.2140,0.2000,0.0298,1,ACTIVE,2,4,3
1458,7268,8:33:30,0,163.00,0,2.5700,0.2600,0.2230,0.0347,1,ACTIVE,2,4,3
1458,7269,8:34:00,0,124.00,0,1.5900,0.1610,0.1390,0.0206,1,ACTIVE,2,4,3
1458,7270,8:34:30,0,179.00,0,7.2200,0.4370,0.6890,0.1960,1,ACTIVE,2,4,3
1458,7271,8:35:00,0,268.00,0,3.4000,0.3160,0.3030,0.0440,1,ACTIVE,2,4,3
1458,7272,8:35:30,0,212.00,0,4.2500,0.3760,0.3840,0.0512,1,ACTIVE,2,4,3
1458,7273,8:36:00,0,199.00,0,3.8400,0.3760,0.3370,0.0512,1,ACTIVE,2,4,3
1458,7274,8:36:30,0,186.00,0,3.4000,0.3160,0.3030,0.0440,1,ACTIVE,2,4,3
1458,7275,8:37:00,0,235.00,0,6.0300,0.3450,0.5790,0.1760,1,ACTIVE,2,4,3
1458,7276,8:37:30,0,103.00,0,2.5000,0.2280,0.2230,0.0347,1,ACTIVE,2,4,3
1458,7277,8:38:00,0,326.00,0,2.5200,0.2380,0.2230,0.0347,1,ACTIVE,2,4,3
1458,7278,8:38:30,0,228.00,0,3.7700,0.3760,0.3300,0.0480,1,ACTIVE,2,4,3
1458,7279,8:39:00,0,259.00,0,3.9100,0.4100,0.3370,0.0512,1,ACTIVE,2,4,3
1458,7280,8:39:30,0,212.00,0,13.6000,0.8560,1.2900,0.3680,1,ACTIVE,2,4,3
1458,7281,8:40:00,0,228.00,0,8.8800,0.7200,0.8020,0.2440,1,ACTIVE,2,4,3
1458,7282,8:40:30,0,359.00,0,103.0500,6.4200,9.6800,3.7300,1,ACTIVE,2,4,3
1458,7283,8:41:00,0,305.00,0,15.6300,0.8940,1.5000,0.4470,1,ACTIVE,2,4,3
1458,7284,8:41:30,0,408.00,0,11.3300,0.6740,1.0900,0.2960,1,ACTIVE,2,4,3
1458,7285,8:42:00,0,277.00,0,11.5700,0.6740,1.1100,0.3300,1,ACTIVE,2,4,3
1458,7286,8:42:30,0,228.00,0,6.5100,0.4100,0.6180,0.1760,1,ACTIVE,2,4,3
1458,7287,8:43:00,0,106.00,0,16.6000,0.9130,1.6000,0.4870,1,ACTIVE,2,4,3
1458,7288,8:43:30,0,186.00,0,16.1600,0.8560,1.5700,0.4770,1,ACTIVE,2,4,3
1458,7289,8:44:00,0,80.00,0,9.4800,0.5430,0.9130,0.2600,1,ACTIVE,2,4,3
1458,7290,8:44:30,0,42.00,0,5.6900,0.4770,0.5200,0.0790,1,ACTIVE,2,4,3
1458,7291,8:45:00,0,73.00,0,10.4300,0.6320,0.9960,0.2840,1,ACTIVE,2,4,3
1458,7292,8:45:30,0,141.00,0,12.5500,0.7200,1.2100,0.3300,1,ACTIVE,2,4,3
1458,7293,8:46:00,0,326.00,0,9.6600,0.5310,0.9330,0.2840,1,ACTIVE,2,4,3
1458,7294,8:46:30,0,479.00,0,9.6800,0.6320,0.9130,0.2600,1,ACTIVE,2,4,3
1458,7295,8:47:00,0,315.00,0,19.4200,1.1100,1.8700,0.5670,1,ACTIVE,2,4,3
1458,7296,8:47:30,0,174.00,0,21.6800,1.6000,1.9900,0.6320,1,ACTIVE,2,4,3
1458,7297,8:48:00,0,147.00,0,18.4200,1.7500,1.6000,0.4670,1,ACTIVE,2,4,3
1458,7298,8:48:30,0,90.00,0,19.4400,0.9130,1.9100,0.6600,1,ACTIVE,2,4,3
1458,7299,8:49:00,0,295.00,0,14.0100,0.8020,1.3500,0.3920,1,ACTIVE,2,4,3
1458,7300,8:49:30,0,152.00,0,11.9100,0.6320,1.1600,0.3300,1,ACTIVE,2,4,3
1458,7301,8:50:00,0,119.00,0,20.4500,1.5700,1.8700,0.5790,1,ACTIVE,2,4,3
1458,7302,8:50:30,0,174.00,0,24.1800,1.9900,2.1700,0.6890,1,ACTIVE,2,4,3
1458,7303,8:51:00,0,128.00,0,26.0700,1.4100,2.5300,0.7510,1,ACTIVE,2,4,3
1458,7304,8:51:30,0,326.00,0,9.0900,0.5200,0.8750,0.2600,1,ACTIVE,2,4,3
1458,7305,8:52:00,0,295.00,0,13.3300,0.7200,1.2900,0.3920,1,ACTIVE,2,4,3
1458,7306,8:52:30,0,174.00,0,8.0300,0.4770,0.7680,0.2330,1,ACTIVE,2,4,3
1458,7307,8:53:00,0,259.00,0,12.0700,0.7040,1.1600,0.3300,1,ACTIVE,2,4,3
1458,7308,8:53:30,0,395.00,0,20.7300,2.4700,1.6700,0.5430,1,ACTIVE,2,4,3
1458,7309,8:54:00,0,179.00,0,16.0900,0.9750,1.5400,0.4470,1,ACTIVE,2,4,3
1458,7310,8:54:30,0,408.00,0,12.6600,0.7680,1.2100,0.3300,1,ACTIVE,2,4,3
1458,7311,8:55:00,0,348.00,0,10.4500,0.6460,0.9960,0.2720,1,ACTIVE,2,4,3
1458,7312,8:55:30,0,295.00,0,7.3700,0.6740,0.6600,0.0960,1,ACTIVE,2,4,3
1458,7313,8:56:00,0,359.00,0,14.3900,0.8560,1.3800,0.3920,1,ACTIVE,2,4,3
1458,7314,8:56:30,0,315.00,0,8.7400,0.7850,0.7850,0.1190,1,ACTIVE,2,4,3
1458,7315,8:57:00,0,73.00,0,2.5700,0.2600,0.2230,0.0347,1,ACTIVE,2,4,3
1458,7316,8:57:30,0,395.00,0,2.2900,0.2280,0.2000,0.0298,1,ACTIVE,2,4,3
1458,7317,8:58:00,0,326.00,0,10.0400,0.6180,0.9540,0.2960,1,ACTIVE,2,4,3
1458,7318,8:58:30,0,479.00,0,8.5200,0.5670,0.8020,0.2230,1,ACTIVE,2,4,3
1458,7319,8:59:00,0,286.00,0,11.6100,0.7040,1.1100,0.3090,1,ACTIVE,2,4,3
1458,7320,8:59:30,0,212.00,0,12.2300,0.7680,1.1600,0.3520,1,ACTIVE,2,4,3
1458,7321,9:00:00,0,259.00,0,4.4100,0.4470,0.3840,0.0559,1,ACTIVE,2,4,3
1458,7322,9:00:30,0,186.00,0,12.0900,0.7040,1.1600,0.3520,1,ACTIVE,2,4,3
1458,7323,9:01:00,0,359.00,0,16.9900,1.1100,1.6000,0.4470,1,ACTIVE,2,4,3
1458,7324,9:01:30,0,277.00,0,3.4500,0.2600,0.3160,0.0981,1,ACTIVE,2,4,3
1458,7325,9:02:00,0,199.00,0,12.2100,0.7680,1.1600,0.3300,1,ACTIVE,2,4,3
1458,7326,9:02:30,0,220.00,0,5.0900,0.3370,0.4770,0.1510,1,ACTIVE,2,4,3
1458,7327,9:03:00,0,152.00,0,5.5400,0.4980,0.4980,0.0740,1,ACTIVE,2,4,3
1458,7328,9:03:30,0,141.00,0,6.6600,0.4770,0.6180,0.1760,1,ACTIVE,2,4,3
1458,7329,9:04:00,0,179.00,0,10.5200,0.6740,0.9960,0.2840,1,ACTIVE,2,4,3
1458,7330,9:04:30,0,212.00,0,8.6300,0.7350,0.7850,0.1190,1,ACTIVE,2,4,3
1458,7331,9:05:00,0,179.00,0,16.4100,0.9750,1.5700,0.4670,1,ACTIVE,2,4,3
1458,7332,9:05:30,0,132.00,0,17.6500,1.9500,1.4700,0.4190,1,ACTIVE,2,4,3
1458,7333,9:06:00,0,212.00,0,22.3700,1.9500,1.9900,0.5670,1,ACTIVE,2,4,3
1458,7334,9:06:30,0,48.00,0,40.7500,2.0800,3.9800,1.1600,1,ACTIVE,2,4,3
1458,7335,9:07:00,0,80.00,0,21.9500,1.9100,1.9500,0.6050,1,ACTIVE,2,4,3
1458,7336,9:07:30,0,179.00,0,45.5200,2.7600,4.3400,1.2600,1,ACTIVE,2,4,3
1458,7337,9:08:00,0,174.00,0,10.9500,0.6890,1.0400,0.2960,1,ACTIVE,2,4,3
1458,7338,9:08:30,0,168.00,0,15.1100,0.9330,1.4400,0.4100,1,ACTIVE,2,4,3
1458,7339,9:09:00,0,106.00,0,28.6600,1.6400,2.7600,0.8200,1,ACTIVE,2,4,3
1458,7340,9:09:30,0,106.00,0,24.7800,1.4700,2.3700,0.7200,1,ACTIVE,2,4,3
1458,7341,9:10:00,0,70.00,0,18.3100,1.0900,1.7500,0.5430,1,ACTIVE,2,4,3
1458,7342,9:10:30,0,48.00,0,7.1700,0.4190,0.6890,0.1960,1,ACTIVE,2,4,3
1458,7343,9:11:00,0,220.00,0,20.1700,1.1100,1.9500,0.5920,1,ACTIVE,2,4,3
1458,7344,9:11:30,0,61.00,0,1.3000,0.0861,0.1220,0.0412,1,ACTIVE,2,4,3
1458,7345,9:12:00,0,163.00,0,21.5800,1.7500,1.9500,0.5920,1,ACTIVE,2,4,3
1458,7346,9:12:30,0,147.00,0,22.3900,2.1300,1.9500,0.5670,1,ACTIVE,2,4,3
1458,7347,9:13:00,0,212.00,0,21.1900,1.9100,1.8700,0.5790,1,ACTIVE,2,4,3
1458,7348,9:13:30,0,199.00,0,15.4000,0.9330,1.4700,0.4190,1,ACTIVE,2,4,3
1458,7349,9:14:00,0,174.00,0,15.0300,0.8940,1.4400,0.4100,1,ACTIVE,2,4,3
1458,7350,9:14:30,0,168.00,0,26.2200,1.9100,2.4200,0.7350,1,ACTIVE,2,4,3
1458,7351,9:15:00,0,13.00,0,19.8400,1.1300,1.9100,0.5790,1,ACTIVE,2,4,3
1458,7352,9:15:30,0,96.00,0,16.6600,0.9540,1.6000,0.4670,1,ACTIVE,2,4,3
1458,7353,9:16:00,0,103.00,0,23.9100,1.9100,2.1700,0.6180,1,ACTIVE,2,4,3
1458,7354,9:16:30,0,220.00,0,31.8500,1.5000,3.1400,0.9540,1,ACTIVE,2,4,3
1458,7355,9:17:00,0,137.00,0,14.0500,0.8200,1.3500,0.3920,1,ACTIVE,2,4,3
1458,7356,9:17:30,0,186.00,0,20.3800,1.2100,1.9500,0.5790,1,ACTIVE,2,4,3
1458,7357,9:18:00,0,186.00,0,13.4000,0.8750,1.2600,0.3680,1,ACTIVE,2,4,3
1458,7358,9:18:30,0,90.00,0,20.5600,1.2900,1.9500,0.5790,1,ACTIVE,2,4,3
1458,7359,9:19:00,0,141.00,0,15.0300,0.8940,1.4400,0.4100,1,ACTIVE,2,4,3
1458,7360,9:19:30,0,53.00,0,4.8200,0.3030,0.4570,0.1390,1,ACTIVE,2,4,3
1458,7361,9:20:00,0,179.00,0,20.0300,1.2400,1.9100,0.5430,1,ACTIVE,2,4,3
1458,7362,9:20:30,0,251.00,0,42.1700,2.7000,3.9800,1.2100,1,ACTIVE,2,4,3
1458,7363,9:21:00,0,115.00,0,39.9600,2.0400,3.9000,1.2100,1,ACTIVE,2,4,3
1458,7364,9:21:30,0,80.00,0,39.2400,3.3500,3.5700,0.4870,1,ACTIVE,2,4,3
1458,7365,9:22:00,0,212.00,0,15.4200,1.3200,1.3800,0.3920,1,ACTIVE,2,4,3
1458,7366,9:22:30,0,124.00,0,30.4100,1.9500,2.8800,0.8200,1,ACTIVE,2,4,3
1458,7367,9:23:00,0,110.00,0,464.1900,18.9000,46.1000,17.4000,1,ACTIVE,2,4,3
1458,7368,9:23:30,0,235.00,0,22.4000,1.1600,2.1700,0.7510,1,ACTIVE,2,4,3
1458,7369,9:24:00,0,235.00,0,40.0000,2.0800,3.9000,1.1600,1,ACTIVE,2,4,3
1458,7370,9:24:30,0,206.00,0,29.2700,1.9100,2.7600,0.8370,1,ACTIVE,2,4,3
1458,7371,9:25:00,0,259.00,0,17.4800,1.0400,1.6700,0.4670,1,ACTIVE,2,4,3
1458,7372,9:25:30,0,193.00,0,11.7900,0.7850,1.1100,0.3090,1,ACTIVE,2,4,3
1458,7373,9:26:00,0,228.00,0,8.6300,0.6180,0.8020,0.2230,1,ACTIVE,2,4,3
1458,7374,9:26:30,0,128.00,0,8.1500,0.7850,0.7200,0.1050,1,ACTIVE,2,4,3
1458,7375,9:27:00,0,128.00,0,10.6500,0.9750,0.9540,0.1330,1,ACTIVE,2,4,3
1458,7376,9:27:30,0,63.00,0,14.3300,0.9540,1.3500,0.3760,1,ACTIVE,2,4,3
1458,7377,9:28:00,0,220.00,0,8.5000,0.5550,0.8020,0.2330,1,ACTIVE,2,4,3
1458,7378,9:28:30,0,163.00,0,7.4700,0.4870,0.7040,0.2090,1,ACTIVE,2,4,3
1458,7379,9:29:00,0,206.00,0,11.5000,0.7510,1.0900,0.2960,1,ACTIVE,2,4,3
1458,7380,9:29:30,0,141.00,0,122.1400,9.4700,11.0000,4.2500,1,ACTIVE,2,4,3
1458,7381,9:30:00,0,286.00,0,13.6700,0.8750,1.2900,0.3920,1,ACTIVE,2,4,3
1458,7382,9:30:30,0,326.00,0,14.1900,0.8940,1.3500,0.3680,1,ACTIVE,2,4,3
1458,7383,9:31:00,0,128.00,0,9.6700,1.4100,0.7350,0.1050,1,ACTIVE,2,4,3
1458,7384,9:31:30,0,115.00,0,354.0700,28.0000,31.9000,12.0000,1,ACTIVE,2,4,3
1458,7385,9:32:00,0,115.00,0,958.3600,66.6000,88.2000,35.5000,1,ACTIVE,2,4,3
1458,7386,9:32:30,0,371.00,0,631.2700,48.1000,57.2000,22.1000,1,ACTIVE,2,4,3
1458,7387,9:33:00,0,251.00,0,12.0900,0.7200,1.1600,0.3230,1,ACTIVE,2,4,3
1458,7388,9:33:30,0,243.00,0,5.1100,0.3520,0.4770,0.1390,1,ACTIVE,2,4,3
1458,7389,9:34:00,0,174.00,0,3.3500,0.2960,0.3030,0.0395,1,ACTIVE,2,4,3
1458,7390,9:34:30,0,93.00,0,5.8100,0.4010,0.5430,0.1510,1,ACTIVE,2,4,3
1458,7391,9:35:00,0,96.00,0,1.9700,0.1800,0.1760,0.0256,1,ACTIVE,2,4,3
1458,7392,9:35:30,0,163.00,0,10.5600,0.5090,1.0400,0.2960,1,ACTIVE,2,4,3
1458,7393,9:36:00,0,90.00,0,0.8000,0.1120,0.0622,0.0070,1,ACTIVE,2,4,3
1458,7394,9:36:30,0,119.00,0,1.2900,0.1360,0.1120,0.0115,1,ACTIVE,2,4,3
1458,7395,9:37:00,0,115.00,0,1.3000,0.1360,0.1120,0.0162,1,ACTIVE,2,4,3
1458,7396,9:37:30,0,212.00,0,2.5200,0.2380,0.2230,0.0347,1,ACTIVE,2,4,3
1458,7397,9:38:00,0,228.00,0,10.0600,0.6460,0.9540,0.2600,1,ACTIVE,2,4,3
1458,7398,9:38:30,0,359.00,0,16.0900,2.5300,1.1600,0.3230,1,ACTIVE,2,4,3
1458,7399,9:39:00,0,268.00,0,347.8200,38.7000,28.6000,10.8000,1,ACTIVE,2,4,3
1458,7400,9:39:30,0,277.00,0,2441.450,197.0000,219.0000,80.9000,1,ACTIVE,2,4,3
1458,7401,9:40:00,0,100.00,0,884.7900,63.7000,80.9000,32.6000,1,ACTIVE,2,4,3
1458,7402,9:40:30,0,251.00,0,376.7100,26.8000,34.8000,12.0000,1,ACTIVE,2,4,3
1458,7403,9:41:00,0,286.00,0,272.7500,19.8000,25.1000,8.3200,1,ACTIVE,2,4,3
1458,7404,9:41:30,0,348.00,0,491.9900,42.2000,43.2000,18.9000,1,ACTIVE,2,4,3
1458,7405,9:42:00,0,326.00,0,430.7100,25.7000,40.4000,18.1000,1,ACTIVE,2,4,3
1458,7406,9:42:30,0,168.00,0,202.8700,17.0000,18.5000,2.6400,1,ACTIVE,2,4,3
1458,7407,9:43:00,0,259.00,0,224.1500,17.8000,20.2000,7.1500,1,ACTIVE,2,4,3
1458,7408,9:43:30,0,295.00,0,113.1300,8.3200,10.3000,3.9000,1,ACTIVE,2,4,3
1458,7409,9:44:00,0,174.00,0,134.0100,8.6900,12.6000,4.4400,1,ACTIVE,2,4,3
1458,7410,9:44:30,0,115.00,0,11.9900,0.8750,1.1100,0.3090,1,ACTIVE,2,4,3
1458,7411,9:45:00,0,141.00,0,404.9300,15.3000,40.4000,15.6000,1,ACTIVE,2,4,3
1458,7412,9:45:30,0,132.00,0,4584.600,201.0000,458.0000,122.0000,1,ACTIVE,2,4,3
1458,7413,9:46:00,0,220.00,0,98.5000,6.2800,9.2700,3.1400,1,ACTIVE,2,4,3
1458,7414,9:46:30,0,174.00,0,266.0100,14.0000,25.7000,9.4700,1,ACTIVE,2,4,3
1458,7415,9:47:00,0,174.00,0,184.3800,9.6800,17.8000,6.8500,1,ACTIVE,2,4,3
1458,7416,9:47:30,0,179.00,0,41.6400,1.6700,4.1600,1.3800,1,ACTIVE,2,4,3
1458,7417,9:48:00,0,106.00,0,1013.630,88.2000,90.1000,26.8000,1,ACTIVE,2,4,3
1458,7418,9:48:30,0,174.00,0,2025.550,249.0000,165.0000,24.0000,1,ACTIVE,2,4,3
1458,7419,9:49:00,0,206.00,0,97.0200,5.3900,9.2700,3.5700,1,ACTIVE,2,4,3
1458,7420,9:49:30,0,337.00,0,133.4500,12.8000,11.5000,3.9000,1,ACTIVE,2,4,3
1458,7421,9:50:00,0,337.00,0,538.5300,30.5000,51.3000,19.8000,1,ACTIVE,2,4,3
1458,7422,9:50:30,0,251.00,0,94.8600,9.0700,8.1400,3.2100,1,ACTIVE,2,4,3
1458,7423,9:51:00,0,359.00,0,208.9600,17.8000,18.5000,6.7000,1,ACTIVE,2,4,3
1458,7424,9:51:30,0,199.00,0,4.2600,0.4770,0.3600,0.0512,1,ACTIVE,2,4,3
1458,7425,9:52:00,0,147.00,0,4.2800,0.3920,0.3840,0.0480,1,ACTIVE,2,4,3
1458,7426,9:52:30,0,110.00,0,3.4500,0.2280,0.3300,0.0480,1,ACTIVE,2,4,3
1458,7427,9:53:00,0,179.00,0,1.2400,0.1120,0.1120,0.0162,1,ACTIVE,2,4,3
1458,7428,9:53:30,0,220.00,0,0.9900,0.0861,0.0880,0.0292,1,ACTIVE,2,4,3
1458,7429,9:54:00,0,286.00,0,0.2900,0.0596,0.0173,0.0059,1,ACTIVE,2,4,3
1458,7430,9:54:30,0,80.00,0,0.2500,0.0431,0.0173,0.0059,1,ACTIVE,2,4,3
1458,7431,9:55:00,0,315.00,0,0.8700,0.1450,0.0622,0.0070,1,ACTIVE,2,4,3
1458,7432,9:55:30,0,50.00,0,2.4400,0.2960,0.2000,0.0298,1,ACTIVE,2,4,3
1458,7433,9:56:00,0,26.00,0,2.4400,0.2960,0.2000,0.0298,1,ACTIVE,2,4,3
1458,7434,9:56:30,0,124.00,0,5.6500,0.3230,0.5430,0.1650,1,ACTIVE,2,4,3
1458,7435,9:57:00,0,206.00,0,11.1300,1.6000,0.8370,0.2330,1,ACTIVE,2,4,3
1458,7436,9:57:30,0,103.00,0,6.4000,1.3500,0.3840,0.0559,1,ACTIVE,2,4,3
1458,7437,9:58:00,0,286.00,0,1.3900,0.1800,0.1120,0.0162,1,ACTIVE,2,4,3
1458,7438,9:58:30,0,100.00,0,1.8100,0.2600,0.1390,0.0206,1,ACTIVE,2,4,3
1458,7439,9:59:00,0,8.00,0,0.8700,0.1450,0.0622,0.0070,1,ACTIVE,2,4,3
1458,7440,9:59:30,0,1.00,0,0.8000,0.1120,0.0622,0.0070,1,ACTIVE,2,4,3
1458,7441,10:00:00,0,42.00,0,2.2400,0.3030,0.1760,0.0256,1,ACTIVE,2,4,3
1458,7442,10:00:30,0,61.00,0,3.6900,0.4470,0.3030,0.0440,1,ACTIVE,2,4,3
1458,7443,10:01:00,0,28.00,0,3.7500,0.4770,0.3030,0.0440,1,ACTIVE,2,4,3
1458,7444,10:01:30,0,21.00,0,3.4600,0.4470,0.2770,0.0395,1,ACTIVE,2,4,3
1458,7445,10:02:00,0,1.00,0,2.7500,0.3450,0.2230,0.0298,1,ACTIVE,2,4,3
1458,7446,10:02:30,0,77.00,0,2.4400,0.2960,0.2000,0.0298,1,ACTIVE,2,4,3
1458,7447,10:03:00,0,124.00,0,0.7600,0.0939,0.0622,0.0070,1,ACTIVE,2,4,3
1458,7448,10:03:30,0,37.00,0,0.4800,0.0679,0.0378,0.0023,1,ACTIVE,2,4,3
1458,7449,10:04:00,0,57.00,0,1.0800,0.1360,0.0880,0.0115,1,ACTIVE,2,4,3
1458,7450,10:04:30,0,37.00,0,1.7100,0.2140,0.1390,0.0162,1,ACTIVE,2,4,3
1458,7451,10:05:00,0,48.00,0,4.4100,0.4190,0.3840,0.1120,1,ACTIVE,2,4,3
1458,7452,10:05:30,0,0.00,0,2.7600,0.3450,0.2230,0.0347,0,ACTIVE,2,4,3
1458,7453,10:06:00,0,0.00,0,3.7300,0.4670,0.3030,0.0440,0,ACTIVE,2,4,3
1458,7454,10:06:30,0,7.00,0,3.4000,0.4190,0.2770,0.0395,0,ACTIVE,2,4,3
1458,7455,10:07:00,0,31.00,0,2.1600,0.2660,0.1760,0.0256,1,ACTIVE,2,4,3
1458,7456,10:07:30,0,0.00,0,3.7500,0.4770,0.3030,0.0440,1,ACTIVE,2,4,3
1458,7457,10:08:00,0,0.00,0,5.2200,0.6740,0.4190,0.0596,1,ACTIVE,2,4,3
1458,7458,10:08:30,0,132.00,0,3.7100,0.4570,0.3030,0.0440,1,ACTIVE,2,4,3
1458,7459,10:09:00,0,228.00,0,1.3500,0.1610,0.1120,0.0162,1,ACTIVE,2,4,3
1458,7460,10:09:30,0,73.00,0,0.2500,0.0431,0.0173,0.0059,1,ACTIVE,2,4,3
1458,7461,10:10:00,0,179.00,0,1.1400,0.1610,0.0880,0.0115,1,ACTIVE,2,4,3
1458,7462,10:10:30,0,243.00,0,0.8000,0.1120,0.0622,0.0070,1,ACTIVE,2,4,3
1458,7463,10:11:00,0,100.00,0,0.2700,0.0512,0.0173,0.0059,1,ACTIVE,2,4,3
1458,7464,10:11:30,0,32.00,0,1.8400,0.2230,0.1510,0.0206,1,ACTIVE,2,4,3
1458,7465,10:12:00,0,86.00,0,1.3900,0.1800,0.1120,0.0162,1,ACTIVE,2,4,3
1458,7466,10:12:30,0,124.00,0,6.3700,0.7850,0.5200,0.0790,1,ACTIVE,2,4,3
1458,7467,10:13:00,0,21.00,0,43.3300,4.6400,3.6500,0.9960,1,ACTIVE,2,4,3
1458,7468,10:13:30,0,70.00,0,12.0900,2.3700,0.7680,0.1140,1,ACTIVE,2,4,3
1458,7469,10:14:00,0,59.00,0,3.6900,0.4470,0.3030,0.0440,1,ACTIVE,2,4,3
1458,7470,10:14:30,0,59.00,0,3.7500,0.4770,0.3030,0.0395,1,ACTIVE,2,4,3
1458,7471,10:15:00,0,46.00,0,1.7300,0.2280,0.1390,0.0115,1,ACTIVE,2,4,3
1458,7472,10:15:30,0,228.00,0,4.2400,0.5920,0.3300,0.0395,1,ACTIVE,2,4,3
1458,7473,10:16:00,0,106.00,0,10.4200,1.8300,0.7040,0.1960,1,ACTIVE,2,4,3
1458,7474,10:16:30,0,83.00,0,3.2100,0.4470,0.2490,0.0347,1,ACTIVE,2,4,3
1458,7475,10:17:00,0,61.00,0,2.5000,0.2720,0.2090,0.0650,1,ACTIVE,2,4,3
1458,7476,10:17:30,0,152.00,0,1.0100,0.1020,0.0880,0.0115,1,ACTIVE,2,4,3
1458,7477,10:18:00,0,235.00,0,2.9400,0.3300,0.2490,0.0298,1,ACTIVE,2,4,3
1458,7478,10:18:30,0,199.00,0,2216.070,133.0000,210.0000,77.5000,1,ACTIVE,2,4,3
1458,7479,10:19:00,0,326.00,0,154.4100,13.1000,13.7000,5.0600,1,ACTIVE,2,4,3
1458,7480,10:19:30,0,243.00,0,97.2600,7.3100,8.8800,3.0700,1,ACTIVE,2,4,3
1458,7481,10:20:00,0,235.00,0,12.6400,1.4400,1.0600,0.1360,1,ACTIVE,2,4,3
1458,7482,10:20:30,0,295.00,0,191.1400,7.6300,18.9000,7.6300,1,ACTIVE,2,4,3
1458,7483,10:21:00,0,295.00,0,1.0100,0.0939,0.0880,0.0292,1,ACTIVE,2,4,3
1458,7484,10:21:30,0,212.00,0,0.2100,0.0256,0.0173,0.0059,1,ACTIVE,2,4,3
1458,7485,10:22:00,0,179.00,0,0.2100,0.0256,0.0173,0.0059,1,ACTIVE,2,4,3
1458,7486,10:22:30,0,31.00,0,0.1900,0.0128,0.0173,0.0059,1,ACTIVE,2,4,3
1458,7487,10:23:00,0,13.00,0,0.1900,0.0128,0.0173,0.0059,1,ACTIVE,2,4,3
1458,7488,10:23:30,0,15.00,0,0.1900,0.0128,0.0173,0.0059,1,ACTIVE,2,4,3
1458,7489,10:24:00,0,48.00,0,0.2300,0.0339,0.0173,0.0059,1,ACTIVE,2,4,3
1458,7490,10:24:30,0,25.00,0,0.2300,0.0339,0.0173,0.0059,1,ACTIVE,2,4,3
1458,7491,10:25:00,0,20.00,0,0.1900,0.0128,0.0173,0.0059,1,ACTIVE,2,4,3
1458,7492,10:25:30,0,9.00,0,0.1900,0.0128,0.0173,0.0059,1,ACTIVE,2,4,3
1458,7493,10:26:00,0,39.00,0,0.1900,0.0128,0.0173,0.0059,1,ACTIVE,2,4,3
1458,7494,10:26:30,0,19.00,0,0.1900,0.0128,0.0173,0.0059,1,ACTIVE,2,4,3
1458,7495,10:27:00,0,0.00,0,0.1700,0.0042,0.0173,0.0059,0,ACTIVE,2,4,3
1458,7496,10:27:30,0,0.00,0,0.1700,0.0042,0.0173,0.0059,1,ACTIVE,2,4,3
1458,7497,10:28:00,0,37.00,0,0.1700,0.0042,0.0173,0.0059,1,ACTIVE,2,4,3
1458,7498,10:28:30,0,174.00,0,0.2100,0.0256,0.0173,0.0059,1,ACTIVE,2,4,3
1458,7499,10:29:00,0,163.00,0,0.3100,0.0679,0.0173,0.0059,1,ACTIVE,2,4,3
1458,7500,10:29:30,0,7.00,0,0.6700,0.0861,0.0523,0.0173,1,ACTIVE,2,4,3
1458,7501,10:30:00,0,0.00,0,0.4800,0.0679,0.0378,0.0023,1,ACTIVE,2,4,3
1458,7502,10:30:30,0,7.00,0,0.4700,0.0596,0.0378,0.0023,0,ACTIVE,2,4,3
1458,7503,10:31:00,0,1.00,0,0.2700,0.0512,0.0173,0.0059,0,ACTIVE,2,4,3
1458,7504,10:31:30,0,0.00,0,0.4500,0.0512,0.0378,0.0023,0,ACTIVE,2,4,3
1458,7505,10:32:00,0,1.00,0,0.4500,0.0512,0.0378,0.0023,0,ACTIVE,2,4,3
1458,7506,10:32:30,0,15.00,0,0.2700,0.0512,0.0173,0.0059,1,ACTIVE,2,4,3
1458,7507,10:33:00,0,11.00,0,0.6100,0.0596,0.0523,0.0173,1,ACTIVE,2,4,3
1458,7508,10:33:30,0,10.00,0,0.2700,0.0512,0.0173,0.0059,1,ACTIVE,2,4,3
1458,7509,10:34:00,0,199.00,0,0.2100,0.0256,0.0173,0.0059,1,ACTIVE,2,4,3
1458,7510,10:34:30,0,23.00,0,0.1900,0.0128,0.0173,0.0059,1,ACTIVE,2,4,3
1458,7511,10:35:00,0,315.00,0,0.2300,0.0339,0.0173,0.0059,1,ACTIVE,2,4,3
1458,7512,10:35:30,0,186.00,0,0.2100,0.0256,0.0173,0.0059,1,ACTIVE,2,4,3
1458,7513,10:36:00,0,464.00,0,0.2700,0.0512,0.0173,0.0059,1,ACTIVE,2,4,3
1458,7514,10:36:30,0,359.00,0,0.7800,0.1020,0.0622,0.0070,1,ACTIVE,2,4,3
1458,7515,10:37:00,0,371.00,0,1.1200,0.1450,0.0880,0.0292,1,ACTIVE,2,4,3
1458,7516,10:37:30,0,359.00,0,0.7800,0.1360,0.0523,0.0173,1,ACTIVE,2,4,3
1458,7517,10:38:00,0,186.00,0,2.3200,0.1880,0.2090,0.0650,1,ACTIVE,2,4,3
1458,7518,10:38:30,0,295.00,0,57.5800,4.7400,5.1700,1.7100,1,ACTIVE,2,4,3
1458,7519,10:39:00,0,359.00,0,270.4800,15.6000,25.7000,10.3000,1,ACTIVE,2,4,3
1458,7520,10:39:30,0,243.00,0,164.7100,11.0000,15.3000,6.1400,1,ACTIVE,2,4,3
1458,7521,10:40:00,0,383.00,0,1.6400,0.1800,0.1390,0.0206,1,ACTIVE,2,4,3
1458,7522,10:40:30,0,163.00,0,1.8400,0.2230,0.1510,0.0206,1,ACTIVE,2,4,3
1458,7523,10:41:00,0,132.00,0,0.8400,0.1300,0.0622,0.0070,1,ACTIVE,2,4,3
1458,7524,10:41:30,0,243.00,0,1.2900,0.1360,0.1120,0.0115,1,ACTIVE,2,4,3
1458,7525,10:42:00,0,243.00,0,1.8200,0.2140,0.1510,0.0206,1,ACTIVE,2,4,3
1458,7526,10:42:30,0,152.00,0,3.1000,0.4010,0.2490,0.0347,1,ACTIVE,2,4,3
1458,7527,10:43:00,0,168.00,0,4.0200,0.4870,0.3300,0.0480,1,ACTIVE,2,4,3
1458,7528,10:43:30,0,21.00,0,3.1300,0.2720,0.2770,0.0880,1,ACTIVE,2,4,3
1458,7529,10:44:00,0,23.00,0,1.7100,0.2140,0.1390,0.0206,1,ACTIVE,2,4,3
1458,7530,10:44:30,0,0.00,0,1.8700,0.2380,0.1510,0.0206,1,ACTIVE,2,4,3
1458,7531,10:45:00,0,0.00,0,2.4400,0.2440,0.2090,0.0650,0,ACTIVE,2,4,3
1458,7532,10:45:30,0,96.00,0,3.4000,0.4190,0.2770,0.0395,1,ACTIVE,2,4,3
1458,7533,10:46:00,0,0.00,0,4.1500,0.5200,0.3370,0.0480,0,ACTIVE,2,4,3
1458,7534,10:46:30,0,0.00,0,4.2400,0.5550,0.3370,0.0512,0,ACTIVE,2,4,3
1458,7535,10:47:00,0,0.00,0,4.4900,0.5790,0.3600,0.0512,0,ACTIVE,2,4,3
1458,7536,10:47:30,0,1.00,0,4.7900,0.6180,0.3840,0.0559,0,ACTIVE,2,4,3
1458,7537,10:48:00,0,0.00,0,4.7600,0.6050,0.3840,0.0559,0,ACTIVE,2,4,3
1458,7538,10:48:30,0,0.00,0,4.7600,0.6050,0.3840,0.0559,0,ACTIVE,2,4,3
1458,7539,10:49:00,0,0.00,0,4.7300,0.5920,0.3840,0.0559,0,ACTIVE,2,4,3
1458,7540,10:49:30,0,0.00,0,4.4900,0.5790,0.3600,0.0512,0,ACTIVE,2,4,3
1458,7541,10:50:00,0,0.00,0,3.9700,0.4670,0.3300,0.0440,0,ACTIVE,2,4,3
1458,7542,10:50:30,0,0.00,0,4.4100,0.4190,0.3840,0.1120,0,ACTIVE,2,4,3
1458,7543,10:51:00,0,0.00,0,2.0400,0.2140,0.1760,0.0256,1,ACTIVE,2,4,3
1458,7544,10:51:30,0,0.00,0,4.0000,0.4770,0.3300,0.0480,1,ACTIVE,2,4,3
1458,7545,10:52:00,0,220.00,0,5.3600,0.4670,0.4770,0.1390,1,ACTIVE,2,4,3
1458,7546,10:52:30,0,13.00,0,7.0000,0.6320,0.6180,0.1760,1,ACTIVE,2,4,3
1458,7547,10:53:00,0,3.00,0,5.2400,0.6050,0.4370,0.0650,1,ACTIVE,2,4,3
1458,7548,10:53:30,0,44.00,0,6.5900,0.6050,0.5790,0.1650,1,ACTIVE,2,4,3
1458,7549,10:54:00,0,2.00,0,4.1600,0.5200,0.3370,0.0512,1,ACTIVE,2,4,3
1458,7550,10:54:30,0,103.00,0,5.4700,0.3840,0.5090,0.1510,1,ACTIVE,2,4,3
1458,7551,10:55:00,0,0.00,0,1.4100,0.1880,0.1120,0.0162,1,ACTIVE,2,4,3
1458,7552,10:55:30,0,57.00,0,2.1000,0.2380,0.1760,0.0256,1,ACTIVE,2,4,3
1458,7553,10:56:00,0,0.00,0,1.0800,0.1360,0.0880,0.0115,1,ACTIVE,2,4,3
1458,7554,10:56:30,0,124.00,0,1.1300,0.1550,0.0880,0.0115,1,ACTIVE,2,4,3
1458,7555,10:57:00,0,61.00,0,2.6000,0.3160,0.2090,0.0650,1,ACTIVE,2,4,3
1458,7556,10:57:30,0,315.00,0,4.2600,0.3450,0.3840,0.1220,1,ACTIVE,2,4,3
1458,7557,10:58:00,0,228.00,0,0.7600,0.0939,0.0622,0.0070,1,ACTIVE,2,4,3
1458,7558,10:58:30,0,103.00,0,4.3900,0.4100,0.3840,0.1120,1,ACTIVE,2,4,3
1458,7559,10:59:00,0,77.00,0,7.0900,1.7500,0.0981,2.1700,1,ACTIVE,2,4,3
1458,7560,10:59:30,0,18.00,0,77.2600,3.2100,7.6300,3.0700,1,ACTIVE,2,4,3
1458,7561,11:00:00,0,0.00,0,62.7300,2.9400,6.1400,2.2200,1,ACTIVE,2,4,3
1458,7562,11:00:30,0,35.00,0,85.5300,4.6400,8.3200,2.2200,1,ACTIVE,2,4,3
1458,7563,11:01:00,0,0.00,0,59.3300,3.3500,5.6300,2.3700,1,ACTIVE,2,4,3
1458,7564,11:01:30,0,39.00,0,57.2300,3.3500,5.3900,2.3700,1,ACTIVE,2,4,3
1458,7565,11:02:00,0,110.00,0,114.2800,7.1500,10.8000,3.6500,1,ACTIVE,2,4,3
1458,7566,11:02:30,0,37.00,0,20.9800,1.4700,1.9500,0.6050,1,ACTIVE,2,4,3
1458,7567,11:03:00,0,115.00,0,5.4300,0.4470,0.4980,0.0740,1,ACTIVE,2,4,3
1458,7568,11:03:30,0,66.00,0,12.5600,0.7040,1.2100,0.3680,1,ACTIVE,2,4,3
1458,7569,11:04:00,0,83.00,0,92.0800,6.0100,8.6900,2.4700,1,ACTIVE,2,4,3
1458,7570,11:04:30,0,96.00,0,3.0200,0.2230,0.2770,0.0880,1,ACTIVE,2,4,3
1458,7571,11:05:00,0,110.00,0,4.4000,0.2720,0.4190,0.1220,1,ACTIVE,2,4,3
1458,7572,11:05:30,0,193.00,0,3.3400,0.3920,0.2770,0.0395,1,ACTIVE,2,4,3
1458,7573,11:06:00,0,66.00,0,4.0000,0.4770,0.3300,0.0480,1,ACTIVE,2,4,3
1458,7574,11:06:30,0,86.00,0,3.9900,0.3600,0.3520,0.0981,1,ACTIVE,2,4,3
1458,7575,11:07:00,0,128.00,0,3.9500,0.4570,0.3300,0.0480,1,ACTIVE,2,4,3
1458,7576,11:07:30,0,163.00,0,4.1600,0.5200,0.3370,0.0512,1,ACTIVE,2,4,3
1458,7577,11:08:00,0,103.00,0,4.7000,0.5790,0.3840,0.0559,1,ACTIVE,2,4,3
1458,7578,11:08:30,0,106.00,0,3.7400,0.3600,0.3300,0.0480,1,ACTIVE,2,4,3
1458,7579,11:09:00,0,152.00,0,37.0300,3.4200,3.3500,0.1140,1,ACTIVE,2,4,3
1458,7580,11:09:30,0,8.00,0,108.2800,9.0700,9.8900,1.4400,1,ACTIVE,2,4,3
1458,7581,11:10:00,0,70.00,0,71.3000,4.4400,6.7000,2.5800,1,ACTIVE,2,4,3
1458,7582,11:10:30,0,93.00,0,5.7700,0.5200,0.5090,0.1510,1,ACTIVE,2,4,3
1458,7583,11:11:00,0,59.00,0,6.0700,0.5200,0.5430,0.1510,1,ACTIVE,2,4,3
1458,7584,11:11:30,0,93.00,0,6.9200,0.4670,0.6460,0.2090,1,ACTIVE,2,4,3
1458,7585,11:12:00,0,235.00,0,68.5100,4.6400,6.4200,1.9100,1,ACTIVE,2,4,3
1458,7586,11:12:30,0,83.00,0,418.4100,26.8000,39.6000,11.5000,1,ACTIVE,2,4,3
1458,7587,11:13:00,0,30.00,0,445.6600,28.6000,42.2000,11.5000,1,ACTIVE,2,4,3
1458,7588,11:13:30,0,141.00,0,393.1100,24.6000,37.1000,12.8000,1,ACTIVE,2,4,3
1458,7589,11:14:00,0,11.00,0,287.1200,13.7000,28.0000,10.8000,1,ACTIVE,2,4,3
1458,7590,11:14:30,0,59.00,0,325.2100,17.8000,31.2000,11.8000,1,ACTIVE,2,4,3
1458,7591,11:15:00,0,70.00,0,281.8100,16.6000,26.8000,9.4700,1,ACTIVE,2,4,3
1458,7592,11:15:30,0,3.00,0,144.4500,7.3100,14.0000,5.2800,1,ACTIVE,2,4,3
1458,7593,11:16:00,0,70.00,0,154.4400,11.0000,14.3000,4.4400,1,ACTIVE,2,4,3
1458,7594,11:16:30,0,66.00,0,93.7700,5.8800,8.8800,2.7600,1,ACTIVE,2,4,3
1458,7595,11:17:00,0,16.00,0,234.4500,14.9000,22.1000,7.6300,1,ACTIVE,2,4,3
1458,7596,11:17:30,0,18.00,0,384.7900,23.5000,36.3000,13.7000,1,ACTIVE,2,4,3
1458,7597,11:18:00,0,3.00,0,338.1800,20.7000,31.9000,12.3000,0,ACTIVE,2,4,3
1458,7598,11:18:30,0,31.00,0,202.8400,11.5000,19.4000,7.1500,1,ACTIVE,2,4,3
1458,7599,11:19:00,0,23.00,0,321.8400,19.4000,30.5000,10.8000,1,ACTIVE,2,4,3
1458,7600,11:19:30,0,158.00,0,248.1700,14.9000,23.5000,8.3200,1,ACTIVE,2,4,3
1458,7601,11:20:00,0,50.00,0,312.5600,17.8000,29.9000,10.8000,1,ACTIVE,2,4,3
1458,7602,11:20:30,0,86.00,0,410.2800,25.1000,38.7000,14.3000,1,ACTIVE,2,4,3
1458,7603,11:21:00,0,31.00,0,302.0800,18.1000,28.6000,10.6000,1,ACTIVE,2,4,3
1458,7604,11:21:30,0,33.00,0,410.8400,25.7000,38.7000,13.7000,1,ACTIVE,2,4,3
1458,7605,11:22:00,0,90.00,0,418.9300,25.7000,39.6000,14.3000,1,ACTIVE,2,4,3
1458,7606,11:22:30,0,83.00,0,385.6100,24.0000,36.3000,13.4000,1,ACTIVE,2,4,3
1458,7607,11:23:00,0,168.00,0,1.5700,0.2600,0.1120,0.0162,1,ACTIVE,2,4,3
1458,7608,11:23:30,0,73.00,0,0.2300,0.0339,0.0173,0.0059,1,ACTIVE,2,4,3
1458,7609,11:24:00,0,53.00,0,0.1900,0.0128,0.0173,0.0059,1,ACTIVE,2,4,3
1458,7610,11:24:30,0,0.00,0,0.2100,0.0256,0.0173,0.0059,1,ACTIVE,2,4,3
1458,7611,11:25:00,0,115.00,0,0.2300,0.0339,0.0173,0.0059,1,ACTIVE,2,4,3
1458,7612,11:25:30,0,152.00,0,0.2100,0.0256,0.0173,0.0059,1,ACTIVE,2,4,3
1458,7613,11:26:00,0,163.00,0,0.6100,0.0596,0.0523,0.0173,1,ACTIVE,2,4,3
1458,7614,11:26:30,0,137.00,0,1.4000,0.1300,0.1220,0.0412,1,ACTIVE,2,4,3
1458,7615,11:27:00,0,13.00,0,0.1900,0.0128,0.0173,0.0059,1,ACTIVE,2,4,3
1458,7616,11:27:30,0,53.00,0,1.3200,0.1450,0.1120,0.0162,1,ACTIVE,2,4,3
1458,7617,11:28:00,0,193.00,0,2.7200,0.3300,0.2230,0.0347,1,ACTIVE,2,4,3
1458,7618,11:28:30,0,35.00,0,1.6500,0.1880,0.1390,0.0206,1,ACTIVE,2,4,3
1458,7619,11:29:00,0,0.00,0,1.3200,0.1450,0.1120,0.0162,1,ACTIVE,2,4,3
1458,7620,11:29:30,0,55.00,0,1.3000,0.1360,0.1120,0.0162,1,ACTIVE,2,4,3
1458,7621,11:30:00,0,50.00,0,2.3200,0.2380,0.2000,0.0298,1,ACTIVE,2,4,3
1458,7622,11:30:30,0,39.00,0,2.7200,0.2280,0.2440,0.0756,1,ACTIVE,2,4,3
1458,7623,11:31:00,0,0.00,0,3.0700,0.3840,0.2490,0.0347,0,ACTIVE,2,4,3
1458,7624,11:31:30,0,26.00,0,3.9500,0.4570,0.3300,0.0480,1,ACTIVE,2,4,3
1458,7625,11:32:00,0,5.00,0,2.8600,0.3920,0.2230,0.0347,0,ACTIVE,2,4,3
1458,7626,11:32:30,0,5.00,0,2.8400,0.2840,0.2440,0.0756,0,ACTIVE,2,4,3
1458,7627,11:33:00,0,4.00,0,1.6400,0.1800,0.1390,0.0206,0,ACTIVE,2,4,3
1458,7628,11:33:30,0,18.00,0,1.3400,0.1550,0.1120,0.0162,1,ACTIVE,2,4,3
1458,7629,11:34:00,0,0.00,0,0.9900,0.0861,0.0880,0.0292,0,ACTIVE,2,4,3
1458,7630,11:34:30,0,0.00,0,0.9700,0.0773,0.0880,0.0292,0,ACTIVE,2,4,3
1458,7631,11:35:00,0,30.00,0,1.3800,0.1720,0.1120,0.0162,1,ACTIVE,2,4,3
1458,7632,11:35:30,0,4.00,0,0.2100,0.0256,0.0173,0.0059,0,ACTIVE,2,4,3
1458,7633,11:36:00,0,1.00,0,0.2100,0.0256,0.0173,0.0059,0,ACTIVE,2,4,3
1458,7634,11:36:30,0,42.00,0,0.2100,0.0256,0.0173,0.0059,1,ACTIVE,2,4,3
1458,7635,11:37:00,0,12.00,0,4.3600,0.2440,0.4190,0.1390,1,ACTIVE,2,4,3
1458,7636,11:37:30,0,0.00,0,5.1200,0.3450,0.4770,0.1650,0,ACTIVE,2,4,3
1458,7637,11:38:00,0,53.00,0,18.1700,2.1700,1.4700,0.4470,1,ACTIVE,2,4,3
1458,7638,11:38:30,0,44.00,0,29.5700,1.7900,2.8200,0.8750,1,ACTIVE,2,4,3
1458,7639,11:39:00,0,0.00,0,27.5300,1.8300,2.5800,0.8020,0,ACTIVE,2,4,3
1458,7640,11:39:30,0,0.00,0,31.8700,2.5800,2.8800,0.8750,1,ACTIVE,2,4,3
1458,7641,11:40:00,0,55.00,0,46.4800,3.5700,4.2500,1.2400,1,ACTIVE,2,4,3
1458,7642,11:40:30,0,168.00,0,115.1700,7.6300,10.8000,3.5000,1,ACTIVE,2,4,3
1458,7643,11:41:00,0,3.00,0,214.8800,14.0000,20.2000,6.2800,1,ACTIVE,2,4,3
1458,7644,11:41:30,0,206.00,0,113.3600,7.8000,10.6000,3.3500,1,ACTIVE,2,4,3
1458,7645,11:42:00,0,137.00,0,5.3900,0.6740,0.4370,0.0650,1,ACTIVE,2,4,3
1458,7646,11:42:30,0,494.00,0,2.4600,0.3030,0.2000,0.0298,1,ACTIVE,2,4,3
1458,7647,11:43:00,0,106.00,0,0.7800,0.1020,0.0622,0.0070,1,ACTIVE,2,4,3
1458,7648,11:43:30,0,10.00,0,1.4500,0.1550,0.1220,0.0412,1,ACTIVE,2,4,3
1458,7649,11:44:00,0,103.00,0,0.8000,0.1120,0.0622,0.0070,1,ACTIVE,2,4,3
1458,7650,11:44:30,0,70.00,0,19.7900,1.2900,1.8700,0.5430,1,ACTIVE,2,4,3
1458,7651,11:45:00,0,73.00,0,19.7000,1.2400,1.8700,0.5670,1,ACTIVE,2,4,3
1458,7652,11:45:30,0,63.00,0,15.0500,0.8940,1.4400,0.4280,1,ACTIVE,2,4,3
1458,7653,11:46:00,0,37.00,0,12.1600,0.7510,1.1600,0.3230,1,ACTIVE,2,4,3
1458,7654,11:46:30,0,35.00,0,13.2300,0.8020,1.2600,0.3520,1,ACTIVE,2,4,3
1458,7655,11:47:00,0,30.00,0,15.1000,0.9330,1.4400,0.3920,1,ACTIVE,2,4,3
1458,7656,11:47:30,0,235.00,0,15.2400,2.2200,1.1600,0.1720,1,ACTIVE,2,4,3
1458,7657,11:48:00,0,2.00,0,29.3200,3.0700,2.5300,0.3600,1,ACTIVE,2,4,3
1458,7658,11:48:30,0,0.00,0,29.6200,3.2100,2.5300,0.3600,1,ACTIVE,2,4,3
1458,7659,11:49:00,0,163.00,0,29.1100,3.2100,2.4700,0.3300,1,ACTIVE,2,4,3
1458,7660,11:49:30,0,18.00,0,30.4000,3.3500,2.5800,0.3370,1,ACTIVE,2,4,3
1458,7661,11:50:00,0,348.00,0,18.7100,1.7100,1.6700,0.2330,1,ACTIVE,2,4,3
1458,7662,11:50:30,0,4.00,0,65.6100,5.0600,6.0100,1.6400,1,ACTIVE,2,4,3
1458,7663,11:51:00,0,235.00,0,16.0600,2.8200,1.0900,0.2960,1,ACTIVE,2,4,3
1458,7664,11:51:30,0,25.00,0,5.1900,0.6600,0.4190,0.0596,1,ACTIVE,2,4,3
1458,7665,11:52:00,0,168.00,0,1.7300,0.2230,0.1390,0.0206,1,ACTIVE,2,4,3
1458,7666,11:52:30,0,93.00,0,4.3900,0.4100,0.3840,0.1120,1,ACTIVE,2,4,3
1458,7667,11:53:00,0,66.00,0,3.1400,0.4190,0.2490,0.0347,1,ACTIVE,2,4,3
1458,7668,11:53:30,0,0.00,0,3.7500,0.4770,0.3030,0.0440,1,ACTIVE,2,4,3
1458,7669,11:54:00,0,0.00,0,4.1200,0.5310,0.3300,0.0480,1,ACTIVE,2,4,3
1458,7670,11:54:30,0,464.00,0,2.9100,0.4190,0.2230,0.0256,1,ACTIVE,2,4,3
1458,7671,11:55:00,0,337.00,0,19.4800,2.6400,1.5400,0.1760,1,ACTIVE,2,4,3
1458,7672,11:55:30,0,259.00,0,2.4500,0.4010,0.1760,0.0162,1,ACTIVE,2,4,3
1458,7673,11:56:00,0,450.00,0,48.6000,7.0000,3.7300,0.4010,1,ACTIVE,2,4,3
1458,7674,11:56:30,0,243.00,0,160.9000,14.0000,14.6000,1.8300,1,ACTIVE,2,4,3
1458,7675,11:57:00,0,152.00,0,163.3800,11.3000,15.3000,4.4400,1,ACTIVE,2,4,3
1458,7676,11:57:30,0,158.00,0,228.2800,16.6000,21.1000,6.0100,1,ACTIVE,2,4,3
1458,7677,11:58:00,0,124.00,0,143.3900,9.6800,13.4000,4.2500,1,ACTIVE,2,4,3
1458,7678,11:58:30,0,326.00,0,15.5400,3.2800,0.9330,0.1090,1,ACTIVE,2,4,3
1458,7679,11:59:00,0,348.00,0,13.0400,3.9000,0.4980,0.0559,1,ACTIVE,2,4,3
1458,7680,11:59:30,0,26.00,0,0.2400,0.0596,0.0125,0.0000,1,ACTIVE,2,4,3
1458,7681,12:00:00,0,12.00,0,0.2600,0.0679,0.0125,0.0000,1,ACTIVE,2,4,4
1458,7682,12:00:30,0,12.00,0,0.3300,0.0773,0.0173,0.0059,1,ACTIVE,2,4,4
1458,7683,12:01:00,0,7.00,0,0.4200,0.1190,0.0173,0.0059,1,ACTIVE,2,4,4
1458,7684,12:01:30,0,14.00,0,0.4500,0.1300,0.0173,0.0059,1,ACTIVE,2,4,4
1458,7685,12:02:00,0,28.00,0,0.2900,0.0596,0.0173,0.0059,1,ACTIVE,2,4,4
1458,7686,12:02:30,0,1.00,0,0.2900,0.0596,0.0173,0.0059,0,ACTIVE,2,4,4
1458,7687,12:03:00,0,70.00,0,0.3300,0.0773,0.0173,0.0059,1,ACTIVE,2,4,4
1458,7688,12:03:30,0,16.00,0,0.2900,0.0596,0.0173,0.0059,1,ACTIVE,2,4,4
1458,7689,12:04:00,0,0.00,0,0.1900,0.0128,0.0173,0.0059,0,ACTIVE,2,4,4
1458,7690,12:04:30,0,0.00,0,0.1900,0.0128,0.0173,0.0059,0,ACTIVE,2,4,4
1458,7691,12:05:00,0,0.00,0,0.1900,0.0128,0.0173,0.0059,0,ACTIVE,2,4,4
1458,7692,12:05:30,0,0.00,0,0.1900,0.0128,0.0173,0.0059,0,ACTIVE,2,4,4
1458,7693,12:06:00,0,0.00,0,0.1900,0.0128,0.0173,0.0059,0,ACTIVE,2,4,4
1458,7694,12:06:30,0,20.00,0,0.1900,0.0128,0.0173,0.0059,1,ACTIVE,2,4,4
1458,7695,12:07:00,0,0.00,0,0.2100,0.0256,0.0173,0.0059,0,ACTIVE,2,4,4
1458,7696,12:07:30,0,0.00,0,0.2100,0.0256,0.0173,0.0059,0,ACTIVE,2,4,4
1458,7697,12:08:00,0,2.00,0,0.1900,0.0128,0.0173,0.0059,0,ACTIVE,2,4,4
1458,7698,12:08:30,0,3.00,0,0.1900,0.0128,0.0173,0.0059,0,ACTIVE,2,4,4
1458,7699,12:09:00,0,0.00,0,0.1900,0.0128,0.0173,0.0059,0,ACTIVE,2,4,4
1458,7700,12:09:30,0,0.00,0,0.1900,0.0128,0.0173,0.0059,0,ACTIVE,2,4,4
1458,7701,12:10:00,0,0.00,0,0.1900,0.0128,0.0173,0.0059,0,ACTIVE,2,4,4
1458,7702,12:10:30,0,0.00,0,0.1900,0.0128,0.0173,0.0059,0,ACTIVE,2,4,4
1458,7703,12:11:00,0,0.00,0,0.1900,0.0128,0.0173,0.0059,0,ACTIVE,2,4,4
1458,7704,12:11:30,0,15.00,0,0.2500,0.0431,0.0173,0.0059,1,ACTIVE,2,4,4
1458,7705,12:12:00,0,0.00,0,0.3100,0.0679,0.0173,0.0059,1,ACTIVE,2,4,4
1458,7706,12:12:30,0,251.00,0,0.3300,0.0773,0.0173,0.0059,1,ACTIVE,2,4,4
1458,7707,12:13:00,0,25.00,0,0.2900,0.0596,0.0173,0.0059,1,ACTIVE,2,4,4
1458,7708,12:13:30,0,115.00,0,0.2100,0.0256,0.0173,0.0059,1,ACTIVE,2,4,4
1458,7709,12:14:00,0,0.00,0,0.1900,0.0128,0.0173,0.0059,1,ACTIVE,2,4,4
1458,7710,12:14:30,0,0.00,0,0.1900,0.0128,0.0173,0.0059,1,ACTIVE,2,4,4
1458,7711,12:15:00,0,0.00,0,0.1900,0.0128,0.0173,0.0059,1,ACTIVE,2,4,4
1458,7712,12:15:30,0,30.00,0,0.1900,0.0128,0.0173,0.0059,1,ACTIVE,2,4,4
1458,7713,12:16:00,0,128.00,0,0.1100,0.0490,0.0000,0.0000,1,ACTIVE,2,4,4
1458,7714,12:16:30,0,0.00,0,0.2500,0.0431,0.0173,0.0059,1,ACTIVE,2,4,4
1458,7715,12:17:00,0,115.00,0,0.2300,0.0339,0.0173,0.0059,1,ACTIVE,2,4,4
1458,7716,12:17:30,0,0.00,0,0.3100,0.0679,0.0173,0.0059,1,ACTIVE,2,4,4
1458,7717,12:18:00,0,0.00,0,0.3100,0.0679,0.0173,0.0059,1,ACTIVE,2,4,4
1458,7718,12:18:30,0,70.00,0,0.3100,0.0679,0.0173,0.0059,1,ACTIVE,2,4,4
1458,7719,12:19:00,0,37.00,0,0.2700,0.0512,0.0173,0.0059,1,ACTIVE,2,4,4
1458,7720,12:19:30,0,0.00,0,0.2500,0.0431,0.0173,0.0059,1,ACTIVE,2,4,4
1458,7721,12:20:00,0,21.00,0,0.2500,0.0431,0.0173,0.0059,1,ACTIVE,2,4,4
1458,7722,12:20:30,0,86.00,0,0.3300,0.0773,0.0173,0.0059,1,ACTIVE,2,4,4
1458,7723,12:21:00,0,86.00,0,0.3100,0.0679,0.0173,0.0059,1,ACTIVE,2,4,4
1458,7724,12:21:30,0,100.00,0,0.3100,0.0679,0.0173,0.0059,1,ACTIVE,2,4,4
1458,7725,12:22:00,0,83.00,0,0.3500,0.0861,0.0173,0.0059,1,ACTIVE,2,4,4
1458,7726,12:22:30,0,39.00,0,0.3700,0.0939,0.0173,0.0059,1,ACTIVE,2,4,4
1458,7727,12:23:00,0,39.00,0,0.3500,0.0861,0.0173,0.0059,1,ACTIVE,2,4,4
1458,7728,12:23:30,0,12.00,0,0.3700,0.0939,0.0173,0.0059,1,ACTIVE,2,4,4
1458,7729,12:24:00,0,7.00,0,0.4100,0.1120,0.0173,0.0059,1,ACTIVE,2,4,4
1458,7730,12:24:30,0,0.00,0,0.4100,0.1120,0.0173,0.0059,0,ACTIVE,2,4,4
1458,7731,12:25:00,0,83.00,0,0.3700,0.0939,0.0173,0.0059,1,ACTIVE,2,4,4
1458,7732,12:25:30,0,50.00,0,0.4100,0.1120,0.0173,0.0059,1,ACTIVE,2,4,4
1458,7733,12:26:00,0,68.00,0,0.4100,0.1120,0.0173,0.0059,1,ACTIVE,2,4,4
1458,7734,12:26:30,0,59.00,0,0.3500,0.0861,0.0173,0.0059,1,ACTIVE,2,4,4
1458,7735,12:27:00,0,0.00,0,0.2100,0.0256,0.0173,0.0059,1,ACTIVE,2,4,4
1458,7736,12:27:30,0,132.00,0,0.3300,0.0773,0.0173,0.0059,1,ACTIVE,2,4,4
1458,7737,12:28:00,0,83.00,0,0.2900,0.0596,0.0173,0.0059,1,ACTIVE,2,4,4
1458,7738,12:28:30,0,21.00,0,0.1400,0.0583,0.0000,0.0059,1,ACTIVE,2,4,4
1458,7739,12:29:00,0,21.00,0,0.2100,0.0256,0.0173,0.0059,1,ACTIVE,2,4,4
1458,7740,12:29:30,0,0.00,0,0.2100,0.0256,0.0173,0.0059,0,ACTIVE,2,4,4
1458,7741,12:30:00,0,0.00,0,0.2100,0.0256,0.0173,0.0059,0,ACTIVE,2,4,4
1458,7742,12:30:30,0,18.00,0,0.2700,0.0512,0.0173,0.0059,1,ACTIVE,2,4,4
1458,7743,12:31:00,0,0.00,0,0.2700,0.0512,0.0173,0.0059,0,ACTIVE,2,4,4
1458,7744,12:31:30,0,22.00,0,0.3100,0.0679,0.0173,0.0059,1,ACTIVE,2,4,4
1458,7745,12:32:00,0,0.00,0,0.3500,0.0861,0.0173,0.0059,0,ACTIVE,2,4,4
1458,7746,12:32:30,0,80.00,0,0.1800,0.0790,0.0000,0.0059,1,ACTIVE,2,4,4
1458,7747,12:33:00,0,10.00,0,0.3300,0.0773,0.0173,0.0059,1,ACTIVE,2,4,4
1458,7748,12:33:30,0,39.00,0,0.3300,0.0773,0.0173,0.0059,1,ACTIVE,2,4,4
1458,7749,12:34:00,0,15.00,0,0.3300,0.0773,0.0173,0.0059,1,ACTIVE,2,4,4
1458,7750,12:34:30,0,21.00,0,0.3300,0.0773,0.0173,0.0059,1,ACTIVE,2,4,4
1458,7751,12:35:00,0,28.00,0,0.3300,0.0773,0.0173,0.0059,1,ACTIVE,2,4,4
1458,7752,12:35:30,0,35.00,0,0.3300,0.0773,0.0173,0.0059,1,ACTIVE,2,4,4
1458,7753,12:36:00,0,12.00,0,0.3500,0.0861,0.0173,0.0059,1,ACTIVE,2,4,4
1458,7754,12:36:30,0,0.00,0,0.3100,0.0679,0.0173,0.0059,0,ACTIVE,2,4,4
1458,7755,12:37:00,0,0.00,0,0.2900,0.0596,0.0173,0.0059,0,ACTIVE,2,4,4
1458,7756,12:37:30,0,10.00,0,0.3300,0.0773,0.0173,0.0059,1,ACTIVE,2,4,4
1458,7757,12:38:00,0,80.00,0,0.3300,0.0773,0.0173,0.0059,1,ACTIVE,2,4,4
1458,7758,12:38:30,0,50.00,0,0.3100,0.0679,0.0173,0.0059,1,ACTIVE,2,4,4
1458,7759,12:39:00,0,9.00,0,0.3100,0.0679,0.0173,0.0059,1,ACTIVE,2,4,4
1458,7760,12:39:30,0,10.00,0,0.3100,0.0679,0.0173,0.0059,1,ACTIVE,2,4,4
1458,7761,12:40:00,0,1.00,0,0.3100,0.0679,0.0173,0.0059,1,ACTIVE,2,4,4
1458,7762,12:40:30,0,83.00,0,0.3100,0.0679,0.0173,0.0059,1,ACTIVE,2,4,4
1458,7763,12:41:00,0,286.00,0,0.3100,0.0679,0.0173,0.0059,1,ACTIVE,2,4,4
1458,7764,12:41:30,0,337.00,0,84.1600,3.1400,8.5000,2.5300,1,ACTIVE,2,4,4
1458,7765,12:42:00,0,326.00,0,94.9900,3.8100,9.4700,3.2800,1,ACTIVE,2,4,4
1458,7766,12:42:30,0,158.00,0,63.1600,4.3400,5.8800,1.8700,1,ACTIVE,2,4,4
1458,7767,12:43:00,0,235.00,0,0.0900,0.0395,0.0000,0.0059,1,ACTIVE,2,4,4
1458,7768,12:43:30,0,44.00,0,0.2100,0.0256,0.0173,0.0059,1,ACTIVE,2,4,4
1458,7769,12:44:00,0,33.00,0,0.1900,0.0128,0.0173,0.0059,1,ACTIVE,2,4,4
1458,7770,12:44:30,0,2.00,0,0.1700,0.0042,0.0173,0.0059,1,ACTIVE,2,4,4
1458,7771,12:45:00,0,0.00,0,0.1700,0.0042,0.0173,0.0059,1,ACTIVE,2,4,4
1458,7772,12:45:30,0,80.00,0,0.3500,0.0861,0.0173,0.0059,1,ACTIVE,2,4,4
1458,7773,12:46:00,0,243.00,0,0.1100,0.0490,0.0000,0.0059,1,ACTIVE,2,4,4
1458,7774,12:46:30,0,63.00,0,0.1400,0.0128,0.0125,0.0000,1,ACTIVE,2,4,4
1458,7775,12:47:00,0,168.00,0,0.0700,0.0292,0.0000,0.0059,1,ACTIVE,2,4,4
1458,7776,12:47:30,0,80.00,0,0.3300,0.0773,0.0173,0.0059,1,ACTIVE,2,4,4
1458,7777,12:48:00,0,46.00,0,0.1600,0.0679,0.0000,0.0059,1,ACTIVE,2,4,4
1458,7778,12:48:30,0,73.00,0,0.2200,0.0512,0.0125,0.0000,1,ACTIVE,2,4,4
1458,7779,12:49:00,0,5.00,0,0.3800,0.1020,0.0173,0.0059,1,ACTIVE,2,4,4
1458,7780,12:49:30,0,141.00,0,0.2300,0.0339,0.0173,0.0059,1,ACTIVE,2,4,4
1458,7781,12:50:00,0,55.00,0,0.2900,0.0596,0.0173,0.0059,1,ACTIVE,2,4,4
1458,7782,12:50:30,0,23.00,0,0.2900,0.0596,0.0173,0.0059,1,ACTIVE,2,4,4
1458,7783,12:51:00,0,3.00,0,0.3100,0.0679,0.0173,0.0059,1,ACTIVE,2,4,4
1458,7784,12:51:30,0,141.00,0,0.3300,0.0773,0.0173,0.0059,1,ACTIVE,2,4,4
1458,7785,12:52:00,0,50.00,0,0.4100,0.1120,0.0173,0.0059,1,ACTIVE,2,4,4
1458,7786,12:52:30,0,42.00,0,0.3700,0.0939,0.0173,0.0059,1,ACTIVE,2,4,4
1458,7787,12:53:00,0,100.00,0,0.0700,0.0292,0.0000,0.0059,1,ACTIVE,2,4,4
1458,7788,12:53:30,0,35.00,0,0.1700,0.0042,0.0173,0.0059,1,ACTIVE,2,4,4
1458,7789,12:54:00,0,315.00,0,49.4200,1.9900,5.0600,0.6740,1,ACTIVE,2,4,4
1458,7790,12:54:30,0,132.00,0,70.8100,4.4400,6.7000,2.1300,1,ACTIVE,2,4,4
1458,7791,12:55:00,0,119.00,0,66.6500,4.2500,6.2800,2.0800,1,ACTIVE,2,4,4
1458,7792,12:55:30,0,46.00,0,65.3800,3.6500,6.2800,2.1300,1,ACTIVE,2,4,4
1458,7793,12:56:00,0,80.00,0,65.9200,3.9000,6.2800,2.1300,1,ACTIVE,2,4,4
1458,7794,12:56:30,0,27.00,0,64.6900,3.9000,6.1400,2.0800,1,ACTIVE,2,4,4
1458,7795,12:57:00,0,93.00,0,65.1300,4.1600,6.1400,1.9500,1,ACTIVE,2,4,4
1458,7796,12:57:30,0,39.00,0,62.0800,3.8100,5.8800,1.9500,1,ACTIVE,2,4,4
1458,7797,12:58:00,0,30.00,0,72.0900,4.3400,6.8500,2.3200,1,ACTIVE,2,4,4
1458,7798,12:58:30,0,26.00,0,73.4000,4.3400,7.0000,2.3200,1,ACTIVE,2,4,4
1458,7799,12:59:00,0,251.00,0,112.1700,7.1500,10.6000,3.5700,1,ACTIVE,2,4,4
1458,7800,12:59:30,0,15.00,0,72.0500,5.7600,6.5600,1.7500,1,ACTIVE,2,4,4
1458,7801,13:00:00,0,20.00,0,81.6300,6.2800,7.4700,2.1700,1,ACTIVE,2,4,4
1458,7802,13:00:30,0,220.00,0,72.7100,5.2800,6.7000,2.1700,1,ACTIVE,2,4,4
1458,7803,13:01:00,0,57.00,0,29.7600,1.9100,2.8200,0.8020,1,ACTIVE,2,4,4
1458,7804,13:01:30,0,48.00,0,74.3400,4.8400,7.0000,2.1700,1,ACTIVE,2,4,4
1458,7805,13:02:00,0,68.00,0,78.8500,4.9500,7.4700,2.3200,1,ACTIVE,2,4,4
1458,7806,13:02:30,0,48.00,0,84.0900,5.0600,7.9700,2.8800,1,ACTIVE,2,4,4
1458,7807,13:03:00,0,61.00,0,63.2100,3.8100,6.0100,1.9500,1,ACTIVE,2,4,4
1458,7808,13:03:30,0,119.00,0,72.0100,4.8400,6.7000,2.4200,1,ACTIVE,2,4,4
1458,7809,13:04:00,0,42.00,0,88.9900,5.0600,8.5000,3.0700,1,ACTIVE,2,4,4
1458,7810,13:04:30,0,77.00,0,13.6500,2.3200,0.9330,0.3230,1,ACTIVE,2,4,4
1458,7811,13:05:00,0,39.00,0,72.3000,4.4400,6.8500,2.3200,1,ACTIVE,2,4,4
1458,7812,13:05:30,0,80.00,0,28.6500,1.3800,2.8200,0.8560,1,ACTIVE,2,4,4
1458,7813,13:06:00,0,110.00,0,39.4800,2.8200,3.6500,1.1600,1,ACTIVE,2,4,4
1458,7814,13:06:30,0,86.00,0,68.4600,3.9000,6.5600,2.2200,1,ACTIVE,2,4,4
1458,7815,13:07:00,0,19.00,0,73.2500,4.2500,7.0000,2.3700,1,ACTIVE,2,4,4
1458,7816,13:07:30,0,93.00,0,38.7700,2.1300,3.7300,1.2600,1,ACTIVE,2,4,4
1458,7817,13:08:00,0,18.00,0,17.3800,1.2600,1.6000,0.4980,1,ACTIVE,2,4,4
1458,7818,13:08:30,0,48.00,0,33.7000,2.3200,3.1400,0.9960,1,ACTIVE,2,4,4
1458,7819,13:09:00,0,90.00,0,63.9700,4.1600,6.0100,1.9500,1,ACTIVE,2,4,4
1458,7820,13:09:30,0,83.00,0,63.9300,4.1600,6.0100,1.9100,1,ACTIVE,2,4,4
1458,7821,13:10:00,0,68.00,0,60.9800,3.8100,5.7600,1.9500,1,ACTIVE,2,4,4
1458,7822,13:10:30,0,90.00,0,22.3900,2.0800,1.9500,0.6600,1,ACTIVE,2,4,4
1458,7823,13:11:00,0,0.00,0,0.1700,0.0042,0.0173,0.0059,1,ACTIVE,2,4,4
1458,7824,13:11:30,0,86.00,0,0.2500,0.0431,0.0173,0.0059,1,ACTIVE,2,4,4
1458,7825,13:12:00,0,106.00,0,0.2400,0.1070,0.0000,0.0059,1,ACTIVE,2,4,4
1458,7826,13:12:30,0,80.00,0,0.4100,0.1120,0.0173,0.0059,1,ACTIVE,2,4,4
1458,7827,13:13:00,0,34.00,0,83.6500,5.0600,7.9700,2.4700,1,ACTIVE,2,4,4
1458,7828,13:13:30,0,13.00,0,83.7100,5.0600,7.9700,2.5300,1,ACTIVE,2,4,4
1458,7829,13:14:00,0,93.00,0,81.5700,4.8400,7.8000,2.3700,1,ACTIVE,2,4,4
1458,7830,13:14:30,0,199.00,0,60.9900,3.9000,5.7600,1.7900,1,ACTIVE,2,4,4
1458,7831,13:15:00,0,86.00,0,75.0700,4.4400,7.1500,2.4200,1,ACTIVE,2,4,4
1458,7832,13:15:30,0,59.00,0,73.3500,4.3400,7.0000,2.2700,1,ACTIVE,2,4,4
1458,7833,13:16:00,0,53.00,0,71.9800,4.3400,6.8500,2.2200,1,ACTIVE,2,4,4
1458,7834,13:16:30,0,206.00,0,50.2000,2.3200,4.9500,1.6000,1,ACTIVE,2,4,4
1458,7835,13:17:00,0,77.00,0,6.7300,0.4980,0.6180,0.1960,1,ACTIVE,2,4,4
1458,7836,13:17:30,0,61.00,0,29.8700,1.6400,2.8800,0.9540,1,ACTIVE,2,4,4
1458,7837,13:18:00,0,0.00,0,51.5800,2.9400,4.9500,1.6000,1,ACTIVE,2,4,4
1458,7838,13:18:30,0,141.00,0,108.8500,5.7600,10.6000,3.3500,1,ACTIVE,2,4,4
1458,7839,13:19:00,0,119.00,0,94.8400,6.1400,8.8800,3.2100,1,ACTIVE,2,4,4
1458,7840,13:19:30,0,96.00,0,79.7600,4.6400,7.6300,2.4700,1,ACTIVE,2,4,4
1458,7841,13:20:00,0,110.00,0,78.6100,5.3900,7.3100,2.4700,1,ACTIVE,2,4,4
1458,7842,13:20:30,0,35.00,0,105.1900,6.7000,9.8900,3.4200,1,ACTIVE,2,4,4
1458,7843,13:21:00,0,26.00,0,94.1900,6.0100,8.8800,2.8800,1,ACTIVE,2,4,4
1458,7844,13:21:30,0,0.00,0,79.6200,5.1700,7.4700,2.5800,0,ACTIVE,2,4,4
1458,7845,13:22:00,0,18.00,0,90.5400,5.7600,8.5000,3.0700,1,ACTIVE,2,4,4
1458,7846,13:22:30,0,0.00,0,84.3300,5.1700,7.9700,2.8800,0,ACTIVE,2,4,4
1458,7847,13:23:00,0,0.00,0,83.8900,5.0600,7.9700,2.7000,0,ACTIVE,2,4,4
1458,7848,13:23:30,0,90.00,0,62.0800,3.8100,5.8800,1.9500,1,ACTIVE,2,4,4
1458,7849,13:24:00,0,3.00,0,29.7300,2.1300,2.7600,0.8200,1,ACTIVE,2,4,4
1458,7850,13:24:30,0,83.00,0,25.3400,1.9500,2.3200,0.6740,1,ACTIVE,2,4,4
1458,7851,13:25:00,0,66.00,0,60.4400,4.1600,5.6300,1.7500,1,ACTIVE,2,4,4
1458,7852,13:25:30,0,57.00,0,37.1600,2.7600,3.4200,0.9960,1,ACTIVE,2,4,4
1458,7853,13:26:00,0,77.00,0,47.4700,3.2100,4.4400,1.3800,1,ACTIVE,2,4,4
1458,7854,13:26:30,0,0.00,0,46.5800,3.2100,4.3400,1.3200,1,ACTIVE,2,4,4
1458,7855,13:27:00,0,24.00,0,35.9900,2.5300,3.3500,0.9750,1,ACTIVE,2,4,4
1458,7856,13:27:30,0,73.00,0,20.3200,1.1800,1.9500,0.5790,1,ACTIVE,2,4,4
1458,7857,13:28:00,0,0.00,0,70.4900,4.2500,6.7000,2.2200,0,ACTIVE,2,4,4
1458,7858,13:28:30,0,0.00,0,70.5500,4.2500,6.7000,2.2700,1,ACTIVE,2,4,4
1458,7859,13:29:00,0,0.00,0,70.7500,4.3400,6.7000,2.2700,1,ACTIVE,2,4,4
1458,7860,13:29:30,0,206.00,0,81.1000,4.4400,7.8000,2.7600,1,ACTIVE,2,4,4
1458,7861,13:30:00,0,32.00,0,111.3500,6.7000,10.6000,3.7300,1,ACTIVE,2,4,4
1458,7862,13:30:30,0,46.00,0,72.7200,4.8400,6.7000,3.0700,1,ACTIVE,2,4,4
1458,7863,13:31:00,0,0.00,0,100.8900,6.4200,9.4700,3.4200,1,ACTIVE,2,4,4
1458,7864,13:31:30,0,37.00,0,116.9600,7.3100,11.0000,3.9000,1,ACTIVE,2,4,4
1458,7865,13:32:00,0,212.00,0,40.2200,2.8200,3.8100,0.5310,1,ACTIVE,2,4,4
1458,7866,13:32:30,0,53.00,0,30.5600,2.4700,2.8200,0.3840,1,ACTIVE,2,4,4
1458,7867,13:33:00,0,83.00,0,35.0900,2.6400,3.2100,1.0600,1,ACTIVE,2,4,4
1458,7868,13:33:30,0,42.00,0,64.2200,4.2500,6.0100,1.9900,1,ACTIVE,2,4,4
1458,7869,13:34:00,0,28.00,0,56.3900,4.6400,5.0600,1.7100,1,ACTIVE,2,4,4
1458,7870,13:34:30,0,228.00,0,28.6300,2.3700,2.5800,0.7040,1,ACTIVE,2,4,4
1458,7871,13:35:00,0,206.00,0,49.2700,2.3200,4.8400,1.6000,1,ACTIVE,2,4,4
1458,7872,13:35:30,0,186.00,0,50.8600,2.5300,4.9500,1.7900,1,ACTIVE,2,4,4
1458,7873,13:36:00,0,174.00,0,5.7900,0.3920,0.5430,0.1510,1,ACTIVE,2,4,4
1458,7874,13:36:30,0,66.00,0,51.0400,2.7000,4.9500,1.6000,1,ACTIVE,2,4,4
1458,7875,13:37:00,0,53.00,0,49.1600,2.2700,4.8400,1.6000,1,ACTIVE,2,4,4
1458,7876,13:37:30,0,42.00,0,130.1200,5.8800,12.8000,4.3400,1,ACTIVE,2,4,4
1458,7877,13:38:00,0,42.00,0,674.6000,35.5000,65.1000,23.5000,1,ACTIVE,2,4,4
1458,7878,13:38:30,0,80.00,0,130.9200,10.6000,11.8000,4.1600,1,ACTIVE,2,4,4
1458,7879,13:39:00,0,243.00,0,801.5900,35.5000,79.2000,27.4000,1,ACTIVE,2,4,4
1458,7880,13:39:30,0,220.00,0,758.2200,41.3000,72.6000,28.6000,1,ACTIVE,2,4,4
1458,7881,13:40:00,0,251.00,0,298.4100,24.0000,26.8000,9.6800,1,ACTIVE,2,4,4
1458,7882,13:40:30,0,199.00,0,11.5100,2.1300,0.7680,0.0790,1,ACTIVE,2,4,4
1458,7883,13:41:00,0,268.00,0,36.4600,4.1600,3.0700,0.3300,1,ACTIVE,2,4,4
1458,7884,13:41:30,0,464.00,0,35.1100,5.7600,2.5300,0.2280,1,ACTIVE,2,4,4
1458,7885,13:42:00,0,421.00,0,34.7600,4.1600,2.8800,0.3230,1,ACTIVE,2,4,4
1458,7886,13:42:30,0,220.00,0,495.7600,24.6000,48.1000,18.5000,1,ACTIVE,2,4,4
1458,7887,13:43:00,0,141.00,0,221.7300,18.1000,19.8000,7.6300,1,ACTIVE,2,4,4
1458,7888,13:43:30,0,124.00,0,40.2400,2.0800,3.9000,1.3800,1,ACTIVE,2,4,4
1458,7889,13:44:00,0,103.00,0,59.2800,3.5700,5.6300,1.8700,1,ACTIVE,2,4,4
1458,7890,13:44:30,0,106.00,0,17.6400,1.5000,1.5700,0.5200,1,ACTIVE,2,4,4
1458,7891,13:45:00,0,68.00,0,5.5700,0.4370,0.5090,0.1390,1,ACTIVE,2,4,4
1458,7892,13:45:30,0,147.00,0,8.1500,0.5310,0.7680,0.2330,1,ACTIVE,2,4,4
1458,7893,13:46:00,0,103.00,0,16.1300,0.8370,1.5700,0.4870,1,ACTIVE,2,4,4
1458,7894,13:46:30,0,50.00,0,22.5500,1.9900,1.9900,0.6460,1,ACTIVE,2,4,4
1458,7895,13:47:00,0,10.00,0,8.3500,0.6180,0.7680,0.2330,1,ACTIVE,2,4,4
1458,7896,13:47:30,0,3.00,0,8.5300,0.5550,0.8020,0.2600,0,ACTIVE,2,4,4
1458,7897,13:48:00,0,20.00,0,9.5400,0.5670,0.9130,0.2600,1,ACTIVE,2,4,4
1458,7898,13:48:30,0,13.00,0,9.6500,0.6050,0.9130,0.2840,0,ACTIVE,2,4,4
1458,7899,13:49:00,0,5.00,0,13.1900,0.7680,1.2600,0.3920,0,ACTIVE,2,4,4
1458,7900,13:49:30,0,19.00,0,9.7300,0.6460,0.9130,0.2840,1,ACTIVE,2,4,4
1458,7901,13:50:00,0,15.00,0,12.2900,0.7850,1.1600,0.3760,1,ACTIVE,2,4,4
1458,7902,13:50:30,0,3.00,0,9.4500,0.6740,0.8750,0.2720,0,ACTIVE,2,4,4
1458,7903,13:51:00,0,14.00,0,7.7800,0.4870,0.7350,0.2440,1,ACTIVE,2,4,4
1458,7904,13:51:30,0,42.00,0,11.3100,0.6320,1.0900,0.3680,1,ACTIVE,2,4,4
1458,7905,13:52:00,0,23.00,0,8.6000,0.6050,0.8020,0.2230,1,ACTIVE,2,4,4
1458,7906,13:52:30,0,13.00,0,12.3000,0.8020,1.1600,0.3450,1,ACTIVE,2,4,4
1458,7907,13:53:00,0,61.00,0,97.9200,6.1400,9.2700,2.8800,1,ACTIVE,2,4,4
1458,7908,13:53:30,0,8.00,0,175.7400,11.0000,16.6000,5.1700,1,ACTIVE,2,4,4
1458,7909,13:54:00,0,11.00,0,168.2900,10.6000,15.9000,4.9500,1,ACTIVE,2,4,4
1458,7910,13:54:30,0,34.00,0,157.8100,9.8900,14.9000,4.7400,1,ACTIVE,2,4,4
1458,7911,13:55:00,0,18.00,0,161.1400,9.8900,15.3000,5.1700,1,ACTIVE,2,4,4
1458,7912,13:55:30,0,4.00,0,140.1800,8.3200,13.4000,4.0700,0,ACTIVE,2,4,4
1458,7913,13:56:00,0,21.00,0,146.5900,8.6900,14.0000,4.4400,1,ACTIVE,2,4,4
1458,7914,13:56:30,0,7.00,0,152.4400,8.8800,14.6000,4.4400,0,ACTIVE,2,4,4
1458,7915,13:57:00,0,5.00,0,157.3400,9.6800,14.9000,4.7400,0,ACTIVE,2,4,4
1458,7916,13:57:30,0,20.00,0,156.8800,9.4700,14.9000,4.7400,1,ACTIVE,2,4,4
1458,7917,13:58:00,0,9.00,0,152.4400,8.8800,14.6000,4.4400,0,ACTIVE,2,4,4
1458,7918,13:58:30,0,11.00,0,156.8800,9.4700,14.9000,4.7400,0,ACTIVE,2,4,4
1458,7919,13:59:00,0,4.00,0,180.2600,11.5000,17.0000,5.3900,0,ACTIVE,2,4,4
1458,7920,13:59:30,0,12.00,0,187.8000,11.8000,17.8000,5.7600,0,ACTIVE,2,4,4
1458,7921,14:00:00,0,18.00,0,178.6600,10.8000,17.0000,5.3900,1,ACTIVE,2,4,4
1458,7922,14:00:30,0,30.00,0,196.4400,12.6000,18.5000,5.7600,1,ACTIVE,2,4,4
1458,7923,14:01:00,0,8.00,0,175.2700,11.0000,16.6000,4.7400,0,ACTIVE,2,4,4
1458,7924,14:01:30,0,12.00,0,162.8500,11.0000,15.3000,4.4400,1,ACTIVE,2,4,4
1458,7925,14:02:00,0,14.00,0,158.7500,10.6000,14.9000,4.2500,1,ACTIVE,2,4,4
1458,7926,14:02:30,0,90.00,0,102.0300,8.8800,9.0700,2.7000,1,ACTIVE,2,4,4
1458,7927,14:03:00,0,22.00,0,147.4400,9.0700,14.0000,4.4400,1,ACTIVE,2,4,4
1458,7928,14:03:30,0,21.00,0,154.4300,9.6800,14.6000,4.6400,1,ACTIVE,2,4,4
1458,7929,14:04:00,0,0.00,0,141.6100,8.8800,13.4000,4.2500,0,ACTIVE,2,4,4
1458,7930,14:04:30,0,18.00,0,140.9900,8.6900,13.4000,4.0700,1,ACTIVE,2,4,4
1458,7931,14:05:00,0,70.00,0,121.9600,7.6300,11.5000,3.9000,1,ACTIVE,2,4,4
1458,7932,14:05:30,0,2.00,0,0.7600,0.0939,0.0622,0.0070,1,ACTIVE,2,4,4
1458,7933,14:06:00,0,96.00,0,0.2100,0.0256,0.0173,0.0059,1,ACTIVE,2,4,4
1458,7934,14:06:30,0,0.00,0,0.1700,0.0042,0.0173,0.0059,1,ACTIVE,2,4,4
1458,7935,14:07:00,0,33.00,0,0.1700,0.0042,0.0173,0.0059,1,ACTIVE,2,4,4
1458,7936,14:07:30,0,106.00,0,2.1000,0.1450,0.1920,0.0880,1,ACTIVE,2,4,4
1458,7937,14:08:00,0,100.00,0,44.6300,1.9500,4.4400,1.3200,1,ACTIVE,2,4,4
1458,7938,14:08:30,0,137.00,0,63.7200,3.0700,6.2800,1.7900,1,ACTIVE,2,4,4
1458,7939,14:09:00,0,186.00,0,73.8200,5.7600,6.7000,2.2200,1,ACTIVE,2,4,4
1458,7940,14:09:30,0,61.00,0,65.1100,3.8100,6.1400,2.6400,1,ACTIVE,2,4,4
1458,7941,14:10:00,0,39.00,0,104.9000,6.4200,9.8900,3.7300,1,ACTIVE,2,4,4
1458,7942,14:10:30,0,86.00,0,80.5100,5.1700,7.6300,2.0800,1,ACTIVE,2,4,4
1458,7943,14:11:00,0,0.00,0,65.7900,5.5100,6.0100,0.8750,0,ACTIVE,2,4,4
1458,7944,14:11:30,0,0.00,0,84.0700,5.3900,7.9700,2.1700,0,ACTIVE,2,4,4
1458,7945,14:12:00,0,0.00,0,84.0700,5.3900,7.9700,2.1700,0,ACTIVE,2,4,4
1458,7946,14:12:30,0,0.00,0,83.2700,5.0600,7.9700,2.1300,0,ACTIVE,2,4,4
1458,7947,14:13:00,0,42.00,0,84.0700,5.3900,7.9700,2.1700,1,ACTIVE,2,4,4
1458,7948,14:13:30,0,46.00,0,1.7500,0.1800,0.1510,0.0206,1,ACTIVE,2,4,4
1458,7949,14:14:00,0,4.00,0,2.3400,0.1960,0.2090,0.0650,0,ACTIVE,2,4,4
1458,7950,14:14:30,0,0.00,0,2.0000,0.1960,0.1760,0.0256,0,ACTIVE,2,4,4
1458,7951,14:15:00,0,11.00,0,2.2600,0.2140,0.2000,0.0298,0,ACTIVE,2,4,4
1458,7952,14:15:30,0,0.00,0,2.2600,0.2140,0.2000,0.0298,0,ACTIVE,2,4,4
1458,7953,14:16:00,0,1.00,0,2.2600,0.2140,0.2000,0.0298,0,ACTIVE,2,4,4
1458,7954,14:16:30,0,9.00,0,3.7300,0.2440,0.3520,0.0981,0,ACTIVE,2,4,4
1458,7955,14:17:00,0,59.00,0,14.6100,0.9540,1.3800,0.3920,1,ACTIVE,2,4,4
1458,7956,14:17:30,0,9.00,0,15.5800,1.0200,1.4700,0.4100,0,ACTIVE,2,4,4
1458,7957,14:18:00,0,0.00,0,16.2600,1.0600,1.5400,0.4190,0,ACTIVE,2,4,4
1458,7958,14:18:30,0,24.00,0,16.6300,1.0900,1.5700,0.4470,1,ACTIVE,2,4,4
1458,7959,14:19:00,0,4.00,0,24.9100,1.5400,2.3700,0.7040,0,ACTIVE,2,4,4
1458,7960,14:19:30,0,0.00,0,27.3300,1.7500,2.5800,0.7680,0,ACTIVE,2,4,4
1458,7961,14:20:00,0,57.00,0,27.6800,1.9100,2.5800,0.7680,1,ACTIVE,2,4,4
1458,7962,14:20:30,0,57.00,0,31.7800,1.4700,3.1400,0.9540,1,ACTIVE,2,4,4
1458,7963,14:21:00,0,15.00,0,1.0300,0.1120,0.0880,0.0115,1,ACTIVE,2,4,4
1458,7964,14:21:30,0,212.00,0,95.9600,6.0100,9.0700,2.9400,1,ACTIVE,2,4,4
1458,7965,14:22:00,0,212.00,0,33.3400,5.1700,2.4700,0.2380,1,ACTIVE,2,4,4
1458,7966,14:22:30,0,383.00,0,41.7000,6.2800,3.1400,0.3030,1,ACTIVE,2,4,4
1458,7967,14:23:00,0,326.00,0,87.6600,6.7000,7.9700,2.8200,1,ACTIVE,2,4,4
1458,7968,14:23:30,0,12.00,0,76.6900,6.0100,7.0000,1.9500,1,ACTIVE,2,4,4
1458,7969,14:24:00,0,20.00,0,168.0600,10.6000,15.9000,4.7400,1,ACTIVE,2,4,4
1458,7970,14:24:30,0,44.00,0,132.8000,8.3200,12.6000,4.0700,1,ACTIVE,2,4,4
1458,7971,14:25:00,0,3.00,0,120.8900,7.3100,11.5000,3.5700,0,ACTIVE,2,4,4
1458,7972,14:25:30,0,7.00,0,117.6700,7.9700,11.0000,3.2100,0,ACTIVE,2,4,4
1458,7973,14:26:00,0,1.00,0,122.9600,8.3200,11.5000,3.4200,1,ACTIVE,2,4,4
1458,7974,14:26:30,0,0.00,0,111.7700,7.1500,10.6000,3.2100,1,ACTIVE,2,4,4
1458,7975,14:27:00,0,80.00,0,103.9700,6.1400,9.8900,3.4200,1,ACTIVE,2,4,4
1458,7976,14:27:30,0,22.00,0,125.5500,7.1500,12.0000,4.0700,1,ACTIVE,2,4,4
1458,7977,14:28:00,0,494.00,0,119.9000,6.7000,11.5000,3.9000,1,ACTIVE,2,4,4
1458,7978,14:28:30,0,305.00,0,0.1900,0.0128,0.0173,0.0059,1,ACTIVE,2,4,4
1458,7979,14:29:00,0,147.00,0,23.7400,1.7900,2.2200,0.3160,1,ACTIVE,2,4,4
1458,7980,14:29:30,0,0.00,0,18.2900,1.0900,1.7500,0.5200,1,ACTIVE,2,4,4
1458,7981,14:30:00,0,68.00,0,7.3600,0.4370,0.7040,0.2090,1,ACTIVE,2,4,4
1458,7982,14:30:30,0,21.00,0,0.6500,0.2230,0.0173,0.0059,1,ACTIVE,2,4,4
1458,7983,14:31:00,0,11.00,0,26.1700,2.7000,2.2200,0.7040,1,ACTIVE,2,4,4
1458,7984,14:31:30,0,0.00,0,17.1700,1.3200,1.5700,0.4670,0,ACTIVE,2,4,4
1458,7985,14:32:00,0,1.00,0,13.4900,1.1300,1.2100,0.3520,0,ACTIVE,2,4,4
1458,7986,14:32:30,0,0.00,0,11.3600,1.0400,0.9960,0.3090,0,ACTIVE,2,4,4
1458,7987,14:33:00,0,0.00,0,15.3200,1.2600,1.3800,0.4190,0,ACTIVE,2,4,4
1458,7988,14:33:30,0,66.00,0,3.8700,0.3030,0.3520,0.1120,1,ACTIVE,2,4,4
1458,7989,14:34:00,0,0.00,0,0.1700,0.0042,0.0173,0.0059,1,ACTIVE,2,4,4
1458,7990,14:34:30,0,0.00,0,0.1700,0.0042,0.0173,0.0059,1,ACTIVE,2,4,4
1458,7991,14:35:00,0,26.00,0,0.1700,0.0042,0.0173,0.0059,1,ACTIVE,2,4,4
1458,7992,14:35:30,0,408.00,0,49.2700,1.9500,4.9500,1.5000,1,ACTIVE,2,4,4
1458,7993,14:36:00,0,141.00,0,40.8700,2.4700,3.9000,1.1600,1,ACTIVE,2,4,4
1458,7994,14:36:30,0,212.00,0,19.3100,2.1300,1.6000,0.5200,1,ACTIVE,2,4,4
1458,7995,14:37:00,0,179.00,0,0.1900,0.0128,0.0173,0.0059,1,ACTIVE,2,4,4
1458,7996,14:37:30,0,18.00,0,0.0400,0.0146,0.0000,0.0059,1,ACTIVE,2,4,4
1458,7997,14:38:00,0,96.00,0,0.0400,0.0146,0.0000,0.0059,1,ACTIVE,2,4,4
1458,7998,14:38:30,0,243.00,0,0.7900,0.1120,0.0622,0.0023,1,ACTIVE,2,4,4
1458,7999,14:39:00,0,0.00,0,0.1700,0.0042,0.0173,0.0059,1,ACTIVE,2,4,4
1458,8000,14:39:30,0,7.00,0,0.1700,0.0042,0.0173,0.0059,1,ACTIVE,2,4,4
1458,8001,14:40:00,0,0.00,0,0.1700,0.0042,0.0173,0.0059,0,ACTIVE,2,4,4
1458,8002,14:40:30,0,0.00,0,0.1700,0.0042,0.0173,0.0059,0,ACTIVE,2,4,4
1458,8003,14:41:00,0,0.00,0,0.1700,0.0042,0.0173,0.0059,0,ACTIVE,2,4,4
1458,8004,14:41:30,0,0.00,0,0.1700,0.0042,0.0173,0.0059,0,ACTIVE,2,4,4
1458,8005,14:42:00,0,0.00,0,0.1700,0.0042,0.0173,0.0059,0,ACTIVE,2,4,4
1458,8006,14:42:30,0,0.00,0,0.1700,0.0042,0.0173,0.0059,0,ACTIVE,2,4,4
1458,8007,14:43:00,0,0.00,0,0.1700,0.0042,0.0173,0.0059,0,ACTIVE,2,4,4
1458,8008,14:43:30,0,0.00,0,0.1700,0.0042,0.0173,0.0059,0,ACTIVE,2,4,4
1458,8009,14:44:00,0,0.00,0,0.1700,0.0042,0.0173,0.0059,0,ACTIVE,2,4,4
1458,8010,14:44:30,0,0.00,0,0.1700,0.0042,0.0173,0.0059,0,ACTIVE,2,4,4
1458,8011,14:45:00,0,0.00,0,0.1700,0.0042,0.0173,0.0059,0,ACTIVE,2,4,4
1458,8012,14:45:30,0,66.00,0,0.1700,0.0042,0.0173,0.0059,1,ACTIVE,2,4,4
1458,8013,14:46:00,0,14.00,0,0.1700,0.0042,0.0173,0.0059,1,ACTIVE,2,4,4
1458,8014,14:46:30,0,115.00,0,0.1700,0.0042,0.0173,0.0059,1,ACTIVE,2,4,4
1458,8015,14:47:00,0,24.00,0,0.1700,0.0042,0.0173,0.0059,1,ACTIVE,2,4,4
1458,8016,14:47:30,0,0.00,0,0.1700,0.0042,0.0173,0.0059,0,ACTIVE,2,4,4
1458,8017,14:48:00,0,0.00,0,0.1900,0.0128,0.0173,0.0059,0,ACTIVE,2,4,4
1458,8018,14:48:30,0,0.00,0,0.1700,0.0042,0.0173,0.0059,0,ACTIVE,2,4,4
1458,8019,14:49:00,0,0.00,0,0.1700,0.0042,0.0173,0.0059,0,ACTIVE,2,4,4
1458,8020,14:49:30,0,42.00,0,0.1700,0.0042,0.0173,0.0059,1,ACTIVE,2,4,4
1458,8021,14:50:00,0,1.00,0,0.1700,0.0042,0.0173,0.0059,0,ACTIVE,2,4,4
1458,8022,14:50:30,0,35.00,0,0.1900,0.0128,0.0173,0.0059,1,ACTIVE,2,4,4
1458,8023,14:51:00,0,0.00,0,0.2100,0.0256,0.0173,0.0059,0,ACTIVE,2,4,4
1458,8024,14:51:30,0,3.00,0,0.2100,0.0256,0.0173,0.0059,0,ACTIVE,2,4,4
1458,8025,14:52:00,0,3.00,0,0.2100,0.0256,0.0173,0.0059,0,ACTIVE,2,4,4
1458,8026,14:52:30,0,0.00,0,0.2300,0.0339,0.0173,0.0059,0,ACTIVE,2,4,4
1458,8027,14:53:00,0,0.00,0,0.2300,0.0339,0.0173,0.0059,0,ACTIVE,2,4,4
1458,8028,14:53:30,0,2.00,0,0.2500,0.0431,0.0173,0.0059,0,ACTIVE,2,4,4
1458,8029,14:54:00,0,0.00,0,0.2700,0.0512,0.0173,0.0059,0,ACTIVE,2,4,4
1458,8030,14:54:30,0,10.00,0,8.2900,0.6050,0.7680,0.2090,0,ACTIVE,2,4,4
1458,8031,14:55:00,0,0.00,0,25.5900,1.6400,2.4200,0.7040,0,ACTIVE,2,4,4
1458,8032,14:55:30,0,8.00,0,4.8800,0.5200,0.4190,0.0596,0,ACTIVE,2,4,4
1458,8033,14:56:00,0,24.00,0,2.3200,0.3370,0.1760,0.0256,1,ACTIVE,2,4,4
1458,8034,14:56:30,0,11.00,0,6.4900,0.3760,0.6180,0.2230,0,ACTIVE,2,4,4
1458,8035,14:57:00,0,12.00,0,37.6200,1.9100,3.6500,1.2900,1,ACTIVE,2,4,4
1458,8036,14:57:30,0,13.00,0,18.6900,0.8940,1.8300,0.6600,1,ACTIVE,2,4,4
1458,8037,14:58:00,0,53.00,0,20.9600,1.4400,1.9500,0.6460,1,ACTIVE,2,4,4
1458,8038,14:58:30,0,2.00,0,38.1600,2.5300,3.5700,1.1600,0,ACTIVE,2,4,4
1458,8039,14:59:00,0,35.00,0,45.5200,3.0700,4.2500,1.3800,1,ACTIVE,2,4,4
1458,8040,14:59:30,0,5.00,0,55.0100,3.5700,5.1700,1.7100,0,ACTIVE,2,4,4
1458,8041,15:00:00,0,0.00,0,55.0100,3.5700,5.1700,1.7100,0,ACTIVE,2,4,4
1458,8042,15:00:30,0,73.00,0,56.2600,3.6500,5.2800,1.7900,1,ACTIVE,2,4,4
1458,8043,15:01:00,0,0.00,0,71.0200,4.4400,6.7000,2.3200,0,ACTIVE,2,4,4
1458,8044,15:01:30,0,0.00,0,69.5500,4.3400,6.5600,2.3200,0,ACTIVE,2,4,4
1458,8045,15:02:00,0,0.00,0,70.8600,4.3400,6.7000,2.3700,0,ACTIVE,2,4,4
1458,8046,15:02:30,0,39.00,0,63.5400,3.9000,6.0100,2.0800,1,ACTIVE,2,4,4
1458,8047,15:03:00,0,0.00,0,35.7800,2.3700,3.3500,1.1100,0,ACTIVE,2,4,4
1458,8048,15:03:30,0,80.00,0,35.7100,2.3700,3.3500,1.0400,1,ACTIVE,2,4,4
1458,8049,15:04:00,0,0.00,0,37.6100,2.6400,3.5000,1.0400,0,ACTIVE,2,4,4
1458,8050,15:04:30,0,10.00,0,38.0800,2.5300,3.5700,1.0900,1,ACTIVE,2,4,4
1458,8051,15:05:00,0,0.00,0,38.1000,2.5300,3.5700,1.1100,1,ACTIVE,2,4,4
1458,8052,15:05:30,0,186.00,0,17.4300,1.2900,1.6000,0.4870,1,ACTIVE,2,4,4
1458,8053,15:06:00,0,14.00,0,0.2100,0.0256,0.0173,0.0059,1,ACTIVE,2,4,4
1458,8054,15:06:30,0,100.00,0,0.2100,0.0256,0.0173,0.0059,1,ACTIVE,2,4,4
1458,8055,15:07:00,0,7.00,0,0.1900,0.0128,0.0173,0.0059,1,ACTIVE,2,4,4
1458,8056,15:07:30,0,3.00,0,0.1900,0.0128,0.0173,0.0059,1,ACTIVE,2,4,4
1458,8057,15:08:00,0,50.00,0,0.1700,0.0256,0.0125,0.0000,1,ACTIVE,2,4,4
1458,8058,15:08:30,0,0.00,0,0.2100,0.0256,0.0173,0.0059,0,ACTIVE,2,4,4
1458,8059,15:09:00,0,1.00,0,0.1900,0.0128,0.0173,0.0059,0,ACTIVE,2,4,4
1458,8060,15:09:30,0,0.00,0,0.1900,0.0128,0.0173,0.0059,0,ACTIVE,2,4,4
1458,8061,15:10:00,0,0.00,0,0.1900,0.0128,0.0173,0.0059,0,ACTIVE,2,4,4
1458,8062,15:10:30,0,0.00,0,0.1900,0.0128,0.0173,0.0059,0,ACTIVE,2,4,4
1458,8063,15:11:00,0,0.00,0,0.1900,0.0128,0.0173,0.0059,0,ACTIVE,2,4,4
1458,8064,15:11:30,0,90.00,0,0.1900,0.0128,0.0173,0.0059,1,ACTIVE,2,4,4
1458,8065,15:12:00,0,9.00,0,0.1900,0.0128,0.0173,0.0059,1,ACTIVE,2,4,4
1458,8066,15:12:30,0,8.00,0,0.1900,0.0128,0.0173,0.0059,1,ACTIVE,2,4,4
1458,8067,15:13:00,0,20.00,0,0.1900,0.0128,0.0173,0.0059,1,ACTIVE,2,4,4
1458,8068,15:13:30,0,12.00,0,0.1900,0.0128,0.0173,0.0059,1,ACTIVE,2,4,4
1458,8069,15:14:00,0,14.00,0,0.1900,0.0128,0.0173,0.0059,1,ACTIVE,2,4,4
1458,8070,15:14:30,0,83.00,0,0.1900,0.0128,0.0173,0.0059,1,ACTIVE,2,4,4
1458,8071,15:15:00,0,0.00,0,0.1900,0.0128,0.0173,0.0059,0,ACTIVE,2,4,4
1458,8072,15:15:30,0,0.00,0,0.1900,0.0128,0.0173,0.0059,1,ACTIVE,2,4,4
1458,8073,15:16:00,0,0.00,0,0.1900,0.0128,0.0173,0.0059,0,ACTIVE,2,4,4
1458,8074,15:16:30,0,106.00,0,0.2100,0.0256,0.0173,0.0059,1,ACTIVE,2,4,4
1458,8075,15:17:00,0,3.00,0,0.2300,0.0339,0.0173,0.0059,1,ACTIVE,2,4,4
1458,8076,15:17:30,0,59.00,0,0.2100,0.0256,0.0173,0.0059,1,ACTIVE,2,4,4
1458,8077,15:18:00,0,4.00,0,0.1900,0.0128,0.0173,0.0059,1,ACTIVE,2,4,4
1458,8078,15:18:30,0,395.00,0,0.4100,0.1120,0.0173,0.0059,1,ACTIVE,2,4,4
1458,8079,15:19:00,0,383.00,0,45.7300,2.2200,4.4400,1.7900,1,ACTIVE,2,4,4
1458,8080,15:19:30,0,137.00,0,41.3200,2.6400,3.9000,1.2400,1,ACTIVE,2,4,4
1458,8081,15:20:00,0,16.00,0,20.3400,1.1600,1.9500,0.6460,1,ACTIVE,2,4,4
1458,8082,15:20:30,0,10.00,0,28.8200,1.6700,2.7600,0.8940,1,ACTIVE,2,4,4
1458,8083,15:21:00,0,16.00,0,40.8200,2.3700,3.9000,1.3200,1,ACTIVE,2,4,4
1458,8084,15:21:30,0,10.00,0,45.4500,2.6400,4.3400,1.4400,1,ACTIVE,2,4,4
1458,8085,15:22:00,0,124.00,0,36.6600,1.5000,3.6500,1.2400,1,ACTIVE,2,4,4
1458,8086,15:22:30,0,100.00,0,63.3900,3.9000,6.0100,1.9500,1,ACTIVE,2,4,4
1458,8087,15:23:00,0,68.00,0,115.7600,7.0000,11.0000,3.4200,1,ACTIVE,2,4,4
1458,8088,15:23:30,0,206.00,0,91.3400,6.2800,8.5000,2.7600,1,ACTIVE,2,4,4
1458,8089,15:24:00,0,46.00,0,115.7700,6.8500,11.0000,3.7300,1,ACTIVE,2,4,4
1458,8090,15:24:30,0,39.00,0,115.9500,6.8500,11.0000,3.9000,1,ACTIVE,2,4,4
1458,8091,15:25:00,0,25.00,0,120.5600,7.0000,11.5000,3.9000,1,ACTIVE,2,4,4
1458,8092,15:25:30,0,20.00,0,126.0900,7.3100,12.0000,4.2500,1,ACTIVE,2,4,4
1458,8093,15:26:00,0,295.00,0,84.0700,5.1700,7.9700,2.6400,1,ACTIVE,2,4,4
1458,8094,15:26:30,0,0.00,0,37.4100,3.4200,3.3500,0.4670,1,ACTIVE,2,4,4
1458,8095,15:27:00,0,14.00,0,36.1500,3.4200,3.2100,0.4470,1,ACTIVE,2,4,4
1458,8096,15:27:30,0,0.00,0,38.4000,3.5700,3.4200,0.4770,0,ACTIVE,2,4,4
1458,8097,15:28:00,0,0.00,0,39.0600,3.5700,3.5000,0.4770,0,ACTIVE,2,4,4
1458,8098,15:28:30,0,0.00,0,38.0700,3.4200,3.4200,0.4770,0,ACTIVE,2,4,4
1458,8099,15:29:00,0,0.00,0,38.4000,3.5700,3.4200,0.4770,0,ACTIVE,2,4,4
1458,8100,15:29:30,0,0.00,0,35.0600,3.2100,3.1400,0.4370,0,ACTIVE,2,4,4
1458,8101,15:30:00,0,1.00,0,34.7500,3.0700,3.1400,0.4280,0,ACTIVE,2,4,4
1458,8102,15:30:30,0,0.00,0,34.7500,3.0700,3.1400,0.4280,0,ACTIVE,2,4,4
1458,8103,15:31:00,0,0.00,0,35.6600,3.2100,3.2100,0.4370,0,ACTIVE,2,4,4
1458,8104,15:31:30,0,33.00,0,37.4100,3.4200,3.3500,0.4670,1,ACTIVE,2,4,4
1458,8105,15:32:00,0,53.00,0,42.6000,2.9400,3.9800,1.1100,1,ACTIVE,2,4,4
1458,8106,15:32:30,0,63.00,0,89.1200,5.5100,8.5000,2.2700,1,ACTIVE,2,4,4
1458,8107,15:33:00,0,44.00,0,65.7900,5.5100,6.0100,0.8750,1,ACTIVE,2,4,4
1458,8108,15:33:30,0,115.00,0,40.5900,2.6400,3.8100,1.2400,1,ACTIVE,2,4,4
1458,8109,15:34:00,0,35.00,0,62.8300,4.2500,5.8800,1.7500,1,ACTIVE,2,4,4
1458,8110,15:34:30,0,10.00,0,56.3800,3.8100,5.2800,1.5700,1,ACTIVE,2,4,4
1458,8111,15:35:00,0,1.00,0,57.4300,3.8100,5.3900,1.6000,0,ACTIVE,2,4,4
1458,8112,15:35:30,0,2.00,0,56.0200,3.6500,5.2800,1.5700,0,ACTIVE,2,4,4
1458,8113,15:36:00,0,0.00,0,52.3400,3.3500,4.9500,1.4700,1,ACTIVE,2,4,4
1458,8114,15:36:30,0,12.00,0,53.4800,3.4200,5.0600,1.5000,1,ACTIVE,2,4,4
1458,8115,15:37:00,0,119.00,0,54.7900,3.5700,5.1700,1.5000,1,ACTIVE,2,4,4
1458,8116,15:37:30,0,1.00,0,0.2900,0.0596,0.0173,0.0059,1,ACTIVE,2,4,4
1458,8117,15:38:00,0,421.00,0,2.4500,0.3030,0.2000,0.0256,1,ACTIVE,2,4,4
1458,8118,15:38:30,0,12.00,0,0.2300,0.0339,0.0173,0.0059,1,ACTIVE,2,4,4
1458,8119,15:39:00,0,0.00,0,0.1800,0.0339,0.0125,0.0000,1,ACTIVE,2,4,4
1458,8120,15:39:30,0,66.00,0,0.2300,0.0339,0.0173,0.0059,1,ACTIVE,2,4,4
1458,8121,15:40:00,0,186.00,0,53.6000,2.8200,5.1700,1.9500,1,ACTIVE,2,4,4
1458,8122,15:40:30,0,7.00,0,98.3000,5.1700,9.4700,3.5700,1,ACTIVE,2,4,4
1458,8123,15:41:00,0,0.00,0,97.8900,5.0600,9.4700,3.4200,1,ACTIVE,2,4,4
1458,8124,15:41:30,0,4.00,0,92.4300,4.9500,8.8800,3.4200,0,ACTIVE,2,4,4
1458,8125,15:42:00,0,0.00,0,92.1900,4.8400,8.8800,3.4200,0,ACTIVE,2,4,4
1458,8126,15:42:30,0,0.00,0,91.7400,4.6400,8.8800,3.4200,0,ACTIVE,2,4,4
1458,8127,15:43:00,0,0.00,0,92.1900,4.8400,8.8800,3.4200,0,ACTIVE,2,4,4
1458,8128,15:43:30,0,0.00,0,92.1900,4.8400,8.8800,3.4200,0,ACTIVE,2,4,4
1458,8129,15:44:00,0,0.00,0,92.1900,4.8400,8.8800,3.4200,0,ACTIVE,2,4,4
1458,8130,15:44:30,0,0.00,0,91.7400,4.6400,8.8800,3.4200,0,ACTIVE,2,4,4
1458,8131,15:45:00,0,0.00,0,91.7400,4.6400,8.8800,3.4200,0,ACTIVE,2,4,4
1458,8132,15:45:30,0,0.00,0,91.7400,4.6400,8.8800,3.4200,0,ACTIVE,2,4,4
1458,8133,15:46:00,0,0.00,0,92.1900,4.8400,8.8800,3.4200,0,ACTIVE,2,4,4
1458,8134,15:46:30,0,0.00,0,92.1900,4.8400,8.8800,3.4200,0,ACTIVE,2,4,4
1458,8135,15:47:00,0,0.00,0,92.1900,4.8400,8.8800,3.4200,0,ACTIVE,2,4,4
1458,8136,15:47:30,0,0.00,0,92.4300,4.9500,8.8800,3.4200,0,ACTIVE,2,4,4
1458,8137,15:48:00,0,0.00,0,92.1900,4.8400,8.8800,3.4200,0,ACTIVE,2,4,4
1458,8138,15:48:30,0,28.00,0,92.5300,5.1700,8.8800,3.0700,1,ACTIVE,2,4,4
1458,8139,15:49:00,0,4.00,0,94.1100,5.8800,8.8800,3.0700,1,ACTIVE,2,4,4
1458,8140,15:49:30,0,73.00,0,94.1100,5.8800,8.8800,3.0700,1,ACTIVE,2,4,4
1458,8141,15:50:00,0,326.00,0,16.6400,1.6000,1.4400,0.4470,1,ACTIVE,2,4,4
1458,8142,15:50:30,0,0.00,0,0.2100,0.0256,0.0173,0.0059,1,ACTIVE,2,4,4
1458,8143,15:51:00,0,0.00,0,0.2300,0.0339,0.0173,0.0059,1,ACTIVE,2,4,4
1458,8144,15:51:30,0,0.00,0,0.2100,0.0256,0.0173,0.0059,0,ACTIVE,2,4,4
1458,8145,15:52:00,0,0.00,0,0.2100,0.0256,0.0173,0.0059,0,ACTIVE,2,4,4
1458,8146,15:52:30,0,0.00,0,0.2100,0.0256,0.0173,0.0059,0,ACTIVE,2,4,4
1458,8147,15:53:00,0,14.00,0,0.2100,0.0256,0.0173,0.0059,1,ACTIVE,2,4,4
1458,8148,15:53:30,0,16.00,0,23.2900,1.6400,2.1700,0.5920,1,ACTIVE,2,4,4
1458,8149,15:54:00,0,4.00,0,23.4200,1.5000,2.2200,0.6050,1,ACTIVE,2,4,4
1458,8150,15:54:30,0,21.00,0,16.1600,1.3800,1.4700,0.2140,1,ACTIVE,2,4,4
1458,8151,15:55:00,0,359.00,0,0.1700,0.0042,0.0173,0.0059,1,ACTIVE,2,4,4
1458,8152,15:55:30,0,90.00,0,0.0700,0.0292,0.0000,0.0059,1,ACTIVE,2,4,4
1458,8153,15:56:00,0,1.00,0,0.1700,0.0042,0.0173,0.0059,1,ACTIVE,2,4,4
1458,8154,15:56:30,0,1.00,0,0.1200,0.0042,0.0125,0.0000,1,ACTIVE,2,4,4
1458,8155,15:57:00,0,0.00,0,0.1700,0.0042,0.0173,0.0059,0,ACTIVE,2,4,4
1458,8156,15:57:30,0,0.00,0,0.1700,0.0042,0.0173,0.0059,1,ACTIVE,2,4,4
1458,8157,15:58:00,0,0.00,0,0.1900,0.0128,0.0173,0.0059,1,ACTIVE,2,4,4
1458,8158,15:58:30,0,295.00,0,0.2100,0.0256,0.0173,0.0059,1,ACTIVE,2,4,4
1458,8159,15:59:00,0,32.00,0,0.1700,0.0042,0.0173,0.0059,1,ACTIVE,2,4,4
1458,8160,15:59:30,0,0.00,0,0.1700,0.0042,0.0173,0.0059,1,ACTIVE,2,4,4
1458,8161,16:00:00,0,34.00,0,0.1900,0.0128,0.0173,0.0059,1,ACTIVE,2,4,4
1458,8162,16:00:30,0,0.00,0,0.1900,0.0128,0.0173,0.0059,0,ACTIVE,2,4,4
1458,8163,16:01:00,0,0.00,0,0.1900,0.0128,0.0173,0.0059,0,ACTIVE,2,4,4
1458,8164,16:01:30,0,61.00,0,4.4800,0.1550,0.4570,0.1300,1,ACTIVE,2,4,4
1458,8165,16:02:00,0,77.00,0,60.3500,3.3500,5.7600,2.3200,1,ACTIVE,2,4,4
1458,8166,16:02:30,0,10.00,0,57.9600,4.9500,5.2800,0.7200,1,ACTIVE,2,4,4
1458,8167,16:03:00,0,1.00,0,58.0100,4.9500,5.2800,0.7680,0,ACTIVE,2,4,4
1458,8168,16:03:30,0,0.00,0,57.7800,4.8400,5.2800,0.7680,0,ACTIVE,2,4,4
1458,8169,16:04:00,0,0.00,0,73.1200,4.4400,7.0000,1.8700,0,ACTIVE,2,4,4
1458,8170,16:04:30,0,23.00,0,83.4700,4.9500,7.9700,2.5300,1,ACTIVE,2,4,4
1458,8171,16:05:00,0,61.00,0,114.8200,6.4200,11.0000,3.7300,1,ACTIVE,2,4,4
1458,8172,16:05:30,0,10.00,0,41.0800,2.5300,3.9000,1.2400,1,ACTIVE,2,4,4
1458,8173,16:06:00,0,0.00,0,20.4900,2.2200,1.7500,0.2440,1,ACTIVE,2,4,4
1458,8174,16:06:30,0,0.00,0,41.8900,3.9000,3.7300,0.5310,1,ACTIVE,2,4,4
1458,8175,16:07:00,0,152.00,0,71.9000,4.4400,6.8500,1.9500,1,ACTIVE,2,4,4
1458,8176,16:07:30,0,8.00,0,87.9800,4.9500,8.5000,2.3700,1,ACTIVE,2,4,4
1458,8177,16:08:00,0,119.00,0,69.1300,3.0100,6.8500,2.3200,1,ACTIVE,2,4,4
1458,8178,16:08:30,0,199.00,0,76.4700,4.3400,7.3100,2.6400,1,ACTIVE,2,4,4
1458,8179,16:09:00,0,0.00,0,7.4500,0.3160,0.7350,0.2840,1,ACTIVE,2,4,4
1458,8180,16:09:30,0,163.00,0,43.7300,2.3200,4.2500,1.2600,1,ACTIVE,2,4,4
1458,8181,16:10:00,0,83.00,0,58.1400,3.6500,5.5100,1.6400,1,ACTIVE,2,4,4
1458,8182,16:10:30,0,277.00,0,58.1100,3.6500,5.5100,1.6000,1,ACTIVE,2,4,4
1458,8183,16:11:00,0,50.00,0,6.1200,0.3920,0.5790,0.1650,1,ACTIVE,2,4,4
1458,8184,16:11:30,0,24.00,0,15.3600,1.2600,1.4100,0.2090,1,ACTIVE,2,4,4
1458,8185,16:12:00,0,259.00,0,27.8800,2.6400,2.4700,0.3520,1,ACTIVE,2,4,4
1458,8186,16:12:30,0,48.00,0,0.2500,0.0431,0.0173,0.0059,1,ACTIVE,2,4,4
1458,8187,16:13:00,0,124.00,0,33.3500,1.9100,3.2100,0.9540,1,ACTIVE,2,4,4
1458,8188,16:13:30,0,44.00,0,58.5700,3.9000,5.5100,1.5400,1,ACTIVE,2,4,4
1458,8189,16:14:00,0,0.00,0,61.2900,4.1600,5.7600,1.5400,1,ACTIVE,2,4,4
1458,8190,16:14:30,0,235.00,0,61.5300,4.2500,5.7600,1.5700,1,ACTIVE,2,4,4
1458,8191,16:15:00,0,0.00,0,55.9100,3.6500,5.2800,1.4700,1,ACTIVE,2,4,4
1458,8192,16:15:30,0,61.00,0,58.5700,3.9000,5.5100,1.5400,1,ACTIVE,2,4,4
1458,8193,16:16:00,0,44.00,0,82.6300,5.3900,7.8000,2.2200,1,ACTIVE,2,4,4
1458,8194,16:16:30,0,228.00,0,62.9100,2.7000,6.1400,2.8800,1,ACTIVE,2,4,4
1458,8195,16:17:00,0,35.00,0,39.2500,2.0800,3.9000,0.4670,1,ACTIVE,2,4,4
1458,8196,16:17:30,0,25.00,0,57.3200,3.8100,5.3900,1.5000,1,ACTIVE,2,4,4
1458,8197,16:18:00,0,11.00,0,51.0900,3.2100,4.8400,1.4700,1,ACTIVE,2,4,4
1458,8198,16:18:30,0,77.00,0,45.1700,2.9400,4.2500,1.3200,1,ACTIVE,2,4,4
1458,8199,16:19:00,0,0.00,0,37.0800,2.3700,3.5000,1.1100,0,ACTIVE,2,4,4
1458,8200,16:19:30,0,0.00,0,36.4000,2.3700,3.4200,1.0900,0,ACTIVE,2,4,4
1458,8201,16:20:00,0,0.00,0,35.4000,2.2200,3.3500,1.0600,0,ACTIVE,2,4,4
1458,8202,16:20:30,0,0.00,0,35.4000,2.2200,3.3500,1.0600,0,ACTIVE,2,4,4
1458,8203,16:21:00,0,0.00,0,35.4000,2.2200,3.3500,1.0600,0,ACTIVE,2,4,4
1458,8204,16:21:30,0,0.00,0,36.0700,2.2200,3.4200,1.0900,0,ACTIVE,2,4,4
1458,8205,16:22:00,0,0.00,0,36.4000,2.3700,3.4200,1.0900,0,ACTIVE,2,4,4
1458,8206,16:22:30,0,0.00,0,36.4000,2.3700,3.4200,1.0900,0,ACTIVE,2,4,4
1458,8207,16:23:00,0,0.00,0,36.4000,2.3700,3.4200,1.0900,1,ACTIVE,2,4,4
1458,8208,16:23:30,0,73.00,0,37.7500,2.3700,3.5700,1.1100,1,ACTIVE,2,4,4
1458,8209,16:24:00,0,106.00,0,79.3600,4.3400,7.6300,2.7000,1,ACTIVE,2,4,4
1458,8210,16:24:30,0,100.00,0,79.5700,5.8800,7.3100,2.3700,1,ACTIVE,2,4,4
1458,8211,16:25:00,0,96.00,0,69.6000,4.4400,6.5600,2.1700,1,ACTIVE,2,4,4
1458,8212,16:25:30,0,44.00,0,44.3700,2.9400,4.1600,1.3200,1,ACTIVE,2,4,4
1458,8213,16:26:00,0,50.00,0,30.8800,2.1300,2.8800,0.8940,1,ACTIVE,2,4,4
1458,8214,16:26:30,0,4.00,0,15.9600,1.0600,1.5000,0.4100,1,ACTIVE,2,4,4
1458,8215,16:27:00,0,44.00,0,19.7800,1.2900,1.8700,0.5310,1,ACTIVE,2,4,4
1458,8216,16:27:30,0,35.00,0,1.5000,0.1190,0.1390,0.0206,1,ACTIVE,2,4,4
1458,8217,16:28:00,0,1.00,0,0.1700,0.0042,0.0173,0.0059,0,ACTIVE,2,4,4
1458,8218,16:28:30,0,34.00,0,0.1800,0.0128,0.0035,0.1070,1,ACTIVE,2,4,4
1458,8219,16:29:00,0,12.00,0,0.1700,0.0042,0.0173,0.0059,1,ACTIVE,2,4,4
1458,8220,16:29:30,0,19.00,0,0.1700,0.0042,0.0173,0.0059,1,ACTIVE,2,4,4
1458,8221,16:30:00,0,110.00,0,21.4700,2.1700,1.8300,0.6180,1,ACTIVE,2,4,4
1458,8222,16:30:30,0,0.00,0,16.7700,0.9750,1.6000,0.5200,0,ACTIVE,2,4,4
1458,8223,16:31:00,0,23.00,0,12.6700,0.7510,1.2100,0.3760,1,ACTIVE,2,4,4
1458,8224,16:31:30,0,13.00,0,0.1900,0.0128,0.0173,0.0059,1,ACTIVE,2,4,4
1458,8225,16:32:00,0,12.00,0,0.1900,0.0128,0.0173,0.0059,0,ACTIVE,2,4,4
1458,8226,16:32:30,0,13.00,0,0.5900,0.0512,0.0523,0.0173,0,ACTIVE,2,4,4
1458,8227,16:33:00,0,0.00,0,1.0100,0.1020,0.0880,0.0115,0,ACTIVE,2,4,4
1458,8228,16:33:30,0,0.00,0,1.2400,0.1120,0.1120,0.0115,0,ACTIVE,2,4,4
1458,8229,16:34:00,0,26.00,0,12.3700,1.5000,0.9960,0.2960,1,ACTIVE,2,4,4
1458,8230,16:34:30,0,13.00,0,34.6800,2.5300,3.2100,0.9130,1,ACTIVE,2,4,4
1458,8231,16:35:00,0,0.00,0,32.4800,2.3700,3.0100,0.8370,0,ACTIVE,2,4,4
1458,8232,16:35:30,0,59.00,0,32.1700,2.2200,3.0100,0.8560,1,ACTIVE,2,4,4
1458,8233,16:36:00,0,0.00,0,25.0600,1.8300,2.3200,0.6600,1,ACTIVE,2,4,4
1458,8234,16:36:30,0,0.00,0,26.7200,1.9500,2.4700,0.6890,1,ACTIVE,2,4,4
1458,8235,16:37:00,0,119.00,0,83.0500,5.5100,7.8000,2.3700,1,ACTIVE,2,4,4
1458,8236,16:37:30,0,86.00,0,27.3600,1.7100,2.5800,0.8750,1,ACTIVE,2,4,4
1458,8237,16:38:00,0,206.00,0,64.4200,2.7000,6.4200,2.0800,1,ACTIVE,2,4,4
1458,8238,16:38:30,0,30.00,0,38.5300,2.7600,3.5700,1.0400,1,ACTIVE,2,4,4
1458,8239,16:39:00,0,34.00,0,90.6200,6.7000,8.3200,2.7000,1,ACTIVE,2,4,4
1458,8240,16:39:30,0,50.00,0,62.5800,2.9400,6.1400,2.0800,1,ACTIVE,2,4,4
1458,8241,16:40:00,0,1.00,0,29.8900,2.2200,2.7600,0.7680,1,ACTIVE,2,4,4
1458,8242,16:40:30,0,1.00,0,30.4300,2.2200,2.8200,0.7850,1,ACTIVE,2,4,4
1458,8243,16:41:00,0,115.00,0,63.9400,4.3400,5.8800,2.5800,1,ACTIVE,2,4,4
1458,8244,16:41:30,0,295.00,0,69.3100,4.4400,6.5600,1.9100,1,ACTIVE,2,4,4
1458,8245,16:42:00,0,103.00,0,48.1700,2.7000,4.6400,1.4700,1,ACTIVE,2,4,4
1458,8246,16:42:30,0,96.00,0,40.3200,2.5300,3.8100,1.2100,1,ACTIVE,2,4,4
1458,8247,16:43:00,0,128.00,0,72.3400,3.8100,7.0000,2.4200,1,ACTIVE,2,4,4
1458,8248,16:43:30,0,37.00,0,62.7300,3.5700,6.0100,1.9900,1,ACTIVE,2,4,4
1458,8249,16:44:00,0,61.00,0,55.5100,3.3500,5.2800,1.7100,1,ACTIVE,2,4,4
1458,8250,16:44:30,0,63.00,0,103.9100,5.8800,9.8900,3.9000,1,ACTIVE,2,4,4
1458,8251,16:45:00,0,27.00,0,88.2100,4.6400,8.5000,3.2100,1,ACTIVE,2,4,4
1458,8252,16:45:30,0,5.00,0,77.7200,4.1600,7.4700,2.8800,1,ACTIVE,2,4,4
1458,8253,16:46:00,0,1.00,0,87.6200,4.4400,8.5000,3.0700,0,ACTIVE,2,4,4
1458,8254,16:46:30,0,23.00,0,98.1300,5.1700,9.4700,3.4200,1,ACTIVE,2,4,4
1458,8255,16:47:00,0,30.00,0,98.5500,5.2800,9.4700,3.5700,1,ACTIVE,2,4,4
1458,8256,16:47:30,0,53.00,0,98.1300,5.1700,9.4700,3.4200,1,ACTIVE,2,4,4
1458,8257,16:48:00,0,12.00,0,92.4300,4.9500,8.8800,3.4200,1,ACTIVE,2,4,4
1458,8258,16:48:30,0,0.00,0,92.4300,5.0600,8.8800,3.2100,0,ACTIVE,2,4,4
1458,8259,16:49:00,0,21.00,0,88.6600,4.8400,8.5000,3.2100,1,ACTIVE,2,4,4
1458,8260,16:49:30,0,48.00,0,93.1100,5.3900,8.8800,3.1400,1,ACTIVE,2,4,4
1458,8261,16:50:00,0,20.00,0,114.8800,6.2800,11.0000,4.0700,1,ACTIVE,2,4,4
1458,8262,16:50:30,0,26.00,0,114.2900,6.0100,11.0000,4.0700,1,ACTIVE,2,4,4
1458,8263,16:51:00,0,1.00,0,109.5500,5.8800,10.6000,3.7300,0,ACTIVE,2,4,4
1458,8264,16:51:30,0,20.00,0,109.5500,5.8800,10.6000,3.7300,1,ACTIVE,2,4,4
1458,8265,16:52:00,0,13.00,0,109.8300,6.0100,10.6000,3.7300,1,ACTIVE,2,4,4
1458,8266,16:52:30,0,8.00,0,110.3000,6.1400,10.6000,3.9000,0,ACTIVE,2,4,4
1458,8267,16:53:00,0,55.00,0,103.4500,5.7600,9.8900,3.7300,1,ACTIVE,2,4,4
1458,8268,16:53:30,0,1.00,0,98.3800,5.2800,9.4700,3.4200,0,ACTIVE,2,4,4
1458,8269,16:54:00,0,44.00,0,98.6400,5.3900,9.4700,3.4200,1,ACTIVE,2,4,4
1458,8270,16:54:30,0,25.00,0,98.6400,5.3900,9.4700,3.4200,1,ACTIVE,2,4,4
1458,8271,16:55:00,0,21.00,0,83.1600,4.6400,7.9700,2.8800,1,ACTIVE,2,4,4
1458,8272,16:55:30,0,14.00,0,88.3000,4.8400,8.5000,2.8800,1,ACTIVE,2,4,4
1458,8273,16:56:00,0,86.00,0,98.8000,5.3900,9.4700,3.5700,1,ACTIVE,2,4,4
1458,8274,16:56:30,0,53.00,0,130.6100,7.1500,12.6000,4.4400,1,ACTIVE,2,4,4
1458,8275,16:57:00,0,96.00,0,82.8400,5.1700,7.8000,2.8800,1,ACTIVE,2,4,4
1458,8276,16:57:30,0,152.00,0,53.6100,3.5000,5.0600,1.4700,1,ACTIVE,2,4,4
1458,8277,16:58:00,0,55.00,0,84.0700,5.3900,7.9700,2.1700,1,ACTIVE,2,4,4
1458,8278,16:58:30,0,152.00,0,70.5800,5.0600,6.5600,1.8300,1,ACTIVE,2,4,4
1458,8279,16:59:00,0,228.00,0,64.3700,3.7300,6.1400,2.1300,1,ACTIVE,2,4,4
1458,8280,16:59:30,0,383.00,0,49.2700,3.6500,4.6400,0.5430,1,ACTIVE,2,4,4
1458,8281,17:00:00,0,286.00,0,40.3700,3.3500,3.7300,0.2440,1,ACTIVE,2,4,4
1458,8282,17:00:30,0,421.00,0,7.5200,0.5090,0.7040,0.2090,1,ACTIVE,2,4,4
1458,8283,17:01:00,0,163.00,0,26.2400,2.3200,2.3700,0.3370,1,ACTIVE,2,4,4
1458,8284,17:01:30,0,315.00,0,77.5700,3.3500,7.6300,3.0700,1,ACTIVE,2,4,4
1458,8285,17:02:00,0,383.00,0,23.8800,2.4200,2.0800,0.2900,1,ACTIVE,2,4,4
1458,8286,17:02:30,0,326.00,0,118.4800,7.3100,11.3000,3.3500,1,ACTIVE,2,4,4
1458,8287,17:03:00,0,494.00,0,28.6300,1.9100,2.7000,0.7200,1,ACTIVE,2,4,4
1458,8288,17:03:30,0,348.00,0,27.0800,4.4400,1.9500,0.1760,1,ACTIVE,2,4,4
1458,8289,17:04:00,0,168.00,0,45.8500,7.3100,3.3500,0.3300,1,ACTIVE,2,4,4
1458,8290,17:04:30,0,383.00,0,23.9600,3.6500,1.7900,0.2090,1,ACTIVE,2,4,4
1458,8291,17:05:00,0,383.00,0,19.1000,2.5800,1.5000,0.2090,1,ACTIVE,2,4,4
1458,8292,17:05:30,0,619.00,0,18.8900,2.7600,1.4400,0.1760,1,ACTIVE,2,4,4
1458,8293,17:06:00,0,286.00,0,8.7200,1.2900,0.6600,0.0825,1,ACTIVE,2,4,4
1458,8294,17:06:30,0,421.00,0,20.7400,1.9100,1.8300,0.4870,1,ACTIVE,2,4,4
1458,8295,17:07:00,0,305.00,0,38.9000,2.3200,3.7300,0.9960,1,ACTIVE,2,4,4
1458,8296,17:07:30,0,348.00,0,15.8900,1.7500,1.3500,0.1920,1,ACTIVE,2,4,4
1458,8297,17:08:00,0,315.00,0,14.6600,1.3200,1.2900,0.3920,1,ACTIVE,2,4,4
1458,8298,17:08:30,0,93.00,0,6.5100,0.6180,0.5790,0.0650,1,ACTIVE,2,4,4
1458,8299,17:09:00,0,212.00,0,26.4700,2.6400,2.3200,0.3090,1,ACTIVE,2,4,4
1458,8300,17:09:30,0,277.00,0,17.0300,1.1100,1.6000,0.4870,1,ACTIVE,2,4,4
1458,8301,17:10:00,0,137.00,0,0.0600,0.0292,0.0000,0.0000,1,ACTIVE,2,4,4
1458,8302,17:10:30,0,24.00,0,0.0900,0.0395,0.0000,0.0000,1,ACTIVE,2,4,4
1458,8303,17:11:00,0,163.00,0,0.0300,0.0146,0.0000,0.0000,1,ACTIVE,2,4,4
1458,8304,17:11:30,0,251.00,0,0.2900,0.0596,0.0173,0.0059,1,ACTIVE,2,4,4
1458,8305,17:12:00,0,90.00,0,3.7700,0.2600,0.3520,0.0981,1,ACTIVE,2,4,4
1458,8306,17:12:30,0,168.00,0,1.1800,0.1800,0.0880,0.0115,1,ACTIVE,2,4,4
1458,8307,17:13:00,0,106.00,0,1.4800,0.2230,0.1120,0.0115,1,ACTIVE,2,4,4
1458,8308,17:13:30,0,152.00,0,0.8700,0.1450,0.0622,0.0070,1,ACTIVE,2,4,4
1458,8309,17:14:00,0,259.00,0,29.8000,2.3700,2.7600,0.3840,1,ACTIVE,2,4,4
1458,8310,17:14:30,0,212.00,0,68.6000,5.2800,6.2800,1.7900,1,ACTIVE,2,4,4
1458,8311,17:15:00,0,277.00,0,26.9300,2.4200,2.4200,0.3520,1,ACTIVE,2,4,4
1458,8312,17:15:30,0,220.00,0,5.5800,0.2960,0.5430,0.1510,1,ACTIVE,2,4,4
1458,8313,17:16:00,0,77.00,0,0.9700,0.0773,0.0880,0.0292,1,ACTIVE,2,4,4
1458,8314,17:16:30,0,212.00,0,38.7700,1.7900,3.8100,1.2900,1,ACTIVE,2,4,4
1458,8315,17:17:00,0,132.00,0,20.5600,2.0800,1.7500,0.5920,1,ACTIVE,2,4,4
1458,8316,17:17:30,0,106.00,0,22.5000,1.9500,1.9900,0.6890,1,ACTIVE,2,4,4
1458,8317,17:18:00,0,68.00,0,43.8600,1.9500,4.3400,1.3800,1,ACTIVE,2,4,4
1458,8318,17:18:30,0,66.00,0,18.0600,0.9750,1.7500,0.5430,1,ACTIVE,2,4,4
1458,8319,17:19:00,0,44.00,0,19.6800,0.8200,1.9500,0.7350,1,ACTIVE,2,4,4
1458,8320,17:19:30,0,251.00,0,35.7900,2.0800,3.4200,1.1100,1,ACTIVE,2,4,4
1458,8321,17:20:00,0,305.00,0,22.2600,2.0800,1.9500,0.5430,1,ACTIVE,2,4,4
1458,8322,17:20:30,0,186.00,0,38.0900,2.2700,3.6500,0.9960,1,ACTIVE,2,4,4
1458,8323,17:21:00,0,77.00,0,30.6800,2.0800,2.8800,0.8020,1,ACTIVE,2,4,4
1458,8324,17:21:30,0,53.00,0,19.5000,0.7350,1.9500,0.7350,1,ACTIVE,2,4,4
1458,8325,17:22:00,0,106.00,0,13.2500,0.7850,1.2600,0.4100,1,ACTIVE,2,4,4
1458,8326,17:22:30,0,86.00,0,34.3000,1.9900,3.2800,1.0900,1,ACTIVE,2,4,4
1458,8327,17:23:00,0,100.00,0,48.8500,2.9400,4.6400,1.6000,1,ACTIVE,2,4,4
1458,8328,17:23:30,0,53.00,0,42.7000,2.1300,4.1600,1.4400,1,ACTIVE,2,4,4
1458,8329,17:24:00,0,152.00,0,35.9300,2.2200,3.4200,0.9540,1,ACTIVE,2,4,4
1458,8330,17:24:30,0,48.00,0,42.9400,2.3200,4.1600,1.2600,1,ACTIVE,2,4,4
1458,8331,17:25:00,0,77.00,0,49.0200,2.2700,4.8400,1.4700,1,ACTIVE,2,4,4
1458,8332,17:25:30,0,132.00,0,59.6700,3.9000,5.6300,1.5700,1,ACTIVE,2,4,4
1458,8333,17:26:00,0,73.00,0,19.7900,2.3700,1.6000,0.4670,1,ACTIVE,2,4,4
1458,8334,17:26:30,0,53.00,0,57.0800,2.6400,5.6300,1.7500,1,ACTIVE,2,4,4
1458,8335,17:27:00,0,55.00,0,55.7500,3.4200,5.2800,1.7900,1,ACTIVE,2,4,4
1458,8336,17:27:30,0,119.00,0,51.2400,3.2100,4.8400,1.6000,1,ACTIVE,2,4,4
1458,8337,17:28:00,0,86.00,0,51.3400,2.3700,5.0600,1.6700,1,ACTIVE,2,4,4
1458,8338,17:28:30,0,57.00,0,51.4400,3.3500,4.8400,1.5000,1,ACTIVE,2,4,4
1458,8339,17:29:00,0,86.00,0,40.9900,2.0800,3.9800,1.3800,1,ACTIVE,2,4,4
1458,8340,17:29:30,0,141.00,0,49.0700,3.0700,4.6400,1.5400,1,ACTIVE,2,4,4
1458,8341,17:30:00,0,42.00,0,40.7900,1.9900,3.9800,1.3800,1,ACTIVE,2,4,4
1458,8342,17:30:30,0,83.00,0,43.4300,2.0800,4.2500,1.4700,1,ACTIVE,2,4,4
1458,8343,17:31:00,0,96.00,0,41.2300,2.2200,3.9800,1.3200,1,ACTIVE,2,4,4
1458,8344,17:31:30,0,90.00,0,47.3100,2.3700,4.6400,1.3500,1,ACTIVE,2,4,4
1458,8345,17:32:00,0,44.00,0,42.0900,2.2200,4.0700,1.4100,1,ACTIVE,2,4,4
1458,8346,17:32:30,0,100.00,0,34.3800,1.7100,3.3500,1.1600,1,ACTIVE,2,4,4
1458,8347,17:33:00,0,141.00,0,23.0500,1.6700,2.1300,0.6740,1,ACTIVE,2,4,4
1458,8348,17:33:30,0,86.00,0,36.7500,2.2200,3.5000,1.1100,1,ACTIVE,2,4,4
1458,8349,17:34:00,0,42.00,0,24.3000,0.9540,2.4200,0.9130,1,ACTIVE,2,4,4
1458,8350,17:34:30,0,103.00,0,60.9900,3.9000,5.7600,1.7900,1,ACTIVE,2,4,4
1458,8351,17:35:00,0,20.00,0,53.7100,3.4200,5.0600,1.7100,1,ACTIVE,2,4,4
1458,8352,17:35:30,0,48.00,0,45.7100,1.9500,4.5400,1.5400,1,ACTIVE,2,4,4
1458,8353,17:36:00,0,39.00,0,30.4900,2.1700,2.8200,0.9330,1,ACTIVE,2,4,4
1458,8354,17:36:30,0,80.00,0,59.8500,3.8100,5.6300,1.9100,1,ACTIVE,2,4,4
1458,8355,17:37:00,0,44.00,0,62.1300,3.8100,5.8800,1.9900,1,ACTIVE,2,4,4
1458,8356,17:37:30,0,48.00,0,52.2000,3.2100,4.9500,1.6400,1,ACTIVE,2,4,4
1458,8357,17:38:00,0,235.00,0,52.9400,3.5700,4.9500,1.5700,1,ACTIVE,2,4,4
1458,8358,17:38:30,0,93.00,0,40.0500,2.7600,3.7300,1.1600,1,ACTIVE,2,4,4
1458,8359,17:39:00,0,37.00,0,64.3800,4.3400,6.0100,1.9500,1,ACTIVE,2,4,4
1458,8360,17:39:30,0,70.00,0,62.8400,4.1600,5.8800,1.9500,1,ACTIVE,2,4,4
1458,8361,17:40:00,0,34.00,0,55.0100,3.5700,5.1700,1.7100,1,ACTIVE,2,4,4
1458,8362,17:40:30,0,68.00,0,56.0900,3.5700,5.2800,1.7900,1,ACTIVE,2,4,4
1458,8363,17:41:00,0,70.00,0,59.8100,3.8100,5.6300,1.8700,1,ACTIVE,2,4,4
1458,8364,17:41:30,0,83.00,0,57.6300,3.8100,5.3900,1.7900,1,ACTIVE,2,4,4
1458,8365,17:42:00,0,86.00,0,58.9300,3.9000,5.5100,1.8700,1,ACTIVE,2,4,4
1458,8366,17:42:30,0,110.00,0,53.8900,3.5700,5.0600,1.5700,1,ACTIVE,2,4,4
1458,8367,17:43:00,0,55.00,0,61.1600,3.9000,5.7600,1.9500,1,ACTIVE,2,4,4
1458,8368,17:43:30,0,86.00,0,41.3400,1.9500,4.0700,1.2600,1,ACTIVE,2,4,4
1458,8369,17:44:00,0,93.00,0,26.3200,1.5000,2.5300,0.7850,1,ACTIVE,2,4,4
1458,8370,17:44:30,0,103.00,0,35.3400,2.4700,3.2800,1.0600,1,ACTIVE,2,4,4
1458,8371,17:45:00,0,119.00,0,41.5000,2.7600,3.9000,1.1600,1,ACTIVE,2,4,4
1458,8372,17:45:30,0,110.00,0,38.9600,2.6400,3.6500,1.0400,1,ACTIVE,2,4,4
1458,8373,17:46:00,0,106.00,0,41.1700,2.5300,3.9000,1.3200,1,ACTIVE,2,4,4
1458,8374,17:46:30,0,186.00,0,45.2800,2.1700,4.4400,1.4700,1,ACTIVE,2,4,4
1458,8375,17:47:00,0,243.00,0,24.1700,2.3700,2.1300,0.2900,1,ACTIVE,2,4,4
1458,8376,17:47:30,0,90.00,0,21.9400,2.7600,1.7500,0.4870,1,ACTIVE,2,4,4
1458,8377,17:48:00,0,55.00,0,20.5400,1.7900,1.8300,0.5430,1,ACTIVE,2,4,4
1458,8378,17:48:30,0,48.00,0,37.0000,2.6400,3.4200,1.0900,1,ACTIVE,2,4,4
1458,8379,17:49:00,0,206.00,0,17.6100,2.0400,1.4700,0.2140,1,ACTIVE,2,4,4
1458,8380,17:49:30,0,305.00,0,0.2100,0.0256,0.0173,0.0059,1,ACTIVE,2,4,4
1458,8381,17:50:00,0,3.00,0,0.2700,0.0512,0.0173,0.0059,1,ACTIVE,2,4,4
1458,8382,17:50:30,0,15.00,0,0.2800,0.1120,0.0012,0.0215,1,ACTIVE,2,4,4
1458,8383,17:51:00,0,3.00,0,1.1200,0.1360,0.0880,0.0412,1,ACTIVE,2,4,4
1458,8384,17:51:30,0,1.00,0,4.0500,0.2440,0.3840,0.1390,1,ACTIVE,2,4,4
1458,8385,17:52:00,0,31.00,0,10.6700,0.5200,1.0400,0.3760,1,ACTIVE,2,4,4
1458,8386,17:52:30,0,42.00,0,32.3700,2.2200,3.0100,1.0400,1,ACTIVE,2,4,4
1458,8387,17:53:00,0,147.00,0,40.8600,1.6700,4.0700,1.3800,1,ACTIVE,2,4,4
1458,8388,17:53:30,0,228.00,0,9.2300,1.4100,0.6890,0.0790,1,ACTIVE,2,4,4
1458,8389,17:54:00,0,337.00,0,29.0900,1.6000,2.8200,0.8020,1,ACTIVE,2,4,4
1458,8390,17:54:30,0,168.00,0,32.1700,2.1700,3.0100,0.9540,1,ACTIVE,2,4,4
1458,8391,17:55:00,0,137.00,0,48.4200,3.2100,4.5400,1.4700,1,ACTIVE,2,4,4
1458,8392,17:55:30,0,163.00,0,57.5900,3.8100,5.3900,1.7500,1,ACTIVE,2,4,4
1458,8393,17:56:00,0,61.00,0,59.4900,3.6500,5.6300,1.9100,1,ACTIVE,2,4,4
1458,8394,17:56:30,0,193.00,0,34.7400,1.9100,3.3500,1.0900,1,ACTIVE,2,4,4
1458,8395,17:57:00,0,174.00,0,19.8900,1.6700,1.7900,0.4870,1,ACTIVE,2,4,4
1458,8396,17:57:30,0,212.00,0,20.9800,1.5000,1.9500,0.5430,1,ACTIVE,2,4,4
1458,8397,17:58:00,0,106.00,0,48.6700,3.3500,4.5400,1.4100,1,ACTIVE,2,4,4
1458,8398,17:58:30,0,106.00,0,51.8400,3.5700,4.8400,1.4100,1,ACTIVE,2,4,4
1458,8399,17:59:00,0,53.00,0,52.8400,3.6500,4.9500,1.3200,1,ACTIVE,2,4,4
1458,8400,17:59:30,0,137.00,0,52.8100,3.0700,5.0600,1.6000,1,ACTIVE,2,4,4
1458,8401,18:00:00,0,163.00,0,47.6600,3.3500,4.4400,1.2600,1,ACTIVE,2,4,4
1458,8402,18:00:30,0,46.00,0,37.1300,3.5700,3.2800,0.4770,1,ACTIVE,2,4,4
1458,8403,18:01:00,0,128.00,0,50.5300,3.4200,4.7400,1.3500,1,ACTIVE,2,4,4
1458,8404,18:01:30,0,163.00,0,23.7500,2.3700,2.0800,0.2720,1,ACTIVE,2,4,4
1458,8405,18:02:00,0,80.00,0,20.5700,1.9500,1.8300,0.2440,1,ACTIVE,2,4,4
1458,8406,18:02:30,0,83.00,0,23.0000,2.0400,2.0800,0.2600,1,ACTIVE,2,4,4
1458,8407,18:03:00,0,286.00,0,43.9200,1.9500,4.3400,1.4400,1,ACTIVE,2,4,4
1458,8408,18:03:30,0,315.00,0,47.2400,3.0700,4.4400,1.4400,1,ACTIVE,2,4,4
1458,8409,18:04:00,0,235.00,0,30.6600,1.4700,3.0100,0.9960,1,ACTIVE,2,4,4
1458,8410,18:04:30,0,77.00,0,30.6100,1.7100,2.9400,0.9750,1,ACTIVE,2,4,4
1458,8411,18:05:00,0,163.00,0,13.7300,1.4400,1.1600,0.3680,1,ACTIVE,2,4,4
1458,8412,18:05:30,0,199.00,0,40.5700,3.0700,3.7300,0.9960,1,ACTIVE,2,4,4
1458,8413,18:06:00,0,39.00,0,12.9800,2.1300,0.9130,0.2600,1,ACTIVE,2,4,4
1458,8414,18:06:30,0,100.00,0,39.6300,2.9400,3.6500,1.0400,1,ACTIVE,2,4,4
1458,8415,18:07:00,0,33.00,0,2.3400,0.1960,0.2090,0.0650,1,ACTIVE,2,4,4
1458,8416,18:07:30,0,141.00,0,2.5700,0.2600,0.2230,0.0347,1,ACTIVE,2,4,4
1458,8417,18:08:00,0,80.00,0,5.9200,1.3500,0.3300,0.0480,1,ACTIVE,2,4,4
1458,8418,18:08:30,0,1.00,0,7.8400,0.5310,0.7350,0.2090,1,ACTIVE,2,4,4
1458,8419,18:09:00,0,0.00,0,9.3600,0.8560,0.8370,0.1220,0,ACTIVE,2,4,4
1458,8420,18:09:30,0,0.00,0,8.5400,0.7680,0.7680,0.1090,0,ACTIVE,2,4,4
1458,8421,18:10:00,0,1.00,0,2.6000,0.1720,0.2440,0.0756,0,ACTIVE,2,4,4
1458,8422,18:10:30,0,115.00,0,21.3500,1.6400,1.9500,0.6050,1,ACTIVE,2,4,4
1458,8423,18:11:00,0,0.00,0,51.4400,3.3500,4.8400,1.5000,0,ACTIVE,2,4,4
1458,8424,18:11:30,0,0.00,0,52.5700,3.4200,4.9500,1.5400,0,ACTIVE,2,4,4
1458,8425,18:12:00,0,0.00,0,52.5700,3.4200,4.9500,1.5400,0,ACTIVE,2,4,4
1458,8426,18:12:30,0,1.00,0,53.5900,3.4200,5.0600,1.6000,0,ACTIVE,2,4,4
1458,8427,18:13:00,0,4.00,0,52.9400,3.5700,4.9500,1.5700,0,ACTIVE,2,4,4
1458,8428,18:13:30,0,1.00,0,53.8900,3.5700,5.0600,1.5700,0,ACTIVE,2,4,4
1458,8429,18:14:00,0,5.00,0,51.6000,3.4200,4.8400,1.5000,0,ACTIVE,2,4,4
1458,8430,18:14:30,0,2.00,0,51.6400,3.4200,4.8400,1.5400,0,ACTIVE,2,4,4
1458,8431,18:15:00,0,96.00,0,46.5800,3.2100,4.3400,1.3200,1,ACTIVE,2,4,4
1458,8432,18:15:30,0,55.00,0,24.3000,2.4200,2.1300,0.3090,1,ACTIVE,2,4,4
1458,8433,18:16:00,0,26.00,0,46.5800,3.2100,4.3400,1.3200,1,ACTIVE,2,4,4
1458,8434,18:16:30,0,35.00,0,15.3100,1.9500,1.2100,0.3680,1,ACTIVE,2,4,4
1458,8435,18:17:00,0,50.00,0,5.7200,0.5790,0.4980,0.0740,1,ACTIVE,2,4,4
1458,8436,18:17:30,0,1.00,0,9.4000,0.9540,0.8200,0.1050,0,ACTIVE,2,4,4
1458,8437,18:18:00,0,0.00,0,5.6400,0.5920,0.4870,0.0596,0,ACTIVE,2,4,4
1458,8438,18:18:30,0,0.00,0,7.5300,0.7510,0.6600,0.0825,1,ACTIVE,2,4,4
1458,8439,18:19:00,0,25.00,0,13.8500,1.2900,1.2400,0.1510,1,ACTIVE,2,4,4
1458,8440,18:19:30,0,86.00,0,21.3100,2.1300,1.8700,0.2440,1,ACTIVE,2,4,4
1458,8441,18:20:00,0,371.00,0,29.0700,3.8100,2.3200,0.3090,1,ACTIVE,2,4,4
1458,8442,18:20:30,0,268.00,0,251.0400,28.6000,20.7000,6.2800,1,ACTIVE,2,4,4
1458,8443,18:21:00,0,206.00,0,83.2200,8.8800,7.1500,0.8940,1,ACTIVE,2,4,4
1458,8444,18:21:30,0,132.00,0,138.0600,9.0700,12.8000,5.1700,1,ACTIVE,2,4,4
1458,8445,18:22:00,0,137.00,0,21.7100,3.0700,1.6700,0.2330,1,ACTIVE,2,4,4
1458,8446,18:22:30,0,243.00,0,337.6100,32.6000,29.2000,8.8800,1,ACTIVE,2,4,4
1458,8447,18:23:00,0,212.00,0,54.3300,8.8800,3.9000,0.5200,1,ACTIVE,2,4,4
1458,8448,18:23:30,0,277.00,0,107.2400,7.8000,9.8900,3.0700,1,ACTIVE,2,4,4
1458,8449,18:24:00,0,174.00,0,145.8000,17.8000,11.8000,3.2100,1,ACTIVE,2,4,4
1458,8450,18:24:30,0,70.00,0,82.2000,9.6800,6.7000,1.9500,1,ACTIVE,2,4,4
1458,8451,18:25:00,0,115.00,0,20.6400,2.1300,1.7900,0.2600,1,ACTIVE,2,4,4
1458,8452,18:25:30,0,137.00,0,61.6400,4.2500,5.7600,1.6700,1,ACTIVE,2,4,4
1458,8453,18:26:00,0,34.00,0,117.2200,9.6800,10.6000,3.0700,1,ACTIVE,2,4,4
1458,8454,18:26:30,0,106.00,0,118.4800,12.0000,10.1000,3.0700,1,ACTIVE,2,4,4
1458,8455,18:27:00,0,93.00,0,229.0600,20.7000,20.2000,5.7600,1,ACTIVE,2,4,4
1458,8456,18:27:30,0,83.00,0,281.1300,28.6000,24.0000,6.7000,1,ACTIVE,2,4,4
1458,8457,18:28:00,0,106.00,0,297.9000,24.6000,26.8000,8.1400,1,ACTIVE,2,4,4
1458,8458,18:28:30,0,193.00,0,70.4500,4.3400,6.7000,1.9900,1,ACTIVE,2,4,4
1458,8459,18:29:00,0,277.00,0,141.6200,15.9000,12.0000,0.9960,1,ACTIVE,2,4,4
1458,8460,18:29:30,0,128.00,0,216.8000,21.6000,18.5000,6.1400,1,ACTIVE,2,4,4
1458,8461,18:30:00,0,220.00,0,79.6000,6.7000,7.1500,1.9900,1,ACTIVE,2,4,4
1458,8462,18:30:30,0,199.00,0,89.0600,7.6300,7.9700,2.2200,1,ACTIVE,2,4,4
1458,8463,18:31:00,0,286.00,0,49.1100,3.5700,4.6400,0.5550,1,ACTIVE,2,4,4
1458,8464,18:31:30,0,268.00,0,39.5300,3.5700,3.5700,0.2900,1,ACTIVE,2,4,4
1458,8465,18:32:00,0,86.00,0,93.0400,7.8000,8.3200,2.7000,1,ACTIVE,2,4,4
1458,8466,18:32:30,0,235.00,0,59.3900,9.0700,4.4400,0.4190,1,ACTIVE,2,4,4
1458,8467,18:33:00,0,220.00,0,28.1700,3.2100,2.3700,0.3090,1,ACTIVE,2,4,4
1458,8468,18:33:30,0,326.00,0,92.4500,7.0000,8.6900,0.8200,1,ACTIVE,2,4,4
1458,8469,18:34:00,0,315.00,0,41.8400,2.9400,3.9800,0.4100,1,ACTIVE,2,4,4
1458,8470,18:34:30,0,251.00,0,42.7600,3.3500,3.9000,1.1100,1,ACTIVE,2,4,4
1458,8471,18:35:00,0,295.00,0,81.4000,3.9000,7.9700,2.7600,1,ACTIVE,2,4,4
1458,8472,18:35:30,0,132.00,0,22.6200,2.3700,1.9500,0.2900,1,ACTIVE,2,4,4
1458,8473,18:36:00,0,14.00,0,11.6300,1.1600,1.0200,0.1420,1,ACTIVE,2,4,4
1458,8474,18:36:30,0,0.00,0,11.8100,1.1600,1.0400,0.1270,1,ACTIVE,2,4,4
1458,8475,18:37:00,0,0.00,0,11.5000,1.1100,1.0200,0.1190,0,ACTIVE,2,4,4
1458,8476,18:37:30,0,3.00,0,10.9600,1.0400,0.9750,0.1190,0,ACTIVE,2,4,4
1458,8477,18:38:00,0,0.00,0,8.6500,0.9540,0.7350,0.0960,0,ACTIVE,2,4,4
1458,8478,18:38:30,0,0.00,0,7.8500,0.8940,0.6600,0.0880,0,ACTIVE,2,4,4
1458,8479,18:39:00,0,1.00,0,7.3600,0.7850,0.6320,0.0825,0,ACTIVE,2,4,4
1458,8480,18:39:30,0,0.00,0,8.8100,0.8940,0.7680,0.0960,0,ACTIVE,2,4,4
1458,8481,18:40:00,0,0.00,0,8.8000,0.8940,0.7680,0.0880,0,ACTIVE,2,4,4
1458,8482,18:40:30,0,35.00,0,24.4900,1.2900,2.3700,0.8200,1,ACTIVE,2,4,4
1458,8483,18:41:00,0,12.00,0,7.6300,0.8020,0.6600,0.0694,1,ACTIVE,2,4,4
1458,8484,18:41:30,0,0.00,0,8.0900,0.8940,0.6890,0.0740,0,ACTIVE,2,4,4
1458,8485,18:42:00,0,10.00,0,8.2800,0.8560,0.7200,0.0740,1,ACTIVE,2,4,4
1458,8486,18:42:30,0,19.00,0,42.6300,2.9400,3.9800,1.1300,1,ACTIVE,2,4,4
1458,8487,18:43:00,0,206.00,0,38.9100,2.6400,3.6500,0.9960,1,ACTIVE,2,4,4
1458,8488,18:43:30,0,259.00,0,48.9200,4.3400,4.4400,0.4010,1,ACTIVE,2,4,4
1458,8489,18:44:00,0,9.00,0,42.5800,5.7600,3.3500,0.4770,1,ACTIVE,2,4,4
1458,8490,18:44:30,0,251.00,0,44.7200,4.1600,3.9800,0.5790,1,ACTIVE,2,4,4
1458,8491,18:45:00,0,259.00,0,52.4200,4.7400,4.6400,1.2400,1,ACTIVE,2,4,4
1458,8492,18:45:30,0,119.00,0,31.0900,3.4200,2.6400,0.3760,1,ACTIVE,2,4,4
1458,8493,18:46:00,0,46.00,0,42.9200,3.4200,3.9000,1.1100,1,ACTIVE,2,4,4
1458,8494,18:46:30,0,0.00,0,40.5800,3.3500,3.6500,1.0900,1,ACTIVE,2,4,4
1458,8495,18:47:00,0,32.00,0,24.6400,2.7600,2.0800,0.3030,1,ACTIVE,2,4,4
1458,8496,18:47:30,0,1.00,0,21.5100,2.5300,1.7900,0.2440,0,ACTIVE,2,4,4
1458,8497,18:48:00,0,0.00,0,21.7600,2.6400,1.7900,0.2490,0,ACTIVE,2,4,4
1458,8498,18:48:30,0,0.00,0,19.2000,2.2200,1.6000,0.2230,0,ACTIVE,2,4,4
1458,8499,18:49:00,0,0.00,0,19.8100,2.2200,1.6700,0.2190,0,ACTIVE,2,4,4
1458,8500,18:49:30,0,13.00,0,9.9900,0.9960,0.8750,0.1190,1,ACTIVE,2,4,4
1458,8501,18:50:00,0,68.00,0,6.8400,1.4100,0.4190,0.0559,1,ACTIVE,2,4,4
1458,8502,18:50:30,0,63.00,0,14.1000,1.9100,1.1100,0.1510,1,ACTIVE,2,4,4
1458,8503,18:51:00,0,77.00,0,25.7800,1.9100,2.3700,0.7510,1,ACTIVE,2,4,4
1458,8504,18:51:30,0,295.00,0,33.1700,1.8300,3.2100,0.9540,1,ACTIVE,2,4,4
1458,8505,18:52:00,0,212.00,0,23.6000,2.8200,1.9500,0.2770,1,ACTIVE,2,4,4
1458,8506,18:52:30,0,359.00,0,30.8600,1.6400,3.0100,0.8370,1,ACTIVE,2,4,4
1458,8507,18:53:00,0,141.00,0,39.7700,1.9500,3.9000,1.2100,1,ACTIVE,2,4,4
1458,8508,18:53:30,0,0.00,0,51.5100,3.3500,4.8400,1.5700,1,ACTIVE,2,4,4
1458,8509,18:54:00,0,0.00,0,52.1700,3.2100,4.9500,1.6000,1,ACTIVE,2,4,4
1458,8510,18:54:30,0,0.00,0,46.6400,3.2100,4.3400,1.3800,0,ACTIVE,2,4,4
1458,8511,18:55:00,0,0.00,0,45.4900,3.0700,4.2500,1.3500,0,ACTIVE,2,4,4
1458,8512,18:55:30,0,0.00,0,45.2000,2.9400,4.2500,1.3500,0,ACTIVE,2,4,4
1458,8513,18:56:00,0,0.00,0,38.6100,2.7600,3.5700,1.1100,0,ACTIVE,2,4,4
1458,8514,18:56:30,0,0.00,0,38.6100,2.7600,3.5700,1.1100,0,ACTIVE,2,4,4
1458,8515,18:57:00,0,0.00,0,39.3200,2.7600,3.6500,1.1300,0,ACTIVE,2,4,4
1458,8516,18:57:30,0,0.00,0,36.9700,2.6400,3.4200,1.0600,0,ACTIVE,2,4,4
1458,8517,18:58:00,0,0.00,0,36.3100,2.6400,3.3500,1.0400,0,ACTIVE,2,4,4
1458,8518,18:58:30,0,18.00,0,34.3900,2.6400,3.1400,0.9750,1,ACTIVE,2,4,4
1458,8519,18:59:00,0,24.00,0,26.9100,1.5400,2.5800,0.8200,1,ACTIVE,2,4,4
1458,8520,18:59:30,0,0.00,0,5.5500,0.4190,0.5090,0.1510,0,ACTIVE,2,4,4
1458,8521,19:00:00,0,0.00,0,3.9100,0.4100,0.3370,0.0512,0,ACTIVE,2,4,4
1458,8522,19:00:30,0,0.00,0,5.0100,0.3920,0.4570,0.1300,0,ACTIVE,2,4,4
1458,8523,19:01:00,0,0.00,0,5.1800,0.3840,0.4770,0.1390,0,ACTIVE,2,4,4
1458,8524,19:01:30,0,0.00,0,4.9900,0.3840,0.4570,0.1300,0,ACTIVE,2,4,4
1458,8525,19:02:00,0,0.00,0,4.6000,0.3600,0.4190,0.1220,0,ACTIVE,2,4,4
1458,8526,19:02:30,0,0.00,0,4.6000,0.3600,0.4190,0.1220,0,ACTIVE,2,4,4
1458,8527,19:03:00,0,0.00,0,4.5800,0.3520,0.4190,0.1220,0,ACTIVE,2,4,4
1458,8528,19:03:30,0,0.00,0,4.2500,0.3450,0.3840,0.1120,0,ACTIVE,2,4,4
1458,8529,19:04:00,0,0.00,0,3.4600,0.3450,0.3030,0.0440,0,ACTIVE,2,4,4
1458,8530,19:04:30,0,0.00,0,3.4600,0.3450,0.3030,0.0440,0,ACTIVE,2,4,4
1458,8531,19:05:00,0,0.00,0,4.5600,0.3450,0.4190,0.1220,0,ACTIVE,2,4,4
1458,8532,19:05:30,0,0.00,0,4.5800,0.3520,0.4190,0.1220,0,ACTIVE,2,4,4
1458,8533,19:06:00,0,0.00,0,3.4600,0.3450,0.3030,0.0440,0,ACTIVE,2,4,4
1458,8534,19:06:30,0,0.00,0,4.2500,0.3450,0.3840,0.1120,0,ACTIVE,2,4,4
1458,8535,19:07:00,0,0.00,0,4.2500,0.3450,0.3840,0.1120,0,ACTIVE,2,4,4
1458,8536,19:07:30,0,0.00,0,4.2300,0.3370,0.3840,0.1120,0,ACTIVE,2,4,4
1458,8537,19:08:00,0,0.00,0,4.2300,0.3370,0.3840,0.1120,0,ACTIVE,2,4,4
1458,8538,19:08:30,0,0.00,0,4.2300,0.3370,0.3840,0.1120,0,ACTIVE,2,4,4
1458,8539,19:09:00,0,0.00,0,4.2300,0.3370,0.3840,0.1120,0,ACTIVE,2,4,4
1458,8540,19:09:30,0,32.00,0,6.8900,0.6740,0.6050,0.0880,1,ACTIVE,2,4,4
1458,8541,19:10:00,0,0.00,0,30.5300,1.9900,2.8800,0.8370,0,ACTIVE,2,4,4
1458,8542,19:10:30,0,5.00,0,34.6600,2.5300,3.2100,0.8940,0,ACTIVE,2,4,4
1458,8543,19:11:00,0,44.00,0,15.4100,1.6700,1.2900,0.3680,1,ACTIVE,2,4,4
1458,8544,19:11:30,0,0.00,0,6.3700,0.6460,0.5550,0.0790,0,ACTIVE,2,4,4
1458,8545,19:12:00,0,0.00,0,8.7900,0.6890,0.8020,0.2230,0,ACTIVE,2,4,4
1458,8546,19:12:30,0,0.00,0,6.0600,0.6460,0.5200,0.0740,0,ACTIVE,2,4,4
1458,8547,19:13:00,0,0.00,0,6.0600,0.6460,0.5200,0.0740,0,ACTIVE,2,4,4
1458,8548,19:13:30,0,0.00,0,6.0900,0.6600,0.5200,0.0740,0,ACTIVE,2,4,4
1458,8549,19:14:00,0,0.00,0,5.5800,0.6460,0.4670,0.0596,0,ACTIVE,2,4,4
1458,8550,19:14:30,0,0.00,0,5.5800,0.6460,0.4670,0.0596,0,ACTIVE,2,4,4
1458,8551,19:15:00,0,0.00,0,5.2600,0.6180,0.4370,0.0596,0,ACTIVE,2,4,4
1458,8552,19:15:30,0,0.00,0,5.2300,0.6050,0.4370,0.0596,0,ACTIVE,2,4,4
1458,8553,19:16:00,0,0.00,0,4.6500,0.5550,0.3840,0.0512,0,ACTIVE,2,4,4
1458,8554,19:16:30,0,0.00,0,4.9800,0.5670,0.4190,0.0559,0,ACTIVE,2,4,4
1458,8555,19:17:00,0,0.00,0,5.0100,0.5790,0.4190,0.0559,0,ACTIVE,2,4,4
1458,8556,19:17:30,0,0.00,0,4.6700,0.5670,0.3840,0.0512,0,ACTIVE,2,4,4
1458,8557,19:18:00,0,55.00,0,18.9700,1.7100,1.6700,0.4770,1,ACTIVE,2,4,4
1458,8558,19:18:30,0,55.00,0,33.9700,2.7600,3.0700,0.8940,1,ACTIVE,2,4,4
1458,8559,19:19:00,0,12.00,0,31.7300,2.5300,2.8800,0.8560,1,ACTIVE,2,4,4
1458,8560,19:19:30,0,8.00,0,29.7300,2.3700,2.7000,0.8020,1,ACTIVE,2,4,4
1458,8561,19:20:00,0,23.00,0,28.6800,1.8700,2.7000,0.8560,1,ACTIVE,2,4,4
1458,8562,19:20:30,0,55.00,0,17.9100,1.2100,1.6700,0.5200,1,ACTIVE,2,4,4
1458,8563,19:21:00,0,174.00,0,23.0900,1.9100,2.0800,0.6050,1,ACTIVE,2,4,4
1458,8564,19:21:30,0,152.00,0,19.5300,2.0800,1.6700,0.2440,1,ACTIVE,2,4,4
1458,8565,19:22:00,0,80.00,0,25.3400,1.9500,2.3200,0.6740,1,ACTIVE,2,4,4
1458,8566,19:22:30,0,199.00,0,27.6800,1.9100,2.5800,0.7680,1,ACTIVE,2,4,4
1458,8567,19:23:00,0,23.00,0,25.7800,1.7100,2.4200,0.7350,1,ACTIVE,2,4,4
1458,8568,19:23:30,0,3.00,0,24.7400,1.6700,2.3200,0.6740,1,ACTIVE,2,4,4
1458,8569,19:24:00,0,30.00,0,24.9000,1.7500,2.3200,0.6740,1,ACTIVE,2,4,4
1458,8570,19:24:30,0,19.00,0,18.6300,1.2400,1.7500,0.5310,1,ACTIVE,2,4,4
1458,8571,19:25:00,0,66.00,0,22.4200,1.6000,2.0800,0.6050,1,ACTIVE,2,4,4
1458,8572,19:25:30,0,33.00,0,28.4900,1.7900,2.7000,0.8370,1,ACTIVE,2,4,4
1458,8573,19:26:00,0,25.00,0,26.5600,1.8700,2.4700,0.7040,1,ACTIVE,2,4,4
1458,8574,19:26:30,0,57.00,0,26.2800,1.9500,2.4200,0.7040,1,ACTIVE,2,4,4
1458,8575,19:27:00,0,48.00,0,24.0100,1.9500,2.1700,0.6180,1,ACTIVE,2,4,4
1458,8576,19:27:30,0,83.00,0,24.3300,1.9100,2.2200,0.6180,1,ACTIVE,2,4,4
1458,8577,19:28:00,0,13.00,0,28.1400,2.1300,2.5800,0.7510,1,ACTIVE,2,4,4
1458,8578,19:28:30,0,77.00,0,29.7500,2.1300,2.7600,0.8370,1,ACTIVE,2,4,4
1458,8579,19:29:00,0,96.00,0,32.5600,2.3700,3.0100,0.9130,1,ACTIVE,2,4,4
1458,8580,19:29:30,0,13.00,0,28.3300,2.2200,2.5800,0.7350,1,ACTIVE,2,4,4
1458,8581,19:30:00,0,11.00,0,29.7200,2.3700,2.7000,0.7850,1,ACTIVE,2,4,4
1458,8582,19:30:30,0,35.00,0,28.6600,2.3700,2.5800,0.7350,1,ACTIVE,2,4,4
1458,8583,19:31:00,0,42.00,0,27.8100,2.2200,2.5300,0.7040,1,ACTIVE,2,4,4
1458,8584,19:31:30,0,8.00,0,28.9800,2.5300,2.5800,0.7040,1,ACTIVE,2,4,4
1458,8585,19:32:00,0,34.00,0,30.0500,2.5300,2.7000,0.7680,1,ACTIVE,2,4,4
1458,8586,19:32:30,0,53.00,0,41.4000,3.0700,3.9000,0.4280,1,ACTIVE,2,4,4
1458,8587,19:33:00,0,21.00,0,33.1600,2.9400,2.9400,0.8200,1,ACTIVE,2,4,4
1458,8588,19:33:30,0,243.00,0,24.2400,1.8700,2.2200,0.6180,1,ACTIVE,2,4,4
1458,8589,19:34:00,0,124.00,0,12.3600,0.8370,1.1600,0.3300,1,ACTIVE,2,4,4
1458,8590,19:34:30,0,124.00,0,7.8200,0.5200,0.7350,0.2090,1,ACTIVE,2,4,4
1458,8591,19:35:00,0,206.00,0,10.7100,0.7510,0.9960,0.2960,1,ACTIVE,2,4,4
1458,8592,19:35:30,0,83.00,0,5.6200,0.5790,0.4870,0.0694,1,ACTIVE,2,4,4
1458,8593,19:36:00,0,137.00,0,6.9600,0.4980,0.6460,0.1880,1,ACTIVE,2,4,4
1458,8594,19:36:30,0,268.00,0,6.5500,0.4190,0.6180,0.1880,1,ACTIVE,2,4,4
1458,8595,19:37:00,0,326.00,0,20.7100,3.8100,1.3800,0.1880,1,ACTIVE,2,4,4
1458,8596,19:37:30,0,295.00,0,7.1600,0.8020,0.6050,0.0790,1,ACTIVE,2,4,4
1458,8597,19:38:00,0,243.00,0,4.3700,0.4010,0.3840,0.1120,1,ACTIVE,2,4,4
1458,8598,19:38:30,0,128.00,0,9.0500,0.6460,0.8370,0.2600,1,ACTIVE,2,4,4
1458,8599,19:39:00,0,70.00,0,67.8400,2.3200,6.8500,2.5300,1,ACTIVE,2,4,4
1458,8600,19:39:30,0,44.00,0,3.2000,0.4470,0.2490,0.0298,1,ACTIVE,2,4,4
1458,8601,19:40:00,0,115.00,0,141.7800,7.9700,13.7000,3.9000,1,ACTIVE,2,4,4
1458,8602,19:40:30,0,90.00,0,57.1700,4.6400,5.2800,0.6320,1,ACTIVE,2,4,4
1458,8603,19:41:00,0,174.00,0,111.9600,9.8900,10.1000,1.4100,1,ACTIVE,2,4,4
1458,8604,19:41:30,0,212.00,0,52.6100,4.3400,4.8400,0.5550,1,ACTIVE,2,4,4
1458,8605,19:42:00,0,90.00,0,59.5400,5.7600,5.2800,0.5310,1,ACTIVE,2,4,4
1458,8606,19:42:30,0,73.00,0,6.7900,0.7350,0.5790,0.0825,1,ACTIVE,2,4,4
1458,8607,19:43:00,0,70.00,0,36.3000,4.8400,2.8800,0.3600,1,ACTIVE,2,4,4
1458,8608,19:43:30,0,193.00,0,106.8200,3.6500,10.8000,3.9000,1,ACTIVE,2,4,4
1458,8609,19:44:00,0,212.00,0,16.7600,2.0400,1.3800,0.1760,1,ACTIVE,2,4,4
1458,8610,19:44:30,0,110.00,0,20.0500,3.2800,1.4400,0.1800,1,ACTIVE,2,4,4
1458,8611,19:45:00,0,70.00,0,165.1200,7.8000,16.3000,4.8400,1,ACTIVE,2,4,4
1458,8612,19:45:30,0,68.00,0,150.7500,6.8500,14.9000,4.4400,1,ACTIVE,2,4,4
1458,8613,19:46:00,0,61.00,0,108.1900,7.3100,9.8900,4.9500,1,ACTIVE,2,4,4
1458,8614,19:46:30,0,73.00,0,83.2500,3.2800,8.3200,2.8800,1,ACTIVE,2,4,4
1458,8615,19:47:00,0,35.00,0,31.5800,5.1700,2.2700,0.2720,1,ACTIVE,2,4,4
1458,8616,19:47:30,0,132.00,0,10.8200,1.7500,0.7680,0.2090,1,ACTIVE,2,4,4
1458,8617,19:48:00,0,90.00,0,113.0800,3.6500,11.5000,3.8100,1,ACTIVE,2,4,4
1458,8618,19:48:30,0,46.00,0,38.4500,5.0600,3.0700,0.3370,1,ACTIVE,2,4,4
1458,8619,19:49:00,0,66.00,0,96.1800,2.5800,9.8900,3.5000,1,ACTIVE,2,4,4
1458,8620,19:49:30,0,80.00,0,118.1200,4.0700,12.0000,3.5000,1,ACTIVE,2,4,4
1458,8621,19:50:00,0,86.00,0,28.5900,2.7600,2.5300,0.3300,1,ACTIVE,2,4,4
1458,8622,19:50:30,0,163.00,0,4.3800,0.2600,0.4190,0.1300,1,ACTIVE,2,4,4
1458,8623,19:51:00,0,110.00,0,109.4500,7.0000,10.3000,3.2100,1,ACTIVE,2,4,4
1458,8624,19:51:30,0,106.00,0,115.7200,4.6400,11.5000,4.2500,1,ACTIVE,2,4,4
1458,8625,19:52:00,0,137.00,0,71.1100,3.4200,7.0000,2.0800,1,ACTIVE,2,4,4
1458,8626,19:52:30,0,96.00,0,106.3700,4.6400,10.6000,3.3500,1,ACTIVE,2,4,4
1458,8627,19:53:00,0,96.00,0,0.5500,0.0339,0.0523,0.0173,1,ACTIVE,2,4,4
1458,8628,19:53:30,0,3.00,0,0.2100,0.0256,0.0173,0.0059,1,ACTIVE,2,4,4
1458,8629,19:54:00,0,1.00,0,0.2100,0.0256,0.0173,0.0059,0,ACTIVE,2,4,4
1458,8630,19:54:30,0,9.00,0,0.2100,0.0256,0.0173,0.0059,0,ACTIVE,2,4,4
1458,8631,19:55:00,0,3.00,0,0.2100,0.0256,0.0173,0.0059,0,ACTIVE,2,4,4
1458,8632,19:55:30,0,0.00,0,0.1900,0.0128,0.0173,0.0059,0,ACTIVE,2,4,4
1458,8633,19:56:00,0,0.00,0,0.1900,0.0128,0.0173,0.0059,0,ACTIVE,2,4,4
1458,8634,19:56:30,0,1.00,0,0.1900,0.0128,0.0173,0.0059,0,ACTIVE,2,4,4
1458,8635,19:57:00,0,3.00,0,0.1900,0.0128,0.0173,0.0059,1,ACTIVE,2,4,4
1458,8636,19:57:30,0,18.00,0,0.1900,0.0128,0.0173,0.0059,1,ACTIVE,2,4,4
1458,8637,19:58:00,0,147.00,0,0.4100,0.0339,0.0378,0.0023,1,ACTIVE,2,4,4
1458,8638,19:58:30,0,193.00,0,1.3000,0.0861,0.1220,0.0412,1,ACTIVE,2,4,4
1458,8639,19:59:00,0,199.00,0,7.5000,1.4400,0.4870,0.0512,1,ACTIVE,2,4,4
1458,8640,19:59:30,0,193.00,0,1.8000,0.2050,0.1510,0.0206,1,ACTIVE,2,4,4
1458,8641,20:00:00,0,115.00,0,0.6100,0.0596,0.0523,0.0173,1,ACTIVE,2,4,4
1458,8642,20:00:30,0,152.00,0,1.2600,0.1190,0.1120,0.0162,1,ACTIVE,2,4,4
1458,8643,20:01:00,0,147.00,0,9.5900,2.5800,0.4370,0.0512,1,ACTIVE,2,4,4
1458,8644,20:01:30,0,70.00,0,8.6600,2.0400,0.4670,0.0650,1,ACTIVE,2,4,4
1458,8645,20:02:00,0,141.00,0,21.0300,3.7300,1.4400,0.1580,1,ACTIVE,2,4,4
1458,8646,20:02:30,0,141.00,0,66.4300,7.9700,5.5100,0.4870,1,ACTIVE,2,4,4
1458,8647,20:03:00,0,168.00,0,95.5100,6.7000,8.8800,2.7000,1,ACTIVE,2,4,4
1458,8648,20:03:30,0,259.00,0,102.8600,10.1000,8.8800,2.5300,1,ACTIVE,2,4,4
1458,8649,20:04:00,0,220.00,0,23.1200,2.6400,1.9500,0.2000,1,ACTIVE,2,4,4
1458,8650,20:04:30,0,128.00,0,54.3100,6.4200,4.5400,0.3680,1,ACTIVE,2,4,4
1458,8651,20:05:00,0,268.00,0,19.3900,2.4700,1.5700,0.1650,1,ACTIVE,2,4,4
1458,8652,20:05:30,0,220.00,0,0.1900,0.0128,0.0173,0.0059,1,ACTIVE,2,4,4
1458,8653,20:06:00,0,28.00,0,0.0100,0.0049,0.0000,0.0000,1,ACTIVE,2,4,4
1458,8654,20:06:30,0,9.00,0,0.0100,0.0049,0.0000,0.0000,1,ACTIVE,2,4,4
1458,8655,20:07:00,0,12.00,0,0.1700,0.0042,0.0173,0.0059,1,ACTIVE,2,4,4
1458,8656,20:07:30,0,14.00,0,0.1700,0.0042,0.0173,0.0059,1,ACTIVE,2,4,4
1458,8657,20:08:00,0,4.00,0,0.1200,0.0042,0.0125,0.0000,0,ACTIVE,2,4,4
1458,8658,20:08:30,0,11.00,0,0.1700,0.0042,0.0173,0.0059,0,ACTIVE,2,4,4
1458,8659,20:09:00,0,0.00,0,0.1700,0.0042,0.0173,0.0059,0,ACTIVE,2,4,4
1458,8660,20:09:30,0,0.00,0,0.1700,0.0042,0.0173,0.0059,0,ACTIVE,2,4,4
1458,8661,20:10:00,0,0.00,0,0.0200,0.0049,0.0000,0.0059,0,ACTIVE,2,4,4
1458,8662,20:10:30,0,0.00,0,0.1700,0.0042,0.0173,0.0059,0,ACTIVE,2,4,4
1458,8663,20:11:00,0,7.00,0,0.1700,0.0042,0.0173,0.0059,0,ACTIVE,2,4,4
1458,8664,20:11:30,0,0.00,0,0.1700,0.0042,0.0173,0.0059,0,ACTIVE,2,4,4
1458,8665,20:12:00,0,11.00,0,0.1200,0.0042,0.0125,0.0000,1,ACTIVE,2,4,4
1458,8666,20:12:30,0,158.00,0,0.1700,0.0042,0.0173,0.0059,1,ACTIVE,2,4,4
1458,8667,20:13:00,0,26.00,0,0.1700,0.0042,0.0173,0.0059,1,ACTIVE,2,4,4
1458,8668,20:13:30,0,59.00,0,0.1700,0.0042,0.0173,0.0059,1,ACTIVE,2,4,4
1458,8669,20:14:00,0,5.00,0,0.1700,0.0042,0.0173,0.0059,1,ACTIVE,2,4,4
1458,8670,20:14:30,0,63.00,0,0.0200,0.0049,0.0000,0.0059,1,ACTIVE,2,4,4
1458,8671,20:15:00,0,70.00,0,0.1900,0.0128,0.0173,0.0059,1,ACTIVE,2,4,4
1458,8672,20:15:30,0,8.00,0,0.1700,0.0042,0.0173,0.0059,1,ACTIVE,2,4,4
1458,8673,20:16:00,0,0.00,0,0.1900,0.0128,0.0173,0.0059,1,ACTIVE,2,4,4
1458,8674,20:16:30,0,93.00,0,0.1700,0.0042,0.0173,0.0059,1,ACTIVE,2,4,4
1458,8675,20:17:00,0,19.00,0,0.1700,0.0042,0.0173,0.0059,1,ACTIVE,2,4,4
1458,8676,20:17:30,0,18.00,0,0.0200,0.0049,0.0000,0.0059,1,ACTIVE,2,4,4
1458,8677,20:18:00,0,0.00,0,0.1200,0.0042,0.0125,0.0000,0,ACTIVE,2,4,4
1458,8678,20:18:30,0,0.00,0,0.1700,0.0042,0.0173,0.0059,0,ACTIVE,2,4,4
1458,8679,20:19:00,0,5.00,0,0.1200,0.0042,0.0125,0.0000,0,ACTIVE,2,4,4
1458,8680,20:19:30,0,2.00,0,0.1700,0.0042,0.0173,0.0059,0,ACTIVE,2,4,4
1458,8681,20:20:00,0,0.00,0,0.1200,0.0042,0.0125,0.0000,1,ACTIVE,2,4,4
1458,8682,20:20:30,0,1.00,0,0.1200,0.0042,0.0125,0.0000,1,ACTIVE,2,4,4
1458,8683,20:21:00,0,193.00,0,0.0200,0.0049,0.0000,0.0059,1,ACTIVE,2,4,4
1458,8684,20:21:30,0,20.00,0,0.0200,0.0049,0.0000,0.0059,1,ACTIVE,2,4,4
1458,8685,20:22:00,0,0.00,0,0.1700,0.0042,0.0173,0.0059,1,ACTIVE,2,4,4
1458,8686,20:22:30,0,0.00,0,0.1700,0.0042,0.0173,0.0059,0,ACTIVE,2,4,4
1458,8687,20:23:00,0,0.00,0,0.1700,0.0042,0.0173,0.0059,0,ACTIVE,2,4,4
1458,8688,20:23:30,0,0.00,0,0.1700,0.0042,0.0173,0.0059,0,ACTIVE,2,4,4
1458,8689,20:24:00,0,0.00,0,0.1700,0.0042,0.0173,0.0059,0,ACTIVE,2,4,4
1458,8690,20:24:30,0,0.00,0,0.1700,0.0042,0.0173,0.0059,0,ACTIVE,2,4,4
1458,8691,20:25:00,0,0.00,0,0.1700,0.0042,0.0173,0.0059,0,ACTIVE,2,4,4
1458,8692,20:25:30,0,4.00,0,0.1700,0.0042,0.0173,0.0059,0,ACTIVE,2,4,4
1458,8693,20:26:00,0,48.00,0,0.0100,0.0049,0.0000,0.0000,1,ACTIVE,2,4,4
1458,8694,20:26:30,0,30.00,0,0.1700,0.0042,0.0173,0.0059,1,ACTIVE,2,4,4
1458,8695,20:27:00,0,5.00,0,0.1700,0.0042,0.0173,0.0059,0,ACTIVE,2,4,4
1458,8696,20:27:30,0,39.00,0,0.1700,0.0042,0.0173,0.0059,1,ACTIVE,2,4,4
1458,8697,20:28:00,0,1.00,0,0.1700,0.0042,0.0173,0.0059,0,ACTIVE,2,4,4
1458,8698,20:28:30,0,35.00,0,0.1700,0.0042,0.0173,0.0059,1,ACTIVE,2,4,4
1458,8699,20:29:00,0,0.00,0,0.1900,0.0128,0.0173,0.0059,0,ACTIVE,2,4,4
1458,8700,20:29:30,0,0.00,0,0.1900,0.0128,0.0173,0.0059,0,ACTIVE,2,4,4
1458,8701,20:30:00,0,7.00,0,0.1700,0.0042,0.0173,0.0059,0,ACTIVE,2,4,4
1458,8702,20:30:30,0,0.00,0,0.1700,0.0042,0.0173,0.0059,0,ACTIVE,2,4,4
1458,8703,20:31:00,0,0.00,0,0.1700,0.0042,0.0173,0.0059,0,ACTIVE,2,4,4
1458,8704,20:31:30,0,7.00,0,0.1700,0.0042,0.0173,0.0059,0,ACTIVE,2,4,4
1458,8705,20:32:00,0,0.00,0,0.1700,0.0042,0.0173,0.0059,0,ACTIVE,2,4,4
1458,8706,20:32:30,0,5.00,0,0.1700,0.0042,0.0173,0.0059,0,ACTIVE,2,4,4
1458,8707,20:33:00,0,0.00,0,0.1700,0.0042,0.0173,0.0059,0,ACTIVE,2,4,4
1458,8708,20:33:30,0,8.00,0,0.1700,0.0042,0.0173,0.0059,0,ACTIVE,2,4,4
1458,8709,20:34:00,0,0.00,0,0.1700,0.0042,0.0173,0.0059,0,ACTIVE,2,4,4
1458,8710,20:34:30,0,4.00,0,0.1700,0.0042,0.0173,0.0059,0,ACTIVE,2,4,4
1458,8711,20:35:00,0,0.00,0,0.1700,0.0042,0.0173,0.0059,0,ACTIVE,2,4,4
1458,8712,20:35:30,0,4.00,0,0.1200,0.0042,0.0125,0.0000,0,ACTIVE,2,4,4
1458,8713,20:36:00,0,0.00,0,0.1700,0.0042,0.0173,0.0059,0,ACTIVE,2,4,4
1458,8714,20:36:30,0,1.00,0,0.1700,0.0042,0.0173,0.0059,0,ACTIVE,2,4,4
1458,8715,20:37:00,0,0.00,0,0.1700,0.0042,0.0173,0.0059,0,ACTIVE,2,4,4
1458,8716,20:37:30,0,35.00,0,0.1700,0.0042,0.0173,0.0059,1,ACTIVE,2,4,4
1458,8717,20:38:00,0,0.00,0,0.1200,0.0042,0.0125,0.0000,0,ACTIVE,2,4,4
1458,8718,20:38:30,0,0.00,0,0.1400,0.0128,0.0125,0.0000,0,ACTIVE,2,4,4
1458,8719,20:39:00,0,0.00,0,0.0200,0.0049,0.0000,0.0059,0,ACTIVE,2,4,4
1458,8720,20:39:30,0,32.00,0,0.1700,0.0042,0.0173,0.0059,1,ACTIVE,2,4,4
1458,8721,20:40:00,0,0.00,0,0.1200,0.0042,0.0125,0.0000,0,ACTIVE,2,4,4
1458,8722,20:40:30,0,0.00,0,0.1700,0.0042,0.0173,0.0059,0,ACTIVE,2,4,4
1458,8723,20:41:00,0,16.00,0,0.1700,0.0042,0.0173,0.0059,0,ACTIVE,2,4,4
1458,8724,20:41:30,0,3.00,0,0.1700,0.0042,0.0173,0.0059,0,ACTIVE,2,4,4
1458,8725,20:42:00,0,4.00,0,0.1200,0.0042,0.0125,0.0000,0,ACTIVE,2,4,4
1458,8726,20:42:30,0,0.00,0,0.1700,0.0042,0.0173,0.0059,0,ACTIVE,2,4,4
1458,8727,20:43:00,0,8.00,0,0.1700,0.0042,0.0173,0.0059,0,ACTIVE,2,4,4
1458,8728,20:43:30,0,12.00,0,0.1700,0.0042,0.0173,0.0059,0,ACTIVE,2,4,4
1458,8729,20:44:00,0,0.00,0,0.1700,0.0042,0.0173,0.0059,0,ACTIVE,2,4,4
1458,8730,20:44:30,0,21.00,0,0.1700,0.0042,0.0173,0.0059,1,ACTIVE,2,4,4
1458,8731,20:45:00,0,13.00,0,0.1700,0.0042,0.0173,0.0059,0,ACTIVE,2,4,4
1458,8732,20:45:30,0,11.00,0,0.1700,0.0042,0.0173,0.0059,0,ACTIVE,2,4,4
1458,8733,20:46:00,0,2.00,0,0.1900,0.0128,0.0173,0.0059,0,ACTIVE,2,4,4
1458,8734,20:46:30,0,9.00,0,0.1700,0.0042,0.0173,0.0059,0,ACTIVE,2,4,4
1458,8735,20:47:00,0,0.00,0,0.1700,0.0042,0.0173,0.0059,0,ACTIVE,2,4,4
1458,8736,20:47:30,0,0.00,0,0.1700,0.0042,0.0173,0.0059,0,ACTIVE,2,4,4
1458,8737,20:48:00,0,3.00,0,0.1700,0.0042,0.0173,0.0059,0,ACTIVE,2,4,4
1458,8738,20:48:30,0,0.00,0,0.1700,0.0042,0.0173,0.0059,0,ACTIVE,2,4,4
1458,8739,20:49:00,0,0.00,0,0.0100,0.0049,0.0000,0.0000,0,ACTIVE,2,4,4
1458,8740,20:49:30,0,1.00,0,0.1700,0.0042,0.0173,0.0059,0,ACTIVE,2,4,4
1458,8741,20:50:00,0,8.00,0,0.0200,0.0049,0.0000,0.0059,0,ACTIVE,2,4,4
1458,8742,20:50:30,0,0.00,0,0.1700,0.0042,0.0173,0.0059,0,ACTIVE,2,4,4
1458,8743,20:51:00,0,0.00,0,0.1700,0.0042,0.0173,0.0059,0,ACTIVE,2,4,4
1458,8744,20:51:30,0,7.00,0,0.1700,0.0042,0.0173,0.0059,0,ACTIVE,2,4,4
1458,8745,20:52:00,0,7.00,0,0.1700,0.0042,0.0173,0.0059,0,ACTIVE,2,4,4
1458,8746,20:52:30,0,3.00,0,0.1200,0.0042,0.0125,0.0000,0,ACTIVE,2,4,4
1458,8747,20:53:00,0,1.00,0,0.1700,0.0042,0.0173,0.0059,0,ACTIVE,2,4,4
1458,8748,20:53:30,0,0.00,0,0.0200,0.0049,0.0000,0.0059,0,ACTIVE,2,4,4
1458,8749,20:54:00,0,14.00,0,0.0200,0.0049,0.0000,0.0059,0,ACTIVE,2,4,4
1458,8750,20:54:30,0,8.00,0,0.0200,0.0049,0.0000,0.0059,0,ACTIVE,2,4,4
1458,8751,20:55:00,0,1.00,0,0.1700,0.0042,0.0173,0.0059,0,ACTIVE,2,4,4
1458,8752,20:55:30,0,5.00,0,0.0200,0.0049,0.0000,0.0059,0,ACTIVE,2,4,4
1458,8753,20:56:00,0,7.00,0,0.1700,0.0042,0.0173,0.0059,0,ACTIVE,2,4,4
1458,8754,20:56:30,0,13.00,0,0.0200,0.0049,0.0000,0.0059,0,ACTIVE,2,4,4
1458,8755,20:57:00,0,18.00,0,0.0400,0.0146,0.0000,0.0059,1,ACTIVE,2,4,4
1458,8756,20:57:30,0,0.00,0,0.1700,0.0042,0.0173,0.0059,0,ACTIVE,2,4,4
1458,8757,20:58:00,0,4.00,0,0.0100,0.0049,0.0000,0.0000,0,ACTIVE,2,4,4
1458,8758,20:58:30,0,8.00,0,0.0200,0.0049,0.0000,0.0059,0,ACTIVE,2,4,4
1458,8759,20:59:00,0,10.00,0,0.0200,0.0049,0.0000,0.0059,0,ACTIVE,2,4,4
1458,8760,20:59:30,0,10.00,0,0.0200,0.0049,0.0000,0.0059,1,ACTIVE,2,4,4
1458,8761,21:00:00,0,27.00,0,0.0200,0.0049,0.0000,0.0059,1,ACTIVE,2,4,4
1458,8762,21:00:30,0,3.00,0,0.0200,0.0049,0.0000,0.0059,1,ACTIVE,2,4,4
1458,8763,21:01:00,0,23.00,0,0.0200,0.0049,0.0000,0.0059,1,ACTIVE,2,4,4
1458,8764,21:01:30,0,235.00,0,0.0300,0.0146,0.0000,0.0000,1,ACTIVE,2,4,4
1458,8765,21:02:00,0,4.00,0,0.0200,0.0049,0.0000,0.0059,1,ACTIVE,2,4,4
1458,8766,21:02:30,0,23.00,0,0.1900,0.0128,0.0173,0.0059,1,ACTIVE,2,4,4
1458,8767,21:03:00,0,5.00,0,0.1700,0.0042,0.0173,0.0059,0,ACTIVE,2,4,4
1458,8768,21:03:30,0,5.00,0,0.1700,0.0042,0.0173,0.0059,0,ACTIVE,2,4,4
1458,8769,21:04:00,0,1.00,0,0.1700,0.0042,0.0173,0.0059,0,ACTIVE,2,4,4
1458,8770,21:04:30,0,0.00,0,0.1700,0.0042,0.0173,0.0059,0,ACTIVE,2,4,4
1458,8771,21:05:00,0,1.00,0,0.1900,0.0128,0.0173,0.0059,0,ACTIVE,2,4,4
1458,8772,21:05:30,0,2.00,0,0.1700,0.0042,0.0173,0.0059,0,ACTIVE,2,4,4
1458,8773,21:06:00,0,2.00,0,0.1700,0.0042,0.0173,0.0059,0,ACTIVE,2,4,4
1458,8774,21:06:30,0,7.00,0,0.1700,0.0042,0.0173,0.0059,0,ACTIVE,2,4,4
1458,8775,21:07:00,0,4.00,0,0.1700,0.0042,0.0173,0.0059,0,ACTIVE,2,4,4
1458,8776,21:07:30,0,1.00,0,0.1700,0.0042,0.0173,0.0059,0,ACTIVE,2,4,4
1458,8777,21:08:00,0,0.00,0,0.1700,0.0042,0.0173,0.0059,0,ACTIVE,2,4,4
1458,8778,21:08:30,0,5.00,0,0.1700,0.0042,0.0173,0.0059,0,ACTIVE,2,4,4
1458,8779,21:09:00,0,0.00,0,0.1700,0.0042,0.0173,0.0059,0,ACTIVE,2,4,4
1458,8780,21:09:30,0,90.00,0,0.1700,0.0042,0.0173,0.0059,1,ACTIVE,2,4,4
1458,8781,21:10:00,0,12.00,0,0.1700,0.0042,0.0173,0.0059,1,ACTIVE,2,4,4
1458,8782,21:10:30,0,8.00,0,0.1700,0.0042,0.0173,0.0059,1,ACTIVE,2,4,4
1458,8783,21:11:00,0,11.00,0,0.1700,0.0042,0.0173,0.0059,0,ACTIVE,2,4,4
1458,8784,21:11:30,0,19.00,0,0.1700,0.0042,0.0173,0.0059,1,ACTIVE,2,4,4
1458,8785,21:12:00,0,2.00,0,0.1700,0.0042,0.0173,0.0059,0,ACTIVE,2,4,4
1458,8786,21:12:30,0,14.00,0,0.0200,0.0049,0.0000,0.0059,1,ACTIVE,2,4,4
1458,8787,21:13:00,0,12.00,0,0.1700,0.0042,0.0173,0.0059,1,ACTIVE,2,4,4
1458,8788,21:13:30,0,11.00,0,0.1700,0.0042,0.0173,0.0059,1,ACTIVE,2,4,4
1458,8789,21:14:00,0,70.00,0,0.1700,0.0042,0.0173,0.0059,1,ACTIVE,2,4,4
1458,8790,21:14:30,0,20.00,0,0.1700,0.0042,0.0173,0.0059,1,ACTIVE,2,4,4
1458,8791,21:15:00,0,9.00,0,0.1700,0.0042,0.0173,0.0059,1,ACTIVE,2,4,4
1458,8792,21:15:30,0,27.00,0,0.1700,0.0042,0.0173,0.0059,1,ACTIVE,2,4,4
1458,8793,21:16:00,0,30.00,0,0.1700,0.0042,0.0173,0.0059,1,ACTIVE,2,4,4
1458,8794,21:16:30,0,39.00,0,0.1700,0.0042,0.0173,0.0059,1,ACTIVE,2,4,4
1458,8795,21:17:00,0,10.00,0,0.1700,0.0042,0.0173,0.0059,1,ACTIVE,2,4,4
1458,8796,21:17:30,0,16.00,0,0.1900,0.0128,0.0173,0.0059,1,ACTIVE,2,4,4
1458,8797,21:18:00,0,0.00,0,0.1700,0.0042,0.0173,0.0059,0,ACTIVE,2,4,4
1458,8798,21:18:30,0,44.00,0,0.1900,0.0128,0.0173,0.0059,1,ACTIVE,2,4,4
1458,8799,21:19:00,0,11.00,0,0.1700,0.0042,0.0173,0.0059,0,ACTIVE,2,4,4
1458,8800,21:19:30,0,9.00,0,0.1900,0.0128,0.0173,0.0059,0,ACTIVE,2,4,4
1458,8801,21:20:00,0,5.00,0,0.1700,0.0042,0.0173,0.0059,0,ACTIVE,2,4,4
1458,8802,21:20:30,0,5.00,0,0.1900,0.0128,0.0173,0.0059,0,ACTIVE,2,4,4
1458,8803,21:21:00,0,44.00,0,0.1900,0.0128,0.0173,0.0059,1,ACTIVE,2,4,4
1458,8804,21:21:30,0,35.00,0,0.1900,0.0128,0.0173,0.0059,1,ACTIVE,2,4,4
1458,8805,21:22:00,0,15.00,0,0.1900,0.0128,0.0173,0.0059,1,ACTIVE,2,4,4
1458,8806,21:22:30,0,21.00,0,0.1900,0.0128,0.0173,0.0059,1,ACTIVE,2,4,4
1458,8807,21:23:00,0,20.00,0,0.1900,0.0128,0.0173,0.0059,1,ACTIVE,2,4,4
1458,8808,21:23:30,0,28.00,0,0.1900,0.0128,0.0173,0.0059,1,ACTIVE,2,4,4
1458,8809,21:24:00,0,34.00,0,0.1700,0.0042,0.0173,0.0059,1,ACTIVE,2,4,4
1458,8810,21:24:30,0,22.00,0,0.1900,0.0128,0.0173,0.0059,1,ACTIVE,2,4,4
1458,8811,21:25:00,0,33.00,0,0.1900,0.0128,0.0173,0.0059,1,ACTIVE,2,4,4
1458,8812,21:25:30,0,22.00,0,0.1700,0.0042,0.0173,0.0059,1,ACTIVE,2,4,4
1458,8813,21:26:00,0,18.00,0,0.1900,0.0128,0.0173,0.0059,1,ACTIVE,2,4,4
1458,8814,21:26:30,0,13.00,0,0.1900,0.0128,0.0173,0.0059,1,ACTIVE,2,4,4
1458,8815,21:27:00,0,14.00,0,0.1900,0.0128,0.0173,0.0059,1,ACTIVE,2,4,4
1458,8816,21:27:30,0,23.00,0,0.1900,0.0128,0.0173,0.0059,1,ACTIVE,2,4,4
1458,8817,21:28:00,0,0.00,0,0.1900,0.0128,0.0173,0.0059,0,ACTIVE,2,4,4
1458,8818,21:28:30,0,25.00,0,0.1700,0.0042,0.0173,0.0059,1,ACTIVE,2,4,4
1458,8819,21:29:00,0,12.00,0,0.1700,0.0042,0.0173,0.0059,0,ACTIVE,2,4,4
1458,8820,21:29:30,0,9.00,0,0.1700,0.0042,0.0173,0.0059,0,ACTIVE,2,4,4
1458,8821,21:30:00,0,16.00,0,0.1900,0.0128,0.0173,0.0059,1,ACTIVE,2,4,4
1458,8822,21:30:30,0,24.00,0,0.1900,0.0128,0.0173,0.0059,1,ACTIVE,2,4,4
1458,8823,21:31:00,0,0.00,0,0.1700,0.0042,0.0173,0.0059,0,ACTIVE,2,4,4
1458,8824,21:31:30,0,28.00,0,0.1700,0.0042,0.0173,0.0059,1,ACTIVE,2,4,4
1458,8825,21:32:00,0,21.00,0,0.1700,0.0042,0.0173,0.0059,1,ACTIVE,2,4,4
1458,8826,21:32:30,0,16.00,0,0.1700,0.0042,0.0173,0.0059,1,ACTIVE,2,4,4
1458,8827,21:33:00,0,23.00,0,0.1700,0.0042,0.0173,0.0059,1,ACTIVE,2,4,4
1458,8828,21:33:30,0,46.00,0,0.1700,0.0042,0.0173,0.0059,1,ACTIVE,2,4,4
1458,8829,21:34:00,0,35.00,0,0.1700,0.0042,0.0173,0.0059,1,ACTIVE,2,4,4
1458,8830,21:34:30,0,0.00,0,0.1700,0.0042,0.0173,0.0059,0,ACTIVE,2,4,4
1458,8831,21:35:00,0,48.00,0,0.1700,0.0042,0.0173,0.0059,1,ACTIVE,2,4,4
1458,8832,21:35:30,0,30.00,0,0.1700,0.0042,0.0173,0.0059,1,ACTIVE,2,4,4
1458,8833,21:36:00,0,25.00,0,0.1700,0.0042,0.0173,0.0059,1,ACTIVE,2,4,4
1458,8834,21:36:30,0,18.00,0,0.1700,0.0042,0.0173,0.0059,1,ACTIVE,2,4,4
1458,8835,21:37:00,0,13.00,0,0.1700,0.0042,0.0173,0.0059,1,ACTIVE,2,4,4
1458,8836,21:37:30,0,0.00,0,0.1700,0.0042,0.0173,0.0059,1,ACTIVE,2,4,4
1458,8837,21:38:00,0,251.00,0,0.1900,0.0128,0.0173,0.0059,1,ACTIVE,2,4,4
1458,8838,21:38:30,0,4.00,0,0.1700,0.0042,0.0173,0.0059,1,ACTIVE,2,4,4
1458,8839,21:39:00,0,25.00,0,0.1700,0.0042,0.0173,0.0059,1,ACTIVE,2,4,4
1458,8840,21:39:30,0,0.00,0,0.1700,0.0042,0.0173,0.0059,0,ACTIVE,2,4,4
1458,8841,21:40:00,0,39.00,0,0.1700,0.0042,0.0173,0.0059,1,ACTIVE,2,4,4
1458,8842,21:40:30,0,27.00,0,0.1200,0.0042,0.0125,0.0000,1,ACTIVE,2,4,4
1458,8843,21:41:00,0,8.00,0,0.1900,0.0128,0.0173,0.0059,0,ACTIVE,2,4,4
1458,8844,21:41:30,0,0.00,0,0.1700,0.0042,0.0173,0.0059,0,ACTIVE,2,4,4
1458,8845,21:42:00,0,16.00,0,0.1700,0.0042,0.0173,0.0059,0,ACTIVE,2,4,4
1458,8846,21:42:30,0,8.00,0,0.1900,0.0128,0.0173,0.0059,0,ACTIVE,2,4,4
1458,8847,21:43:00,0,0.00,0,0.1700,0.0042,0.0173,0.0059,0,ACTIVE,2,4,4
1458,8848,21:43:30,0,4.00,0,0.1700,0.0042,0.0173,0.0059,0,ACTIVE,2,4,4
1458,8849,21:44:00,0,2.00,0,0.1700,0.0042,0.0173,0.0059,0,ACTIVE,2,4,4
1458,8850,21:44:30,0,11.00,0,0.1700,0.0042,0.0173,0.0059,0,ACTIVE,2,4,4
1458,8851,21:45:00,0,7.00,0,0.1700,0.0042,0.0173,0.0059,0,ACTIVE,2,4,4
1458,8852,21:45:30,0,0.00,0,0.1900,0.0128,0.0173,0.0059,0,ACTIVE,2,4,4
1458,8853,21:46:00,0,12.00,0,0.1700,0.0042,0.0173,0.0059,1,ACTIVE,2,4,4
1458,8854,21:46:30,0,33.00,0,0.1700,0.0042,0.0173,0.0059,1,ACTIVE,2,4,4
1458,8855,21:47:00,0,168.00,0,0.1900,0.0128,0.0173,0.0059,1,ACTIVE,2,4,4
1458,8856,21:47:30,0,7.00,0,0.1700,0.0042,0.0173,0.0059,1,ACTIVE,2,4,4
1458,8857,21:48:00,0,23.00,0,0.1700,0.0042,0.0173,0.0059,1,ACTIVE,2,4,4
1458,8858,21:48:30,0,5.00,0,0.1700,0.0042,0.0173,0.0059,0,ACTIVE,2,4,4
1458,8859,21:49:00,0,14.00,0,0.1700,0.0042,0.0173,0.0059,1,ACTIVE,2,4,4
1458,8860,21:49:30,0,0.00,0,0.1700,0.0042,0.0173,0.0059,0,ACTIVE,2,4,4
1458,8861,21:50:00,0,0.00,0,0.1700,0.0042,0.0173,0.0059,0,ACTIVE,2,4,4
1458,8862,21:50:30,0,4.00,0,0.1700,0.0042,0.0173,0.0059,0,ACTIVE,2,4,4
1458,8863,21:51:00,0,1.00,0,0.1700,0.0042,0.0173,0.0059,0,ACTIVE,2,4,4
1458,8864,21:51:30,0,0.00,0,0.1900,0.0128,0.0173,0.0059,0,ACTIVE,2,4,4
1458,8865,21:52:00,0,0.00,0,0.1700,0.0042,0.0173,0.0059,0,ACTIVE,2,4,4
1458,8866,21:52:30,0,0.00,0,0.1900,0.0128,0.0173,0.0059,0,ACTIVE,2,4,4
1458,8867,21:53:00,0,0.00,0,0.1900,0.0128,0.0173,0.0059,0,ACTIVE,2,4,4
1458,8868,21:53:30,0,0.00,0,0.1700,0.0042,0.0173,0.0059,0,ACTIVE,2,4,4
1458,8869,21:54:00,0,0.00,0,0.1900,0.0128,0.0173,0.0059,0,ACTIVE,2,4,4
1458,8870,21:54:30,0,1.00,0,0.1900,0.0128,0.0173,0.0059,0,ACTIVE,2,4,4
1458,8871,21:55:00,0,1.00,0,0.1900,0.0128,0.0173,0.0059,0,ACTIVE,2,4,4
1458,8872,21:55:30,0,2.00,0,0.1700,0.0042,0.0173,0.0059,0,ACTIVE,2,4,4
1458,8873,21:56:00,0,8.00,0,0.1900,0.0128,0.0173,0.0059,0,ACTIVE,2,4,4
1458,8874,21:56:30,0,7.00,0,0.1900,0.0128,0.0173,0.0059,0,ACTIVE,2,4,4
1458,8875,21:57:00,0,5.00,0,0.1900,0.0128,0.0173,0.0059,0,ACTIVE,2,4,4
1458,8876,21:57:30,0,0.00,0,0.1900,0.0128,0.0173,0.0059,0,ACTIVE,2,4,4
1458,8877,21:58:00,0,5.00,0,0.1900,0.0128,0.0173,0.0059,0,ACTIVE,2,4,4
1458,8878,21:58:30,0,0.00,0,0.1900,0.0128,0.0173,0.0059,0,ACTIVE,2,4,4
1458,8879,21:59:00,0,3.00,0,0.1900,0.0128,0.0173,0.0059,0,ACTIVE,2,4,4
1458,8880,21:59:30,0,1.00,0,0.1900,0.0128,0.0173,0.0059,0,ACTIVE,2,4,4
1458,8881,22:00:00,0,0.00,0,0.1700,0.0042,0.0173,0.0059,0,ACTIVE,2,4,4
1458,8882,22:00:30,0,0.00,0,0.1900,0.0128,0.0173,0.0059,0,ACTIVE,2,4,4
1458,8883,22:01:00,0,0.00,0,0.1900,0.0128,0.0173,0.0059,0,ACTIVE,2,4,4
1458,8884,22:01:30,0,0.00,0,0.1900,0.0128,0.0173,0.0059,0,ACTIVE,2,4,4
1458,8885,22:02:00,0,0.00,0,0.1900,0.0128,0.0173,0.0059,0,ACTIVE,2,4,4
1458,8886,22:02:30,0,0.00,0,0.1900,0.0128,0.0173,0.0059,0,ACTIVE,2,4,4
1458,8887,22:03:00,0,0.00,0,0.1900,0.0128,0.0173,0.0059,0,ACTIVE,2,4,4
1458,8888,22:03:30,0,0.00,0,0.1900,0.0128,0.0173,0.0059,0,ACTIVE,2,4,4
1458,8889,22:04:00,0,0.00,0,0.1900,0.0128,0.0173,0.0059,0,ACTIVE,2,4,4
1458,8890,22:04:30,0,0.00,0,0.1900,0.0128,0.0173,0.0059,0,ACTIVE,2,4,4
1458,8891,22:05:00,0,0.00,0,0.1900,0.0128,0.0173,0.0059,0,ACTIVE,2,4,4
1458,8892,22:05:30,0,3.00,0,0.1900,0.0128,0.0173,0.0059,0,ACTIVE,2,4,4
1458,8893,22:06:00,0,0.00,0,0.1900,0.0128,0.0173,0.0059,0,ACTIVE,2,4,4
1458,8894,22:06:30,0,0.00,0,0.1900,0.0128,0.0173,0.0059,0,ACTIVE,2,4,4
1458,8895,22:07:00,0,3.00,0,0.1900,0.0128,0.0173,0.0059,0,ACTIVE,2,4,4
1458,8896,22:07:30,0,0.00,0,0.1900,0.0128,0.0173,0.0059,0,ACTIVE,2,4,4
1458,8897,22:08:00,0,0.00,0,0.1900,0.0128,0.0173,0.0059,0,ACTIVE,2,4,4
1458,8898,22:08:30,0,0.00,0,0.1900,0.0128,0.0173,0.0059,0,ACTIVE,2,4,4
1458,8899,22:09:00,0,0.00,0,0.1900,0.0128,0.0173,0.0059,0,ACTIVE,2,4,4
1458,8900,22:09:30,0,1.00,0,0.1900,0.0128,0.0173,0.0059,0,ACTIVE,2,4,4
1458,8901,22:10:00,0,0.00,0,0.1700,0.0042,0.0173,0.0059,0,ACTIVE,2,4,4
1458,8902,22:10:30,0,0.00,0,0.1900,0.0128,0.0173,0.0059,0,ACTIVE,2,4,4
1458,8903,22:11:00,0,1.00,0,0.1900,0.0128,0.0173,0.0059,0,ACTIVE,2,4,4
1458,8904,22:11:30,0,3.00,0,0.1900,0.0128,0.0173,0.0059,0,ACTIVE,2,4,4
1458,8905,22:12:00,0,3.00,0,0.1900,0.0128,0.0173,0.0059,0,ACTIVE,2,4,4
1458,8906,22:12:30,0,0.00,0,0.1900,0.0128,0.0173,0.0059,0,ACTIVE,2,4,4
1458,8907,22:13:00,0,1.00,0,0.1900,0.0128,0.0173,0.0059,0,ACTIVE,2,4,4
1458,8908,22:13:30,0,5.00,0,0.1900,0.0128,0.0173,0.0059,0,ACTIVE,2,4,4
1458,8909,22:14:00,0,1.00,0,0.1900,0.0128,0.0173,0.0059,0,ACTIVE,2,4,4
1458,8910,22:14:30,0,0.00,0,0.1900,0.0128,0.0173,0.0059,0,ACTIVE,2,4,4
1458,8911,22:15:00,0,4.00,0,0.1900,0.0128,0.0173,0.0059,0,ACTIVE,2,4,4
1458,8912,22:15:30,0,2.00,0,0.1900,0.0128,0.0173,0.0059,0,ACTIVE,2,4,4
1458,8913,22:16:00,0,0.00,0,0.1900,0.0128,0.0173,0.0059,0,ACTIVE,2,4,4
1458,8914,22:16:30,0,3.00,0,0.1900,0.0128,0.0173,0.0059,0,ACTIVE,2,4,4
1458,8915,22:17:00,0,3.00,0,0.1900,0.0128,0.0173,0.0059,0,ACTIVE,2,4,4
1458,8916,22:17:30,0,2.00,0,0.1900,0.0128,0.0173,0.0059,0,ACTIVE,2,4,4
1458,8917,22:18:00,0,4.00,0,0.1900,0.0128,0.0173,0.0059,0,ACTIVE,2,4,4
1458,8918,22:18:30,0,0.00,0,0.1900,0.0128,0.0173,0.0059,0,ACTIVE,2,4,4
1458,8919,22:19:00,0,5.00,0,0.1900,0.0128,0.0173,0.0059,0,ACTIVE,2,4,4
1458,8920,22:19:30,0,110.00,0,0.1900,0.0128,0.0173,0.0059,1,ACTIVE,2,4,4
1458,8921,22:20:00,0,0.00,0,0.1900,0.0128,0.0173,0.0059,0,ACTIVE,2,4,4
1458,8922,22:20:30,0,9.00,0,0.1900,0.0128,0.0173,0.0059,1,ACTIVE,2,4,4
1458,8923,22:21:00,0,11.00,0,0.1900,0.0128,0.0173,0.0059,0,ACTIVE,2,4,4
1458,8924,22:21:30,0,0.00,0,0.1900,0.0128,0.0173,0.0059,0,ACTIVE,2,4,4
1458,8925,22:22:00,0,14.00,0,0.1700,0.0042,0.0173,0.0059,0,ACTIVE,2,4,4
1458,8926,22:22:30,0,10.00,0,0.1900,0.0128,0.0173,0.0059,0,ACTIVE,2,4,4
1458,8927,22:23:00,0,11.00,0,0.1700,0.0042,0.0173,0.0059,0,ACTIVE,2,4,4
1458,8928,22:23:30,0,7.00,0,0.1700,0.0042,0.0173,0.0059,0,ACTIVE,2,4,4
1458,8929,22:24:00,0,12.00,0,0.1700,0.0042,0.0173,0.0059,0,ACTIVE,2,4,4
1458,8930,22:24:30,0,0.00,0,0.1700,0.0042,0.0173,0.0059,0,ACTIVE,2,4,4
1458,8931,22:25:00,0,14.00,0,0.1700,0.0042,0.0173,0.0059,0,ACTIVE,2,4,4
1458,8932,22:25:30,0,4.00,0,0.1700,0.0042,0.0173,0.0059,0,ACTIVE,2,4,4
1458,8933,22:26:00,0,0.00,0,0.1700,0.0042,0.0173,0.0059,0,ACTIVE,2,4,4
1458,8934,22:26:30,0,3.00,0,0.1700,0.0042,0.0173,0.0059,0,ACTIVE,2,4,4
1458,8935,22:27:00,0,2.00,0,0.1700,0.0042,0.0173,0.0059,0,ACTIVE,2,4,4
1458,8936,22:27:30,0,0.00,0,0.1700,0.0042,0.0173,0.0059,0,ACTIVE,2,4,4
1458,8937,22:28:00,0,0.00,0,0.1700,0.0042,0.0173,0.0059,0,ACTIVE,2,4,4
1458,8938,22:28:30,0,7.00,0,0.1700,0.0042,0.0173,0.0059,0,ACTIVE,2,4,4
1458,8939,22:29:00,0,5.00,0,0.1700,0.0042,0.0173,0.0059,0,ACTIVE,2,4,4
1458,8940,22:29:30,0,0.00,0,0.1700,0.0042,0.0173,0.0059,0,ACTIVE,2,4,4
1458,8941,22:30:00,0,3.00,0,0.1700,0.0042,0.0173,0.0059,0,ACTIVE,2,4,4
1458,8942,22:30:30,0,5.00,0,0.1700,0.0042,0.0173,0.0059,0,ACTIVE,2,4,4
1458,8943,22:31:00,0,5.00,0,0.1700,0.0042,0.0173,0.0059,0,ACTIVE,2,4,4
1458,8944,22:31:30,0,0.00,0,0.1700,0.0042,0.0173,0.0059,0,ACTIVE,2,4,4
1458,8945,22:32:00,0,4.00,0,0.1700,0.0042,0.0173,0.0059,0,ACTIVE,2,4,4
1458,8946,22:32:30,0,0.00,0,0.1700,0.0042,0.0173,0.0059,0,ACTIVE,2,4,4
1458,8947,22:33:00,0,19.00,0,0.1700,0.0042,0.0173,0.0059,0,ACTIVE,2,4,4
1458,8948,22:33:30,0,0.00,0,0.1700,0.0042,0.0173,0.0059,0,ACTIVE,2,4,4
1458,8949,22:34:00,0,1.00,0,0.1700,0.0042,0.0173,0.0059,0,ACTIVE,2,4,4
1458,8950,22:34:30,0,7.00,0,0.1700,0.0042,0.0173,0.0059,0,ACTIVE,2,4,4
1458,8951,22:35:00,0,7.00,0,0.1700,0.0042,0.0173,0.0059,0,ACTIVE,2,4,4
1458,8952,22:35:30,0,0.00,0,0.1700,0.0042,0.0173,0.0059,0,ACTIVE,2,4,4
1458,8953,22:36:00,0,19.00,0,0.1700,0.0042,0.0173,0.0059,1,ACTIVE,2,4,4
1458,8954,22:36:30,0,0.00,0,0.1700,0.0042,0.0173,0.0059,0,ACTIVE,2,4,4
1458,8955,22:37:00,0,0.00,0,0.1700,0.0042,0.0173,0.0059,0,ACTIVE,2,4,4
1458,8956,22:37:30,0,1.00,0,0.1700,0.0042,0.0173,0.0059,0,ACTIVE,2,4,4
1458,8957,22:38:00,0,93.00,0,0.1700,0.0042,0.0173,0.0059,1,ACTIVE,2,4,4
1458,8958,22:38:30,0,1.00,0,0.1700,0.0042,0.0173,0.0059,0,ACTIVE,2,4,4
1458,8959,22:39:00,0,21.00,0,0.1700,0.0042,0.0173,0.0059,1,ACTIVE,2,4,4
1458,8960,22:39:30,0,0.00,0,0.1700,0.0042,0.0173,0.0059,0,ACTIVE,2,4,4
1458,8961,22:40:00,0,0.00,0,0.1700,0.0042,0.0173,0.0059,0,ACTIVE,2,4,4
1458,8962,22:40:30,0,0.00,0,0.1700,0.0042,0.0173,0.0059,0,ACTIVE,2,4,4
1458,8963,22:41:00,0,0.00,0,0.1700,0.0042,0.0173,0.0059,1,ACTIVE,2,4,4
1458,8964,22:41:30,0,152.00,0,0.1700,0.0042,0.0173,0.0059,1,ACTIVE,2,4,4
1458,8965,22:42:00,0,44.00,0,0.0200,0.0049,0.0000,0.0059,1,REST,2,4,4
1458,8966,22:42:30,0,0.00,0,0.1700,0.0042,0.0173,0.0059,1,REST-S,2,4,4
1458,8967,22:43:00,0,5.00,0,0.1700,0.0042,0.0173,0.0059,0,REST-S,2,4,4
1458,8968,22:43:30,0,0.00,0,0.1700,0.0042,0.0173,0.0059,0,REST-S,2,4,4
1458,8969,22:44:00,0,0.00,0,0.1700,0.0042,0.0173,0.0059,0,REST-S,2,4,4
1458,8970,22:44:30,0,0.00,0,0.1700,0.0042,0.0173,0.0059,0,REST-S,2,4,4
1458,8971,22:45:00,0,0.00,0,0.1700,0.0042,0.0173,0.0059,0,REST-S,2,4,4
1458,8972,22:45:30,0,1.00,0,0.1700,0.0042,0.0173,0.0059,0,REST-S,2,4,4
1458,8973,22:46:00,0,0.00,0,0.1700,0.0042,0.0173,0.0059,0,REST-S,2,4,4
1458,8974,22:46:30,0,0.00,0,0.1700,0.0042,0.0173,0.0059,0,REST-S,2,4,4
1458,8975,22:47:00,0,0.00,0,0.1700,0.0042,0.0173,0.0059,0,REST-S,2,4,4
1458,8976,22:47:30,0,0.00,0,0.1700,0.0042,0.0173,0.0059,0,REST-S,2,4,4
1458,8977,22:48:00,0,0.00,0,0.1700,0.0042,0.0173,0.0059,0,REST-S,2,4,4
1458,8978,22:48:30,0,0.00,0,0.1700,0.0042,0.0173,0.0059,0,REST-S,2,4,4
1458,8979,22:49:00,0,0.00,0,0.1700,0.0042,0.0173,0.0059,0,REST-S,2,4,4
1458,8980,22:49:30,0,0.00,0,0.1700,0.0042,0.0173,0.0059,0,REST-S,2,4,4
1458,8981,22:50:00,0,0.00,0,0.1900,0.0128,0.0173,0.0059,0,REST-S,2,4,4
1458,8982,22:50:30,0,0.00,0,0.1700,0.0042,0.0173,0.0059,0,REST-S,2,4,4
1458,8983,22:51:00,0,0.00,0,0.1700,0.0042,0.0173,0.0059,0,REST-S,2,4,4
1458,8984,22:51:30,0,0.00,0,0.1700,0.0042,0.0173,0.0059,0,REST-S,2,4,4
1458,8985,22:52:00,0,0.00,0,0.1700,0.0042,0.0173,0.0059,0,REST-S,2,4,4
1458,8986,22:52:30,0,0.00,0,0.1700,0.0042,0.0173,0.0059,0,REST-S,2,4,4
1458,8987,22:53:00,0,0.00,0,0.1700,0.0042,0.0173,0.0059,0,REST-S,2,4,4
1458,8988,22:53:30,0,0.00,0,0.1700,0.0042,0.0173,0.0059,0,REST-S,2,4,4
1458,8989,22:54:00,0,0.00,0,0.1900,0.0128,0.0173,0.0059,0,REST-S,2,4,4
1458,8990,22:54:30,0,0.00,0,0.1900,0.0128,0.0173,0.0059,0,REST-S,2,4,4
1458,8991,22:55:00,0,0.00,0,0.1900,0.0128,0.0173,0.0059,0,REST-S,2,4,4
1458,8992,22:55:30,0,0.00,0,0.1700,0.0042,0.0173,0.0059,0,REST-S,2,4,4
1458,8993,22:56:00,0,0.00,0,0.1700,0.0042,0.0173,0.0059,0,REST-S,2,4,4
1458,8994,22:56:30,0,0.00,0,0.1700,0.0042,0.0173,0.0059,0,REST-S,2,4,4
1458,8995,22:57:00,0,0.00,0,0.1700,0.0042,0.0173,0.0059,0,REST-S,2,4,4
1458,8996,22:57:30,0,0.00,0,0.1700,0.0042,0.0173,0.0059,0,REST-S,2,4,4
1458,8997,22:58:00,0,0.00,0,0.1700,0.0042,0.0173,0.0059,0,REST-S,2,4,4
1458,8998,22:58:30,0,0.00,0,0.1700,0.0042,0.0173,0.0059,0,REST-S,2,4,4
1458,8999,22:59:00,0,0.00,0,0.1700,0.0042,0.0173,0.0059,0,REST-S,2,4,4
1458,9000,22:59:30,0,0.00,0,0.1700,0.0042,0.0173,0.0059,0,REST-S,2,4,4
1458,9001,23:00:00,0,0.00,0,0.1900,0.0128,0.0173,0.0059,0,REST-S,2,4,4
1458,9002,23:00:30,0,0.00,0,0.1700,0.0042,0.0173,0.0059,0,REST-S,2,4,4
1458,9003,23:01:00,0,0.00,0,0.1900,0.0128,0.0173,0.0059,0,REST-S,2,4,4
1458,9004,23:01:30,0,0.00,0,0.1700,0.0042,0.0173,0.0059,0,REST-S,2,4,4
1458,9005,23:02:00,0,0.00,0,0.1900,0.0128,0.0173,0.0059,0,REST-S,2,4,4
1458,9006,23:02:30,0,0.00,0,0.1700,0.0042,0.0173,0.0059,0,REST-S,2,4,4
1458,9007,23:03:00,0,0.00,0,0.1900,0.0128,0.0173,0.0059,0,REST-S,2,4,4
1458,9008,23:03:30,0,0.00,0,0.1700,0.0042,0.0173,0.0059,0,REST-S,2,4,4
1458,9009,23:04:00,0,0.00,0,0.1700,0.0042,0.0173,0.0059,0,REST-S,2,4,4
1458,9010,23:04:30,0,0.00,0,0.1700,0.0042,0.0173,0.0059,0,REST-S,2,4,4
1458,9011,23:05:00,0,0.00,0,0.1700,0.0042,0.0173,0.0059,0,REST-S,2,4,4
1458,9012,23:05:30,0,0.00,0,0.1700,0.0042,0.0173,0.0059,0,REST-S,2,4,4
1458,9013,23:06:00,0,0.00,0,0.1700,0.0042,0.0173,0.0059,0,REST-S,2,4,4
1458,9014,23:06:30,0,0.00,0,0.1700,0.0042,0.0173,0.0059,0,REST-S,2,4,4
1458,9015,23:07:00,0,0.00,0,0.1700,0.0042,0.0173,0.0059,0,REST-S,2,4,4
1458,9016,23:07:30,0,0.00,0,0.1700,0.0042,0.0173,0.0059,0,REST-S,2,4,4
1458,9017,23:08:00,0,110.00,0,0.1900,0.0128,0.0173,0.0059,1,REST-S,2,4,4
1458,9018,23:08:30,0,0.00,0,0.1700,0.0042,0.0173,0.0059,0,REST-S,2,4,4
1458,9019,23:09:00,0,0.00,0,0.1700,0.0042,0.0173,0.0059,0,REST-S,2,4,4
1458,9020,23:09:30,0,0.00,0,0.1700,0.0042,0.0173,0.0059,0,REST-S,2,4,4
1458,9021,23:10:00,0,0.00,0,0.1700,0.0042,0.0173,0.0059,0,REST-S,2,4,4
1458,9022,23:10:30,0,0.00,0,0.1900,0.0128,0.0173,0.0059,0,REST-S,2,4,4
1458,9023,23:11:00,0,0.00,0,0.1700,0.0042,0.0173,0.0059,0,REST-S,2,4,4
1458,9024,23:11:30,0,0.00,0,0.1700,0.0042,0.0173,0.0059,0,REST-S,2,4,4
1458,9025,23:12:00,0,0.00,0,0.1900,0.0128,0.0173,0.0059,0,REST-S,2,4,4
1458,9026,23:12:30,0,0.00,0,0.1700,0.0042,0.0173,0.0059,0,REST-S,2,4,4
1458,9027,23:13:00,0,0.00,0,0.1700,0.0042,0.0173,0.0059,0,REST-S,2,4,4
1458,9028,23:13:30,0,0.00,0,0.1700,0.0042,0.0173,0.0059,0,REST-S,2,4,4
1458,9029,23:14:00,0,0.00,0,0.1700,0.0042,0.0173,0.0059,0,REST-S,2,4,4
1458,9030,23:14:30,0,0.00,0,0.1700,0.0042,0.0173,0.0059,0,REST-S,2,4,4
1458,9031,23:15:00,0,0.00,0,0.1900,0.0128,0.0173,0.0059,0,REST-S,2,4,4
1458,9032,23:15:30,0,0.00,0,0.1700,0.0042,0.0173,0.0059,0,REST-S,2,4,4
1458,9033,23:16:00,0,0.00,0,0.1900,0.0128,0.0173,0.0059,0,REST-S,2,4,4
1458,9034,23:16:30,0,0.00,0,0.1700,0.0042,0.0173,0.0059,0,REST-S,2,4,4
1458,9035,23:17:00,0,0.00,0,0.1900,0.0128,0.0173,0.0059,0,REST-S,2,4,4
1458,9036,23:17:30,0,0.00,0,0.1900,0.0128,0.0173,0.0059,0,REST-S,2,4,4
1458,9037,23:18:00,0,0.00,0,0.1900,0.0128,0.0173,0.0059,0,REST-S,2,4,4
1458,9038,23:18:30,0,0.00,0,0.1900,0.0128,0.0173,0.0059,0,REST-S,2,4,4
1458,9039,23:19:00,0,0.00,0,0.1900,0.0128,0.0173,0.0059,0,REST-S,2,4,4
1458,9040,23:19:30,0,0.00,0,0.1700,0.0042,0.0173,0.0059,0,REST-S,2,4,4
1458,9041,23:20:00,0,0.00,0,0.1700,0.0042,0.0173,0.0059,0,REST-S,2,4,4
1458,9042,23:20:30,0,0.00,0,0.1900,0.0128,0.0173,0.0059,0,REST-S,2,4,4
1458,9043,23:21:00,0,0.00,0,0.1900,0.0128,0.0173,0.0059,0,REST-S,2,4,4
1458,9044,23:21:30,0,0.00,0,0.1900,0.0128,0.0173,0.0059,0,REST-S,2,4,4
1458,9045,23:22:00,0,44.00,0,0.1700,0.0042,0.0173,0.0059,1,REST-S,2,4,4
1458,9046,23:22:30,0,0.00,0,0.1700,0.0042,0.0173,0.0059,0,REST-S,2,4,4
1458,9047,23:23:00,0,0.00,0,0.1700,0.0042,0.0173,0.0059,0,REST-S,2,4,4
1458,9048,23:23:30,0,0.00,0,0.1900,0.0128,0.0173,0.0059,0,REST-S,2,4,4
1458,9049,23:24:00,0,0.00,0,0.1900,0.0128,0.0173,0.0059,0,REST-S,2,4,4
1458,9050,23:24:30,0,0.00,0,0.1900,0.0128,0.0173,0.0059,0,REST-S,2,4,4
1458,9051,23:25:00,0,0.00,0,0.1700,0.0042,0.0173,0.0059,0,REST-S,2,4,4
1458,9052,23:25:30,0,0.00,0,0.1900,0.0128,0.0173,0.0059,0,REST-S,2,4,4
1458,9053,23:26:00,0,0.00,0,0.1700,0.0042,0.0173,0.0059,0,REST-S,2,4,4
1458,9054,23:26:30,0,0.00,0,0.1900,0.0128,0.0173,0.0059,0,REST-S,2,4,4
1458,9055,23:27:00,0,0.00,0,0.1700,0.0042,0.0173,0.0059,0,REST-S,2,4,4
1458,9056,23:27:30,0,0.00,0,0.1700,0.0042,0.0173,0.0059,0,REST-S,2,4,4
1458,9057,23:28:00,0,0.00,0,0.1700,0.0042,0.0173,0.0059,0,REST-S,2,4,4
1458,9058,23:28:30,0,0.00,0,0.1700,0.0042,0.0173,0.0059,0,REST-S,2,4,4
1458,9059,23:29:00,0,0.00,0,0.1700,0.0042,0.0173,0.0059,0,REST-S,2,4,4
1458,9060,23:29:30,0,0.00,0,0.1700,0.0042,0.0173,0.0059,0,REST-S,2,4,4
1458,9061,23:30:00,0,0.00,0,0.1700,0.0042,0.0173,0.0059,0,REST-S,2,4,4
1458,9062,23:30:30,0,0.00,0,0.1700,0.0042,0.0173,0.0059,0,REST-S,2,4,4
1458,9063,23:31:00,0,0.00,0,0.1700,0.0042,0.0173,0.0059,0,REST-S,2,4,4
1458,9064,23:31:30,0,0.00,0,0.1900,0.0128,0.0173,0.0059,0,REST-S,2,4,4
1458,9065,23:32:00,0,0.00,0,0.1700,0.0042,0.0173,0.0059,0,REST-S,2,4,4
1458,9066,23:32:30,0,0.00,0,0.1900,0.0128,0.0173,0.0059,0,REST-S,2,4,4
1458,9067,23:33:00,0,0.00,0,0.1700,0.0042,0.0173,0.0059,0,REST-S,2,4,4
1458,9068,23:33:30,0,0.00,0,0.1700,0.0042,0.0173,0.0059,0,REST-S,2,4,4
1458,9069,23:34:00,0,0.00,0,0.1700,0.0042,0.0173,0.0059,0,REST-S,2,4,4
1458,9070,23:34:30,0,0.00,0,0.1700,0.0042,0.0173,0.0059,0,REST-S,2,4,4
1458,9071,23:35:00,0,0.00,0,0.1700,0.0042,0.0173,0.0059,0,REST-S,2,4,4
1458,9072,23:35:30,0,0.00,0,0.1700,0.0042,0.0173,0.0059,0,REST-S,2,4,4
1458,9073,23:36:00,0,0.00,0,0.1700,0.0042,0.0173,0.0059,0,REST-S,2,4,4
1458,9074,23:36:30,0,0.00,0,0.1700,0.0042,0.0173,0.0059,0,REST-S,2,4,4
1458,9075,23:37:00,0,0.00,0,0.1700,0.0042,0.0173,0.0059,0,REST-S,2,4,4
1458,9076,23:37:30,0,0.00,0,0.1700,0.0042,0.0173,0.0059,0,REST-S,2,4,4
1458,9077,23:38:00,0,0.00,0,0.1700,0.0042,0.0173,0.0059,0,REST-S,2,4,4
1458,9078,23:38:30,0,0.00,0,0.1700,0.0042,0.0173,0.0059,0,REST-S,2,4,4
1458,9079,23:39:00,0,0.00,0,0.1700,0.0042,0.0173,0.0059,0,REST-S,2,4,4
1458,9080,23:39:30,0,0.00,0,0.1700,0.0042,0.0173,0.0059,0,REST-S,2,4,4
1458,9081,23:40:00,0,0.00,0,0.1700,0.0042,0.0173,0.0059,0,REST-S,2,4,4
1458,9082,23:40:30,0,0.00,0,0.1900,0.0128,0.0173,0.0059,0,REST-S,2,4,4
1458,9083,23:41:00,0,0.00,0,0.1700,0.0042,0.0173,0.0059,0,REST-S,2,4,4
1458,9084,23:41:30,0,0.00,0,0.1700,0.0042,0.0173,0.0059,0,REST-S,2,4,4
1458,9085,23:42:00,0,0.00,0,0.1700,0.0042,0.0173,0.0059,0,REST-S,2,4,4
1458,9086,23:42:30,0,0.00,0,0.1700,0.0042,0.0173,0.0059,0,REST-S,2,4,4
1458,9087,23:43:00,0,0.00,0,0.1700,0.0042,0.0173,0.0059,0,REST-S,2,4,4
1458,9088,23:43:30,0,0.00,0,0.1700,0.0042,0.0173,0.0059,0,REST-S,2,4,4
1458,9089,23:44:00,0,0.00,0,0.1700,0.0042,0.0173,0.0059,0,REST-S,2,4,4
1458,9090,23:44:30,0,179.00,0,0.1700,0.0042,0.0173,0.0059,1,REST-S,2,4,4
1458,9091,23:45:00,0,0.00,0,0.1700,0.0042,0.0173,0.0059,0,REST-S,2,4,4
1458,9092,23:45:30,0,2.00,0,0.1700,0.0042,0.0173,0.0059,0,REST-S,2,4,4
1458,9093,23:46:00,0,0.00,0,0.1700,0.0042,0.0173,0.0059,0,REST-S,2,4,4
1458,9094,23:46:30,0,0.00,0,0.1900,0.0128,0.0173,0.0059,0,REST-S,2,4,4
1458,9095,23:47:00,0,0.00,0,0.1700,0.0042,0.0173,0.0059,0,REST-S,2,4,4
1458,9096,23:47:30,0,0.00,0,0.1700,0.0042,0.0173,0.0059,0,REST-S,2,4,4
1458,9097,23:48:00,0,0.00,0,0.1700,0.0042,0.0173,0.0059,0,REST-S,2,4,4
1458,9098,23:48:30,0,0.00,0,0.1900,0.0128,0.0173,0.0059,0,REST-S,2,4,4
1458,9099,23:49:00,0,0.00,0,0.1700,0.0042,0.0173,0.0059,0,REST-S,2,4,4
1458,9100,23:49:30,0,0.00,0,0.1700,0.0042,0.0173,0.0059,0,REST-S,2,4,4
1458,9101,23:50:00,0,0.00,0,0.1700,0.0042,0.0173,0.0059,0,REST-S,2,4,4
1458,9102,23:50:30,0,0.00,0,0.1900,0.0128,0.0173,0.0059,0,REST-S,2,4,4
1458,9103,23:51:00,0,9.00,0,0.1900,0.0128,0.0173,0.0059,1,REST-S,2,4,4
1458,9104,23:51:30,0,137.00,0,0.1200,0.0042,0.0125,0.0000,1,REST-S,2,4,4
1458,9105,23:52:00,0,0.00,0,0.1900,0.0128,0.0173,0.0059,0,REST-S,2,4,4
1458,9106,23:52:30,0,0.00,0,0.1900,0.0128,0.0173,0.0059,0,REST-S,2,4,4
1458,9107,23:53:00,0,0.00,0,0.1900,0.0128,0.0173,0.0059,0,REST-S,2,4,4
1458,9108,23:53:30,0,0.00,0,0.1900,0.0128,0.0173,0.0059,0,REST-S,2,4,4
1458,9109,23:54:00,0,0.00,0,0.1700,0.0042,0.0173,0.0059,0,REST-S,2,4,4
1458,9110,23:54:30,0,0.00,0,0.1700,0.0042,0.0173,0.0059,0,REST-S,2,4,4
1458,9111,23:55:00,0,0.00,0,0.1900,0.0128,0.0173,0.0059,0,REST-S,2,4,4
1458,9112,23:55:30,0,0.00,0,0.1900,0.0128,0.0173,0.0059,0,REST-S,2,4,4
1458,9113,23:56:00,0,0.00,0,0.1900,0.0128,0.0173,0.0059,0,REST-S,2,4,4
1458,9114,23:56:30,0,0.00,0,0.1900,0.0128,0.0173,0.0059,0,REST-S,2,4,4
1458,9115,23:57:00,0,0.00,0,0.1900,0.0128,0.0173,0.0059,0,REST-S,2,4,4
1458,9116,23:57:30,0,132.00,0,0.1900,0.0128,0.0173,0.0059,1,REST-S,2,4,4
1458,9117,23:58:00,0,0.00,0,0.1900,0.0128,0.0173,0.0059,0,REST-S,2,4,4
1458,9118,23:58:30,0,0.00,0,0.1700,0.0042,0.0173,0.0059,0,REST-S,2,4,4
1458,9119,23:59:00,0,0.00,0,0.1700,0.0042,0.0173,0.0059,0,REST-S,2,4,4
1458,9120,23:59:30,0,0.00,0,0.1900,0.0128,0.0173,0.0059,0,REST-S,2,4,4
1458,9121,0:00:00,0,0.00,0,0.1900,0.0128,0.0173,0.0059,0,REST-S,3,5,4
1458,9122,0:00:30,0,0.00,0,0.1700,0.0042,0.0173,0.0059,0,REST-S,3,5,4
1458,9123,0:01:00,0,0.00,0,0.1700,0.0042,0.0173,0.0059,0,REST-S,3,5,4
1458,9124,0:01:30,0,0.00,0,0.1900,0.0128,0.0173,0.0059,0,REST-S,3,5,4
1458,9125,0:02:00,0,0.00,0,0.1700,0.0042,0.0173,0.0059,0,REST-S,3,5,4
1458,9126,0:02:30,0,0.00,0,0.1900,0.0128,0.0173,0.0059,0,REST-S,3,5,4
1458,9127,0:03:00,0,0.00,0,0.1900,0.0128,0.0173,0.0059,0,REST-S,3,5,4
1458,9128,0:03:30,0,0.00,0,0.1900,0.0128,0.0173,0.0059,0,REST-S,3,5,4
1458,9129,0:04:00,0,0.00,0,0.1900,0.0128,0.0173,0.0059,0,REST-S,3,5,4
1458,9130,0:04:30,0,0.00,0,0.1900,0.0128,0.0173,0.0059,0,REST-S,3,5,4
1458,9131,0:05:00,0,0.00,0,0.1900,0.0128,0.0173,0.0059,0,REST-S,3,5,4
1458,9132,0:05:30,0,0.00,0,0.1900,0.0128,0.0173,0.0059,0,REST-S,3,5,4
1458,9133,0:06:00,0,0.00,0,0.1900,0.0128,0.0173,0.0059,0,REST-S,3,5,4
1458,9134,0:06:30,0,0.00,0,0.1900,0.0128,0.0173,0.0059,0,REST-S,3,5,4
1458,9135,0:07:00,0,0.00,0,0.1900,0.0128,0.0173,0.0059,0,REST-S,3,5,4
1458,9136,0:07:30,0,0.00,0,0.1900,0.0128,0.0173,0.0059,0,REST-S,3,5,4
1458,9137,0:08:00,0,0.00,0,0.1900,0.0128,0.0173,0.0059,0,REST-S,3,5,4
1458,9138,0:08:30,0,0.00,0,0.1900,0.0128,0.0173,0.0059,0,REST-S,3,5,4
1458,9139,0:09:00,0,0.00,0,0.1900,0.0128,0.0173,0.0059,0,REST-S,3,5,4
1458,9140,0:09:30,0,0.00,0,0.1900,0.0128,0.0173,0.0059,0,REST-S,3,5,4
1458,9141,0:10:00,0,0.00,0,0.1900,0.0128,0.0173,0.0059,0,REST-S,3,5,4
1458,9142,0:10:30,0,0.00,0,0.1900,0.0128,0.0173,0.0059,0,REST-S,3,5,4
1458,9143,0:11:00,0,0.00,0,0.1900,0.0128,0.0173,0.0059,0,REST-S,3,5,4
1458,9144,0:11:30,0,0.00,0,0.1900,0.0128,0.0173,0.0059,0,REST-S,3,5,4
1458,9145,0:12:00,0,0.00,0,0.1900,0.0128,0.0173,0.0059,0,REST-S,3,5,4
1458,9146,0:12:30,0,0.00,0,0.1900,0.0128,0.0173,0.0059,0,REST-S,3,5,4
1458,9147,0:13:00,0,0.00,0,0.1900,0.0128,0.0173,0.0059,0,REST-S,3,5,4
1458,9148,0:13:30,0,0.00,0,0.1900,0.0128,0.0173,0.0059,0,REST-S,3,5,4
1458,9149,0:14:00,0,0.00,0,0.1900,0.0128,0.0173,0.0059,0,REST-S,3,5,4
1458,9150,0:14:30,0,0.00,0,0.1900,0.0128,0.0173,0.0059,0,REST-S,3,5,4
1458,9151,0:15:00,0,0.00,0,0.1900,0.0128,0.0173,0.0059,0,REST-S,3,5,4
1458,9152,0:15:30,0,0.00,0,0.1900,0.0128,0.0173,0.0059,0,REST-S,3,5,4
1458,9153,0:16:00,0,0.00,0,0.1900,0.0128,0.0173,0.0059,0,REST-S,3,5,4
1458,9154,0:16:30,0,0.00,0,0.1900,0.0128,0.0173,0.0059,0,REST-S,3,5,4
1458,9155,0:17:00,0,0.00,0,0.1900,0.0128,0.0173,0.0059,0,REST-S,3,5,4
1458,9156,0:17:30,0,0.00,0,0.1900,0.0128,0.0173,0.0059,0,REST-S,3,5,4
1458,9157,0:18:00,0,0.00,0,0.1900,0.0128,0.0173,0.0059,0,REST-S,3,5,4
1458,9158,0:18:30,0,132.00,0,0.1900,0.0128,0.0173,0.0059,1,REST-S,3,5,4
1458,9159,0:19:00,0,0.00,0,0.1900,0.0128,0.0173,0.0059,0,REST-S,3,5,4
1458,9160,0:19:30,0,1.00,0,0.1900,0.0128,0.0173,0.0059,0,REST-S,3,5,4
1458,9161,0:20:00,0,18.00,0,0.1900,0.0128,0.0173,0.0059,1,REST-S,3,5,4
1458,9162,0:20:30,0,0.00,0,0.1900,0.0128,0.0173,0.0059,0,REST-S,3,5,4
1458,9163,0:21:00,0,2.00,0,0.1900,0.0128,0.0173,0.0059,0,REST-S,3,5,4
1458,9164,0:21:30,0,0.00,0,0.1700,0.0042,0.0173,0.0059,0,REST-S,3,5,4
1458,9165,0:22:00,0,0.00,0,0.1900,0.0128,0.0173,0.0059,0,REST-S,3,5,4
1458,9166,0:22:30,0,0.00,0,0.1900,0.0128,0.0173,0.0059,0,REST-S,3,5,4
1458,9167,0:23:00,0,0.00,0,0.1900,0.0128,0.0173,0.0059,0,REST-S,3,5,4
1458,9168,0:23:30,0,0.00,0,0.1900,0.0128,0.0173,0.0059,0,REST-S,3,5,4
1458,9169,0:24:00,0,0.00,0,0.1700,0.0042,0.0173,0.0059,0,REST-S,3,5,4
1458,9170,0:24:30,0,0.00,0,0.1700,0.0042,0.0173,0.0059,0,REST-S,3,5,4
1458,9171,0:25:00,0,0.00,0,0.1700,0.0042,0.0173,0.0059,0,REST-S,3,5,4
1458,9172,0:25:30,0,0.00,0,0.1700,0.0042,0.0173,0.0059,0,REST-S,3,5,4
1458,9173,0:26:00,0,0.00,0,0.1900,0.0128,0.0173,0.0059,0,REST-S,3,5,4
1458,9174,0:26:30,0,0.00,0,0.1700,0.0042,0.0173,0.0059,0,REST-S,3,5,4
1458,9175,0:27:00,0,0.00,0,0.1900,0.0128,0.0173,0.0059,0,REST-S,3,5,4
1458,9176,0:27:30,0,0.00,0,0.1900,0.0128,0.0173,0.0059,0,REST-S,3,5,4
1458,9177,0:28:00,0,0.00,0,0.1900,0.0128,0.0173,0.0059,0,REST-S,3,5,4
1458,9178,0:28:30,0,0.00,0,0.1900,0.0128,0.0173,0.0059,0,REST-S,3,5,4
1458,9179,0:29:00,0,0.00,0,0.1900,0.0128,0.0173,0.0059,0,REST-S,3,5,4
1458,9180,0:29:30,0,0.00,0,0.1900,0.0128,0.0173,0.0059,0,REST-S,3,5,4
1458,9181,0:30:00,0,0.00,0,0.1700,0.0042,0.0173,0.0059,0,REST-S,3,5,4
1458,9182,0:30:30,0,0.00,0,0.1900,0.0128,0.0173,0.0059,0,REST-S,3,5,4
1458,9183,0:31:00,0,0.00,0,0.1900,0.0128,0.0173,0.0059,0,REST-S,3,5,4
1458,9184,0:31:30,0,0.00,0,0.1900,0.0128,0.0173,0.0059,0,REST-S,3,5,4
1458,9185,0:32:00,0,0.00,0,0.1900,0.0128,0.0173,0.0059,0,REST-S,3,5,4
1458,9186,0:32:30,0,0.00,0,0.1700,0.0042,0.0173,0.0059,0,REST-S,3,5,4
1458,9187,0:33:00,0,0.00,0,0.1900,0.0128,0.0173,0.0059,0,REST-S,3,5,4
1458,9188,0:33:30,0,0.00,0,0.1900,0.0128,0.0173,0.0059,0,REST-S,3,5,4
1458,9189,0:34:00,0,0.00,0,0.1900,0.0128,0.0173,0.0059,0,REST-S,3,5,4
1458,9190,0:34:30,0,0.00,0,0.1900,0.0128,0.0173,0.0059,0,REST-S,3,5,4
1458,9191,0:35:00,0,0.00,0,0.1900,0.0128,0.0173,0.0059,0,REST-S,3,5,4
1458,9192,0:35:30,0,0.00,0,0.1900,0.0128,0.0173,0.0059,0,REST-S,3,5,4
1458,9193,0:36:00,0,0.00,0,0.1900,0.0128,0.0173,0.0059,0,REST-S,3,5,4
1458,9194,0:36:30,0,0.00,0,0.1700,0.0042,0.0173,0.0059,0,REST-S,3,5,4
1458,9195,0:37:00,0,0.00,0,0.1900,0.0128,0.0173,0.0059,0,REST-S,3,5,4
1458,9196,0:37:30,0,0.00,0,0.1900,0.0128,0.0173,0.0059,0,REST-S,3,5,4
1458,9197,0:38:00,0,0.00,0,0.1900,0.0128,0.0173,0.0059,0,REST-S,3,5,4
1458,9198,0:38:30,0,0.00,0,0.1900,0.0128,0.0173,0.0059,0,REST-S,3,5,4
1458,9199,0:39:00,0,0.00,0,0.1900,0.0128,0.0173,0.0059,0,REST-S,3,5,4
1458,9200,0:39:30,0,0.00,0,0.1700,0.0042,0.0173,0.0059,0,REST-S,3,5,4
1458,9201,0:40:00,0,0.00,0,0.1900,0.0128,0.0173,0.0059,0,REST-S,3,5,4
1458,9202,0:40:30,0,0.00,0,0.1900,0.0128,0.0173,0.0059,0,REST-S,3,5,4
1458,9203,0:41:00,0,0.00,0,0.1900,0.0128,0.0173,0.0059,0,REST-S,3,5,4
1458,9204,0:41:30,0,42.00,0,0.1900,0.0128,0.0173,0.0059,1,REST-S,3,5,4
1458,9205,0:42:00,0,30.00,0,0.1700,0.0042,0.0173,0.0059,1,REST-S,3,5,4
1458,9206,0:42:30,0,0.00,0,0.1900,0.0128,0.0173,0.0059,0,REST-S,3,5,4
1458,9207,0:43:00,0,0.00,0,0.1900,0.0128,0.0173,0.0059,0,REST-S,3,5,4
1458,9208,0:43:30,0,0.00,0,0.1900,0.0128,0.0173,0.0059,0,REST-S,3,5,4
1458,9209,0:44:00,0,0.00,0,0.1900,0.0128,0.0173,0.0059,0,REST-S,3,5,4
1458,9210,0:44:30,0,0.00,0,0.1700,0.0042,0.0173,0.0059,0,REST-S,3,5,4
1458,9211,0:45:00,0,0.00,0,0.1900,0.0128,0.0173,0.0059,0,REST-S,3,5,4
1458,9212,0:45:30,0,0.00,0,0.1900,0.0128,0.0173,0.0059,0,REST-S,3,5,4
1458,9213,0:46:00,0,0.00,0,0.1900,0.0128,0.0173,0.0059,0,REST-S,3,5,4
1458,9214,0:46:30,0,0.00,0,0.1900,0.0128,0.0173,0.0059,0,REST-S,3,5,4
1458,9215,0:47:00,0,0.00,0,0.1900,0.0128,0.0173,0.0059,0,REST-S,3,5,4
1458,9216,0:47:30,0,0.00,0,0.1900,0.0128,0.0173,0.0059,0,REST-S,3,5,4
1458,9217,0:48:00,0,0.00,0,0.1900,0.0128,0.0173,0.0059,0,REST-S,3,5,4
1458,9218,0:48:30,0,0.00,0,0.1700,0.0042,0.0173,0.0059,0,REST-S,3,5,4
1458,9219,0:49:00,0,0.00,0,0.1900,0.0128,0.0173,0.0059,0,REST-S,3,5,4
1458,9220,0:49:30,0,0.00,0,0.1900,0.0128,0.0173,0.0059,0,REST-S,3,5,4
1458,9221,0:50:00,0,0.00,0,0.1900,0.0128,0.0173,0.0059,0,REST-S,3,5,4
1458,9222,0:50:30,0,0.00,0,0.1900,0.0128,0.0173,0.0059,0,REST-S,3,5,4
1458,9223,0:51:00,0,0.00,0,0.1900,0.0128,0.0173,0.0059,0,REST-S,3,5,4
1458,9224,0:51:30,0,0.00,0,0.1900,0.0128,0.0173,0.0059,0,REST-S,3,5,4
1458,9225,0:52:00,0,0.00,0,0.1900,0.0128,0.0173,0.0059,0,REST-S,3,5,4
1458,9226,0:52:30,0,0.00,0,0.1900,0.0128,0.0173,0.0059,0,REST-S,3,5,4
1458,9227,0:53:00,0,0.00,0,0.1900,0.0128,0.0173,0.0059,0,REST-S,3,5,4
1458,9228,0:53:30,0,0.00,0,0.1900,0.0128,0.0173,0.0059,0,REST-S,3,5,4
1458,9229,0:54:00,0,0.00,0,0.1900,0.0128,0.0173,0.0059,0,REST-S,3,5,4
1458,9230,0:54:30,0,0.00,0,0.1900,0.0128,0.0173,0.0059,0,REST-S,3,5,4
1458,9231,0:55:00,0,0.00,0,0.1900,0.0128,0.0173,0.0059,0,REST-S,3,5,4
1458,9232,0:55:30,0,0.00,0,0.1900,0.0128,0.0173,0.0059,0,REST-S,3,5,4
1458,9233,0:56:00,0,0.00,0,0.1900,0.0128,0.0173,0.0059,0,REST-S,3,5,4
1458,9234,0:56:30,0,0.00,0,0.1900,0.0128,0.0173,0.0059,0,REST-S,3,5,4
1458,9235,0:57:00,0,0.00,0,0.1900,0.0128,0.0173,0.0059,0,REST-S,3,5,4
1458,9236,0:57:30,0,0.00,0,0.1900,0.0128,0.0173,0.0059,0,REST-S,3,5,4
1458,9237,0:58:00,0,0.00,0,0.1900,0.0128,0.0173,0.0059,0,REST-S,3,5,4
1458,9238,0:58:30,0,0.00,0,0.1900,0.0128,0.0173,0.0059,0,REST-S,3,5,4
1458,9239,0:59:00,0,0.00,0,0.1900,0.0128,0.0173,0.0059,0,REST-S,3,5,4
1458,9240,0:59:30,0,0.00,0,0.1900,0.0128,0.0173,0.0059,0,REST-S,3,5,4
1458,9241,1:00:00,0,37.00,0,0.1900,0.0128,0.0173,0.0059,1,REST-S,3,5,4
1458,9242,1:00:30,0,28.00,0,0.1900,0.0128,0.0173,0.0059,1,REST-S,3,5,4
1458,9243,1:01:00,0,1.00,0,0.1900,0.0128,0.0173,0.0059,1,REST-S,3,5,4
1458,9244,1:01:30,0,235.00,0,0.1900,0.0128,0.0173,0.0059,1,REST-S,3,5,4
1458,9245,1:02:00,0,28.00,0,0.1900,0.0128,0.0173,0.0059,1,REST-S,3,5,4
1458,9246,1:02:30,0,0.00,0,0.1900,0.0128,0.0173,0.0059,1,REST-S,3,5,4
1458,9247,1:03:00,0,0.00,0,0.1900,0.0128,0.0173,0.0059,0,REST-S,3,5,4
1458,9248,1:03:30,0,1.00,0,0.1900,0.0128,0.0173,0.0059,0,REST-S,3,5,4
1458,9249,1:04:00,0,0.00,0,0.1900,0.0128,0.0173,0.0059,0,REST-S,3,5,4
1458,9250,1:04:30,0,0.00,0,0.1900,0.0128,0.0173,0.0059,0,REST-S,3,5,4
1458,9251,1:05:00,0,0.00,0,0.1900,0.0128,0.0173,0.0059,0,REST-S,3,5,4
1458,9252,1:05:30,0,0.00,0,0.1900,0.0128,0.0173,0.0059,0,REST-S,3,5,4
1458,9253,1:06:00,0,0.00,0,0.1700,0.0042,0.0173,0.0059,0,REST-S,3,5,4
1458,9254,1:06:30,0,0.00,0,0.1900,0.0128,0.0173,0.0059,0,REST-S,3,5,4
1458,9255,1:07:00,0,0.00,0,0.1900,0.0128,0.0173,0.0059,0,REST-S,3,5,4
1458,9256,1:07:30,0,0.00,0,0.1700,0.0042,0.0173,0.0059,0,REST-S,3,5,4
1458,9257,1:08:00,0,0.00,0,0.1900,0.0128,0.0173,0.0059,0,REST-S,3,5,4
1458,9258,1:08:30,0,0.00,0,0.1700,0.0042,0.0173,0.0059,0,REST-S,3,5,4
1458,9259,1:09:00,0,0.00,0,0.1700,0.0042,0.0173,0.0059,0,REST-S,3,5,4
1458,9260,1:09:30,0,0.00,0,0.1900,0.0128,0.0173,0.0059,0,REST-S,3,5,4
1458,9261,1:10:00,0,0.00,0,0.1700,0.0042,0.0173,0.0059,0,REST-S,3,5,4
1458,9262,1:10:30,0,0.00,0,0.1700,0.0042,0.0173,0.0059,0,REST-S,3,5,4
1458,9263,1:11:00,0,0.00,0,0.1700,0.0042,0.0173,0.0059,0,REST-S,3,5,4
1458,9264,1:11:30,0,0.00,0,0.1700,0.0042,0.0173,0.0059,0,REST-S,3,5,4
1458,9265,1:12:00,0,0.00,0,0.1700,0.0042,0.0173,0.0059,0,REST-S,3,5,4
1458,9266,1:12:30,0,0.00,0,0.1700,0.0042,0.0173,0.0059,0,REST-S,3,5,4
1458,9267,1:13:00,0,0.00,0,0.1700,0.0042,0.0173,0.0059,0,REST-S,3,5,4
1458,9268,1:13:30,0,0.00,0,0.1700,0.0042,0.0173,0.0059,0,REST-S,3,5,4
1458,9269,1:14:00,0,0.00,0,0.1700,0.0042,0.0173,0.0059,0,REST-S,3,5,4
1458,9270,1:14:30,0,0.00,0,0.1700,0.0042,0.0173,0.0059,0,REST-S,3,5,4
1458,9271,1:15:00,0,0.00,0,0.1700,0.0042,0.0173,0.0059,0,REST-S,3,5,4
1458,9272,1:15:30,0,0.00,0,0.1700,0.0042,0.0173,0.0059,0,REST-S,3,5,4
1458,9273,1:16:00,0,0.00,0,0.1700,0.0042,0.0173,0.0059,0,REST-S,3,5,4
1458,9274,1:16:30,0,0.00,0,0.1700,0.0042,0.0173,0.0059,0,REST-S,3,5,4
1458,9275,1:17:00,0,0.00,0,0.1700,0.0042,0.0173,0.0059,0,REST-S,3,5,4
1458,9276,1:17:30,0,0.00,0,0.1700,0.0042,0.0173,0.0059,0,REST-S,3,5,4
1458,9277,1:18:00,0,0.00,0,0.1700,0.0042,0.0173,0.0059,0,REST-S,3,5,4
1458,9278,1:18:30,0,0.00,0,0.1700,0.0042,0.0173,0.0059,0,REST-S,3,5,4
1458,9279,1:19:00,0,0.00,0,0.1700,0.0042,0.0173,0.0059,0,REST-S,3,5,4
1458,9280,1:19:30,0,0.00,0,0.1700,0.0042,0.0173,0.0059,0,REST-S,3,5,4
1458,9281,1:20:00,0,0.00,0,0.1700,0.0042,0.0173,0.0059,0,REST-S,3,5,4
1458,9282,1:20:30,0,0.00,0,0.1700,0.0042,0.0173,0.0059,0,REST-S,3,5,4
1458,9283,1:21:00,0,0.00,0,0.0200,0.0049,0.0000,0.0059,0,REST-S,3,5,4
1458,9284,1:21:30,0,0.00,0,0.1700,0.0042,0.0173,0.0059,0,REST-S,3,5,4
1458,9285,1:22:00,0,0.00,0,0.1700,0.0042,0.0173,0.0059,0,REST-S,3,5,4
1458,9286,1:22:30,0,0.00,0,0.0200,0.0049,0.0000,0.0059,0,REST-S,3,5,4
1458,9287,1:23:00,0,0.00,0,0.0200,0.0049,0.0000,0.0059,0,REST-S,3,5,4
1458,9288,1:23:30,0,0.00,0,0.1700,0.0042,0.0173,0.0059,0,REST-S,3,5,4
1458,9289,1:24:00,0,0.00,0,0.0200,0.0049,0.0000,0.0059,0,REST-S,3,5,4
1458,9290,1:24:30,0,0.00,0,0.0200,0.0049,0.0000,0.0059,0,REST-S,3,5,4
1458,9291,1:25:00,0,0.00,0,0.0200,0.0049,0.0000,0.0059,0,REST-S,3,5,4
1458,9292,1:25:30,0,0.00,0,0.1700,0.0042,0.0173,0.0059,0,REST-S,3,5,4
1458,9293,1:26:00,0,0.00,0,0.1700,0.0042,0.0173,0.0059,0,REST-S,3,5,4
1458,9294,1:26:30,0,0.00,0,0.1700,0.0042,0.0173,0.0059,0,REST-S,3,5,4
1458,9295,1:27:00,0,0.00,0,0.1700,0.0042,0.0173,0.0059,0,REST-S,3,5,4
1458,9296,1:27:30,0,0.00,0,0.1700,0.0042,0.0173,0.0059,0,REST-S,3,5,4
1458,9297,1:28:00,0,0.00,0,0.1700,0.0042,0.0173,0.0059,0,REST-S,3,5,4
1458,9298,1:28:30,0,0.00,0,0.1700,0.0042,0.0173,0.0059,0,REST-S,3,5,4
1458,9299,1:29:00,0,0.00,0,0.1900,0.0128,0.0173,0.0059,0,REST-S,3,5,4
1458,9300,1:29:30,0,0.00,0,0.1700,0.0042,0.0173,0.0059,0,REST-S,3,5,4
1458,9301,1:30:00,0,0.00,0,0.1700,0.0042,0.0173,0.0059,0,REST-S,3,5,4
1458,9302,1:30:30,0,0.00,0,0.1700,0.0042,0.0173,0.0059,0,REST-S,3,5,4
1458,9303,1:31:00,0,0.00,0,0.0200,0.0049,0.0000,0.0059,0,REST-S,3,5,4
1458,9304,1:31:30,0,0.00,0,0.1700,0.0042,0.0173,0.0059,0,REST-S,3,5,4
1458,9305,1:32:00,0,0.00,0,0.1700,0.0042,0.0173,0.0059,0,REST-S,3,5,4
1458,9306,1:32:30,0,0.00,0,0.0200,0.0049,0.0000,0.0059,0,REST-S,3,5,4
1458,9307,1:33:00,0,0.00,0,0.1700,0.0042,0.0173,0.0059,0,REST-S,3,5,4
1458,9308,1:33:30,0,0.00,0,0.0200,0.0049,0.0000,0.0059,0,REST-S,3,5,4
1458,9309,1:34:00,0,0.00,0,0.1700,0.0042,0.0173,0.0059,0,REST-S,3,5,4
1458,9310,1:34:30,0,0.00,0,0.1700,0.0042,0.0173,0.0059,0,REST-S,3,5,4
1458,9311,1:35:00,0,0.00,0,0.1700,0.0042,0.0173,0.0059,0,REST-S,3,5,4
1458,9312,1:35:30,0,0.00,0,0.1700,0.0042,0.0173,0.0059,0,REST-S,3,5,4
1458,9313,1:36:00,0,0.00,0,0.1700,0.0042,0.0173,0.0059,0,REST-S,3,5,4
1458,9314,1:36:30,0,0.00,0,0.1700,0.0042,0.0173,0.0059,0,REST-S,3,5,4
1458,9315,1:37:00,0,0.00,0,0.1700,0.0042,0.0173,0.0059,0,REST-S,3,5,4
1458,9316,1:37:30,0,0.00,0,0.1700,0.0042,0.0173,0.0059,0,REST-S,3,5,4
1458,9317,1:38:00,0,0.00,0,0.1700,0.0042,0.0173,0.0059,0,REST-S,3,5,4
1458,9318,1:38:30,0,0.00,0,0.1700,0.0042,0.0173,0.0059,0,REST-S,3,5,4
1458,9319,1:39:00,0,0.00,0,0.1700,0.0042,0.0173,0.0059,0,REST-S,3,5,4
1458,9320,1:39:30,0,0.00,0,0.1700,0.0042,0.0173,0.0059,0,REST-S,3,5,4
1458,9321,1:40:00,0,0.00,0,0.1700,0.0042,0.0173,0.0059,0,REST-S,3,5,4
1458,9322,1:40:30,0,0.00,0,0.1700,0.0042,0.0173,0.0059,0,REST-S,3,5,4
1458,9323,1:41:00,0,0.00,0,0.1700,0.0042,0.0173,0.0059,0,REST-S,3,5,4
1458,9324,1:41:30,0,0.00,0,0.1700,0.0042,0.0173,0.0059,0,REST-S,3,5,4
1458,9325,1:42:00,0,0.00,0,0.1700,0.0042,0.0173,0.0059,0,REST-S,3,5,4
1458,9326,1:42:30,0,0.00,0,0.1700,0.0042,0.0173,0.0059,0,REST-S,3,5,4
1458,9327,1:43:00,0,0.00,0,0.1700,0.0042,0.0173,0.0059,0,REST-S,3,5,4
1458,9328,1:43:30,0,0.00,0,0.1700,0.0042,0.0173,0.0059,0,REST-S,3,5,4
1458,9329,1:44:00,0,0.00,0,0.0200,0.0049,0.0000,0.0059,0,REST-S,3,5,4
1458,9330,1:44:30,0,0.00,0,0.1700,0.0042,0.0173,0.0059,0,REST-S,3,5,4
1458,9331,1:45:00,0,0.00,0,0.1900,0.0128,0.0173,0.0059,0,REST-S,3,5,4
1458,9332,1:45:30,0,0.00,0,0.0200,0.0049,0.0000,0.0059,0,REST-S,3,5,4
1458,9333,1:46:00,0,0.00,0,0.1700,0.0042,0.0173,0.0059,0,REST-S,3,5,4
1458,9334,1:46:30,0,0.00,0,0.1700,0.0042,0.0173,0.0059,0,REST-S,3,5,4
1458,9335,1:47:00,0,0.00,0,0.1700,0.0042,0.0173,0.0059,0,REST-S,3,5,4
1458,9336,1:47:30,0,0.00,0,0.1700,0.0042,0.0173,0.0059,0,REST-S,3,5,4
1458,9337,1:48:00,0,0.00,0,0.1700,0.0042,0.0173,0.0059,0,REST-S,3,5,4
1458,9338,1:48:30,0,0.00,0,0.1700,0.0042,0.0173,0.0059,0,REST-S,3,5,4
1458,9339,1:49:00,0,0.00,0,0.1700,0.0042,0.0173,0.0059,0,REST-S,3,5,4
1458,9340,1:49:30,0,0.00,0,0.1700,0.0042,0.0173,0.0059,0,REST-S,3,5,4
1458,9341,1:50:00,0,0.00,0,0.1700,0.0042,0.0173,0.0059,0,REST-S,3,5,4
1458,9342,1:50:30,0,0.00,0,0.1700,0.0042,0.0173,0.0059,0,REST-S,3,5,4
1458,9343,1:51:00,0,0.00,0,0.1700,0.0042,0.0173,0.0059,0,REST-S,3,5,4
1458,9344,1:51:30,0,0.00,0,0.0200,0.0049,0.0000,0.0059,0,REST-S,3,5,4
1458,9345,1:52:00,0,0.00,0,0.0200,0.0049,0.0000,0.0059,0,REST-S,3,5,4
1458,9346,1:52:30,0,0.00,0,0.1700,0.0042,0.0173,0.0059,0,REST-S,3,5,4
1458,9347,1:53:00,0,0.00,0,0.1700,0.0042,0.0173,0.0059,0,REST-S,3,5,4
1458,9348,1:53:30,0,0.00,0,0.1700,0.0042,0.0173,0.0059,0,REST-S,3,5,4
1458,9349,1:54:00,0,0.00,0,0.1700,0.0042,0.0173,0.0059,0,REST-S,3,5,4
1458,9350,1:54:30,0,0.00,0,0.0200,0.0049,0.0000,0.0059,0,REST-S,3,5,4
1458,9351,1:55:00,0,0.00,0,0.1700,0.0042,0.0173,0.0059,0,REST-S,3,5,4
1458,9352,1:55:30,0,0.00,0,0.1700,0.0042,0.0173,0.0059,0,REST-S,3,5,4
1458,9353,1:56:00,0,0.00,0,0.1700,0.0042,0.0173,0.0059,0,REST-S,3,5,4
1458,9354,1:56:30,0,0.00,0,0.1700,0.0042,0.0173,0.0059,0,REST-S,3,5,4
1458,9355,1:57:00,0,0.00,0,0.1700,0.0042,0.0173,0.0059,0,REST-S,3,5,4
1458,9356,1:57:30,0,0.00,0,0.1700,0.0042,0.0173,0.0059,0,REST-S,3,5,4
1458,9357,1:58:00,0,0.00,0,0.0200,0.0049,0.0000,0.0059,0,REST-S,3,5,4
1458,9358,1:58:30,0,0.00,0,0.1700,0.0042,0.0173,0.0059,0,REST-S,3,5,4
1458,9359,1:59:00,0,0.00,0,0.1700,0.0042,0.0173,0.0059,0,REST-S,3,5,4
1458,9360,1:59:30,0,0.00,0,0.1700,0.0042,0.0173,0.0059,0,REST-S,3,5,4
1458,9361,2:00:00,0,0.00,0,0.1700,0.0042,0.0173,0.0059,0,REST-S,3,5,4
1458,9362,2:00:30,0,0.00,0,0.1700,0.0042,0.0173,0.0059,0,REST-S,3,5,4
1458,9363,2:01:00,0,0.00,0,0.1700,0.0042,0.0173,0.0059,0,REST-S,3,5,4
1458,9364,2:01:30,0,0.00,0,0.1700,0.0042,0.0173,0.0059,0,REST-S,3,5,4
1458,9365,2:02:00,0,0.00,0,0.1700,0.0042,0.0173,0.0059,0,REST-S,3,5,4
1458,9366,2:02:30,0,0.00,0,0.1700,0.0042,0.0173,0.0059,0,REST-S,3,5,4
1458,9367,2:03:00,0,0.00,0,0.1700,0.0042,0.0173,0.0059,0,REST-S,3,5,4
1458,9368,2:03:30,0,0.00,0,0.1700,0.0042,0.0173,0.0059,0,REST-S,3,5,4
1458,9369,2:04:00,0,0.00,0,0.1700,0.0042,0.0173,0.0059,0,REST-S,3,5,4
1458,9370,2:04:30,0,0.00,0,0.1700,0.0042,0.0173,0.0059,0,REST-S,3,5,4
1458,9371,2:05:00,0,0.00,0,0.1700,0.0042,0.0173,0.0059,0,REST-S,3,5,4
1458,9372,2:05:30,0,0.00,0,0.1700,0.0042,0.0173,0.0059,1,REST-S,3,5,4
1458,9373,2:06:00,0,0.00,0,0.1700,0.0042,0.0173,0.0059,1,REST-S,3,5,4
1458,9374,2:06:30,0,251.00,0,0.0100,0.0049,0.0000,0.0000,1,REST-S,3,5,4
1458,9375,2:07:00,0,0.00,0,0.1700,0.0042,0.0173,0.0059,1,REST-S,3,5,4
1458,9376,2:07:30,0,0.00,0,0.1700,0.0042,0.0173,0.0059,1,REST-S,3,5,4
1458,9377,2:08:00,0,0.00,0,0.1700,0.0042,0.0173,0.0059,0,REST-S,3,5,4
1458,9378,2:08:30,0,0.00,0,0.1700,0.0042,0.0173,0.0059,0,REST-S,3,5,4
1458,9379,2:09:00,0,0.00,0,0.1700,0.0042,0.0173,0.0059,0,REST-S,3,5,4
1458,9380,2:09:30,0,0.00,0,0.1700,0.0042,0.0173,0.0059,0,REST-S,3,5,4
1458,9381,2:10:00,0,0.00,0,0.1700,0.0042,0.0173,0.0059,0,REST-S,3,5,4
1458,9382,2:10:30,0,0.00,0,0.1700,0.0042,0.0173,0.0059,0,REST-S,3,5,4
1458,9383,2:11:00,0,0.00,0,0.1700,0.0042,0.0173,0.0059,0,REST-S,3,5,4
1458,9384,2:11:30,0,0.00,0,0.1700,0.0042,0.0173,0.0059,0,REST-S,3,5,4
1458,9385,2:12:00,0,0.00,0,0.1700,0.0042,0.0173,0.0059,0,REST-S,3,5,4
1458,9386,2:12:30,0,0.00,0,0.1700,0.0042,0.0173,0.0059,0,REST-S,3,5,4
1458,9387,2:13:00,0,0.00,0,0.1700,0.0042,0.0173,0.0059,0,REST-S,3,5,4
1458,9388,2:13:30,0,0.00,0,0.1700,0.0042,0.0173,0.0059,0,REST-S,3,5,4
1458,9389,2:14:00,0,0.00,0,0.1700,0.0042,0.0173,0.0059,0,REST-S,3,5,4
1458,9390,2:14:30,0,0.00,0,0.1700,0.0042,0.0173,0.0059,0,REST-S,3,5,4
1458,9391,2:15:00,0,0.00,0,0.1700,0.0042,0.0173,0.0059,0,REST-S,3,5,4
1458,9392,2:15:30,0,0.00,0,0.1700,0.0042,0.0173,0.0059,0,REST-S,3,5,4
1458,9393,2:16:00,0,0.00,0,0.1700,0.0042,0.0173,0.0059,0,REST-S,3,5,4
1458,9394,2:16:30,0,0.00,0,0.1700,0.0042,0.0173,0.0059,0,REST-S,3,5,4
1458,9395,2:17:00,0,0.00,0,0.1700,0.0042,0.0173,0.0059,0,REST-S,3,5,4
1458,9396,2:17:30,0,0.00,0,0.1700,0.0042,0.0173,0.0059,0,REST-S,3,5,4
1458,9397,2:18:00,0,0.00,0,0.1700,0.0042,0.0173,0.0059,0,REST-S,3,5,4
1458,9398,2:18:30,0,0.00,0,0.1700,0.0042,0.0173,0.0059,0,REST-S,3,5,4
1458,9399,2:19:00,0,0.00,0,0.1700,0.0042,0.0173,0.0059,0,REST-S,3,5,4
1458,9400,2:19:30,0,0.00,0,0.1700,0.0042,0.0173,0.0059,0,REST-S,3,5,4
1458,9401,2:20:00,0,1.00,0,0.1700,0.0042,0.0173,0.0059,0,REST-S,3,5,4
1458,9402,2:20:30,0,0.00,0,0.1700,0.0042,0.0173,0.0059,0,REST-S,3,5,4
1458,9403,2:21:00,0,0.00,0,0.1700,0.0042,0.0173,0.0059,0,REST-S,3,5,4
1458,9404,2:21:30,0,0.00,0,0.1700,0.0042,0.0173,0.0059,1,REST-S,3,5,4
1458,9405,2:22:00,0,0.00,0,0.1700,0.0042,0.0173,0.0059,1,REST-S,3,5,4
1458,9406,2:22:30,0,193.00,1,0.8100,0.0128,0.0880,0.0070,1,REST-S,3,5,4
1458,9407,2:23:00,0,18.00,0,0.1700,0.0042,0.0173,0.0059,1,REST-S,3,5,4
1458,9408,2:23:30,0,46.00,0,0.0100,0.0049,0.0000,0.0000,1,REST-S,3,5,4
1458,9409,2:24:00,0,0.00,0,0.1700,0.0042,0.0173,0.0059,0,REST-S,3,5,4
1458,9410,2:24:30,0,1.00,0,0.1700,0.0042,0.0173,0.0059,1,REST-S,3,5,4
1458,9411,2:25:00,0,0.00,0,0.1700,0.0042,0.0173,0.0059,1,REST-S,3,5,4
1458,9412,2:25:30,0,55.00,0,0.0200,0.0049,0.0000,0.0059,1,REST-S,3,5,4
1458,9413,2:26:00,0,286.00,0,0.1700,0.0042,0.0173,0.0059,1,REST-S,3,5,4
1458,9414,2:26:30,0,37.00,0,43.2700,6.7000,3.2100,0.3370,1,REST-S,3,5,4
1458,9415,2:27:00,0,158.00,0,52.9900,8.3200,3.9000,0.4190,1,REST-S,3,5,4
1458,9416,2:27:30,0,348.00,0,23.3600,4.5400,1.5000,0.1550,1,REST-S,3,5,4
1458,9417,2:28:00,0,220.00,0,0.1700,0.0042,0.0173,0.0059,1,REST-S,3,5,4
1458,9418,2:28:30,0,7.00,0,0.1700,0.0042,0.0173,0.0059,1,REST-S,3,5,4
1458,9419,2:29:00,0,0.00,0,0.1700,0.0042,0.0173,0.0059,1,REST-S,3,5,4
1458,9420,2:29:30,0,39.00,0,0.1700,0.0042,0.0173,0.0059,1,REST-S,3,5,4
1458,9421,2:30:00,0,0.00,0,0.1700,0.0042,0.0173,0.0059,0,REST-S,3,5,4
1458,9422,2:30:30,0,0.00,0,0.1700,0.0042,0.0173,0.0059,0,REST-S,3,5,4
1458,9423,2:31:00,0,0.00,0,0.1700,0.0042,0.0173,0.0059,0,REST-S,3,5,4
1458,9424,2:31:30,0,0.00,0,0.1700,0.0042,0.0173,0.0059,0,REST-S,3,5,4
1458,9425,2:32:00,0,0.00,0,0.1700,0.0042,0.0173,0.0059,0,REST-S,3,5,4
1458,9426,2:32:30,0,0.00,0,0.1700,0.0042,0.0173,0.0059,0,REST-S,3,5,4
1458,9427,2:33:00,0,0.00,0,0.1700,0.0042,0.0173,0.0059,0,REST-S,3,5,4
1458,9428,2:33:30,0,0.00,0,0.1700,0.0042,0.0173,0.0059,0,REST-S,3,5,4
1458,9429,2:34:00,0,0.00,0,0.1700,0.0042,0.0173,0.0059,0,REST-S,3,5,4
1458,9430,2:34:30,0,0.00,0,0.1700,0.0042,0.0173,0.0059,0,REST-S,3,5,4
1458,9431,2:35:00,0,0.00,0,0.1700,0.0042,0.0173,0.0059,0,REST-S,3,5,4
1458,9432,2:35:30,0,0.00,0,0.1700,0.0042,0.0173,0.0059,0,REST-S,3,5,4
1458,9433,2:36:00,0,0.00,0,0.1700,0.0042,0.0173,0.0059,0,REST-S,3,5,4
1458,9434,2:36:30,0,0.00,0,0.1700,0.0042,0.0173,0.0059,0,REST-S,3,5,4
1458,9435,2:37:00,0,0.00,0,0.1700,0.0042,0.0173,0.0059,0,REST-S,3,5,4
1458,9436,2:37:30,0,0.00,0,0.1700,0.0042,0.0173,0.0059,0,REST-S,3,5,4
1458,9437,2:38:00,0,0.00,0,0.1700,0.0042,0.0173,0.0059,0,REST-S,3,5,4
1458,9438,2:38:30,0,0.00,0,0.1700,0.0042,0.0173,0.0059,0,REST-S,3,5,4
1458,9439,2:39:00,0,0.00,0,0.1700,0.0042,0.0173,0.0059,0,REST-S,3,5,4
1458,9440,2:39:30,0,0.00,0,0.1700,0.0042,0.0173,0.0059,0,REST-S,3,5,4
1458,9441,2:40:00,0,0.00,0,0.1700,0.0042,0.0173,0.0059,0,REST-S,3,5,4
1458,9442,2:40:30,0,0.00,0,0.1700,0.0042,0.0173,0.0059,0,REST-S,3,5,4
1458,9443,2:41:00,0,0.00,0,0.1700,0.0042,0.0173,0.0059,0,REST-S,3,5,4
1458,9444,2:41:30,0,0.00,0,0.1700,0.0042,0.0173,0.0059,0,REST-S,3,5,4
1458,9445,2:42:00,0,0.00,0,0.1700,0.0042,0.0173,0.0059,0,REST-S,3,5,4
1458,9446,2:42:30,0,0.00,0,0.1700,0.0042,0.0173,0.0059,0,REST-S,3,5,4
1458,9447,2:43:00,0,0.00,0,0.1700,0.0042,0.0173,0.0059,0,REST-S,3,5,4
1458,9448,2:43:30,0,0.00,0,0.1700,0.0042,0.0173,0.0059,0,REST-S,3,5,4
1458,9449,2:44:00,0,0.00,0,0.1700,0.0042,0.0173,0.0059,0,REST-S,3,5,4
1458,9450,2:44:30,0,0.00,0,0.1900,0.0128,0.0173,0.0059,0,REST-S,3,5,4
1458,9451,2:45:00,0,0.00,0,0.1700,0.0042,0.0173,0.0059,0,REST-S,3,5,4
1458,9452,2:45:30,0,0.00,0,0.1700,0.0042,0.0173,0.0059,0,REST-S,3,5,4
1458,9453,2:46:00,0,0.00,0,0.1700,0.0042,0.0173,0.0059,0,REST-S,3,5,4
1458,9454,2:46:30,0,83.00,0,0.0200,0.0049,0.0000,0.0059,1,REST-S,3,5,4
1458,9455,2:47:00,0,0.00,0,0.1900,0.0128,0.0173,0.0059,0,REST-S,3,5,4
1458,9456,2:47:30,0,0.00,0,0.1900,0.0128,0.0173,0.0059,0,REST-S,3,5,4
1458,9457,2:48:00,0,0.00,0,0.1700,0.0042,0.0173,0.0059,0,REST-S,3,5,4
1458,9458,2:48:30,0,0.00,0,0.1700,0.0042,0.0173,0.0059,0,REST-S,3,5,4
1458,9459,2:49:00,0,0.00,0,0.1700,0.0042,0.0173,0.0059,0,REST-S,3,5,4
1458,9460,2:49:30,0,0.00,0,0.1700,0.0042,0.0173,0.0059,0,REST-S,3,5,4
1458,9461,2:50:00,0,0.00,0,0.1700,0.0042,0.0173,0.0059,0,REST-S,3,5,4
1458,9462,2:50:30,0,0.00,0,0.1700,0.0042,0.0173,0.0059,0,REST-S,3,5,4
1458,9463,2:51:00,0,0.00,0,0.1700,0.0042,0.0173,0.0059,0,REST-S,3,5,4
1458,9464,2:51:30,0,0.00,0,0.1700,0.0042,0.0173,0.0059,0,REST-S,3,5,4
1458,9465,2:52:00,0,0.00,0,0.1700,0.0042,0.0173,0.0059,0,REST-S,3,5,4
1458,9466,2:52:30,0,0.00,0,0.1900,0.0128,0.0173,0.0059,0,REST-S,3,5,4
1458,9467,2:53:00,0,0.00,0,0.1900,0.0128,0.0173,0.0059,0,REST-S,3,5,4
1458,9468,2:53:30,0,0.00,0,0.1700,0.0042,0.0173,0.0059,0,REST-S,3,5,4
1458,9469,2:54:00,0,0.00,0,0.1900,0.0128,0.0173,0.0059,0,REST-S,3,5,4
1458,9470,2:54:30,0,0.00,0,0.1900,0.0128,0.0173,0.0059,0,REST-S,3,5,4
1458,9471,2:55:00,0,0.00,0,0.1700,0.0042,0.0173,0.0059,0,REST-S,3,5,4
1458,9472,2:55:30,0,0.00,0,0.1900,0.0128,0.0173,0.0059,0,REST-S,3,5,4
1458,9473,2:56:00,0,0.00,0,0.1700,0.0042,0.0173,0.0059,0,REST-S,3,5,4
1458,9474,2:56:30,0,0.00,0,0.1700,0.0042,0.0173,0.0059,0,REST-S,3,5,4
1458,9475,2:57:00,0,0.00,0,0.1900,0.0128,0.0173,0.0059,0,REST-S,3,5,4
1458,9476,2:57:30,0,0.00,0,0.1700,0.0042,0.0173,0.0059,0,REST-S,3,5,4
1458,9477,2:58:00,0,68.00,0,0.1700,0.0042,0.0173,0.0059,1,REST-S,3,5,4
1458,9478,2:58:30,0,0.00,0,0.1700,0.0042,0.0173,0.0059,0,REST-S,3,5,4
1458,9479,2:59:00,0,0.00,0,0.1700,0.0042,0.0173,0.0059,0,REST-S,3,5,4
1458,9480,2:59:30,0,44.00,0,0.1700,0.0042,0.0173,0.0059,1,REST-S,3,5,4
1458,9481,3:00:00,0,5.00,0,0.1900,0.0128,0.0173,0.0059,0,REST-S,3,5,4
1458,9482,3:00:30,0,0.00,0,0.1700,0.0042,0.0173,0.0059,0,REST-S,3,5,4
1458,9483,3:01:00,0,0.00,0,0.1700,0.0042,0.0173,0.0059,0,REST-S,3,5,4
1458,9484,3:01:30,0,0.00,0,0.1700,0.0042,0.0173,0.0059,0,REST-S,3,5,4
1458,9485,3:02:00,0,0.00,0,0.1700,0.0042,0.0173,0.0059,0,REST-S,3,5,4
1458,9486,3:02:30,0,0.00,0,0.1900,0.0128,0.0173,0.0059,0,REST-S,3,5,4
1458,9487,3:03:00,0,0.00,0,0.1700,0.0042,0.0173,0.0059,0,REST-S,3,5,4
1458,9488,3:03:30,0,0.00,0,0.1700,0.0042,0.0173,0.0059,0,REST-S,3,5,4
1458,9489,3:04:00,0,0.00,0,0.1700,0.0042,0.0173,0.0059,0,REST-S,3,5,4
1458,9490,3:04:30,0,0.00,0,0.1700,0.0042,0.0173,0.0059,0,REST-S,3,5,4
1458,9491,3:05:00,0,0.00,0,0.1900,0.0128,0.0173,0.0059,0,REST-S,3,5,4
1458,9492,3:05:30,0,0.00,0,0.1900,0.0128,0.0173,0.0059,0,REST-S,3,5,4
1458,9493,3:06:00,0,0.00,0,0.1900,0.0128,0.0173,0.0059,0,REST-S,3,5,4
1458,9494,3:06:30,0,0.00,0,0.1900,0.0128,0.0173,0.0059,0,REST-S,3,5,4
1458,9495,3:07:00,0,0.00,0,0.1700,0.0042,0.0173,0.0059,0,REST-S,3,5,4
1458,9496,3:07:30,0,0.00,0,0.1900,0.0128,0.0173,0.0059,0,REST-S,3,5,4
1458,9497,3:08:00,0,0.00,0,0.1900,0.0128,0.0173,0.0059,0,REST-S,3,5,4
1458,9498,3:08:30,0,0.00,0,0.1900,0.0128,0.0173,0.0059,0,REST-S,3,5,4
1458,9499,3:09:00,0,0.00,0,0.1900,0.0128,0.0173,0.0059,0,REST-S,3,5,4
1458,9500,3:09:30,0,0.00,0,0.1900,0.0128,0.0173,0.0059,0,REST-S,3,5,4
1458,9501,3:10:00,0,0.00,0,0.1700,0.0042,0.0173,0.0059,0,REST-S,3,5,4
1458,9502,3:10:30,0,0.00,0,0.1900,0.0128,0.0173,0.0059,0,REST-S,3,5,4
1458,9503,3:11:00,0,0.00,0,0.1700,0.0042,0.0173,0.0059,0,REST-S,3,5,4
1458,9504,3:11:30,0,0.00,0,0.1900,0.0128,0.0173,0.0059,0,REST-S,3,5,4
1458,9505,3:12:00,0,1.00,0,0.1900,0.0128,0.0173,0.0059,0,REST-S,3,5,4
1458,9506,3:12:30,0,0.00,0,0.1900,0.0128,0.0173,0.0059,0,REST-S,3,5,4
1458,9507,3:13:00,0,0.00,0,0.1900,0.0128,0.0173,0.0059,0,REST-S,3,5,4
1458,9508,3:13:30,0,0.00,0,0.1900,0.0128,0.0173,0.0059,0,REST-S,3,5,4
1458,9509,3:14:00,0,0.00,0,0.1700,0.0042,0.0173,0.0059,0,REST-S,3,5,4
1458,9510,3:14:30,0,0.00,0,0.1900,0.0128,0.0173,0.0059,0,REST-S,3,5,4
1458,9511,3:15:00,0,0.00,0,0.1900,0.0128,0.0173,0.0059,0,REST-S,3,5,4
1458,9512,3:15:30,0,0.00,0,0.1900,0.0128,0.0173,0.0059,0,REST-S,3,5,4
1458,9513,3:16:00,0,0.00,0,0.1900,0.0128,0.0173,0.0059,0,REST-S,3,5,4
1458,9514,3:16:30,0,0.00,0,0.1900,0.0128,0.0173,0.0059,0,REST-S,3,5,4
1458,9515,3:17:00,0,0.00,0,0.1900,0.0128,0.0173,0.0059,0,REST-S,3,5,4
1458,9516,3:17:30,0,0.00,0,0.1900,0.0128,0.0173,0.0059,0,REST-S,3,5,4
1458,9517,3:18:00,0,0.00,0,0.1900,0.0128,0.0173,0.0059,0,REST-S,3,5,4
1458,9518,3:18:30,0,0.00,0,0.1900,0.0128,0.0173,0.0059,0,REST-S,3,5,4
1458,9519,3:19:00,0,0.00,0,0.1900,0.0128,0.0173,0.0059,0,REST-S,3,5,4
1458,9520,3:19:30,0,0.00,0,0.1900,0.0128,0.0173,0.0059,0,REST-S,3,5,4
1458,9521,3:20:00,0,0.00,0,0.1900,0.0128,0.0173,0.0059,0,REST-S,3,5,4
1458,9522,3:20:30,0,0.00,0,0.1900,0.0128,0.0173,0.0059,0,REST-S,3,5,4
1458,9523,3:21:00,0,0.00,0,0.1900,0.0128,0.0173,0.0059,0,REST-S,3,5,4
1458,9524,3:21:30,0,0.00,0,0.1900,0.0128,0.0173,0.0059,0,REST-S,3,5,4
1458,9525,3:22:00,0,0.00,0,0.1900,0.0128,0.0173,0.0059,0,REST-S,3,5,4
1458,9526,3:22:30,0,0.00,0,0.1900,0.0128,0.0173,0.0059,0,REST-S,3,5,4
1458,9527,3:23:00,0,0.00,0,0.1900,0.0128,0.0173,0.0059,0,REST-S,3,5,4
1458,9528,3:23:30,0,27.00,0,0.1900,0.0128,0.0173,0.0059,1,REST-S,3,5,4
1458,9529,3:24:00,0,16.00,0,0.1900,0.0128,0.0173,0.0059,0,REST-S,3,5,4
1458,9530,3:24:30,0,0.00,0,0.1900,0.0128,0.0173,0.0059,0,REST-S,3,5,4
1458,9531,3:25:00,0,0.00,0,0.1900,0.0128,0.0173,0.0059,0,REST-S,3,5,4
1458,9532,3:25:30,0,0.00,0,0.1900,0.0128,0.0173,0.0059,0,REST-S,3,5,4
1458,9533,3:26:00,0,0.00,0,0.1900,0.0128,0.0173,0.0059,0,REST-S,3,5,4
1458,9534,3:26:30,0,0.00,0,0.1900,0.0128,0.0173,0.0059,0,REST-S,3,5,4
1458,9535,3:27:00,0,0.00,0,0.1900,0.0128,0.0173,0.0059,0,REST-S,3,5,4
1458,9536,3:27:30,0,11.00,0,0.1900,0.0128,0.0173,0.0059,0,REST-S,3,5,4
1458,9537,3:28:00,0,0.00,0,0.1900,0.0128,0.0173,0.0059,0,REST-S,3,5,4
1458,9538,3:28:30,0,0.00,0,0.1900,0.0128,0.0173,0.0059,0,REST-S,3,5,4
1458,9539,3:29:00,0,0.00,0,0.1900,0.0128,0.0173,0.0059,0,REST-S,3,5,4
1458,9540,3:29:30,0,0.00,0,0.1900,0.0128,0.0173,0.0059,0,REST-S,3,5,4
1458,9541,3:30:00,0,0.00,0,0.1900,0.0128,0.0173,0.0059,0,REST-S,3,5,4
1458,9542,3:30:30,0,0.00,0,0.1900,0.0128,0.0173,0.0059,0,REST-S,3,5,4
1458,9543,3:31:00,0,0.00,0,0.1900,0.0128,0.0173,0.0059,0,REST-S,3,5,4
1458,9544,3:31:30,0,0.00,0,0.1900,0.0128,0.0173,0.0059,0,REST-S,3,5,4
1458,9545,3:32:00,0,0.00,0,0.1900,0.0128,0.0173,0.0059,0,REST-S,3,5,4
1458,9546,3:32:30,0,0.00,0,0.1900,0.0128,0.0173,0.0059,0,REST-S,3,5,4
1458,9547,3:33:00,0,3.00,0,0.1900,0.0128,0.0173,0.0059,0,REST-S,3,5,4
1458,9548,3:33:30,0,0.00,0,0.1900,0.0128,0.0173,0.0059,0,REST-S,3,5,4
1458,9549,3:34:00,0,0.00,0,0.1900,0.0128,0.0173,0.0059,0,REST-S,3,5,4
1458,9550,3:34:30,0,0.00,0,0.1900,0.0128,0.0173,0.0059,0,REST-S,3,5,4
1458,9551,3:35:00,0,0.00,0,0.1900,0.0128,0.0173,0.0059,0,REST-S,3,5,4
1458,9552,3:35:30,0,0.00,0,0.1900,0.0128,0.0173,0.0059,0,REST-S,3,5,4
1458,9553,3:36:00,0,0.00,0,0.1900,0.0128,0.0173,0.0059,0,REST-S,3,5,4
1458,9554,3:36:30,0,0.00,0,0.1900,0.0128,0.0173,0.0059,0,REST-S,3,5,4
1458,9555,3:37:00,0,0.00,0,0.1900,0.0128,0.0173,0.0059,0,REST-S,3,5,4
1458,9556,3:37:30,0,1.00,0,0.1900,0.0128,0.0173,0.0059,0,REST-S,3,5,4
1458,9557,3:38:00,0,0.00,0,0.1900,0.0128,0.0173,0.0059,0,REST-S,3,5,4
1458,9558,3:38:30,0,0.00,0,0.1900,0.0128,0.0173,0.0059,0,REST-S,3,5,4
1458,9559,3:39:00,0,0.00,0,0.1900,0.0128,0.0173,0.0059,0,REST-S,3,5,4
1458,9560,3:39:30,0,0.00,0,0.1900,0.0128,0.0173,0.0059,0,REST-S,3,5,4
1458,9561,3:40:00,0,0.00,0,0.1900,0.0128,0.0173,0.0059,0,REST-S,3,5,4
1458,9562,3:40:30,0,0.00,0,0.1900,0.0128,0.0173,0.0059,0,REST-S,3,5,4
1458,9563,3:41:00,0,0.00,0,0.1900,0.0128,0.0173,0.0059,0,REST-S,3,5,4
1458,9564,3:41:30,0,0.00,0,0.1900,0.0128,0.0173,0.0059,0,REST-S,3,5,4
1458,9565,3:42:00,0,0.00,0,0.1900,0.0128,0.0173,0.0059,0,REST-S,3,5,4
1458,9566,3:42:30,0,0.00,0,0.1900,0.0128,0.0173,0.0059,0,REST-S,3,5,4
1458,9567,3:43:00,0,0.00,0,0.1900,0.0128,0.0173,0.0059,0,REST-S,3,5,4
1458,9568,3:43:30,0,0.00,0,0.1900,0.0128,0.0173,0.0059,0,REST-S,3,5,4
1458,9569,3:44:00,0,0.00,0,0.1900,0.0128,0.0173,0.0059,0,REST-S,3,5,4
1458,9570,3:44:30,0,0.00,0,0.1900,0.0128,0.0173,0.0059,0,REST-S,3,5,4
1458,9571,3:45:00,0,0.00,0,0.1900,0.0128,0.0173,0.0059,0,REST-S,3,5,4
1458,9572,3:45:30,0,0.00,0,0.1900,0.0128,0.0173,0.0059,0,REST-S,3,5,4
1458,9573,3:46:00,0,0.00,0,0.1900,0.0128,0.0173,0.0059,0,REST-S,3,5,4
1458,9574,3:46:30,0,0.00,0,0.1900,0.0128,0.0173,0.0059,1,REST-S,3,5,4
1458,9575,3:47:00,0,33.00,0,0.1900,0.0128,0.0173,0.0059,1,REST-S,3,5,4
1458,9576,3:47:30,0,206.00,0,0.1900,0.0128,0.0173,0.0059,1,REST-S,3,5,4
1458,9577,3:48:00,0,137.00,0,0.1900,0.0128,0.0173,0.0059,1,REST-S,3,5,4
1458,9578,3:48:30,0,61.00,0,0.1900,0.0128,0.0173,0.0059,1,REST-S,3,5,4
1458,9579,3:49:00,0,0.00,0,0.1900,0.0128,0.0173,0.0059,1,REST-S,3,5,4
1458,9580,3:49:30,0,0.00,0,0.1900,0.0128,0.0173,0.0059,0,REST-S,3,5,4
1458,9581,3:50:00,0,0.00,0,0.1900,0.0128,0.0173,0.0059,0,REST-S,3,5,4
1458,9582,3:50:30,0,0.00,0,0.1900,0.0128,0.0173,0.0059,0,REST-S,3,5,4
1458,9583,3:51:00,0,0.00,0,0.1900,0.0128,0.0173,0.0059,0,REST-S,3,5,4
1458,9584,3:51:30,0,0.00,0,0.1900,0.0128,0.0173,0.0059,0,REST-S,3,5,4
1458,9585,3:52:00,0,0.00,0,0.1900,0.0128,0.0173,0.0059,0,REST-S,3,5,4
1458,9586,3:52:30,0,0.00,0,0.1900,0.0128,0.0173,0.0059,0,REST-S,3,5,4
1458,9587,3:53:00,0,0.00,0,0.1900,0.0128,0.0173,0.0059,0,REST-S,3,5,4
1458,9588,3:53:30,0,0.00,0,0.1900,0.0128,0.0173,0.0059,0,REST-S,3,5,4
1458,9589,3:54:00,0,0.00,0,0.1900,0.0128,0.0173,0.0059,0,REST-S,3,5,4
1458,9590,3:54:30,0,0.00,0,0.1900,0.0128,0.0173,0.0059,0,REST-S,3,5,4
1458,9591,3:55:00,0,0.00,0,0.1900,0.0128,0.0173,0.0059,0,REST-S,3,5,4
1458,9592,3:55:30,0,0.00,0,0.1900,0.0128,0.0173,0.0059,0,REST-S,3,5,4
1458,9593,3:56:00,0,0.00,0,0.1900,0.0128,0.0173,0.0059,0,REST-S,3,5,4
1458,9594,3:56:30,0,0.00,0,0.1900,0.0128,0.0173,0.0059,0,REST-S,3,5,4
1458,9595,3:57:00,0,0.00,0,0.1900,0.0128,0.0173,0.0059,0,REST-S,3,5,4
1458,9596,3:57:30,0,0.00,0,0.1900,0.0128,0.0173,0.0059,0,REST-S,3,5,4
1458,9597,3:58:00,0,0.00,0,0.1900,0.0128,0.0173,0.0059,0,REST-S,3,5,4
1458,9598,3:58:30,0,0.00,0,0.1900,0.0128,0.0173,0.0059,0,REST-S,3,5,4
1458,9599,3:59:00,0,0.00,0,0.1900,0.0128,0.0173,0.0059,0,REST-S,3,5,4
1458,9600,3:59:30,0,0.00,0,0.1900,0.0128,0.0173,0.0059,0,REST-S,3,5,4
1458,9601,4:00:00,0,0.00,0,0.1900,0.0128,0.0173,0.0059,0,REST-S,3,5,4
1458,9602,4:00:30,0,0.00,0,0.1900,0.0128,0.0173,0.0059,0,REST-S,3,5,4
1458,9603,4:01:00,0,0.00,0,0.1900,0.0128,0.0173,0.0059,0,REST-S,3,5,4
1458,9604,4:01:30,0,0.00,0,0.1700,0.0042,0.0173,0.0059,0,REST-S,3,5,4
1458,9605,4:02:00,0,0.00,0,0.1700,0.0042,0.0173,0.0059,0,REST-S,3,5,4
1458,9606,4:02:30,0,0.00,0,0.1700,0.0042,0.0173,0.0059,0,REST-S,3,5,4
1458,9607,4:03:00,0,0.00,0,0.1900,0.0128,0.0173,0.0059,0,REST-S,3,5,4
1458,9608,4:03:30,0,0.00,0,0.1700,0.0042,0.0173,0.0059,0,REST-S,3,5,4
1458,9609,4:04:00,0,0.00,0,0.1700,0.0042,0.0173,0.0059,0,REST-S,3,5,4
1458,9610,4:04:30,0,0.00,0,0.1700,0.0042,0.0173,0.0059,0,REST-S,3,5,4
1458,9611,4:05:00,0,0.00,0,0.1700,0.0042,0.0173,0.0059,0,REST-S,3,5,4
1458,9612,4:05:30,0,0.00,0,0.1700,0.0042,0.0173,0.0059,0,REST-S,3,5,4
1458,9613,4:06:00,0,0.00,0,0.1700,0.0042,0.0173,0.0059,0,REST-S,3,5,4
1458,9614,4:06:30,0,0.00,0,0.1700,0.0042,0.0173,0.0059,0,REST-S,3,5,4
1458,9615,4:07:00,0,0.00,0,0.1700,0.0042,0.0173,0.0059,0,REST-S,3,5,4
1458,9616,4:07:30,0,0.00,0,0.1900,0.0128,0.0173,0.0059,0,REST-S,3,5,4
1458,9617,4:08:00,0,0.00,0,0.1900,0.0128,0.0173,0.0059,0,REST-S,3,5,4
1458,9618,4:08:30,0,0.00,0,0.1700,0.0042,0.0173,0.0059,0,REST-S,3,5,4
1458,9619,4:09:00,0,0.00,0,0.1700,0.0042,0.0173,0.0059,0,REST-S,3,5,4
1458,9620,4:09:30,0,0.00,0,0.1900,0.0128,0.0173,0.0059,0,REST-S,3,5,4
1458,9621,4:10:00,0,0.00,0,0.1700,0.0042,0.0173,0.0059,0,REST-S,3,5,4
1458,9622,4:10:30,0,0.00,0,0.1900,0.0128,0.0173,0.0059,0,REST-S,3,5,4
1458,9623,4:11:00,0,0.00,0,0.1900,0.0128,0.0173,0.0059,0,REST-S,3,5,4
1458,9624,4:11:30,0,0.00,0,0.1900,0.0128,0.0173,0.0059,0,REST-S,3,5,4
1458,9625,4:12:00,0,0.00,0,0.1700,0.0042,0.0173,0.0059,0,REST-S,3,5,4
1458,9626,4:12:30,0,13.00,0,0.1700,0.0042,0.0173,0.0059,0,REST-S,3,5,4
1458,9627,4:13:00,0,0.00,0,0.1700,0.0042,0.0173,0.0059,0,REST-S,3,5,4
1458,9628,4:13:30,0,0.00,0,0.1700,0.0042,0.0173,0.0059,0,REST-S,3,5,4
1458,9629,4:14:00,0,0.00,0,0.1700,0.0042,0.0173,0.0059,0,REST-S,3,5,4
1458,9630,4:14:30,0,0.00,0,0.1700,0.0042,0.0173,0.0059,0,REST-S,3,5,4
1458,9631,4:15:00,0,0.00,0,0.1700,0.0042,0.0173,0.0059,0,REST-S,3,5,4
1458,9632,4:15:30,0,0.00,0,0.1700,0.0042,0.0173,0.0059,0,REST-S,3,5,4
1458,9633,4:16:00,0,0.00,0,0.1700,0.0042,0.0173,0.0059,0,REST-S,3,5,4
1458,9634,4:16:30,0,0.00,0,0.1900,0.0128,0.0173,0.0059,0,REST-S,3,5,4
1458,9635,4:17:00,0,0.00,0,0.1700,0.0042,0.0173,0.0059,0,REST-S,3,5,4
1458,9636,4:17:30,0,0.00,0,0.1700,0.0042,0.0173,0.0059,0,REST-S,3,5,4
1458,9637,4:18:00,0,0.00,0,0.1700,0.0042,0.0173,0.0059,0,REST-S,3,5,4
1458,9638,4:18:30,0,0.00,0,0.1700,0.0042,0.0173,0.0059,0,REST-S,3,5,4
1458,9639,4:19:00,0,0.00,0,0.1700,0.0042,0.0173,0.0059,0,REST-S,3,5,4
1458,9640,4:19:30,0,0.00,0,0.1700,0.0042,0.0173,0.0059,0,REST-S,3,5,4
1458,9641,4:20:00,0,0.00,0,0.1700,0.0042,0.0173,0.0059,0,REST-S,3,5,4
1458,9642,4:20:30,0,0.00,0,0.1700,0.0042,0.0173,0.0059,0,REST-S,3,5,4
1458,9643,4:21:00,0,0.00,0,0.1700,0.0042,0.0173,0.0059,0,REST-S,3,5,4
1458,9644,4:21:30,0,0.00,0,0.1700,0.0042,0.0173,0.0059,0,REST-S,3,5,4
1458,9645,4:22:00,0,0.00,0,0.1700,0.0042,0.0173,0.0059,0,REST-S,3,5,4
1458,9646,4:22:30,0,0.00,0,0.1700,0.0042,0.0173,0.0059,0,REST-S,3,5,4
1458,9647,4:23:00,0,0.00,0,0.1700,0.0042,0.0173,0.0059,0,REST-S,3,5,4
1458,9648,4:23:30,0,0.00,0,0.1900,0.0128,0.0173,0.0059,0,REST-S,3,5,4
1458,9649,4:24:00,0,0.00,0,0.1700,0.0042,0.0173,0.0059,0,REST-S,3,5,4
1458,9650,4:24:30,0,0.00,0,0.1700,0.0042,0.0173,0.0059,0,REST-S,3,5,4
1458,9651,4:25:00,0,0.00,0,0.1700,0.0042,0.0173,0.0059,0,REST-S,3,5,4
1458,9652,4:25:30,0,0.00,0,0.1700,0.0042,0.0173,0.0059,0,REST-S,3,5,4
1458,9653,4:26:00,0,0.00,0,0.1900,0.0128,0.0173,0.0059,0,REST-S,3,5,4
1458,9654,4:26:30,0,103.00,0,0.1900,0.0128,0.0173,0.0059,1,REST-S,3,5,4
1458,9655,4:27:00,0,0.00,0,0.1700,0.0042,0.0173,0.0059,0,REST-S,3,5,4
1458,9656,4:27:30,0,0.00,0,0.1700,0.0042,0.0173,0.0059,0,REST-S,3,5,4
1458,9657,4:28:00,0,0.00,0,0.1900,0.0128,0.0173,0.0059,0,REST-S,3,5,4
1458,9658,4:28:30,0,0.00,0,0.1700,0.0042,0.0173,0.0059,0,REST-S,3,5,4
1458,9659,4:29:00,0,0.00,0,0.1900,0.0128,0.0173,0.0059,0,REST-S,3,5,4
1458,9660,4:29:30,0,0.00,0,0.1700,0.0042,0.0173,0.0059,0,REST-S,3,5,4
1458,9661,4:30:00,0,0.00,0,0.1900,0.0128,0.0173,0.0059,0,REST-S,3,5,4
1458,9662,4:30:30,0,0.00,0,0.1900,0.0128,0.0173,0.0059,0,REST-S,3,5,4
1458,9663,4:31:00,0,96.00,0,0.1900,0.0128,0.0173,0.0059,1,REST-S,3,5,4
1458,9664,4:31:30,0,0.00,0,0.1700,0.0042,0.0173,0.0059,0,REST-S,3,5,4
1458,9665,4:32:00,0,0.00,0,0.1900,0.0128,0.0173,0.0059,0,REST-S,3,5,4
1458,9666,4:32:30,0,0.00,0,0.1700,0.0042,0.0173,0.0059,0,REST-S,3,5,4
1458,9667,4:33:00,0,0.00,0,0.1700,0.0042,0.0173,0.0059,0,REST-S,3,5,4
1458,9668,4:33:30,0,0.00,0,0.1700,0.0042,0.0173,0.0059,0,REST-S,3,5,4
1458,9669,4:34:00,0,0.00,0,0.1900,0.0128,0.0173,0.0059,0,REST-S,3,5,4
1458,9670,4:34:30,0,0.00,0,0.1700,0.0042,0.0173,0.0059,0,REST-S,3,5,4
1458,9671,4:35:00,0,0.00,0,0.1900,0.0128,0.0173,0.0059,0,REST-S,3,5,4
1458,9672,4:35:30,0,0.00,0,0.1900,0.0128,0.0173,0.0059,0,REST-S,3,5,4
1458,9673,4:36:00,0,0.00,0,0.1700,0.0042,0.0173,0.0059,0,REST-S,3,5,4
1458,9674,4:36:30,0,0.00,0,0.1700,0.0042,0.0173,0.0059,0,REST-S,3,5,4
1458,9675,4:37:00,0,0.00,0,0.1700,0.0042,0.0173,0.0059,0,REST-S,3,5,4
1458,9676,4:37:30,0,0.00,0,0.1700,0.0042,0.0173,0.0059,0,REST-S,3,5,4
1458,9677,4:38:00,0,0.00,0,0.1700,0.0042,0.0173,0.0059,0,REST-S,3,5,4
1458,9678,4:38:30,0,0.00,0,0.1700,0.0042,0.0173,0.0059,0,REST-S,3,5,4
1458,9679,4:39:00,0,86.00,0,0.1200,0.0042,0.0125,0.0000,1,REST-S,3,5,4
1458,9680,4:39:30,0,0.00,0,0.1700,0.0042,0.0173,0.0059,0,REST-S,3,5,4
1458,9681,4:40:00,0,0.00,0,0.1700,0.0042,0.0173,0.0059,0,REST-S,3,5,4
1458,9682,4:40:30,0,0.00,0,0.1700,0.0042,0.0173,0.0059,0,REST-S,3,5,4
1458,9683,4:41:00,0,0.00,0,0.1700,0.0042,0.0173,0.0059,0,REST-S,3,5,4
1458,9684,4:41:30,0,0.00,0,0.1700,0.0042,0.0173,0.0059,0,REST-S,3,5,4
1458,9685,4:42:00,0,0.00,0,0.1700,0.0042,0.0173,0.0059,0,REST-S,3,5,4
1458,9686,4:42:30,0,0.00,0,0.1700,0.0042,0.0173,0.0059,0,REST-S,3,5,4
1458,9687,4:43:00,0,31.00,0,0.1700,0.0042,0.0173,0.0059,1,REST-S,3,5,4
1458,9688,4:43:30,0,0.00,0,0.1900,0.0128,0.0173,0.0059,0,REST-S,3,5,4
1458,9689,4:44:00,0,0.00,0,0.1700,0.0042,0.0173,0.0059,0,REST-S,3,5,4
1458,9690,4:44:30,0,0.00,0,0.1900,0.0128,0.0173,0.0059,0,REST-S,3,5,4
1458,9691,4:45:00,0,0.00,0,0.1900,0.0128,0.0173,0.0059,0,REST-S,3,5,4
1458,9692,4:45:30,0,0.00,0,0.1700,0.0042,0.0173,0.0059,0,REST-S,3,5,4
1458,9693,4:46:00,0,0.00,0,0.1900,0.0128,0.0173,0.0059,0,REST-S,3,5,4
1458,9694,4:46:30,0,0.00,0,0.1700,0.0042,0.0173,0.0059,0,REST-S,3,5,4
1458,9695,4:47:00,0,0.00,0,0.1700,0.0042,0.0173,0.0059,0,REST-S,3,5,4
1458,9696,4:47:30,0,0.00,0,0.1700,0.0042,0.0173,0.0059,0,REST-S,3,5,4
1458,9697,4:48:00,0,0.00,0,0.1700,0.0042,0.0173,0.0059,0,REST-S,3,5,4
1458,9698,4:48:30,0,0.00,0,0.1700,0.0042,0.0173,0.0059,0,REST-S,3,5,4
1458,9699,4:49:00,0,0.00,0,0.1700,0.0042,0.0173,0.0059,0,REST-S,3,5,4
1458,9700,4:49:30,0,0.00,0,0.1700,0.0042,0.0173,0.0059,0,REST-S,3,5,4
1458,9701,4:50:00,0,0.00,0,0.1700,0.0042,0.0173,0.0059,0,REST-S,3,5,4
1458,9702,4:50:30,0,0.00,0,0.1700,0.0042,0.0173,0.0059,0,REST-S,3,5,4
1458,9703,4:51:00,0,0.00,0,0.1700,0.0042,0.0173,0.0059,0,REST-S,3,5,4
1458,9704,4:51:30,0,0.00,0,0.1700,0.0042,0.0173,0.0059,0,REST-S,3,5,4
1458,9705,4:52:00,0,0.00,0,0.1700,0.0042,0.0173,0.0059,0,REST-S,3,5,4
1458,9706,4:52:30,0,0.00,0,0.1700,0.0042,0.0173,0.0059,0,REST-S,3,5,4
1458,9707,4:53:00,0,0.00,0,0.1700,0.0042,0.0173,0.0059,0,REST-S,3,5,4
1458,9708,4:53:30,0,0.00,0,0.1700,0.0042,0.0173,0.0059,0,REST-S,3,5,4
1458,9709,4:54:00,0,0.00,0,0.1700,0.0042,0.0173,0.0059,0,REST-S,3,5,4
1458,9710,4:54:30,0,0.00,0,0.1700,0.0042,0.0173,0.0059,0,REST-S,3,5,4
1458,9711,4:55:00,0,0.00,0,0.1700,0.0042,0.0173,0.0059,0,REST-S,3,5,4
1458,9712,4:55:30,0,0.00,0,0.1700,0.0042,0.0173,0.0059,0,REST-S,3,5,4
1458,9713,4:56:00,0,0.00,0,0.1900,0.0128,0.0173,0.0059,0,REST-S,3,5,4
1458,9714,4:56:30,0,0.00,0,0.1900,0.0128,0.0173,0.0059,0,REST-S,3,5,4
1458,9715,4:57:00,0,0.00,0,0.1900,0.0128,0.0173,0.0059,0,REST-S,3,5,4
1458,9716,4:57:30,0,0.00,0,0.1900,0.0128,0.0173,0.0059,0,REST-S,3,5,4
1458,9717,4:58:00,0,70.00,0,0.1700,0.0042,0.0173,0.0059,1,REST-S,3,5,4
1458,9718,4:58:30,0,0.00,0,0.1700,0.0042,0.0173,0.0059,1,REST-S,3,5,4
1458,9719,4:59:00,0,100.00,0,0.1700,0.0042,0.0173,0.0059,1,REST-S,3,5,4
1458,9720,4:59:30,0,163.00,0,0.1700,0.0042,0.0173,0.0059,1,REST-S,3,5,4
1458,9721,5:00:00,0,0.00,0,0.1700,0.0042,0.0173,0.0059,1,REST-S,3,5,4
1458,9722,5:00:30,0,0.00,0,0.1700,0.0042,0.0173,0.0059,0,REST-S,3,5,4
1458,9723,5:01:00,0,14.00,0,0.1700,0.0042,0.0173,0.0059,0,REST-S,3,5,4
1458,9724,5:01:30,0,0.00,0,0.1700,0.0042,0.0173,0.0059,0,REST-S,3,5,4
1458,9725,5:02:00,0,0.00,0,0.1700,0.0042,0.0173,0.0059,0,REST-S,3,5,4
1458,9726,5:02:30,0,0.00,0,0.1700,0.0042,0.0173,0.0059,0,REST-S,3,5,4
1458,9727,5:03:00,0,0.00,0,0.1700,0.0042,0.0173,0.0059,0,REST-S,3,5,4
1458,9728,5:03:30,0,0.00,0,0.1900,0.0128,0.0173,0.0059,0,REST-S,3,5,4
1458,9729,5:04:00,0,0.00,0,0.1900,0.0128,0.0173,0.0059,0,REST-S,3,5,4
1458,9730,5:04:30,0,0.00,0,0.1700,0.0042,0.0173,0.0059,0,REST-S,3,5,4
1458,9731,5:05:00,0,0.00,0,0.1700,0.0042,0.0173,0.0059,0,REST-S,3,5,4
1458,9732,5:05:30,0,0.00,0,0.1700,0.0042,0.0173,0.0059,0,REST-S,3,5,4
1458,9733,5:06:00,0,0.00,0,0.1700,0.0042,0.0173,0.0059,0,REST-S,3,5,4
1458,9734,5:06:30,0,0.00,0,0.1700,0.0042,0.0173,0.0059,0,REST-S,3,5,4
1458,9735,5:07:00,0,0.00,0,0.1700,0.0042,0.0173,0.0059,0,REST-S,3,5,4
1458,9736,5:07:30,0,0.00,0,0.1700,0.0042,0.0173,0.0059,0,REST-S,3,5,4
1458,9737,5:08:00,0,1.00,0,0.1700,0.0042,0.0173,0.0059,0,REST-S,3,5,4
1458,9738,5:08:30,0,70.00,0,0.1700,0.0042,0.0173,0.0059,1,REST-S,3,5,4
1458,9739,5:09:00,0,0.00,0,0.1700,0.0042,0.0173,0.0059,0,REST-S,3,5,4
1458,9740,5:09:30,0,0.00,0,0.1700,0.0042,0.0173,0.0059,0,REST-S,3,5,4
1458,9741,5:10:00,0,0.00,0,0.1700,0.0042,0.0173,0.0059,0,REST-S,3,5,4
1458,9742,5:10:30,0,0.00,0,0.1700,0.0042,0.0173,0.0059,0,REST-S,3,5,4
1458,9743,5:11:00,0,1.00,0,0.1700,0.0042,0.0173,0.0059,0,REST-S,3,5,4
1458,9744,5:11:30,0,0.00,0,0.1700,0.0042,0.0173,0.0059,0,REST-S,3,5,4
1458,9745,5:12:00,0,0.00,0,0.1700,0.0042,0.0173,0.0059,0,REST-S,3,5,4
1458,9746,5:12:30,0,0.00,0,0.1700,0.0042,0.0173,0.0059,0,REST-S,3,5,4
1458,9747,5:13:00,0,0.00,0,0.1700,0.0042,0.0173,0.0059,0,REST-S,3,5,4
1458,9748,5:13:30,0,0.00,0,0.1900,0.0128,0.0173,0.0059,0,REST-S,3,5,4
1458,9749,5:14:00,0,0.00,0,0.1900,0.0128,0.0173,0.0059,0,REST-S,3,5,4
1458,9750,5:14:30,0,0.00,0,0.1700,0.0042,0.0173,0.0059,1,REST,3,5,4
1458,9751,5:15:00,0,163.00,0,0.1700,0.0042,0.0173,0.0059,1,REST,3,5,4
1458,9752,5:15:30,0,106.00,0,0.1700,0.0042,0.0173,0.0059,1,REST,3,5,4
1458,9753,5:16:00,0,0.00,0,0.1700,0.0042,0.0173,0.0059,1,REST,3,5,4
1458,9754,5:16:30,0,53.00,0,0.1700,0.0042,0.0173,0.0059,1,REST,3,5,4
1458,9755,5:17:00,0,86.00,1,0.8100,0.0128,0.0880,0.0070,1,ACTIVE,3,5,4
1458,9756,5:17:30,0,147.00,0,0.3600,0.0128,0.0378,0.0023,1,ACTIVE,3,5,4
1458,9757,5:18:00,0,0.00,0,0.1700,0.0042,0.0173,0.0059,1,ACTIVE,3,5,4
1458,9758,5:18:30,0,0.00,0,0.1700,0.0042,0.0173,0.0059,0,ACTIVE,3,5,4
1458,9759,5:19:00,0,0.00,0,0.1700,0.0042,0.0173,0.0059,0,ACTIVE,3,5,4
1458,9760,5:19:30,0,0.00,0,0.1700,0.0042,0.0173,0.0059,0,ACTIVE,3,5,4
1458,9761,5:20:00,0,0.00,0,0.1700,0.0042,0.0173,0.0059,0,ACTIVE,3,5,4
1458,9762,5:20:30,0,2.00,0,0.1700,0.0042,0.0173,0.0059,1,ACTIVE,3,5,4
1458,9763,5:21:00,0,119.00,0,0.1700,0.0042,0.0173,0.0059,1,ACTIVE,3,5,4
1458,9764,5:21:30,0,152.00,0,0.1700,0.0042,0.0173,0.0059,1,ACTIVE,3,5,4
1458,9765,5:22:00,0,0.00,0,0.1700,0.0042,0.0173,0.0059,1,ACTIVE,3,5,4
1458,9766,5:22:30,0,77.00,0,0.1900,0.0128,0.0173,0.0059,1,ACTIVE,3,5,4
1458,9767,5:23:00,0,93.00,0,0.1700,0.0042,0.0173,0.0059,1,ACTIVE,3,5,4
1458,9768,5:23:30,0,50.00,0,0.1700,0.0042,0.0173,0.0059,1,ACTIVE,3,5,4
1458,9769,5:24:00,0,48.00,0,0.1900,0.0128,0.0173,0.0059,1,ACTIVE,3,5,4
1458,9770,5:24:30,0,3.00,0,0.1700,0.0042,0.0173,0.0059,1,ACTIVE,3,5,4
1458,9771,5:25:00,0,73.00,0,0.1700,0.0042,0.0173,0.0059,1,ACTIVE,3,5,4
1458,9772,5:25:30,0,259.00,0,0.1700,0.0042,0.0173,0.0059,1,ACTIVE,3,5,4
1458,9773,5:26:00,0,243.00,0,2.5800,0.2660,0.2230,0.0298,1,ACTIVE,3,5,4
1458,9774,5:26:30,0,158.00,0,52.9500,7.3100,4.1600,0.3370,1,ACTIVE,3,5,4
1458,9775,5:27:00,0,179.00,0,56.5900,8.8800,4.1600,0.4870,1,ACTIVE,3,5,4
1458,9776,5:27:30,0,86.00,0,54.1500,7.8000,4.1600,0.4470,1,ACTIVE,3,5,4
1458,9777,5:28:00,0,100.00,0,56.9700,8.3200,4.3400,0.4870,1,ACTIVE,3,5,4
1458,9778,5:28:30,0,93.00,0,50.7000,7.6300,3.8100,0.3920,1,ACTIVE,3,5,4
1458,9779,5:29:00,0,305.00,0,37.9900,5.8800,2.8200,0.2900,1,ACTIVE,3,5,4
1458,9780,5:29:30,0,179.00,0,42.6500,6.7000,3.1400,0.3160,1,ACTIVE,3,5,4
1458,9781,5:30:00,0,174.00,0,47.5100,7.1500,3.5700,0.3680,1,ACTIVE,3,5,4
1458,9782,5:30:30,0,450.00,0,98.9400,13.4000,7.8000,0.9540,1,ACTIVE,3,5,4
1458,9783,5:31:00,0,337.00,0,57.9500,7.3100,4.7400,0.2840,1,ACTIVE,3,5,4
1458,9784,5:31:30,0,545.00,0,50.9300,5.6300,4.3400,0.3920,1,ACTIVE,3,5,4
1458,9785,5:32:00,0,359.00,0,1.7300,0.2230,0.1390,0.0162,1,ACTIVE,3,5,4
1458,9786,5:32:30,0,277.00,0,6.3200,0.8560,0.4980,0.0596,1,ACTIVE,3,5,4
1458,9787,5:33:00,0,251.00,0,13.5000,2.2700,0.9540,0.1270,1,ACTIVE,3,5,4
1458,9788,5:33:30,0,243.00,0,10.1600,1.8300,0.6890,0.0790,1,ACTIVE,3,5,4
1458,9789,5:34:00,0,527.00,0,9.7600,1.2600,0.7850,0.0880,1,ACTIVE,3,5,4
1458,9790,5:34:30,0,277.00,0,16.0700,2.0800,1.2900,0.1450,1,ACTIVE,3,5,4
1458,9791,5:35:00,0,228.00,0,11.9900,1.5000,0.9750,0.1220,1,ACTIVE,3,5,4
1458,9792,5:35:30,0,199.00,0,10.5300,1.3200,0.8560,0.1050,1,ACTIVE,3,5,4
1458,9793,5:36:00,0,119.00,0,11.0700,1.6400,0.8370,0.1050,1,ACTIVE,3,5,4
1458,9794,5:36:30,0,243.00,0,10.3000,1.2900,0.8370,0.1020,1,ACTIVE,3,5,4
1458,9795,5:37:00,0,408.00,0,19.0300,2.7000,1.4700,0.1720,1,ACTIVE,3,5,4
1458,9796,5:37:30,0,251.00,0,14.9200,3.0100,0.9330,0.0960,1,ACTIVE,3,5,4
1458,9797,5:38:00,0,228.00,0,9.9400,1.3500,0.7850,0.0825,1,ACTIVE,3,5,4
1458,9798,5:38:30,0,464.00,0,22.2700,3.3500,1.6700,0.1800,1,ACTIVE,3,5,4
1458,9799,5:39:00,0,235.00,0,32.4600,3.3500,2.8200,0.3520,1,ACTIVE,3,5,4
1458,9800,5:39:30,0,259.00,0,5.9700,1.1600,0.3840,0.0440,1,ACTIVE,3,5,4
1458,9801,5:40:00,0,277.00,0,11.2200,3.2100,0.4670,0.0395,1,ACTIVE,3,5,4
1458,9802,5:40:30,0,186.00,0,3.4000,0.7350,0.2000,0.0206,1,ACTIVE,3,5,4
1458,9803,5:41:00,0,479.00,0,9.3300,2.2200,0.4980,0.0596,1,ACTIVE,3,5,4
1458,9804,5:41:30,0,326.00,0,10.0900,1.6700,0.7200,0.0740,1,ACTIVE,3,5,4
1458,9805,5:42:00,0,371.00,0,7.3700,1.3800,0.4870,0.0480,1,ACTIVE,3,5,4
1458,9806,5:42:30,0,772.00,0,5.4600,1.4700,0.2490,0.0256,1,ACTIVE,3,5,4
1458,9807,5:43:00,0,168.00,0,0.0100,0.0049,0.0000,0.0000,1,ACTIVE,3,5,4
1458,9808,5:43:30,0,315.00,0,0.1700,0.0042,0.0173,0.0059,1,ACTIVE,3,5,4
1458,9809,5:44:00,0,464.00,0,0.0100,0.0049,0.0000,0.0000,1,ACTIVE,3,5,4
1458,9810,5:44:30,0,268.00,0,0.0100,0.0049,0.0000,0.0000,1,ACTIVE,3,5,4
1458,9811,5:45:00,0,259.00,0,0.0200,0.0049,0.0000,0.0059,1,ACTIVE,3,5,4
1458,9812,5:45:30,0,147.00,0,0.1200,0.0042,0.0125,0.0000,1,ACTIVE,3,5,4
1458,9813,5:46:00,0,268.00,0,0.0100,0.0049,0.0000,0.0000,1,ACTIVE,3,5,4
1458,9814,5:46:30,0,371.00,0,0.0100,0.0049,0.0000,0.0000,1,ACTIVE,3,5,4
1458,9815,5:47:00,0,179.00,0,0.1200,0.0042,0.0125,0.0000,1,ACTIVE,3,5,4
1458,9816,5:47:30,0,141.00,0,0.0100,0.0049,0.0000,0.0000,1,ACTIVE,3,5,4
1458,9817,5:48:00,0,174.00,0,0.0200,0.0049,0.0000,0.0059,1,ACTIVE,3,5,4
1458,9818,5:48:30,0,0.00,0,0.1700,0.0042,0.0173,0.0059,1,ACTIVE,3,5,4
1458,9819,5:49:00,0,80.00,0,0.1700,0.0042,0.0173,0.0059,1,ACTIVE,3,5,4
1458,9820,5:49:30,0,5.00,0,0.1700,0.0042,0.0173,0.0059,0,ACTIVE,3,5,4
1458,9821,5:50:00,0,0.00,0,0.1200,0.0042,0.0125,0.0000,0,ACTIVE,3,5,4
1458,9822,5:50:30,0,7.00,0,0.1700,0.0042,0.0173,0.0059,0,ACTIVE,3,5,4
1458,9823,5:51:00,0,0.00,0,0.1200,0.0042,0.0125,0.0000,0,ACTIVE,3,5,4
1458,9824,5:51:30,0,0.00,0,0.1700,0.0042,0.0173,0.0059,0,ACTIVE,3,5,4
1458,9825,5:52:00,0,0.00,0,0.1700,0.0042,0.0173,0.0059,0,ACTIVE,3,5,4
1458,9826,5:52:30,0,0.00,0,0.1700,0.0042,0.0173,0.0059,0,ACTIVE,3,5,4
1458,9827,5:53:00,0,0.00,0,0.1700,0.0042,0.0173,0.0059,1,ACTIVE,3,5,4
1458,9828,5:53:30,0,0.00,0,0.0200,0.0049,0.0000,0.0059,1,ACTIVE,3,5,4
1458,9829,5:54:00,0,53.00,0,0.1700,0.0042,0.0173,0.0059,1,ACTIVE,3,5,4
1458,9830,5:54:30,0,251.00,0,0.1200,0.0042,0.0125,0.0000,1,ACTIVE,3,5,4
1458,9831,5:55:00,0,494.00,0,0.0200,0.0049,0.0000,0.0059,1,ACTIVE,3,5,4
1458,9832,5:55:30,0,395.00,0,0.1700,0.0042,0.0173,0.0059,1,ACTIVE,3,5,4
1458,9833,5:56:00,0,277.00,0,0.1700,0.0042,0.0173,0.0059,1,ACTIVE,3,5,4
1458,9834,5:56:30,0,168.00,0,0.1700,0.0042,0.0173,0.0059,1,ACTIVE,3,5,4
1458,9835,5:57:00,0,286.00,0,0.1700,0.0042,0.0173,0.0059,1,ACTIVE,3,5,4
1458,9836,5:57:30,0,295.00,0,0.1700,0.0042,0.0173,0.0059,1,ACTIVE,3,5,4
1458,9837,5:58:00,0,315.00,0,0.0100,0.0049,0.0000,0.0000,1,ACTIVE,3,5,4
1458,9838,5:58:30,0,147.00,0,0.1700,0.0042,0.0173,0.0059,1,ACTIVE,3,5,4
1458,9839,5:59:00,0,235.00,0,0.1700,0.0042,0.0173,0.0059,1,ACTIVE,3,5,4
1458,9840,5:59:30,0,212.00,0,0.1700,0.0042,0.0173,0.0059,1,ACTIVE,3,5,4
1458,9841,6:00:00,0,137.00,0,0.1700,0.0042,0.0173,0.0059,1,ACTIVE,3,5,4
1458,9842,6:00:30,0,152.00,0,0.1700,0.0042,0.0173,0.0059,1,ACTIVE,3,5,4
1458,9843,6:01:00,0,14.00,0,0.1700,0.0042,0.0173,0.0059,1,ACTIVE,3,5,4
1458,9844,6:01:30,0,86.00,0,0.1700,0.0042,0.0173,0.0059,1,ACTIVE,3,5,4
1458,9845,6:02:00,0,199.00,0,0.1700,0.0042,0.0173,0.0059,1,ACTIVE,3,5,4
1458,9846,6:02:30,0,100.00,0,0.1700,0.0042,0.0173,0.0059,1,ACTIVE,3,5,4
1458,9847,6:03:00,0,73.00,0,0.1700,0.0042,0.0173,0.0059,1,ACTIVE,3,5,4
1458,9848,6:03:30,0,199.00,0,0.1700,0.0042,0.0173,0.0059,1,ACTIVE,3,5,4
1458,9849,6:04:00,0,206.00,0,0.1700,0.0042,0.0173,0.0059,1,ACTIVE,3,5,4
1458,9850,6:04:30,0,268.00,0,0.1700,0.0042,0.0173,0.0059,1,ACTIVE,3,5,4
1458,9851,6:05:00,0,212.00,0,0.1700,0.0042,0.0173,0.0059,1,ACTIVE,3,5,4
1458,9852,6:05:30,0,141.00,0,0.1700,0.0042,0.0173,0.0059,1,ACTIVE,3,5,4
1458,9853,6:06:00,0,152.00,0,0.1700,0.0042,0.0173,0.0059,1,ACTIVE,3,5,4
1458,9854,6:06:30,0,243.00,0,0.1700,0.0042,0.0173,0.0059,1,ACTIVE,3,5,4
1458,9855,6:07:00,0,315.00,0,0.1700,0.0042,0.0173,0.0059,1,ACTIVE,3,5,4
1458,9856,6:07:30,0,158.00,0,0.1700,0.0042,0.0173,0.0059,1,ACTIVE,3,5,4
1458,9857,6:08:00,0,199.00,0,0.1700,0.0042,0.0173,0.0059,1,ACTIVE,3,5,4
1458,9858,6:08:30,0,158.00,0,0.1700,0.0042,0.0173,0.0059,1,ACTIVE,3,5,4
1458,9859,6:09:00,0,174.00,0,0.1200,0.0042,0.0125,0.0000,1,ACTIVE,3,5,4
1458,9860,6:09:30,0,251.00,0,0.1700,0.0042,0.0173,0.0059,1,ACTIVE,3,5,4
1458,9861,6:10:00,0,243.00,0,0.1700,0.0042,0.0173,0.0059,1,ACTIVE,3,5,4
1458,9862,6:10:30,0,326.00,0,0.1200,0.0042,0.0125,0.0000,1,ACTIVE,3,5,4
1458,9863,6:11:00,0,186.00,0,0.1700,0.0042,0.0173,0.0059,1,ACTIVE,3,5,4
1458,9864,6:11:30,0,77.00,0,0.0200,0.0049,0.0000,0.0059,1,ACTIVE,3,5,4
1458,9865,6:12:00,0,141.00,0,0.1200,0.0042,0.0125,0.0000,1,ACTIVE,3,5,4
1458,9866,6:12:30,0,73.00,0,0.1200,0.0042,0.0125,0.0000,1,ACTIVE,3,5,4
1458,9867,6:13:00,0,48.00,0,0.1700,0.0042,0.0173,0.0059,1,ACTIVE,3,5,4
1458,9868,6:13:30,0,124.00,0,0.1700,0.0042,0.0173,0.0059,1,ACTIVE,3,5,4
1458,9869,6:14:00,0,73.00,0,0.1200,0.0042,0.0125,0.0000,1,ACTIVE,3,5,4
1458,9870,6:14:30,0,96.00,0,0.0200,0.0049,0.0000,0.0059,1,ACTIVE,3,5,4
1458,9871,6:15:00,0,37.00,0,0.1700,0.0042,0.0173,0.0059,1,ACTIVE,3,5,4
1458,9872,6:15:30,0,124.00,0,0.0100,0.0049,0.0000,0.0000,1,ACTIVE,3,5,4
1458,9873,6:16:00,0,110.00,0,0.0200,0.0049,0.0000,0.0059,1,ACTIVE,3,5,4
1458,9874,6:16:30,0,106.00,0,0.1200,0.0042,0.0125,0.0000,1,ACTIVE,3,5,4
1458,9875,6:17:00,0,73.00,0,0.1700,0.0042,0.0173,0.0059,1,ACTIVE,3,5,4
1458,9876,6:17:30,0,179.00,0,0.1700,0.0042,0.0173,0.0059,1,ACTIVE,3,5,4
1458,9877,6:18:00,0,55.00,0,0.1200,0.0042,0.0125,0.0000,1,ACTIVE,3,5,4
1458,9878,6:18:30,0,128.00,0,0.1200,0.0042,0.0125,0.0000,1,ACTIVE,3,5,4
1458,9879,6:19:00,0,315.00,0,0.0100,0.0049,0.0000,0.0000,1,ACTIVE,3,5,4
1458,9880,6:19:30,0,168.00,0,0.0200,0.0049,0.0000,0.0059,1,ACTIVE,3,5,4
1458,9881,6:20:00,0,193.00,0,0.0100,0.0049,0.0000,0.0000,1,ACTIVE,3,5,4
1458,9882,6:20:30,0,315.00,0,0.1200,0.0042,0.0125,0.0000,1,ACTIVE,3,5,4
1458,9883,6:21:00,0,251.00,0,0.0200,0.0049,0.0000,0.0059,1,ACTIVE,3,5,4
1458,9884,6:21:30,0,106.00,0,0.1700,0.0042,0.0173,0.0059,1,ACTIVE,3,5,4
1458,9885,6:22:00,0,186.00,0,0.0200,0.0049,0.0000,0.0059,1,ACTIVE,3,5,4
1458,9886,6:22:30,0,158.00,0,0.0100,0.0049,0.0000,0.0000,1,ACTIVE,3,5,4
1458,9887,6:23:00,0,199.00,0,0.1200,0.0042,0.0125,0.0000,1,ACTIVE,3,5,4
1458,9888,6:23:30,0,206.00,0,0.0200,0.0049,0.0000,0.0059,1,ACTIVE,3,5,4
1458,9889,6:24:00,0,103.00,0,0.0200,0.0049,0.0000,0.0059,1,ACTIVE,3,5,4
1458,9890,6:24:30,0,128.00,0,0.0100,0.0049,0.0000,0.0000,1,ACTIVE,3,5,4
1458,9891,6:25:00,0,100.00,0,0.0100,0.0049,0.0000,0.0000,1,ACTIVE,3,5,4
1458,9892,6:25:30,0,128.00,0,0.0200,0.0049,0.0000,0.0059,1,ACTIVE,3,5,4
1458,9893,6:26:00,0,137.00,0,0.1200,0.0042,0.0125,0.0000,1,ACTIVE,3,5,4
1458,9894,6:26:30,0,110.00,0,0.0100,0.0049,0.0000,0.0000,1,ACTIVE,3,5,4
1458,9895,6:27:00,0,137.00,0,0.0200,0.0049,0.0000,0.0059,1,ACTIVE,3,5,4
1458,9896,6:27:30,0,14.00,0,0.0100,0.0049,0.0000,0.0000,1,ACTIVE,3,5,4
1458,9897,6:28:00,0,337.00,0,0.0100,0.0049,0.0000,0.0000,1,ACTIVE,3,5,4
1458,9898,6:28:30,0,110.00,0,0.0100,0.0049,0.0000,0.0000,1,ACTIVE,3,5,4
1458,9899,6:29:00,0,115.00,0,0.0100,0.0049,0.0000,0.0000,1,ACTIVE,3,5,4
1458,9900,6:29:30,0,137.00,0,0.0100,0.0049,0.0000,0.0000,1,ACTIVE,3,5,4
1458,9901,6:30:00,0,61.00,0,0.0100,0.0049,0.0000,0.0000,1,ACTIVE,3,5,4
1458,9902,6:30:30,0,0.00,0,0.0100,0.0049,0.0000,0.0000,1,ACTIVE,3,5,4
1458,9903,6:31:00,0,39.00,0,0.0200,0.0049,0.0000,0.0059,1,ACTIVE,3,5,4
1458,9904,6:31:30,0,5.00,0,0.1700,0.0042,0.0173,0.0059,1,ACTIVE,3,5,4
1458,9905,6:32:00,0,83.00,0,0.1200,0.0042,0.0125,0.0000,1,ACTIVE,3,5,4
1458,9906,6:32:30,0,96.00,0,0.0100,0.0049,0.0000,0.0000,1,ACTIVE,3,5,4
1458,9907,6:33:00,0,115.00,0,0.1200,0.0042,0.0125,0.0000,1,ACTIVE,3,5,4
1458,9908,6:33:30,0,243.00,0,0.1700,0.0042,0.0173,0.0059,1,ACTIVE,3,5,4
1458,9909,6:34:00,0,110.00,0,0.0100,0.0049,0.0000,0.0000,1,ACTIVE,3,5,4
1458,9910,6:34:30,0,53.00,0,0.0200,0.0049,0.0000,0.0059,1,ACTIVE,3,5,4
1458,9911,6:35:00,0,174.00,0,0.1200,0.0042,0.0125,0.0000,1,ACTIVE,3,5,4
1458,9912,6:35:30,0,199.00,0,0.1200,0.0042,0.0125,0.0000,1,ACTIVE,3,5,4
1458,9913,6:36:00,0,199.00,0,0.0100,0.0049,0.0000,0.0000,1,ACTIVE,3,5,4
1458,9914,6:36:30,0,70.00,0,0.0100,0.0049,0.0000,0.0000,1,ACTIVE,3,5,4
1458,9915,6:37:00,0,206.00,0,0.0200,0.0049,0.0000,0.0059,1,ACTIVE,3,5,4
1458,9916,6:37:30,0,186.00,0,0.1700,0.0042,0.0173,0.0059,1,ACTIVE,3,5,4
1458,9917,6:38:00,0,73.00,0,0.0100,0.0049,0.0000,0.0000,1,ACTIVE,3,5,4
1458,9918,6:38:30,0,124.00,0,0.1200,0.0042,0.0125,0.0000,1,ACTIVE,3,5,4
1458,9919,6:39:00,0,77.00,0,0.0100,0.0049,0.0000,0.0000,1,ACTIVE,3,5,4
1458,9920,6:39:30,0,206.00,0,0.0200,0.0049,0.0000,0.0059,1,ACTIVE,3,5,4
1458,9921,6:40:00,0,59.00,0,0.1200,0.0042,0.0125,0.0000,1,ACTIVE,3,5,4
1458,9922,6:40:30,0,100.00,0,0.0100,0.0049,0.0000,0.0000,1,ACTIVE,3,5,4
1458,9923,6:41:00,0,106.00,0,0.1200,0.0042,0.0125,0.0000,1,ACTIVE,3,5,4
1458,9924,6:41:30,0,93.00,0,0.0200,0.0049,0.0000,0.0059,1,ACTIVE,3,5,4
1458,9925,6:42:00,0,168.00,0,0.0100,0.0049,0.0000,0.0000,1,ACTIVE,3,5,4
1458,9926,6:42:30,0,158.00,0,0.0200,0.0049,0.0000,0.0059,1,ACTIVE,3,5,4
1458,9927,6:43:00,0,96.00,0,0.0100,0.0049,0.0000,0.0000,1,ACTIVE,3,5,4
1458,9928,6:43:30,0,128.00,0,0.1700,0.0042,0.0173,0.0059,1,ACTIVE,3,5,4
1458,9929,6:44:00,0,199.00,0,0.0200,0.0049,0.0000,0.0059,1,ACTIVE,3,5,4
1458,9930,6:44:30,0,96.00,0,0.1200,0.0042,0.0125,0.0000,1,ACTIVE,3,5,4
1458,9931,6:45:00,0,137.00,0,0.0100,0.0049,0.0000,0.0000,1,ACTIVE,3,5,4
1458,9932,6:45:30,0,103.00,0,0.0100,0.0049,0.0000,0.0000,1,ACTIVE,3,5,4
1458,9933,6:46:00,0,23.00,0,0.0100,0.0049,0.0000,0.0000,1,ACTIVE,3,5,4
1458,9934,6:46:30,0,86.00,0,0.0100,0.0049,0.0000,0.0000,1,ACTIVE,3,5,4
1458,9935,6:47:00,0,90.00,0,0.1700,0.0042,0.0173,0.0059,1,ACTIVE,3,5,4
1458,9936,6:47:30,0,168.00,0,0.1700,0.0042,0.0173,0.0059,1,ACTIVE,3,5,4
1458,9937,6:48:00,0,86.00,0,0.0200,0.0049,0.0000,0.0059,1,ACTIVE,3,5,4
1458,9938,6:48:30,0,115.00,0,0.0200,0.0049,0.0000,0.0059,1,ACTIVE,3,5,4
1458,9939,6:49:00,0,220.00,0,0.0100,0.0049,0.0000,0.0000,1,ACTIVE,3,5,4
1458,9940,6:49:30,0,268.00,0,0.0100,0.0049,0.0000,0.0000,1,ACTIVE,3,5,4
1458,9941,6:50:00,0,158.00,0,0.0200,0.0049,0.0000,0.0059,1,ACTIVE,3,5,4
1458,9942,6:50:30,0,86.00,0,0.0100,0.0049,0.0000,0.0000,1,ACTIVE,3,5,4
1458,9943,6:51:00,0,137.00,0,0.1200,0.0042,0.0125,0.0000,1,ACTIVE,3,5,4
1458,9944,6:51:30,0,132.00,0,0.1700,0.0042,0.0173,0.0059,1,ACTIVE,3,5,4
1458,9945,6:52:00,0,103.00,0,0.1200,0.0042,0.0125,0.0000,1,ACTIVE,3,5,4
1458,9946,6:52:30,0,115.00,0,0.0200,0.0049,0.0000,0.0059,1,ACTIVE,3,5,4
1458,9947,6:53:00,0,168.00,0,0.0100,0.0049,0.0000,0.0000,1,ACTIVE,3,5,4
1458,9948,6:53:30,0,55.00,0,0.1700,0.0042,0.0173,0.0059,1,ACTIVE,3,5,4
1458,9949,6:54:00,0,132.00,0,0.0200,0.0049,0.0000,0.0059,1,ACTIVE,3,5,4
1458,9950,6:54:30,0,243.00,0,0.1200,0.0042,0.0125,0.0000,1,ACTIVE,3,5,4
1458,9951,6:55:00,0,168.00,0,0.1200,0.0042,0.0125,0.0000,1,ACTIVE,3,5,4
1458,9952,6:55:30,0,110.00,0,0.0100,0.0049,0.0000,0.0000,1,ACTIVE,3,5,4
1458,9953,6:56:00,0,68.00,0,0.0100,0.0049,0.0000,0.0000,1,ACTIVE,3,5,4
1458,9954,6:56:30,0,119.00,0,0.0100,0.0049,0.0000,0.0000,1,ACTIVE,3,5,4
1458,9955,6:57:00,0,199.00,0,0.0100,0.0049,0.0000,0.0000,1,ACTIVE,3,5,4
1458,9956,6:57:30,0,59.00,0,0.0200,0.0049,0.0000,0.0059,1,ACTIVE,3,5,4
1458,9957,6:58:00,0,128.00,0,0.0100,0.0049,0.0000,0.0000,1,ACTIVE,3,5,4
1458,9958,6:58:30,0,268.00,0,0.0100,0.0049,0.0000,0.0000,1,ACTIVE,3,5,4
1458,9959,6:59:00,0,206.00,0,0.0100,0.0049,0.0000,0.0000,1,ACTIVE,3,5,4
1458,9960,6:59:30,0,277.00,0,0.0100,0.0049,0.0000,0.0000,1,ACTIVE,3,5,4
1458,9961,7:00:00,0,199.00,0,0.0200,0.0049,0.0000,0.0059,1,ACTIVE,3,5,4
1458,9962,7:00:30,0,168.00,0,0.0200,0.0049,0.0000,0.0059,1,ACTIVE,3,5,4
1458,9963,7:01:00,0,199.00,0,0.0100,0.0049,0.0000,0.0000,1,ACTIVE,3,5,4
1458,9964,7:01:30,0,141.00,0,0.0200,0.0049,0.0000,0.0059,1,ACTIVE,3,5,4
1458,9965,7:02:00,0,251.00,0,0.0200,0.0049,0.0000,0.0059,1,ACTIVE,3,5,4
1458,9966,7:02:30,0,100.00,0,0.1200,0.0042,0.0125,0.0000,1,ACTIVE,3,5,4
1458,9967,7:03:00,0,147.00,0,0.0200,0.0049,0.0000,0.0059,1,ACTIVE,3,5,4
1458,9968,7:03:30,0,70.00,0,0.0200,0.0049,0.0000,0.0059,1,ACTIVE,3,5,4
1458,9969,7:04:00,0,168.00,0,0.1200,0.0042,0.0125,0.0000,1,ACTIVE,3,5,4
1458,9970,7:04:30,0,163.00,0,0.0200,0.0049,0.0000,0.0059,1,ACTIVE,3,5,4
1458,9971,7:05:00,0,186.00,0,0.0200,0.0049,0.0000,0.0059,1,ACTIVE,3,5,4
1458,9972,7:05:30,0,220.00,0,0.1200,0.0042,0.0125,0.0000,1,ACTIVE,3,5,4
1458,9973,7:06:00,0,251.00,0,0.0100,0.0049,0.0000,0.0000,1,ACTIVE,3,5,4
1458,9974,7:06:30,0,179.00,0,0.0200,0.0049,0.0000,0.0059,1,ACTIVE,3,5,4
1458,9975,7:07:00,0,128.00,0,0.0200,0.0049,0.0000,0.0059,1,ACTIVE,3,5,4
1458,9976,7:07:30,0,63.00,0,0.1200,0.0042,0.0125,0.0000,1,ACTIVE,3,5,4
1458,9977,7:08:00,0,55.00,0,0.1200,0.0042,0.0125,0.0000,1,ACTIVE,3,5,4
1458,9978,7:08:30,0,90.00,0,0.0200,0.0049,0.0000,0.0059,1,ACTIVE,3,5,4
1458,9979,7:09:00,0,96.00,0,0.0200,0.0049,0.0000,0.0059,1,ACTIVE,3,5,4
1458,9980,7:09:30,0,212.00,0,0.0200,0.0049,0.0000,0.0059,1,ACTIVE,3,5,4
1458,9981,7:10:00,0,106.00,0,0.1700,0.0042,0.0173,0.0059,1,ACTIVE,3,5,4
1458,9982,7:10:30,0,186.00,0,0.1700,0.0042,0.0173,0.0059,1,ACTIVE,3,5,4
1458,9983,7:11:00,0,286.00,0,0.1700,0.0042,0.0173,0.0059,1,ACTIVE,3,5,4
1458,9984,7:11:30,0,90.00,0,0.1700,0.0042,0.0173,0.0059,1,ACTIVE,3,5,4
1458,9985,7:12:00,0,50.00,0,0.0200,0.0049,0.0000,0.0059,1,ACTIVE,3,5,4
1458,9986,7:12:30,0,46.00,0,0.0200,0.0049,0.0000,0.0059,1,ACTIVE,3,5,4
1458,9987,7:13:00,0,16.00,0,0.1200,0.0042,0.0125,0.0000,1,ACTIVE,3,5,4
1458,9988,7:13:30,0,26.00,0,0.1700,0.0042,0.0173,0.0059,1,ACTIVE,3,5,4
1458,9989,7:14:00,0,18.00,0,0.0200,0.0049,0.0000,0.0059,1,ACTIVE,3,5,4
1458,9990,7:14:30,0,18.00,0,0.0200,0.0049,0.0000,0.0059,1,ACTIVE,3,5,4
1458,9991,7:15:00,0,0.00,0,0.1700,0.0042,0.0173,0.0059,0,ACTIVE,3,5,4
1458,9992,7:15:30,0,20.00,0,0.0200,0.0049,0.0000,0.0059,1,ACTIVE,3,5,4
1458,9993,7:16:00,0,25.00,0,0.1200,0.0042,0.0125,0.0000,1,ACTIVE,3,5,4
1458,9994,7:16:30,0,11.00,0,0.0200,0.0049,0.0000,0.0059,1,ACTIVE,3,5,4
1458,9995,7:17:00,0,46.00,0,0.1700,0.0042,0.0173,0.0059,1,ACTIVE,3,5,4
1458,9996,7:17:30,0,19.00,0,0.0200,0.0049,0.0000,0.0059,1,ACTIVE,3,5,4
1458,9997,7:18:00,0,16.00,0,0.1200,0.0042,0.0125,0.0000,1,ACTIVE,3,5,4
1458,9998,7:18:30,0,5.00,0,0.0200,0.0049,0.0000,0.0059,0,ACTIVE,3,5,4
1458,9999,7:19:00,0,16.00,0,0.1700,0.0042,0.0173,0.0059,1,ACTIVE,3,5,4
1458,10000,7:19:30,0,23.00,0,0.0100,0.0049,0.0000,0.0000,1,ACTIVE,3,5,4
1458,10001,7:20:00,0,15.00,0,0.0200,0.0049,0.0000,0.0059,1,ACTIVE,3,5,4
1458,10002,7:20:30,0,8.00,0,0.1200,0.0042,0.0125,0.0000,0,ACTIVE,3,5,4
1458,10003,7:21:00,0,23.00,0,0.1700,0.0042,0.0173,0.0059,1,ACTIVE,3,5,4
1458,10004,7:21:30,0,44.00,0,0.0100,0.0049,0.0000,0.0000,1,ACTIVE,3,5,4
1458,10005,7:22:00,0,0.00,0,0.1700,0.0042,0.0173,0.0059,0,ACTIVE,3,5,4
1458,10006,7:22:30,0,21.00,0,0.0200,0.0049,0.0000,0.0059,1,ACTIVE,3,5,4
1458,10007,7:23:00,0,12.00,0,0.1700,0.0042,0.0173,0.0059,1,ACTIVE,3,5,4
1458,10008,7:23:30,0,63.00,0,0.1200,0.0042,0.0125,0.0000,1,ACTIVE,3,5,4
1458,10009,7:24:00,0,23.00,0,0.1700,0.0042,0.0173,0.0059,1,ACTIVE,3,5,4
1458,10010,7:24:30,0,28.00,0,0.1200,0.0042,0.0125,0.0000,1,ACTIVE,3,5,4
1458,10011,7:25:00,0,27.00,0,0.0100,0.0049,0.0000,0.0000,1,ACTIVE,3,5,4
1458,10012,7:25:30,0,50.00,0,0.1700,0.0042,0.0173,0.0059,1,ACTIVE,3,5,4
1458,10013,7:26:00,0,163.00,0,0.1200,0.0042,0.0125,0.0000,1,ACTIVE,3,5,4
1458,10014,7:26:30,0,68.00,0,0.0100,0.0049,0.0000,0.0000,1,ACTIVE,3,5,4
1458,10015,7:27:00,0,1.00,0,0.1700,0.0042,0.0173,0.0059,1,ACTIVE,3,5,4
1458,10016,7:27:30,0,32.00,0,0.1700,0.0042,0.0173,0.0059,1,ACTIVE,3,5,4
1458,10017,7:28:00,0,27.00,0,0.0200,0.0049,0.0000,0.0059,1,ACTIVE,3,5,4
1458,10018,7:28:30,0,0.00,0,0.1700,0.0042,0.0173,0.0059,0,ACTIVE,3,5,4
1458,10019,7:29:00,0,3.00,0,0.1700,0.0042,0.0173,0.0059,1,ACTIVE,3,5,4
1458,10020,7:29:30,0,73.00,0,0.0200,0.0049,0.0000,0.0059,1,ACTIVE,3,5,4
1458,10021,7:30:00,0,90.00,0,0.1700,0.0042,0.0173,0.0059,1,ACTIVE,3,5,4
1458,10022,7:30:30,0,48.00,0,0.1200,0.0042,0.0125,0.0000,1,ACTIVE,3,5,4
1458,10023,7:31:00,0,132.00,0,0.0200,0.0049,0.0000,0.0059,1,ACTIVE,3,5,4
1458,10024,7:31:30,0,119.00,0,0.1700,0.0042,0.0173,0.0059,1,ACTIVE,3,5,4
1458,10025,7:32:00,0,147.00,0,0.1700,0.0042,0.0173,0.0059,1,ACTIVE,3,5,4
1458,10026,7:32:30,0,103.00,0,0.1700,0.0042,0.0173,0.0059,1,ACTIVE,3,5,4
1458,10027,7:33:00,0,315.00,0,0.0200,0.0049,0.0000,0.0059,1,ACTIVE,3,5,4
1458,10028,7:33:30,0,137.00,0,0.1700,0.0042,0.0173,0.0059,1,ACTIVE,3,5,4
1458,10029,7:34:00,0,80.00,0,0.1700,0.0042,0.0173,0.0059,1,ACTIVE,3,5,4
1458,10030,7:34:30,0,61.00,0,0.1700,0.0042,0.0173,0.0059,1,ACTIVE,3,5,4
1458,10031,7:35:00,0,9.00,0,0.1700,0.0042,0.0173,0.0059,1,ACTIVE,3,5,4
1458,10032,7:35:30,0,1.00,0,0.1200,0.0042,0.0125,0.0000,1,ACTIVE,3,5,4
1458,10033,7:36:00,0,96.00,0,0.1700,0.0042,0.0173,0.0059,1,ACTIVE,3,5,4
1458,10034,7:36:30,0,119.00,0,0.1700,0.0042,0.0173,0.0059,1,ACTIVE,3,5,4
1458,10035,7:37:00,0,39.00,0,0.1200,0.0042,0.0125,0.0000,1,ACTIVE,3,5,4
1458,10036,7:37:30,0,83.00,0,0.0100,0.0049,0.0000,0.0000,1,ACTIVE,3,5,4
1458,10037,7:38:00,0,70.00,0,0.0200,0.0049,0.0000,0.0059,1,ACTIVE,3,5,4
1458,10038,7:38:30,0,147.00,0,0.1200,0.0042,0.0125,0.0000,1,ACTIVE,3,5,4
1458,10039,7:39:00,0,152.00,0,0.1200,0.0042,0.0125,0.0000,1,ACTIVE,3,5,4
1458,10040,7:39:30,0,46.00,0,0.0200,0.0049,0.0000,0.0059,1,ACTIVE,3,5,4
1458,10041,7:40:00,0,80.00,0,0.1200,0.0042,0.0125,0.0000,1,ACTIVE,3,5,4
1458,10042,7:40:30,0,42.00,0,0.0200,0.0049,0.0000,0.0059,1,ACTIVE,3,5,4
1458,10043,7:41:00,0,243.00,0,0.1700,0.0042,0.0173,0.0059,1,ACTIVE,3,5,4
1458,10044,7:41:30,0,186.00,0,0.0200,0.0049,0.0000,0.0059,1,ACTIVE,3,5,4
1458,10045,7:42:00,0,251.00,0,0.1700,0.0042,0.0173,0.0059,1,ACTIVE,3,5,4
1458,10046,7:42:30,0,66.00,0,0.1700,0.0042,0.0173,0.0059,1,ACTIVE,3,5,4
1458,10047,7:43:00,0,115.00,0,0.1200,0.0042,0.0125,0.0000,1,ACTIVE,3,5,4
1458,10048,7:43:30,0,251.00,0,0.1700,0.0042,0.0173,0.0059,1,ACTIVE,3,5,4
1458,10049,7:44:00,0,212.00,0,0.1700,0.0042,0.0173,0.0059,1,ACTIVE,3,5,4
1458,10050,7:44:30,0,137.00,0,0.0200,0.0049,0.0000,0.0059,1,ACTIVE,3,5,4
1458,10051,7:45:00,0,259.00,0,0.1200,0.0042,0.0125,0.0000,1,ACTIVE,3,5,4
1458,10052,7:45:30,0,179.00,0,0.1700,0.0042,0.0173,0.0059,1,ACTIVE,3,5,4
1458,10053,7:46:00,0,251.00,0,0.0200,0.0049,0.0000,0.0059,1,ACTIVE,3,5,4
1458,10054,7:46:30,0,96.00,0,0.1200,0.0042,0.0125,0.0000,1,ACTIVE,3,5,4
1458,10055,7:47:00,0,103.00,0,0.0200,0.0049,0.0000,0.0059,1,ACTIVE,3,5,4
1458,10056,7:47:30,0,179.00,0,0.0200,0.0049,0.0000,0.0059,1,ACTIVE,3,5,4
1458,10057,7:48:00,0,147.00,0,0.1200,0.0042,0.0125,0.0000,1,ACTIVE,3,5,4
1458,10058,7:48:30,0,186.00,0,0.1700,0.0042,0.0173,0.0059,1,ACTIVE,3,5,4
1458,10059,7:49:00,0,93.00,0,0.0200,0.0049,0.0000,0.0059,1,ACTIVE,3,5,4
1458,10060,7:49:30,0,119.00,0,0.0200,0.0049,0.0000,0.0059,1,ACTIVE,3,5,4
1458,10061,7:50:00,0,243.00,0,0.1700,0.0042,0.0173,0.0059,1,ACTIVE,3,5,4
1458,10062,7:50:30,0,212.00,0,0.1200,0.0042,0.0125,0.0000,1,ACTIVE,3,5,4
1458,10063,7:51:00,0,48.00,0,0.1700,0.0042,0.0173,0.0059,1,ACTIVE,3,5,4
1458,10064,7:51:30,0,212.00,0,0.0200,0.0049,0.0000,0.0059,1,ACTIVE,3,5,4
1458,10065,7:52:00,0,106.00,0,0.1700,0.0042,0.0173,0.0059,1,ACTIVE,3,5,4
1458,10066,7:52:30,0,100.00,0,0.0200,0.0049,0.0000,0.0059,1,ACTIVE,3,5,4
1458,10067,7:53:00,0,152.00,0,0.0200,0.0049,0.0000,0.0059,1,ACTIVE,3,5,4
1458,10068,7:53:30,0,96.00,0,0.1700,0.0042,0.0173,0.0059,1,ACTIVE,3,5,4
1458,10069,7:54:00,0,212.00,0,0.1700,0.0042,0.0173,0.0059,1,ACTIVE,3,5,4
1458,10070,7:54:30,0,90.00,0,0.1900,0.0128,0.0173,0.0059,1,ACTIVE,3,5,4
1458,10071,7:55:00,0,147.00,0,0.1700,0.0042,0.0173,0.0059,1,ACTIVE,3,5,4
1458,10072,7:55:30,0,168.00,0,0.1700,0.0042,0.0173,0.0059,1,ACTIVE,3,5,4
1458,10073,7:56:00,0,83.00,0,0.0200,0.0049,0.0000,0.0059,1,ACTIVE,3,5,4
1458,10074,7:56:30,0,220.00,0,0.0200,0.0049,0.0000,0.0059,1,ACTIVE,3,5,4
1458,10075,7:57:00,0,50.00,0,0.0200,0.0049,0.0000,0.0059,1,ACTIVE,3,5,4
1458,10076,7:57:30,0,48.00,0,0.1700,0.0042,0.0173,0.0059,1,ACTIVE,3,5,4
1458,10077,7:58:00,0,26.00,0,0.0200,0.0049,0.0000,0.0059,1,ACTIVE,3,5,4
1458,10078,7:58:30,0,0.00,0,0.1700,0.0042,0.0173,0.0059,1,ACTIVE,3,5,4
1458,10079,7:59:00,0,168.00,0,0.1700,0.0042,0.0173,0.0059,1,ACTIVE,3,5,4
1458,10080,7:59:30,0,115.00,0,0.1700,0.0042,0.0173,0.0059,1,ACTIVE,3,5,4
1458,10081,8:00:00,0,179.00,0,0.0200,0.0049,0.0000,0.0059,1,ACTIVE,3,5,4
1458,10082,8:00:30,0,199.00,0,0.0200,0.0049,0.0000,0.0059,1,ACTIVE,3,5,4
1458,10083,8:01:00,0,30.00,0,0.1700,0.0042,0.0173,0.0059,1,ACTIVE,3,5,4
1458,10084,8:01:30,0,11.00,0,0.1700,0.0042,0.0173,0.0059,1,ACTIVE,3,5,4
1458,10085,8:02:00,0,10.00,0,0.1200,0.0042,0.0125,0.0000,1,ACTIVE,3,5,4
1458,10086,8:02:30,0,3.00,0,0.0100,0.0049,0.0000,0.0000,1,ACTIVE,3,5,4
1458,10087,8:03:00,0,193.00,0,0.1700,0.0042,0.0173,0.0059,1,ACTIVE,3,5,4
1458,10088,8:03:30,0,220.00,0,0.1200,0.0042,0.0125,0.0000,1,ACTIVE,3,5,4
1458,10089,8:04:00,0,199.00,0,0.0200,0.0049,0.0000,0.0059,1,ACTIVE,3,5,4
1458,10090,8:04:30,0,243.00,0,0.1200,0.0042,0.0125,0.0000,1,ACTIVE,3,5,4
1458,10091,8:05:00,0,158.00,0,0.0200,0.0049,0.0000,0.0059,1,ACTIVE,3,5,4
1458,10092,8:05:30,0,128.00,0,0.1200,0.0042,0.0125,0.0000,1,ACTIVE,3,5,4
1458,10093,8:06:00,0,96.00,0,0.0100,0.0049,0.0000,0.0000,1,ACTIVE,3,5,4
1458,10094,8:06:30,0,93.00,0,0.0100,0.0049,0.0000,0.0000,1,ACTIVE,3,5,4
1458,10095,8:07:00,0,103.00,0,0.0200,0.0049,0.0000,0.0059,1,ACTIVE,3,5,4
1458,10096,8:07:30,0,152.00,0,0.1200,0.0042,0.0125,0.0000,1,ACTIVE,3,5,4
1458,10097,8:08:00,0,119.00,0,0.0100,0.0049,0.0000,0.0000,1,ACTIVE,3,5,4
1458,10098,8:08:30,0,147.00,0,0.0100,0.0049,0.0000,0.0000,1,ACTIVE,3,5,4
1458,10099,8:09:00,0,286.00,0,0.0100,0.0049,0.0000,0.0000,1,ACTIVE,3,5,4
1458,10100,8:09:30,0,251.00,0,0.0100,0.0049,0.0000,0.0000,1,ACTIVE,3,5,4
1458,10101,8:10:00,0,337.00,0,0.0100,0.0049,0.0000,0.0000,1,ACTIVE,3,5,4
1458,10102,8:10:30,0,259.00,0,0.0100,0.0049,0.0000,0.0000,1,ACTIVE,3,5,4
1458,10103,8:11:00,0,206.00,0,0.0100,0.0049,0.0000,0.0000,1,ACTIVE,3,5,4
1458,10104,8:11:30,0,235.00,0,0.0200,0.0049,0.0000,0.0059,1,ACTIVE,3,5,4
1458,10105,8:12:00,0,259.00,0,0.0100,0.0049,0.0000,0.0000,1,ACTIVE,3,5,4
1458,10106,8:12:30,0,199.00,0,0.0100,0.0049,0.0000,0.0000,1,ACTIVE,3,5,4
1458,10107,8:13:00,0,206.00,0,0.0100,0.0049,0.0000,0.0000,1,ACTIVE,3,5,4
1458,10108,8:13:30,0,110.00,0,0.1200,0.0042,0.0125,0.0000,1,ACTIVE,3,5,4
1458,10109,8:14:00,0,199.00,0,0.0100,0.0049,0.0000,0.0000,1,ACTIVE,3,5,4
1458,10110,8:14:30,0,235.00,0,0.0100,0.0049,0.0000,0.0000,1,ACTIVE,3,5,4
1458,10111,8:15:00,0,212.00,0,0.0100,0.0049,0.0000,0.0000,1,ACTIVE,3,5,4
1458,10112,8:15:30,0,128.00,0,0.0100,0.0049,0.0000,0.0000,1,ACTIVE,3,5,4
1458,10113,8:16:00,0,295.00,0,0.0100,0.0049,0.0000,0.0000,1,ACTIVE,3,5,4
1458,10114,8:16:30,0,206.00,0,0.0100,0.0049,0.0000,0.0000,1,ACTIVE,3,5,4
1458,10115,8:17:00,0,193.00,0,0.1200,0.0042,0.0125,0.0000,1,ACTIVE,3,5,4
1458,10116,8:17:30,0,186.00,0,0.0100,0.0049,0.0000,0.0000,1,ACTIVE,3,5,4
1458,10117,8:18:00,0,235.00,0,0.0100,0.0049,0.0000,0.0000,1,ACTIVE,3,5,4
1458,10118,8:18:30,0,295.00,0,0.0100,0.0049,0.0000,0.0000,1,ACTIVE,3,5,4
1458,10119,8:19:00,0,152.00,0,0.0100,0.0049,0.0000,0.0000,1,ACTIVE,3,5,4
1458,10120,8:19:30,0,179.00,0,0.0100,0.0049,0.0000,0.0000,1,ACTIVE,3,5,4
1458,10121,8:20:00,0,110.00,0,0.0100,0.0049,0.0000,0.0000,1,ACTIVE,3,5,4
1458,10122,8:20:30,0,137.00,0,0.0100,0.0049,0.0000,0.0000,1,ACTIVE,3,5,4
1458,10123,8:21:00,0,186.00,0,0.0200,0.0049,0.0000,0.0059,1,ACTIVE,3,5,4
1458,10124,8:21:30,0,228.00,0,0.0200,0.0049,0.0000,0.0059,1,ACTIVE,3,5,4
1458,10125,8:22:00,0,103.00,0,0.0200,0.0049,0.0000,0.0059,1,ACTIVE,3,5,4
1458,10126,8:22:30,0,193.00,0,0.0100,0.0049,0.0000,0.0000,1,ACTIVE,3,5,4
1458,10127,8:23:00,0,212.00,0,0.1200,0.0042,0.0125,0.0000,1,ACTIVE,3,5,4
1458,10128,8:23:30,0,277.00,0,0.0100,0.0049,0.0000,0.0000,1,ACTIVE,3,5,4
1458,10129,8:24:00,0,259.00,0,0.0100,0.0049,0.0000,0.0000,1,ACTIVE,3,5,4
1458,10130,8:24:30,0,174.00,0,0.0200,0.0049,0.0000,0.0059,1,ACTIVE,3,5,4
1458,10131,8:25:00,0,235.00,0,0.0200,0.0049,0.0000,0.0059,1,ACTIVE,3,5,4
1458,10132,8:25:30,0,337.00,0,0.0100,0.0049,0.0000,0.0000,1,ACTIVE,3,5,4
1458,10133,8:26:00,0,337.00,0,0.0100,0.0049,0.0000,0.0000,1,ACTIVE,3,5,4
1458,10134,8:26:30,0,259.00,0,0.0100,0.0049,0.0000,0.0000,1,ACTIVE,3,5,4
1458,10135,8:27:00,0,137.00,0,0.1700,0.0042,0.0173,0.0059,1,ACTIVE,3,5,4
1458,10136,8:27:30,0,168.00,0,0.0200,0.0049,0.0000,0.0059,1,ACTIVE,3,5,4
1458,10137,8:28:00,0,199.00,0,0.0100,0.0049,0.0000,0.0000,1,ACTIVE,3,5,4
1458,10138,8:28:30,0,70.00,0,0.0100,0.0049,0.0000,0.0000,1,ACTIVE,3,5,4
1458,10139,8:29:00,0,96.00,0,0.0200,0.0049,0.0000,0.0059,1,ACTIVE,3,5,4
1458,10140,8:29:30,0,348.00,0,0.1200,0.0042,0.0125,0.0000,1,ACTIVE,3,5,4
1458,10141,8:30:00,0,315.00,0,0.0100,0.0049,0.0000,0.0000,1,ACTIVE,3,5,4
1458,10142,8:30:30,0,212.00,0,0.0100,0.0049,0.0000,0.0000,1,ACTIVE,3,5,4
1458,10143,8:31:00,0,193.00,0,0.0200,0.0049,0.0000,0.0059,1,ACTIVE,3,5,4
1458,10144,8:31:30,0,83.00,0,0.1700,0.0042,0.0173,0.0059,1,ACTIVE,3,5,4
1458,10145,8:32:00,0,147.00,0,0.1700,0.0042,0.0173,0.0059,1,ACTIVE,3,5,4
1458,10146,8:32:30,0,59.00,0,0.0200,0.0049,0.0000,0.0059,1,ACTIVE,3,5,4
1458,10147,8:33:00,0,68.00,0,0.0100,0.0049,0.0000,0.0000,1,ACTIVE,3,5,4
1458,10148,8:33:30,0,83.00,0,0.0200,0.0049,0.0000,0.0059,1,ACTIVE,3,5,4
1458,10149,8:34:00,0,90.00,0,0.1200,0.0042,0.0125,0.0000,1,ACTIVE,3,5,4
1458,10150,8:34:30,0,206.00,0,0.0100,0.0049,0.0000,0.0000,1,ACTIVE,3,5,4
1458,10151,8:35:00,0,124.00,0,0.0200,0.0049,0.0000,0.0059,1,ACTIVE,3,5,4
1458,10152,8:35:30,0,86.00,0,0.1200,0.0042,0.0125,0.0000,1,ACTIVE,3,5,4
1458,10153,8:36:00,0,212.00,0,0.0200,0.0049,0.0000,0.0059,1,ACTIVE,3,5,4
1458,10154,8:36:30,0,228.00,0,0.0100,0.0049,0.0000,0.0000,1,ACTIVE,3,5,4
1458,10155,8:37:00,0,147.00,0,0.1200,0.0042,0.0125,0.0000,1,ACTIVE,3,5,4
1458,10156,8:37:30,0,259.00,0,0.0200,0.0049,0.0000,0.0059,1,ACTIVE,3,5,4
1458,10157,8:38:00,0,174.00,0,0.0100,0.0049,0.0000,0.0000,1,ACTIVE,3,5,4
1458,10158,8:38:30,0,235.00,0,0.0100,0.0049,0.0000,0.0000,1,ACTIVE,3,5,4
1458,10159,8:39:00,0,9.00,0,0.0100,0.0049,0.0000,0.0000,1,ACTIVE,3,5,4
1458,10160,8:39:30,0,110.00,0,0.0100,0.0049,0.0000,0.0000,1,ACTIVE,3,5,4
1458,10161,8:40:00,0,119.00,0,0.0100,0.0049,0.0000,0.0000,1,ACTIVE,3,5,4
1458,10162,8:40:30,0,179.00,0,0.0200,0.0049,0.0000,0.0059,1,ACTIVE,3,5,4
1458,10163,8:41:00,0,152.00,0,0.1700,0.0042,0.0173,0.0059,1,ACTIVE,3,5,4
1458,10164,8:41:30,0,124.00,0,0.1200,0.0042,0.0125,0.0000,1,ACTIVE,3,5,4
1458,10165,8:42:00,0,8.00,0,0.0200,0.0049,0.0000,0.0059,1,ACTIVE,3,5,4
1458,10166,8:42:30,0,44.00,0,0.0200,0.0049,0.0000,0.0059,1,ACTIVE,3,5,4
1458,10167,8:43:00,0,115.00,0,0.0200,0.0049,0.0000,0.0059,1,ACTIVE,3,5,4
1458,10168,8:43:30,0,30.00,0,0.0200,0.0049,0.0000,0.0059,1,ACTIVE,3,5,4
1458,10169,8:44:00,0,13.00,0,0.1700,0.0042,0.0173,0.0059,1,ACTIVE,3,5,4
1458,10170,8:44:30,0,61.00,0,0.0100,0.0049,0.0000,0.0000,1,ACTIVE,3,5,4
1458,10171,8:45:00,0,22.00,0,0.1700,0.0042,0.0173,0.0059,1,ACTIVE,3,5,4
1458,10172,8:45:30,0,0.00,0,0.0100,0.0049,0.0000,0.0000,1,ACTIVE,3,5,4
1458,10173,8:46:00,0,80.00,0,0.0200,0.0049,0.0000,0.0059,1,ACTIVE,3,5,4
1458,10174,8:46:30,0,48.00,0,0.0100,0.0049,0.0000,0.0000,1,ACTIVE,3,5,4
1458,10175,8:47:00,0,53.00,0,0.0200,0.0049,0.0000,0.0059,1,ACTIVE,3,5,4
1458,10176,8:47:30,0,90.00,0,0.0200,0.0049,0.0000,0.0059,1,ACTIVE,3,5,4
1458,10177,8:48:00,0,141.00,0,0.0200,0.0049,0.0000,0.0059,1,ACTIVE,3,5,4
1458,10178,8:48:30,0,34.00,0,0.0100,0.0049,0.0000,0.0000,1,ACTIVE,3,5,4
1458,10179,8:49:00,0,147.00,0,0.1200,0.0042,0.0125,0.0000,1,ACTIVE,3,5,4
1458,10180,8:49:30,0,73.00,0,0.0200,0.0049,0.0000,0.0059,1,ACTIVE,3,5,4
1458,10181,8:50:00,0,73.00,0,0.0100,0.0049,0.0000,0.0000,1,ACTIVE,3,5,4
1458,10182,8:50:30,0,124.00,0,0.0200,0.0049,0.0000,0.0059,1,ACTIVE,3,5,4
1458,10183,8:51:00,0,115.00,0,0.0200,0.0049,0.0000,0.0059,1,ACTIVE,3,5,4
1458,10184,8:51:30,0,24.00,0,0.1700,0.0042,0.0173,0.0059,1,ACTIVE,3,5,4
1458,10185,8:52:00,0,66.00,0,0.0100,0.0049,0.0000,0.0000,1,ACTIVE,3,5,4
1458,10186,8:52:30,0,110.00,0,0.0100,0.0049,0.0000,0.0000,1,ACTIVE,3,5,4
1458,10187,8:53:00,0,128.00,0,0.1200,0.0042,0.0125,0.0000,1,ACTIVE,3,5,4
1458,10188,8:53:30,0,212.00,0,0.0200,0.0049,0.0000,0.0059,1,ACTIVE,3,5,4
1458,10189,8:54:00,0,128.00,0,0.0100,0.0049,0.0000,0.0000,1,ACTIVE,3,5,4
1458,10190,8:54:30,0,348.00,0,0.1200,0.0042,0.0125,0.0000,1,ACTIVE,3,5,4
1458,10191,8:55:00,0,464.00,0,0.1200,0.0042,0.0125,0.0000,1,ACTIVE,3,5,4
1458,10192,8:55:30,0,212.00,0,0.0100,0.0049,0.0000,0.0000,1,ACTIVE,3,5,4
1458,10193,8:56:00,0,186.00,0,0.0100,0.0049,0.0000,0.0000,1,ACTIVE,3,5,4
1458,10194,8:56:30,0,59.00,0,0.0100,0.0049,0.0000,0.0000,1,ACTIVE,3,5,4
1458,10195,8:57:00,0,19.00,0,0.0200,0.0049,0.0000,0.0059,1,ACTIVE,3,5,4
1458,10196,8:57:30,0,8.00,0,0.1200,0.0042,0.0125,0.0000,1,ACTIVE,3,5,4
1458,10197,8:58:00,0,0.00,0,0.1200,0.0042,0.0125,0.0000,1,ACTIVE,3,5,4
1458,10198,8:58:30,0,55.00,0,0.0100,0.0049,0.0000,0.0000,1,ACTIVE,3,5,4
1458,10199,8:59:00,0,268.00,0,0.0100,0.0049,0.0000,0.0000,1,ACTIVE,3,5,4
1458,10200,8:59:30,0,220.00,0,0.1700,0.0042,0.0173,0.0059,1,ACTIVE,3,5,4
1458,10201,9:00:00,0,39.00,0,0.0100,0.0049,0.0000,0.0000,1,ACTIVE,3,5,4
1458,10202,9:00:30,0,124.00,0,0.0100,0.0049,0.0000,0.0000,1,ACTIVE,3,5,4
1458,10203,9:01:00,0,110.00,0,0.1700,0.0042,0.0173,0.0059,1,ACTIVE,3,5,4
1458,10204,9:01:30,0,286.00,0,0.0200,0.0049,0.0000,0.0059,1,ACTIVE,3,5,4
1458,10205,9:02:00,0,137.00,0,0.0100,0.0049,0.0000,0.0000,1,ACTIVE,3,5,4
1458,10206,9:02:30,0,46.00,0,0.0100,0.0049,0.0000,0.0000,1,ACTIVE,3,5,4
1458,10207,9:03:00,0,1.00,0,0.1700,0.0042,0.0173,0.0059,1,ACTIVE,3,5,4
1458,10208,9:03:30,0,34.00,0,0.1700,0.0042,0.0173,0.0059,1,ACTIVE,3,5,4
1458,10209,9:04:00,0,70.00,0,0.0100,0.0049,0.0000,0.0000,1,ACTIVE,3,5,4
1458,10210,9:04:30,0,96.00,0,0.0100,0.0049,0.0000,0.0000,1,ACTIVE,3,5,4
1458,10211,9:05:00,0,179.00,0,0.0100,0.0049,0.0000,0.0000,1,ACTIVE,3,5,4
1458,10212,9:05:30,0,212.00,0,0.0100,0.0049,0.0000,0.0000,1,ACTIVE,3,5,4
1458,10213,9:06:00,0,158.00,0,0.0100,0.0049,0.0000,0.0000,1,ACTIVE,3,5,4
1458,10214,9:06:30,0,1.00,0,0.0100,0.0049,0.0000,0.0000,1,ACTIVE,3,5,4
1458,10215,9:07:00,0,44.00,0,0.1700,0.0042,0.0173,0.0059,1,ACTIVE,3,5,4
1458,10216,9:07:30,0,124.00,0,0.1700,0.0042,0.0173,0.0059,1,ACTIVE,3,5,4
1458,10217,9:08:00,0,48.00,0,0.0100,0.0049,0.0000,0.0000,1,ACTIVE,3,5,4
1458,10218,9:08:30,0,23.00,0,0.1200,0.0042,0.0125,0.0000,1,ACTIVE,3,5,4
1458,10219,9:09:00,0,55.00,0,0.0100,0.0049,0.0000,0.0000,1,ACTIVE,3,5,4
1458,10220,9:09:30,0,26.00,0,0.0200,0.0049,0.0000,0.0059,1,ACTIVE,3,5,4
1458,10221,9:10:00,0,14.00,0,0.1700,0.0042,0.0173,0.0059,1,ACTIVE,3,5,4
1458,10222,9:10:30,0,48.00,0,0.1700,0.0042,0.0173,0.0059,1,ACTIVE,3,5,4
1458,10223,9:11:00,0,132.00,0,0.0200,0.0049,0.0000,0.0059,1,ACTIVE,3,5,4
1458,10224,9:11:30,0,359.00,0,0.1700,0.0042,0.0173,0.0059,1,ACTIVE,3,5,4
1458,10225,9:12:00,0,46.00,0,0.0200,0.0049,0.0000,0.0059,1,ACTIVE,3,5,4
1458,10226,9:12:30,0,12.00,0,0.1200,0.0042,0.0125,0.0000,1,ACTIVE,3,5,4
1458,10227,9:13:00,0,10.00,0,0.1700,0.0042,0.0173,0.0059,1,ACTIVE,3,5,4
1458,10228,9:13:30,0,90.00,0,0.1700,0.0042,0.0173,0.0059,1,ACTIVE,3,5,4
1458,10229,9:14:00,0,20.00,0,0.1700,0.0042,0.0173,0.0059,1,ACTIVE,3,5,4
1458,10230,9:14:30,0,46.00,0,0.0200,0.0049,0.0000,0.0059,1,ACTIVE,3,5,4
1458,10231,9:15:00,0,44.00,0,0.0200,0.0049,0.0000,0.0059,1,ACTIVE,3,5,4
1458,10232,9:15:30,0,13.00,0,0.0200,0.0049,0.0000,0.0059,1,ACTIVE,3,5,4
1458,10233,9:16:00,0,115.00,0,0.1700,0.0042,0.0173,0.0059,1,ACTIVE,3,5,4
1458,10234,9:16:30,0,57.00,0,0.1200,0.0042,0.0125,0.0000,1,ACTIVE,3,5,4
1458,10235,9:17:00,0,1.00,0,0.0200,0.0049,0.0000,0.0059,1,ACTIVE,3,5,4
1458,10236,9:17:30,0,0.00,0,0.1700,0.0042,0.0173,0.0059,0,ACTIVE,3,5,4
1458,10237,9:18:00,0,12.00,0,0.1200,0.0042,0.0125,0.0000,0,ACTIVE,3,5,4
1458,10238,9:18:30,0,11.00,0,0.1200,0.0042,0.0125,0.0000,1,ACTIVE,3,5,4
1458,10239,9:19:00,0,8.00,0,0.1700,0.0042,0.0173,0.0059,1,ACTIVE,3,5,4
1458,10240,9:19:30,0,110.00,0,0.1700,0.0042,0.0173,0.0059,1,ACTIVE,3,5,4
1458,10241,9:20:00,0,0.00,0,0.1700,0.0042,0.0173,0.0059,0,ACTIVE,3,5,4
1458,10242,9:20:30,0,4.00,0,0.1200,0.0042,0.0125,0.0000,0,ACTIVE,3,5,4
1458,10243,9:21:00,0,0.00,0,0.1700,0.0042,0.0173,0.0059,0,ACTIVE,3,5,4
1458,10244,9:21:30,0,13.00,0,0.0200,0.0049,0.0000,0.0059,1,ACTIVE,3,5,4
1458,10245,9:22:00,0,0.00,0,0.1700,0.0042,0.0173,0.0059,0,ACTIVE,3,5,4
1458,10246,9:22:30,0,59.00,0,0.1700,0.0042,0.0173,0.0059,1,ACTIVE,3,5,4
1458,10247,9:23:00,0,19.00,0,0.1700,0.0042,0.0173,0.0059,1,ACTIVE,3,5,4
1458,10248,9:23:30,0,206.00,0,0.1700,0.0042,0.0173,0.0059,1,ACTIVE,3,5,4
1458,10249,9:24:00,0,128.00,0,0.1700,0.0042,0.0173,0.0059,1,ACTIVE,3,5,4
1458,10250,9:24:30,0,77.00,0,0.1700,0.0042,0.0173,0.0059,1,ACTIVE,3,5,4
1458,10251,9:25:00,0,147.00,0,0.1700,0.0042,0.0173,0.0059,1,ACTIVE,3,5,4
1458,10252,9:25:30,0,50.00,0,0.1700,0.0042,0.0173,0.0059,1,ACTIVE,3,5,4
1458,10253,9:26:00,0,24.00,0,0.1900,0.0128,0.0173,0.0059,1,ACTIVE,3,5,4
1458,10254,9:26:30,0,44.00,0,0.1700,0.0042,0.0173,0.0059,1,ACTIVE,3,5,4
1458,10255,9:27:00,0,37.00,0,0.1700,0.0042,0.0173,0.0059,1,ACTIVE,3,5,4
1458,10256,9:27:30,0,7.00,0,0.1900,0.0128,0.0173,0.0059,1,ACTIVE,3,5,4
1458,10257,9:28:00,0,27.00,0,0.1900,0.0128,0.0173,0.0059,1,ACTIVE,3,5,4
1458,10258,9:28:30,0,44.00,0,0.1900,0.0128,0.0173,0.0059,1,ACTIVE,3,5,4
1458,10259,9:29:00,0,30.00,0,0.1700,0.0042,0.0173,0.0059,1,ACTIVE,3,5,4
1458,10260,9:29:30,0,32.00,0,0.1700,0.0042,0.0173,0.0059,1,ACTIVE,3,5,4
1458,10261,9:30:00,0,11.00,0,0.1700,0.0042,0.0173,0.0059,1,ACTIVE,3,5,4
1458,10262,9:30:30,0,24.00,0,0.1900,0.0128,0.0173,0.0059,1,ACTIVE,3,5,4
1458,10263,9:31:00,0,15.00,0,0.1900,0.0128,0.0173,0.0059,1,ACTIVE,3,5,4
1458,10264,9:31:30,0,119.00,0,0.1700,0.0042,0.0173,0.0059,1,ACTIVE,3,5,4
1458,10265,9:32:00,0,35.00,0,0.1700,0.0042,0.0173,0.0059,1,ACTIVE,3,5,4
1458,10266,9:32:30,0,33.00,0,0.1700,0.0042,0.0173,0.0059,1,ACTIVE,3,5,4
1458,10267,9:33:00,0,12.00,0,0.0600,0.0128,0.0012,0.0215,1,ACTIVE,3,5,4
1458,10268,9:33:30,0,30.00,0,0.1900,0.0128,0.0173,0.0059,1,ACTIVE,3,5,4
1458,10269,9:34:00,0,119.00,0,0.1700,0.0042,0.0173,0.0059,1,ACTIVE,3,5,4
1458,10270,9:34:30,0,141.00,0,0.0800,0.0128,0.0012,0.0354,1,ACTIVE,3,5,4
1458,10271,9:35:00,0,295.00,0,0.1700,0.0042,0.0173,0.0059,1,ACTIVE,3,5,4
1458,10272,9:35:30,0,199.00,0,0.1700,0.0042,0.0173,0.0059,1,ACTIVE,3,5,4
1458,10273,9:36:00,0,199.00,0,0.1700,0.0256,0.0035,0.0790,1,ACTIVE,3,5,4
1458,10274,9:36:30,0,206.00,0,0.4100,0.0596,0.0105,0.1720,1,ACTIVE,3,5,4
1458,10275,9:37:00,0,359.00,0,0.1800,0.0339,0.0035,0.0650,1,ACTIVE,3,5,4
1458,10276,9:37:30,0,179.00,0,0.0900,0.0256,0.0012,0.0215,1,ACTIVE,3,5,4
1458,10277,9:38:00,0,168.00,0,0.1100,0.0339,0.0012,0.0215,1,ACTIVE,3,5,4
1458,10278,9:38:30,0,326.00,0,0.1900,0.0128,0.0173,0.0059,1,ACTIVE,3,5,4
1458,10279,9:39:00,0,235.00,0,0.1700,0.0042,0.0173,0.0059,1,ACTIVE,3,5,4
1458,10280,9:39:30,0,141.00,0,0.1900,0.0128,0.0173,0.0059,1,ACTIVE,3,5,4
1458,10281,9:40:00,0,163.00,0,0.1900,0.0128,0.0173,0.0059,1,ACTIVE,3,5,4
1458,10282,9:40:30,0,119.00,0,0.1700,0.0042,0.0173,0.0059,1,ACTIVE,3,5,4
1458,10283,9:41:00,0,174.00,0,0.1700,0.0042,0.0173,0.0059,1,ACTIVE,3,5,4
1458,10284,9:41:30,0,119.00,0,0.1700,0.0042,0.0173,0.0059,1,ACTIVE,3,5,4
1458,10285,9:42:00,0,124.00,0,0.1700,0.0042,0.0173,0.0059,1,ACTIVE,3,5,4
1458,10286,9:42:30,0,73.00,0,0.1700,0.0042,0.0173,0.0059,1,ACTIVE,3,5,4
1458,10287,9:43:00,0,32.00,0,0.1700,0.0042,0.0173,0.0059,1,ACTIVE,3,5,4
1458,10288,9:43:30,0,235.00,0,0.1700,0.0042,0.0173,0.0059,1,ACTIVE,3,5,4
1458,10289,9:44:00,0,115.00,0,0.1200,0.0042,0.0125,0.0000,1,ACTIVE,3,5,4
1458,10290,9:44:30,0,46.00,0,0.1700,0.0042,0.0173,0.0059,1,ACTIVE,3,5,4
1458,10291,9:45:00,0,93.00,0,0.1700,0.0042,0.0173,0.0059,1,ACTIVE,3,5,4
1458,10292,9:45:30,0,86.00,0,0.1700,0.0042,0.0173,0.0059,1,ACTIVE,3,5,4
1458,10293,9:46:00,0,268.00,0,0.1700,0.0042,0.0173,0.0059,1,ACTIVE,3,5,4
1458,10294,9:46:30,0,212.00,0,0.1700,0.0042,0.0173,0.0059,1,ACTIVE,3,5,4
1458,10295,9:47:00,0,295.00,0,0.1700,0.0042,0.0173,0.0059,1,ACTIVE,3,5,4
1458,10296,9:47:30,0,295.00,0,0.1700,0.0042,0.0173,0.0059,1,ACTIVE,3,5,4
1458,10297,9:48:00,0,315.00,0,0.1700,0.0042,0.0173,0.0059,1,ACTIVE,3,5,4
1458,10298,9:48:30,0,251.00,0,0.1900,0.0128,0.0173,0.0059,1,ACTIVE,3,5,4
1458,10299,9:49:00,0,395.00,0,0.1900,0.0128,0.0173,0.0059,1,ACTIVE,3,5,4
1458,10300,9:49:30,0,359.00,0,0.0200,0.0049,0.0000,0.0059,1,ACTIVE,3,5,4
1458,10301,9:50:00,0,305.00,0,0.1700,0.0042,0.0173,0.0059,1,ACTIVE,3,5,4
1458,10302,9:50:30,0,259.00,0,0.1700,0.0042,0.0173,0.0059,1,ACTIVE,3,5,4
1458,10303,9:51:00,0,268.00,0,0.1700,0.0042,0.0173,0.0059,1,ACTIVE,3,5,4
1458,10304,9:51:30,0,80.00,0,0.1700,0.0042,0.0173,0.0059,1,ACTIVE,3,5,4
1458,10305,9:52:00,0,163.00,0,0.1700,0.0042,0.0173,0.0059,1,ACTIVE,3,5,4
1458,10306,9:52:30,0,141.00,0,0.0200,0.0049,0.0000,0.0059,1,ACTIVE,3,5,4
1458,10307,9:53:00,0,147.00,0,0.1700,0.0042,0.0173,0.0059,1,ACTIVE,3,5,4
1458,10308,9:53:30,0,186.00,0,0.0200,0.0049,0.0000,0.0059,1,ACTIVE,3,5,4
1458,10309,9:54:00,0,371.00,0,0.1700,0.0042,0.0173,0.0059,1,ACTIVE,3,5,4
1458,10310,9:54:30,0,137.00,0,0.1700,0.0042,0.0173,0.0059,1,ACTIVE,3,5,4
1458,10311,9:55:00,0,193.00,0,0.0200,0.0049,0.0000,0.0059,1,ACTIVE,3,5,4
1458,10312,9:55:30,0,220.00,0,0.1200,0.0042,0.0125,0.0000,1,ACTIVE,3,5,4
1458,10313,9:56:00,0,277.00,0,0.1700,0.0042,0.0173,0.0059,1,ACTIVE,3,5,4
1458,10314,9:56:30,0,168.00,0,0.1700,0.0042,0.0173,0.0059,1,ACTIVE,3,5,4
1458,10315,9:57:00,0,141.00,0,0.1700,0.0042,0.0173,0.0059,1,ACTIVE,3,5,4
1458,10316,9:57:30,0,259.00,0,0.1700,0.0042,0.0173,0.0059,1,ACTIVE,3,5,4
1458,10317,9:58:00,0,206.00,0,0.0200,0.0049,0.0000,0.0059,1,ACTIVE,3,5,4
1458,10318,9:58:30,0,158.00,0,0.0200,0.0049,0.0000,0.0059,1,ACTIVE,3,5,4
1458,10319,9:59:00,0,228.00,0,0.1200,0.0042,0.0125,0.0000,1,ACTIVE,3,5,4
1458,10320,9:59:30,0,137.00,0,0.1700,0.0042,0.0173,0.0059,1,ACTIVE,3,5,4
1458,10321,10:00:00,0,277.00,0,0.1200,0.0042,0.0125,0.0000,1,ACTIVE,3,5,4
1458,10322,10:00:30,0,228.00,0,0.0200,0.0049,0.0000,0.0059,1,ACTIVE,3,5,4
1458,10323,10:01:00,0,163.00,0,0.0200,0.0049,0.0000,0.0059,1,ACTIVE,3,5,4
1458,10324,10:01:30,0,326.00,0,0.1200,0.0042,0.0125,0.0000,1,ACTIVE,3,5,4
1458,10325,10:02:00,0,174.00,0,0.1700,0.0042,0.0173,0.0059,1,ACTIVE,3,5,4
1458,10326,10:02:30,0,46.00,0,0.1200,0.0042,0.0125,0.0000,1,ACTIVE,3,5,4
1458,10327,10:03:00,0,96.00,0,0.1200,0.0042,0.0125,0.0000,1,ACTIVE,3,5,4
1458,10328,10:03:30,0,186.00,0,0.1700,0.0042,0.0173,0.0059,1,ACTIVE,3,5,4
1458,10329,10:04:00,0,268.00,0,0.0200,0.0049,0.0000,0.0059,1,ACTIVE,3,5,4
1458,10330,10:04:30,0,70.00,0,0.1700,0.0042,0.0173,0.0059,1,ACTIVE,3,5,4
1458,10331,10:05:00,0,63.00,0,0.1700,0.0042,0.0173,0.0059,1,ACTIVE,3,5,4
1458,10332,10:05:30,0,59.00,0,0.0200,0.0049,0.0000,0.0059,1,ACTIVE,3,5,4
1458,10333,10:06:00,0,11.00,0,0.1200,0.0042,0.0125,0.0000,1,ACTIVE,3,5,4
1458,10334,10:06:30,0,103.00,0,0.1700,0.0042,0.0173,0.0059,1,ACTIVE,3,5,4
1458,10335,10:07:00,0,3.00,0,0.1700,0.0042,0.0173,0.0059,1,ACTIVE,3,5,4
1458,10336,10:07:30,0,268.00,0,0.1700,0.0042,0.0173,0.0059,1,ACTIVE,3,5,4
1458,10337,10:08:00,0,235.00,0,0.1700,0.0042,0.0173,0.0059,1,ACTIVE,3,5,4
1458,10338,10:08:30,0,193.00,0,0.1700,0.0042,0.0173,0.0059,1,ACTIVE,3,5,4
1458,10339,10:09:00,0,42.00,0,0.1700,0.0042,0.0173,0.0059,1,ACTIVE,3,5,4
1458,10340,10:09:30,0,23.00,0,0.1200,0.0042,0.0125,0.0000,1,ACTIVE,3,5,4
1458,10341,10:10:00,0,16.00,0,0.0200,0.0049,0.0000,0.0059,1,ACTIVE,3,5,4
1458,10342,10:10:30,0,0.00,0,0.1700,0.0042,0.0173,0.0059,0,ACTIVE,3,5,4
1458,10343,10:11:00,0,42.00,0,0.1700,0.0042,0.0173,0.0059,1,ACTIVE,3,5,4
1458,10344,10:11:30,0,46.00,0,0.1700,0.0042,0.0173,0.0059,1,ACTIVE,3,5,4
1458,10345,10:12:00,0,32.00,0,0.1700,0.0042,0.0173,0.0059,1,ACTIVE,3,5,4
1458,10346,10:12:30,0,21.00,0,0.1700,0.0042,0.0173,0.0059,1,ACTIVE,3,5,4
1458,10347,10:13:00,0,1.00,0,0.0200,0.0049,0.0000,0.0059,0,ACTIVE,3,5,4
1458,10348,10:13:30,0,0.00,0,0.1700,0.0042,0.0173,0.0059,0,ACTIVE,3,5,4
1458,10349,10:14:00,0,1.00,0,0.0200,0.0049,0.0000,0.0059,0,ACTIVE,3,5,4
1458,10350,10:14:30,0,0.00,0,0.1200,0.0042,0.0125,0.0000,0,ACTIVE,3,5,4
1458,10351,10:15:00,0,35.00,0,0.0200,0.0049,0.0000,0.0059,1,ACTIVE,3,5,4
1458,10352,10:15:30,0,46.00,0,0.1700,0.0042,0.0173,0.0059,1,ACTIVE,3,5,4
1458,10353,10:16:00,0,11.00,0,0.1200,0.0042,0.0125,0.0000,1,ACTIVE,3,5,4
1458,10354,10:16:30,0,11.00,0,0.1700,0.0042,0.0173,0.0059,1,ACTIVE,3,5,4
1458,10355,10:17:00,0,22.00,0,0.1700,0.0042,0.0173,0.0059,1,ACTIVE,3,5,4
1458,10356,10:17:30,0,31.00,0,0.0200,0.0049,0.0000,0.0059,1,ACTIVE,3,5,4
1458,10357,10:18:00,0,14.00,0,0.1700,0.0042,0.0173,0.0059,1,ACTIVE,3,5,4
1458,10358,10:18:30,0,1.00,0,0.0200,0.0049,0.0000,0.0059,0,ACTIVE,3,5,4
1458,10359,10:19:00,0,0.00,0,0.1700,0.0042,0.0173,0.0059,0,ACTIVE,3,5,4
1458,10360,10:19:30,0,8.00,0,0.1700,0.0042,0.0173,0.0059,1,ACTIVE,3,5,4
1458,10361,10:20:00,0,3.00,0,0.1700,0.0042,0.0173,0.0059,1,ACTIVE,3,5,4
1458,10362,10:20:30,0,206.00,0,0.0200,0.0049,0.0000,0.0059,1,ACTIVE,3,5,4
1458,10363,10:21:00,0,124.00,0,0.1700,0.0042,0.0173,0.0059,1,ACTIVE,3,5,4
1458,10364,10:21:30,0,63.00,0,0.1700,0.0042,0.0173,0.0059,1,ACTIVE,3,5,4
1458,10365,10:22:00,0,326.00,0,0.1700,0.0042,0.0173,0.0059,1,ACTIVE,3,5,4
1458,10366,10:22:30,0,68.00,0,0.1700,0.0042,0.0173,0.0059,1,ACTIVE,3,5,4
1458,10367,10:23:00,0,12.00,0,0.1700,0.0042,0.0173,0.0059,1,ACTIVE,3,5,4
1458,10368,10:23:30,0,5.00,0,0.1700,0.0042,0.0173,0.0059,1,ACTIVE,3,5,4
1458,10369,10:24:00,0,12.00,0,0.1700,0.0042,0.0173,0.0059,1,ACTIVE,3,5,4
1458,10370,10:24:30,0,8.00,0,0.1700,0.0042,0.0173,0.0059,0,ACTIVE,3,5,4
1458,10371,10:25:00,0,8.00,0,0.1700,0.0042,0.0173,0.0059,0,ACTIVE,3,5,4
1458,10372,10:25:30,0,5.00,0,0.1700,0.0042,0.0173,0.0059,0,ACTIVE,3,5,4
1458,10373,10:26:00,0,8.00,0,0.1700,0.0042,0.0173,0.0059,0,ACTIVE,3,5,4
1458,10374,10:26:30,0,0.00,0,0.1700,0.0042,0.0173,0.0059,0,ACTIVE,3,5,4
1458,10375,10:27:00,0,14.00,0,0.1700,0.0042,0.0173,0.0059,1,ACTIVE,3,5,4
1458,10376,10:27:30,0,57.00,0,0.1700,0.0042,0.0173,0.0059,1,ACTIVE,3,5,4
1458,10377,10:28:00,0,86.00,0,0.1700,0.0042,0.0173,0.0059,1,ACTIVE,3,5,4
1458,10378,10:28:30,0,68.00,0,0.1700,0.0042,0.0173,0.0059,1,ACTIVE,3,5,4
1458,10379,10:29:00,0,34.00,0,0.1700,0.0042,0.0173,0.0059,1,ACTIVE,3,5,4
1458,10380,10:29:30,0,152.00,0,0.1700,0.0042,0.0173,0.0059,1,ACTIVE,3,5,4
1458,10381,10:30:00,0,147.00,0,0.1700,0.0042,0.0173,0.0059,1,ACTIVE,3,5,4
1458,10382,10:30:30,0,5.00,0,0.0400,0.0042,0.0012,0.0215,1,ACTIVE,3,5,4
1458,10383,10:31:00,0,137.00,0,0.1700,0.0042,0.0173,0.0059,1,ACTIVE,3,5,4
1458,10384,10:31:30,0,115.00,0,0.1700,0.0042,0.0173,0.0059,1,ACTIVE,3,5,4
1458,10385,10:32:00,0,32.00,0,0.1700,0.0042,0.0173,0.0059,1,ACTIVE,3,5,4
1458,10386,10:32:30,0,48.00,0,0.1700,0.0042,0.0173,0.0059,1,ACTIVE,3,5,4
1458,10387,10:33:00,0,1.00,0,0.1700,0.0042,0.0173,0.0059,0,ACTIVE,3,5,4
1458,10388,10:33:30,0,34.00,0,0.1700,0.0042,0.0173,0.0059,1,ACTIVE,3,5,4
1458,10389,10:34:00,0,2.00,0,0.1700,0.0042,0.0173,0.0059,0,ACTIVE,3,5,4
1458,10390,10:34:30,0,20.00,0,0.1700,0.0042,0.0173,0.0059,1,ACTIVE,3,5,4
1458,10391,10:35:00,0,11.00,0,0.1700,0.0042,0.0173,0.0059,1,ACTIVE,3,5,4
1458,10392,10:35:30,0,26.00,0,0.0600,0.0128,0.0012,0.0215,1,ACTIVE,3,5,4
1458,10393,10:36:00,0,16.00,0,0.1700,0.0042,0.0173,0.0059,1,ACTIVE,3,5,4
1458,10394,10:36:30,0,23.00,0,0.1700,0.0042,0.0173,0.0059,1,ACTIVE,3,5,4
1458,10395,10:37:00,0,124.00,0,0.0600,0.0128,0.0012,0.0215,1,ACTIVE,3,5,4
1458,10396,10:37:30,0,32.00,0,0.1700,0.0042,0.0173,0.0059,1,ACTIVE,3,5,4
1458,10397,10:38:00,0,8.00,0,0.0600,0.0128,0.0012,0.0215,1,ACTIVE,3,5,4
1458,10398,10:38:30,0,55.00,0,0.5200,0.0128,0.0523,0.0292,1,ACTIVE,3,5,4
1458,10399,10:39:00,0,128.00,0,0.8800,0.0256,0.0880,0.0523,1,ACTIVE,3,5,4
1458,10400,10:39:30,0,259.00,0,0.1700,0.0042,0.0173,0.0059,1,ACTIVE,3,5,4
1458,10401,10:40:00,0,383.00,0,0.1700,0.0042,0.0173,0.0059,1,ACTIVE,3,5,4
1458,10402,10:40:30,0,174.00,0,0.1700,0.0042,0.0173,0.0059,1,ACTIVE,3,5,4
1458,10403,10:41:00,0,243.00,0,0.1700,0.0042,0.0173,0.0059,1,ACTIVE,3,5,4
1458,10404,10:41:30,0,110.00,0,0.1700,0.0042,0.0173,0.0059,1,ACTIVE,3,5,4
1458,10405,10:42:00,0,115.00,0,0.1900,0.0128,0.0173,0.0059,1,ACTIVE,3,5,4
1458,10406,10:42:30,0,199.00,0,0.0600,0.0128,0.0012,0.0215,1,ACTIVE,3,5,4
1458,10407,10:43:00,0,141.00,0,0.1700,0.0042,0.0173,0.0059,1,ACTIVE,3,5,4
1458,10408,10:43:30,0,158.00,0,0.1900,0.0128,0.0173,0.0059,1,ACTIVE,3,5,4
1458,10409,10:44:00,0,243.00,0,0.1900,0.0128,0.0173,0.0059,1,ACTIVE,3,5,4
1458,10410,10:44:30,0,286.00,0,0.1700,0.0042,0.0173,0.0059,1,ACTIVE,3,5,4
1458,10411,10:45:00,0,220.00,0,0.1700,0.0042,0.0173,0.0059,1,ACTIVE,3,5,4
1458,10412,10:45:30,0,147.00,0,0.1700,0.0042,0.0173,0.0059,1,ACTIVE,3,5,4
1458,10413,10:46:00,0,68.00,0,0.1700,0.0042,0.0173,0.0059,1,ACTIVE,3,5,4
1458,10414,10:46:30,0,32.00,0,0.1700,0.0042,0.0173,0.0059,1,ACTIVE,3,5,4
1458,10415,10:47:00,0,132.00,0,0.1700,0.0042,0.0173,0.0059,1,ACTIVE,3,5,4
1458,10416,10:47:30,0,193.00,0,0.1700,0.0042,0.0173,0.0059,1,ACTIVE,3,5,4
1458,10417,10:48:00,0,206.00,0,0.0400,0.0042,0.0012,0.0215,1,ACTIVE,3,5,4
1458,10418,10:48:30,0,80.00,0,0.1700,0.0042,0.0173,0.0059,1,ACTIVE,3,5,4
1458,10419,10:49:00,0,137.00,0,0.1700,0.0042,0.0173,0.0059,1,ACTIVE,3,5,4
1458,10420,10:49:30,0,77.00,0,0.1200,0.0042,0.0125,0.0000,1,ACTIVE,3,5,4
1458,10421,10:50:00,0,5.00,0,0.0200,0.0049,0.0000,0.0059,1,ACTIVE,3,5,4
1458,10422,10:50:30,0,33.00,0,0.0100,0.0049,0.0000,0.0000,1,ACTIVE,3,5,4
1458,10423,10:51:00,0,90.00,0,0.1700,0.0042,0.0173,0.0059,1,ACTIVE,3,5,4
1458,10424,10:51:30,0,46.00,0,0.1700,0.0042,0.0173,0.0059,1,ACTIVE,3,5,4
1458,10425,10:52:00,0,5.00,0,0.1700,0.0042,0.0173,0.0059,1,ACTIVE,3,5,4
1458,10426,10:52:30,0,11.00,0,0.0200,0.0049,0.0000,0.0059,1,ACTIVE,3,5,4
1458,10427,10:53:00,0,5.00,0,0.1700,0.0042,0.0173,0.0059,0,ACTIVE,3,5,4
1458,10428,10:53:30,0,3.00,0,0.1700,0.0042,0.0173,0.0059,0,ACTIVE,3,5,4
1458,10429,10:54:00,0,1.00,0,0.1700,0.0042,0.0173,0.0059,0,ACTIVE,3,5,4
1458,10430,10:54:30,0,57.00,0,0.1700,0.0042,0.0173,0.0059,1,ACTIVE,3,5,4
1458,10431,10:55:00,0,53.00,0,12.9600,3.2100,0.6600,0.0825,1,ACTIVE,3,5,4
1458,10432,10:55:30,0,12.00,0,0.1700,0.0042,0.0173,0.0059,1,ACTIVE,3,5,4
1458,10433,10:56:00,0,0.00,0,0.0100,0.0049,0.0000,0.0000,0,ACTIVE,3,5,4
1458,10434,10:56:30,0,31.00,0,0.1200,0.0042,0.0125,0.0000,1,ACTIVE,3,5,4
1458,10435,10:57:00,0,4.00,0,0.1700,0.0042,0.0173,0.0059,0,ACTIVE,3,5,4
1458,10436,10:57:30,0,42.00,0,0.1700,0.0042,0.0173,0.0059,1,ACTIVE,3,5,4
1458,10437,10:58:00,0,53.00,0,0.1700,0.0042,0.0173,0.0059,1,ACTIVE,3,5,4
1458,10438,10:58:30,0,46.00,0,0.1700,0.0042,0.0173,0.0059,1,ACTIVE,3,5,4
1458,10439,10:59:00,0,13.00,0,0.1700,0.0042,0.0173,0.0059,1,ACTIVE,3,5,4
1458,10440,10:59:30,0,24.00,0,0.1700,0.0042,0.0173,0.0059,1,ACTIVE,3,5,4
1458,10441,11:00:00,0,33.00,0,0.1700,0.0042,0.0173,0.0059,1,ACTIVE,3,5,4
1458,10442,11:00:30,0,53.00,0,0.1700,0.0042,0.0173,0.0059,1,ACTIVE,3,5,4
1458,10443,11:01:00,0,12.00,0,0.0200,0.0049,0.0000,0.0059,1,ACTIVE,3,5,4
1458,10444,11:01:30,0,3.00,0,0.1700,0.0042,0.0173,0.0059,0,ACTIVE,3,5,4
1458,10445,11:02:00,0,21.00,0,0.0200,0.0049,0.0000,0.0059,1,ACTIVE,3,5,4
1458,10446,11:02:30,0,21.00,0,0.0200,0.0049,0.0000,0.0059,1,ACTIVE,3,5,4
1458,10447,11:03:00,0,0.00,0,0.1700,0.0042,0.0173,0.0059,0,ACTIVE,3,5,4
1458,10448,11:03:30,0,34.00,0,0.1700,0.0042,0.0173,0.0059,1,ACTIVE,3,5,4
1458,10449,11:04:00,0,48.00,0,0.1700,0.0042,0.0173,0.0059,1,ACTIVE,3,5,4
1458,10450,11:04:30,0,5.00,0,0.1700,0.0042,0.0173,0.0059,0,ACTIVE,3,5,4
1458,10451,11:05:00,0,39.00,0,0.1700,0.0042,0.0173,0.0059,1,ACTIVE,3,5,4
1458,10452,11:05:30,0,8.00,0,0.1700,0.0042,0.0173,0.0059,0,ACTIVE,3,5,4
1458,10453,11:06:00,0,1.00,0,0.1700,0.0042,0.0173,0.0059,0,ACTIVE,3,5,4
1458,10454,11:06:30,0,0.00,0,0.1700,0.0042,0.0173,0.0059,0,ACTIVE,3,5,4
1458,10455,11:07:00,0,20.00,0,0.1700,0.0042,0.0173,0.0059,1,ACTIVE,3,5,4
1458,10456,11:07:30,0,30.00,0,0.1700,0.0042,0.0173,0.0059,1,ACTIVE,3,5,4
1458,10457,11:08:00,0,12.00,0,0.1700,0.0042,0.0173,0.0059,1,ACTIVE,3,5,4
1458,10458,11:08:30,0,53.00,0,0.1700,0.0042,0.0173,0.0059,1,ACTIVE,3,5,4
1458,10459,11:09:00,0,0.00,0,0.1700,0.0042,0.0173,0.0059,0,ACTIVE,3,5,4
1458,10460,11:09:30,0,0.00,0,0.1700,0.0042,0.0173,0.0059,0,ACTIVE,3,5,4
1458,10461,11:10:00,0,0.00,0,0.1700,0.0042,0.0173,0.0059,0,ACTIVE,3,5,4
1458,10462,11:10:30,0,46.00,0,0.1700,0.0042,0.0173,0.0059,1,ACTIVE,3,5,4
1458,10463,11:11:00,0,26.00,0,0.1700,0.0042,0.0173,0.0059,1,ACTIVE,3,5,4
1458,10464,11:11:30,0,13.00,0,0.1700,0.0042,0.0173,0.0059,1,ACTIVE,3,5,4
1458,10465,11:12:00,0,14.00,0,0.1700,0.0042,0.0173,0.0059,1,ACTIVE,3,5,4
1458,10466,11:12:30,0,3.00,0,0.0200,0.0049,0.0000,0.0059,1,ACTIVE,3,5,4
1458,10467,11:13:00,0,124.00,0,0.1700,0.0042,0.0173,0.0059,1,ACTIVE,3,5,4
1458,10468,11:13:30,0,3.00,0,0.1700,0.0042,0.0173,0.0059,1,ACTIVE,3,5,4
1458,10469,11:14:00,0,44.00,0,0.1700,0.0042,0.0173,0.0059,1,ACTIVE,3,5,4
1458,10470,11:14:30,0,2.00,0,0.1700,0.0042,0.0173,0.0059,1,ACTIVE,3,5,4
1458,10471,11:15:00,0,93.00,0,0.0200,0.0049,0.0000,0.0059,1,ACTIVE,3,5,4
1458,10472,11:15:30,0,44.00,0,0.1700,0.0042,0.0173,0.0059,1,ACTIVE,3,5,4
1458,10473,11:16:00,0,228.00,0,0.1700,0.0042,0.0173,0.0059,1,ACTIVE,3,5,4
1458,10474,11:16:30,0,305.00,0,0.1700,0.0042,0.0173,0.0059,1,ACTIVE,3,5,4
1458,10475,11:17:00,0,251.00,0,0.1700,0.0042,0.0173,0.0059,1,ACTIVE,3,5,4
1458,10476,11:17:30,0,27.00,0,0.1700,0.0042,0.0173,0.0059,1,ACTIVE,3,5,4
1458,10477,11:18:00,0,27.00,0,0.1700,0.0042,0.0173,0.0059,1,ACTIVE,3,5,4
1458,10478,11:18:30,0,2.00,0,0.1700,0.0042,0.0173,0.0059,1,ACTIVE,3,5,4
1458,10479,11:19:00,0,19.00,0,0.1700,0.0042,0.0173,0.0059,1,ACTIVE,3,5,4
1458,10480,11:19:30,0,0.00,0,0.1700,0.0042,0.0173,0.0059,0,ACTIVE,3,5,4
1458,10481,11:20:00,0,0.00,0,0.1700,0.0042,0.0173,0.0059,0,ACTIVE,3,5,4
1458,10482,11:20:30,0,10.00,0,0.1700,0.0042,0.0173,0.0059,1,ACTIVE,3,5,4
1458,10483,11:21:00,0,31.00,0,0.1700,0.0042,0.0173,0.0059,1,ACTIVE,3,5,4
1458,10484,11:21:30,0,137.00,0,0.1700,0.0042,0.0173,0.0059,1,ACTIVE,3,5,4
1458,10485,11:22:00,0,259.00,0,0.0200,0.0049,0.0000,0.0059,1,ACTIVE,3,5,4
1458,10486,11:22:30,0,132.00,0,0.0200,0.0049,0.0000,0.0059,1,ACTIVE,3,5,4
1458,10487,11:23:00,0,315.00,0,0.0200,0.0049,0.0000,0.0059,1,ACTIVE,3,5,4
1458,10488,11:23:30,0,158.00,0,0.1700,0.0042,0.0173,0.0059,1,ACTIVE,3,5,4
1458,10489,11:24:00,0,174.00,0,0.1700,0.0042,0.0173,0.0059,1,ACTIVE,3,5,4
1458,10490,11:24:30,0,228.00,0,0.1700,0.0042,0.0173,0.0059,1,ACTIVE,3,5,4
1458,10491,11:25:00,0,295.00,0,0.1700,0.0042,0.0173,0.0059,1,ACTIVE,3,5,4
1458,10492,11:25:30,0,179.00,0,0.1700,0.0042,0.0173,0.0059,1,ACTIVE,3,5,4
1458,10493,11:26:00,0,158.00,0,0.1700,0.0042,0.0173,0.0059,1,ACTIVE,3,5,4
1458,10494,11:26:30,0,186.00,0,0.1700,0.0042,0.0173,0.0059,1,ACTIVE,3,5,4
1458,10495,11:27:00,0,103.00,0,0.1700,0.0042,0.0173,0.0059,1,ACTIVE,3,5,4
1458,10496,11:27:30,0,124.00,0,0.1700,0.0042,0.0173,0.0059,1,ACTIVE,3,5,4
1458,10497,11:28:00,0,96.00,0,0.0200,0.0049,0.0000,0.0059,1,ACTIVE,3,5,4
1458,10498,11:28:30,0,96.00,0,0.0200,0.0049,0.0000,0.0059,1,ACTIVE,3,5,4
1458,10499,11:29:00,0,48.00,0,0.0200,0.0049,0.0000,0.0059,1,ACTIVE,3,5,4
1458,10500,11:29:30,0,13.00,0,0.1700,0.0042,0.0173,0.0059,1,ACTIVE,3,5,4
1458,10501,11:30:00,0,5.00,0,0.1700,0.0042,0.0173,0.0059,0,ACTIVE,3,5,4
1458,10502,11:30:30,0,3.00,0,0.1700,0.0042,0.0173,0.0059,0,ACTIVE,3,5,4
1458,10503,11:31:00,0,42.00,0,0.1700,0.0042,0.0173,0.0059,1,ACTIVE,3,5,4
1458,10504,11:31:30,0,0.00,0,0.0200,0.0049,0.0000,0.0059,0,ACTIVE,3,5,4
1458,10505,11:32:00,0,0.00,0,0.0200,0.0049,0.0000,0.0059,0,ACTIVE,3,5,4
1458,10506,11:32:30,0,27.00,0,0.1700,0.0042,0.0173,0.0059,1,ACTIVE,3,5,4
1458,10507,11:33:00,0,3.00,0,0.1700,0.0042,0.0173,0.0059,0,ACTIVE,3,5,4
1458,10508,11:33:30,0,1.00,0,0.0200,0.0049,0.0000,0.0059,0,ACTIVE,3,5,4
1458,10509,11:34:00,0,10.00,0,0.1700,0.0042,0.0173,0.0059,0,ACTIVE,3,5,4
1458,10510,11:34:30,0,9.00,0,0.1700,0.0042,0.0173,0.0059,0,ACTIVE,3,5,4
1458,10511,11:35:00,0,11.00,0,0.1700,0.0042,0.0173,0.0059,0,ACTIVE,3,5,4
1458,10512,11:35:30,0,0.00,0,0.1700,0.0042,0.0173,0.0059,0,ACTIVE,3,5,4
1458,10513,11:36:00,0,1.00,0,0.1700,0.0042,0.0173,0.0059,0,ACTIVE,3,5,4
1458,10514,11:36:30,0,73.00,0,0.1700,0.0042,0.0173,0.0059,1,ACTIVE,3,5,4
1458,10515,11:37:00,0,70.00,0,0.1700,0.0042,0.0173,0.0059,1,ACTIVE,3,5,4
1458,10516,11:37:30,0,83.00,0,0.0200,0.0049,0.0000,0.0059,1,ACTIVE,3,5,4
1458,10517,11:38:00,0,61.00,0,0.0200,0.0049,0.0000,0.0059,1,ACTIVE,3,5,4
1458,10518,11:38:30,0,93.00,0,0.1700,0.0042,0.0173,0.0059,1,ACTIVE,3,5,4
1458,10519,11:39:00,0,103.00,0,0.1700,0.0042,0.0173,0.0059,1,ACTIVE,3,5,4
1458,10520,11:39:30,0,383.00,0,0.1700,0.0042,0.0173,0.0059,1,ACTIVE,3,5,4
1458,10521,11:40:00,0,174.00,0,0.1700,0.0042,0.0173,0.0059,1,ACTIVE,3,5,4
1458,10522,11:40:30,0,220.00,0,0.1900,0.0128,0.0173,0.0059,1,ACTIVE,3,5,4
1458,10523,11:41:00,0,137.00,0,0.2100,0.0256,0.0173,0.0059,1,ACTIVE,3,5,4
1458,10524,11:41:30,0,326.00,0,0.2100,0.0256,0.0173,0.0059,1,ACTIVE,3,5,4
1458,10525,11:42:00,0,305.00,0,0.1700,0.0042,0.0173,0.0059,1,ACTIVE,3,5,4
1458,10526,11:42:30,0,174.00,0,0.1700,0.0042,0.0173,0.0059,1,ACTIVE,3,5,4
1458,10527,11:43:00,0,206.00,0,0.1700,0.0042,0.0173,0.0059,1,ACTIVE,3,5,4
1458,10528,11:43:30,0,124.00,0,0.1700,0.0042,0.0173,0.0059,1,ACTIVE,3,5,4
1458,10529,11:44:00,0,106.00,0,0.1700,0.0042,0.0173,0.0059,1,ACTIVE,3,5,4
1458,10530,11:44:30,0,408.00,0,0.0200,0.0049,0.0000,0.0059,1,ACTIVE,3,5,4
1458,10531,11:45:00,0,235.00,0,0.1700,0.0042,0.0173,0.0059,1,ACTIVE,3,5,4
1458,10532,11:45:30,0,106.00,0,0.1700,0.0042,0.0173,0.0059,1,ACTIVE,3,5,4
1458,10533,11:46:00,0,46.00,0,0.0200,0.0049,0.0000,0.0059,1,ACTIVE,3,5,4
1458,10534,11:46:30,0,15.00,0,0.1700,0.0042,0.0173,0.0059,1,ACTIVE,3,5,4
1458,10535,11:47:00,0,59.00,0,0.1700,0.0042,0.0173,0.0059,1,ACTIVE,3,5,4
1458,10536,11:47:30,0,26.00,0,0.0200,0.0049,0.0000,0.0059,1,ACTIVE,3,5,4
1458,10537,11:48:00,0,152.00,0,0.1900,0.0128,0.0173,0.0059,1,ACTIVE,3,5,4
1458,10538,11:48:30,0,277.00,0,0.1700,0.0042,0.0173,0.0059,1,ACTIVE,3,5,4
1458,10539,11:49:00,0,199.00,0,0.1700,0.0042,0.0173,0.0059,1,ACTIVE,3,5,4
1458,10540,11:49:30,0,220.00,0,0.1700,0.0042,0.0173,0.0059,1,ACTIVE,3,5,4
1458,10541,11:50:00,0,152.00,0,0.1700,0.0042,0.0173,0.0059,1,ACTIVE,3,5,4
1458,10542,11:50:30,0,326.00,0,0.1700,0.0042,0.0173,0.0059,1,ACTIVE,3,5,4
1458,10543,11:51:00,0,383.00,0,0.2100,0.0256,0.0173,0.0059,1,ACTIVE,3,5,4
1458,10544,11:51:30,0,359.00,0,0.1700,0.0042,0.0173,0.0059,1,ACTIVE,3,5,4
1458,10545,11:52:00,0,228.00,0,0.1700,0.0042,0.0173,0.0059,1,ACTIVE,3,5,4
1458,10546,11:52:30,0,55.00,0,0.1700,0.0042,0.0173,0.0059,1,ACTIVE,3,5,4
1458,10547,11:53:00,0,63.00,0,0.0200,0.0049,0.0000,0.0059,1,ACTIVE,3,5,4
1458,10548,11:53:30,0,5.00,0,0.1700,0.0042,0.0173,0.0059,1,ACTIVE,3,5,4
1458,10549,11:54:00,0,13.00,0,0.1700,0.0042,0.0173,0.0059,1,ACTIVE,3,5,4
1458,10550,11:54:30,0,55.00,0,0.0200,0.0049,0.0000,0.0059,1,ACTIVE,3,5,4
1458,10551,11:55:00,0,186.00,0,0.2300,0.0339,0.0173,0.0059,1,ACTIVE,3,5,4
1458,10552,11:55:30,0,147.00,0,0.4200,0.1190,0.0173,0.0059,1,ACTIVE,3,5,4
1458,10553,11:56:00,0,26.00,0,0.3100,0.0679,0.0173,0.0059,1,ACTIVE,3,5,4
1458,10554,11:56:30,0,141.00,0,0.2300,0.0339,0.0173,0.0059,1,ACTIVE,3,5,4
1458,10555,11:57:00,0,193.00,0,0.3500,0.0861,0.0173,0.0059,1,ACTIVE,3,5,4
1458,10556,11:57:30,0,68.00,0,0.5100,0.1580,0.0173,0.0059,1,ACTIVE,3,5,4
1458,10557,11:58:00,0,90.00,0,0.7100,0.1720,0.0378,0.0023,1,ACTIVE,3,5,4
1458,10558,11:58:30,0,128.00,0,0.6500,0.1450,0.0378,0.0023,1,ACTIVE,3,5,4
1458,10559,11:59:00,0,83.00,0,1.3800,0.2720,0.0880,0.0115,1,ACTIVE,3,5,4
1458,10560,11:59:30,0,68.00,0,0.3100,0.0679,0.0173,0.0059,1,ACTIVE,3,5,4
1458,10561,12:00:00,0,30.00,0,0.3500,0.0861,0.0173,0.0059,1,ACTIVE,3,5,5
1458,10562,12:00:30,0,77.00,0,0.3300,0.0773,0.0173,0.0059,1,ACTIVE,3,5,5
1458,10563,12:01:00,0,106.00,0,0.2900,0.0596,0.0173,0.0059,1,ACTIVE,3,5,5
1458,10564,12:01:30,0,42.00,0,0.2700,0.0512,0.0173,0.0059,1,ACTIVE,3,5,5
1458,10565,12:02:00,0,32.00,0,0.2500,0.0431,0.0173,0.0059,1,ACTIVE,3,5,5
1458,10566,12:02:30,0,106.00,0,0.2700,0.0512,0.0173,0.0059,1,ACTIVE,3,5,5
1458,10567,12:03:00,0,55.00,0,0.2300,0.0339,0.0173,0.0059,1,ACTIVE,3,5,5
1458,10568,12:03:30,0,12.00,0,0.2500,0.0431,0.0173,0.0059,1,ACTIVE,3,5,5
1458,10569,12:04:00,0,46.00,0,0.2500,0.0431,0.0173,0.0059,1,ACTIVE,3,5,5
1458,10570,12:04:30,0,55.00,0,0.2700,0.0512,0.0173,0.0059,1,ACTIVE,3,5,5
1458,10571,12:05:00,0,66.00,0,0.2700,0.0512,0.0173,0.0059,1,ACTIVE,3,5,5
1458,10572,12:05:30,0,61.00,0,0.3700,0.0939,0.0173,0.0059,1,ACTIVE,3,5,5
1458,10573,12:06:00,0,90.00,0,0.2900,0.0596,0.0173,0.0059,1,ACTIVE,3,5,5
1458,10574,12:06:30,0,90.00,0,0.4100,0.1120,0.0173,0.0059,1,ACTIVE,3,5,5
1458,10575,12:07:00,0,106.00,0,0.3300,0.0773,0.0173,0.0059,1,ACTIVE,3,5,5
1458,10576,12:07:30,0,73.00,0,0.3800,0.1020,0.0173,0.0059,1,ACTIVE,3,5,5
1458,10577,12:08:00,0,61.00,0,0.3700,0.0939,0.0173,0.0059,1,ACTIVE,3,5,5
1458,10578,12:08:30,0,243.00,0,0.2500,0.0431,0.0173,0.0059,1,ACTIVE,3,5,5
1458,10579,12:09:00,0,305.00,0,2.1800,0.1800,0.1920,0.0880,1,ACTIVE,3,5,5
1458,10580,12:09:30,0,359.00,0,6.6700,0.6050,0.5790,0.2330,1,ACTIVE,3,5,5
1458,10581,12:10:00,0,326.00,0,9.7900,0.4570,0.9540,0.3920,1,ACTIVE,3,5,5
1458,10582,12:10:30,0,421.00,0,6.8700,0.2440,0.6890,0.2720,1,ACTIVE,3,5,5
1458,10583,12:11:00,0,243.00,0,3.5600,0.1120,0.3520,0.2090,1,ACTIVE,3,5,5
1458,10584,12:11:30,0,174.00,0,2.1600,0.0939,0.2090,0.1120,1,ACTIVE,3,5,5
1458,10585,12:12:00,0,132.00,0,0.2800,0.0431,0.0059,0.1220,1,ACTIVE,3,5,5
1458,10586,12:12:30,0,86.00,0,11.4300,0.5430,1.1100,0.4670,1,ACTIVE,3,5,5
1458,10587,12:13:00,0,141.00,0,9.4500,0.3160,0.9540,0.3680,1,ACTIVE,3,5,5
1458,10588,12:13:30,0,128.00,0,3.3900,0.2230,0.3160,0.1220,1,ACTIVE,3,5,5
1458,10589,12:14:00,0,86.00,0,7.3600,0.3030,0.7350,0.2330,1,ACTIVE,3,5,5
1458,10590,12:14:30,0,73.00,0,7.6500,0.2960,0.7680,0.2440,1,ACTIVE,3,5,5
1458,10591,12:15:00,0,141.00,0,2.1600,0.1120,0.2090,0.0756,1,ACTIVE,3,5,5
1458,10592,12:15:30,0,86.00,0,4.5600,0.1450,0.4570,0.2230,1,ACTIVE,3,5,5
1458,10593,12:16:00,0,66.00,0,4.8400,0.2050,0.4770,0.1960,1,ACTIVE,3,5,5
1458,10594,12:16:30,0,163.00,0,5.7300,0.1880,0.5790,0.2230,1,ACTIVE,3,5,5
1458,10595,12:17:00,0,128.00,0,0.3500,0.0431,0.0105,0.1510,1,ACTIVE,3,5,5
1458,10596,12:17:30,0,163.00,0,0.1600,0.0256,0.0035,0.0650,1,ACTIVE,3,5,5
1458,10597,12:18:00,0,179.00,0,0.5400,0.0512,0.0140,0.2840,1,ACTIVE,3,5,5
1458,10598,12:18:30,0,77.00,0,0.1900,0.0256,0.0035,0.0919,1,ACTIVE,3,5,5
1458,10599,12:19:00,0,147.00,0,0.2200,0.0256,0.0059,0.1070,1,ACTIVE,3,5,5
1458,10600,12:19:30,0,110.00,0,0.0600,0.0128,0.0012,0.0215,1,ACTIVE,3,5,5
1458,10601,12:20:00,0,206.00,0,0.1300,0.0128,0.0035,0.0650,1,ACTIVE,3,5,5
1458,10602,12:20:30,0,132.00,0,0.1900,0.0256,0.0059,0.0790,1,ACTIVE,3,5,5
1458,10603,12:21:00,0,31.00,0,0.3200,0.0339,0.0081,0.1580,1,ACTIVE,3,5,5
1458,10604,12:21:30,0,93.00,0,0.4000,0.0339,0.0105,0.2140,1,ACTIVE,3,5,5
1458,10605,12:22:00,0,24.00,0,1.7900,0.1960,0.0490,0.8560,1,ACTIVE,3,5,5
1458,10606,12:22:30,0,37.00,0,2.0300,0.2380,0.0583,0.9130,1,ACTIVE,3,5,5
1458,10607,12:23:00,0,35.00,0,3.0300,0.4670,0.0900,1.1100,1,ACTIVE,3,5,5
1458,10608,12:23:30,0,141.00,0,0.7200,0.0939,0.0189,0.3160,1,ACTIVE,3,5,5
1458,10609,12:24:00,0,90.00,0,0.2400,0.0431,0.0035,0.1070,1,ACTIVE,3,5,5
1458,10610,12:24:30,0,163.00,0,0.1900,0.0128,0.0173,0.0059,1,ACTIVE,3,5,5
1458,10611,12:25:00,0,50.00,0,0.4500,0.0431,0.0105,0.2440,1,ACTIVE,3,5,5
1458,10612,12:25:30,0,0.00,0,0.3000,0.0339,0.0059,0.1580,1,ACTIVE,3,5,5
1458,10613,12:26:00,0,212.00,0,0.1400,0.0256,0.0035,0.0501,1,ACTIVE,3,5,5
1458,10614,12:26:30,0,251.00,0,0.0600,0.0128,0.0012,0.0215,1,ACTIVE,3,5,5
1458,10615,12:27:00,0,110.00,0,0.1900,0.0128,0.0173,0.0059,1,ACTIVE,3,5,5
1458,10616,12:27:30,0,37.00,0,0.1600,0.0256,0.0035,0.0650,1,ACTIVE,3,5,5
1458,10617,12:28:00,0,86.00,0,0.1300,0.0128,0.0035,0.0650,1,ACTIVE,3,5,5
1458,10618,12:28:30,0,124.00,0,0.1900,0.0128,0.0173,0.0059,1,ACTIVE,3,5,5
1458,10619,12:29:00,0,220.00,0,0.1900,0.0128,0.0173,0.0059,1,ACTIVE,3,5,5
1458,10620,12:29:30,0,132.00,0,0.1700,0.0042,0.0173,0.0059,1,ACTIVE,3,5,5
1458,10621,12:30:00,0,31.00,0,0.1700,0.0042,0.0173,0.0059,1,ACTIVE,3,5,5
1458,10622,12:30:30,0,1.00,0,0.1900,0.0128,0.0173,0.0059,1,ACTIVE,3,5,5
1458,10623,12:31:00,0,0.00,0,0.1900,0.0128,0.0173,0.0059,0,ACTIVE,3,5,5
1458,10624,12:31:30,0,0.00,0,0.1700,0.0042,0.0173,0.0059,1,ACTIVE,3,5,5
1458,10625,12:32:00,0,0.00,0,0.1900,0.0128,0.0173,0.0059,1,ACTIVE,3,5,5
1458,10626,12:32:30,0,106.00,0,0.0800,0.0128,0.0012,0.0354,1,ACTIVE,3,5,5
1458,10627,12:33:00,0,286.00,0,0.0600,0.0128,0.0012,0.0215,1,ACTIVE,3,5,5
1458,10628,12:33:30,0,212.00,0,0.1900,0.0128,0.0173,0.0059,1,ACTIVE,3,5,5
1458,10629,12:34:00,0,228.00,0,0.1900,0.0128,0.0173,0.0059,1,ACTIVE,3,5,5
1458,10630,12:34:30,0,115.00,0,0.1900,0.0128,0.0173,0.0059,1,ACTIVE,3,5,5
1458,10631,12:35:00,0,152.00,0,0.1900,0.0128,0.0173,0.0059,1,ACTIVE,3,5,5
1458,10632,12:35:30,0,174.00,0,0.1900,0.0128,0.0173,0.0059,1,ACTIVE,3,5,5
1458,10633,12:36:00,0,158.00,0,0.1900,0.0128,0.0173,0.0059,1,ACTIVE,3,5,5
1458,10634,12:36:30,0,305.00,0,0.1900,0.0128,0.0173,0.0059,1,ACTIVE,3,5,5
1458,10635,12:37:00,0,163.00,0,0.1900,0.0128,0.0173,0.0059,1,ACTIVE,3,5,5
1458,10636,12:37:30,0,193.00,0,0.1900,0.0128,0.0173,0.0059,1,ACTIVE,3,5,5
1458,10637,12:38:00,0,527.00,0,0.1900,0.0128,0.0173,0.0059,1,ACTIVE,3,5,5
1458,10638,12:38:30,0,511.00,0,0.1900,0.0128,0.0173,0.0059,1,ACTIVE,3,5,5
1458,10639,12:39:00,0,464.00,0,0.0400,0.0146,0.0000,0.0059,1,ACTIVE,3,5,5
1458,10640,12:39:30,0,251.00,0,0.1700,0.0042,0.0173,0.0059,1,ACTIVE,3,5,5
1458,10641,12:40:00,0,277.00,0,0.1700,0.0042,0.0173,0.0059,1,ACTIVE,3,5,5
1458,10642,12:40:30,0,59.00,0,0.1900,0.0128,0.0173,0.0059,1,ACTIVE,3,5,5
1458,10643,12:41:00,0,93.00,0,0.1900,0.0128,0.0173,0.0059,1,ACTIVE,3,5,5
1458,10644,12:41:30,0,53.00,0,0.1900,0.0128,0.0173,0.0059,1,ACTIVE,3,5,5
1458,10645,12:42:00,0,359.00,0,0.1900,0.0128,0.0173,0.0059,1,ACTIVE,3,5,5
1458,10646,12:42:30,0,383.00,0,0.1700,0.0042,0.0173,0.0059,1,ACTIVE,3,5,5
1458,10647,12:43:00,0,235.00,0,0.1700,0.0042,0.0173,0.0059,1,ACTIVE,3,5,5
1458,10648,12:43:30,0,220.00,0,0.1700,0.0042,0.0173,0.0059,1,ACTIVE,3,5,5
1458,10649,12:44:00,0,268.00,0,0.1700,0.0042,0.0173,0.0059,1,ACTIVE,3,5,5
1458,10650,12:44:30,0,305.00,0,0.0200,0.0049,0.0000,0.0059,1,ACTIVE,3,5,5
1458,10651,12:45:00,0,251.00,0,0.1700,0.0042,0.0173,0.0059,1,ACTIVE,3,5,5
1458,10652,12:45:30,0,235.00,0,0.1700,0.0042,0.0173,0.0059,1,ACTIVE,3,5,5
1458,10653,12:46:00,0,119.00,0,0.1700,0.0042,0.0173,0.0059,1,ACTIVE,3,5,5
1458,10654,12:46:30,0,68.00,0,0.1700,0.0042,0.0173,0.0059,1,ACTIVE,3,5,5
1458,10655,12:47:00,0,39.00,0,0.1700,0.0042,0.0173,0.0059,1,ACTIVE,3,5,5
1458,10656,12:47:30,0,50.00,0,0.1700,0.0042,0.0173,0.0059,1,ACTIVE,3,5,5
1458,10657,12:48:00,0,68.00,0,0.1700,0.0042,0.0173,0.0059,1,ACTIVE,3,5,5
1458,10658,12:48:30,0,1.00,0,0.1700,0.0042,0.0173,0.0059,1,ACTIVE,3,5,5
1458,10659,12:49:00,0,8.00,0,0.1700,0.0042,0.0173,0.0059,1,ACTIVE,3,5,5
1458,10660,12:49:30,0,106.00,0,0.1700,0.0042,0.0173,0.0059,1,ACTIVE,3,5,5
1458,10661,12:50:00,0,23.00,0,0.1700,0.0042,0.0173,0.0059,1,ACTIVE,3,5,5
1458,10662,12:50:30,0,57.00,0,0.1700,0.0042,0.0173,0.0059,1,ACTIVE,3,5,5
1458,10663,12:51:00,0,77.00,0,0.1700,0.0042,0.0173,0.0059,1,ACTIVE,3,5,5
1458,10664,12:51:30,0,42.00,0,0.1700,0.0042,0.0173,0.0059,1,ACTIVE,3,5,5
1458,10665,12:52:00,0,15.00,0,0.1700,0.0042,0.0173,0.0059,1,ACTIVE,3,5,5
1458,10666,12:52:30,0,0.00,0,0.1700,0.0042,0.0173,0.0059,0,ACTIVE,3,5,5
1458,10667,12:53:00,0,1.00,0,0.1700,0.0042,0.0173,0.0059,0,ACTIVE,3,5,5
1458,10668,12:53:30,0,28.00,0,0.1700,0.0042,0.0173,0.0059,1,ACTIVE,3,5,5
1458,10669,12:54:00,0,0.00,0,0.1700,0.0042,0.0173,0.0059,0,ACTIVE,3,5,5
1458,10670,12:54:30,0,1.00,0,0.1700,0.0042,0.0173,0.0059,0,ACTIVE,3,5,5
1458,10671,12:55:00,0,1.00,0,0.1700,0.0042,0.0173,0.0059,0,ACTIVE,3,5,5
1458,10672,12:55:30,0,0.00,0,0.1700,0.0042,0.0173,0.0059,0,ACTIVE,3,5,5
1458,10673,12:56:00,0,0.00,0,0.0200,0.0049,0.0000,0.0059,0,ACTIVE,3,5,5
1458,10674,12:56:30,0,1.00,0,0.1700,0.0042,0.0173,0.0059,0,ACTIVE,3,5,5
1458,10675,12:57:00,0,0.00,0,0.1700,0.0042,0.0173,0.0059,0,ACTIVE,3,5,5
1458,10676,12:57:30,0,1.00,0,0.1700,0.0042,0.0173,0.0059,0,ACTIVE,3,5,5
1458,10677,12:58:00,0,8.00,0,0.1700,0.0042,0.0173,0.0059,0,ACTIVE,3,5,5
1458,10678,12:58:30,0,5.00,0,0.1700,0.0042,0.0173,0.0059,0,ACTIVE,3,5,5
1458,10679,12:59:00,0,1.00,0,0.1700,0.0042,0.0173,0.0059,0,ACTIVE,3,5,5
1458,10680,12:59:30,0,1.00,0,0.1700,0.0042,0.0173,0.0059,0,ACTIVE,3,5,5
1458,10681,13:00:00,0,20.00,0,0.1700,0.0042,0.0173,0.0059,1,ACTIVE,3,5,5
1458,10682,13:00:30,0,5.00,0,0.1700,0.0042,0.0173,0.0059,0,ACTIVE,3,5,5
1458,10683,13:01:00,0,32.00,0,0.1700,0.0042,0.0173,0.0059,1,ACTIVE,3,5,5
1458,10684,13:01:30,0,16.00,0,0.1700,0.0042,0.0173,0.0059,1,ACTIVE,3,5,5
1458,10685,13:02:00,0,11.00,0,0.1700,0.0042,0.0173,0.0059,0,ACTIVE,3,5,5
1458,10686,13:02:30,0,0.00,0,0.1700,0.0042,0.0173,0.0059,0,ACTIVE,3,5,5
1458,10687,13:03:00,0,3.00,0,0.1700,0.0042,0.0173,0.0059,0,ACTIVE,3,5,5
1458,10688,13:03:30,0,0.00,0,0.1700,0.0042,0.0173,0.0059,0,ACTIVE,3,5,5
1458,10689,13:04:00,0,63.00,0,0.1700,0.0042,0.0173,0.0059,1,ACTIVE,3,5,5
1458,10690,13:04:30,0,31.00,0,0.1700,0.0042,0.0173,0.0059,1,ACTIVE,3,5,5
1458,10691,13:05:00,0,34.00,0,0.1700,0.0042,0.0173,0.0059,1,ACTIVE,3,5,5
1458,10692,13:05:30,0,28.00,0,0.1700,0.0042,0.0173,0.0059,1,ACTIVE,3,5,5
1458,10693,13:06:00,0,50.00,0,0.1700,0.0042,0.0173,0.0059,1,ACTIVE,3,5,5
1458,10694,13:06:30,0,86.00,0,0.1700,0.0042,0.0173,0.0059,1,ACTIVE,3,5,5
1458,10695,13:07:00,0,25.00,0,0.1700,0.0042,0.0173,0.0059,1,ACTIVE,3,5,5
1458,10696,13:07:30,0,57.00,0,0.1700,0.0042,0.0173,0.0059,1,ACTIVE,3,5,5
1458,10697,13:08:00,0,61.00,0,0.1700,0.0042,0.0173,0.0059,1,ACTIVE,3,5,5
1458,10698,13:08:30,0,35.00,0,0.1700,0.0042,0.0173,0.0059,1,ACTIVE,3,5,5
1458,10699,13:09:00,0,48.00,0,0.1700,0.0042,0.0173,0.0059,1,ACTIVE,3,5,5
1458,10700,13:09:30,0,33.00,0,0.1700,0.0042,0.0173,0.0059,1,ACTIVE,3,5,5
1458,10701,13:10:00,0,44.00,0,0.1700,0.0042,0.0173,0.0059,1,ACTIVE,3,5,5
1458,10702,13:10:30,0,26.00,0,0.1700,0.0042,0.0173,0.0059,1,ACTIVE,3,5,5
1458,10703,13:11:00,0,28.00,0,0.0200,0.0049,0.0000,0.0059,1,ACTIVE,3,5,5
1458,10704,13:11:30,0,55.00,0,0.1700,0.0042,0.0173,0.0059,1,ACTIVE,3,5,5
1458,10705,13:12:00,0,5.00,0,0.1700,0.0042,0.0173,0.0059,1,ACTIVE,3,5,5
1458,10706,13:12:30,0,39.00,0,0.1700,0.0042,0.0173,0.0059,1,ACTIVE,3,5,5
1458,10707,13:13:00,0,66.00,0,0.0200,0.0049,0.0000,0.0059,1,ACTIVE,3,5,5
1458,10708,13:13:30,0,115.00,0,0.1700,0.0042,0.0173,0.0059,1,ACTIVE,3,5,5
1458,10709,13:14:00,0,59.00,0,0.1700,0.0042,0.0173,0.0059,1,ACTIVE,3,5,5
1458,10710,13:14:30,0,137.00,0,0.1700,0.0042,0.0173,0.0059,1,ACTIVE,3,5,5
1458,10711,13:15:00,0,193.00,0,0.1700,0.0042,0.0173,0.0059,1,ACTIVE,3,5,5
1458,10712,13:15:30,0,179.00,0,0.1700,0.0042,0.0173,0.0059,1,ACTIVE,3,5,5
1458,10713,13:16:00,0,220.00,0,0.1700,0.0042,0.0173,0.0059,1,ACTIVE,3,5,5
1458,10714,13:16:30,0,295.00,0,0.1700,0.0042,0.0173,0.0059,1,ACTIVE,3,5,5
1458,10715,13:17:00,0,193.00,0,0.0200,0.0049,0.0000,0.0059,1,ACTIVE,3,5,5
1458,10716,13:17:30,0,220.00,0,0.1700,0.0042,0.0173,0.0059,1,ACTIVE,3,5,5
1458,10717,13:18:00,0,251.00,0,0.1700,0.0042,0.0173,0.0059,1,ACTIVE,3,5,5
1458,10718,13:18:30,0,220.00,0,0.0200,0.0049,0.0000,0.0059,1,ACTIVE,3,5,5
1458,10719,13:19:00,0,268.00,0,0.1700,0.0042,0.0173,0.0059,1,ACTIVE,3,5,5
1458,10720,13:19:30,0,27.00,0,0.1700,0.0042,0.0173,0.0059,1,ACTIVE,3,5,5
1458,10721,13:20:00,0,73.00,0,0.1700,0.0042,0.0173,0.0059,1,ACTIVE,3,5,5
1458,10722,13:20:30,0,268.00,0,0.1700,0.0042,0.0173,0.0059,1,ACTIVE,3,5,5
1458,10723,13:21:00,0,235.00,0,0.1700,0.0042,0.0173,0.0059,1,ACTIVE,3,5,5
1458,10724,13:21:30,0,179.00,0,0.1700,0.0042,0.0173,0.0059,1,ACTIVE,3,5,5
1458,10725,13:22:00,0,174.00,0,0.1700,0.0042,0.0173,0.0059,1,ACTIVE,3,5,5
1458,10726,13:22:30,0,193.00,0,0.1200,0.0042,0.0125,0.0000,1,ACTIVE,3,5,5
1458,10727,13:23:00,0,259.00,0,0.0200,0.0049,0.0000,0.0059,1,ACTIVE,3,5,5
1458,10728,13:23:30,0,251.00,0,0.0200,0.0049,0.0000,0.0059,1,ACTIVE,3,5,5
1458,10729,13:24:00,0,168.00,0,0.1700,0.0042,0.0173,0.0059,1,ACTIVE,3,5,5
1458,10730,13:24:30,0,96.00,0,0.1700,0.0042,0.0173,0.0059,1,ACTIVE,3,5,5
1458,10731,13:25:00,0,1.00,0,0.1700,0.0042,0.0173,0.0059,1,ACTIVE,3,5,5
1458,10732,13:25:30,0,16.00,0,0.1700,0.0042,0.0173,0.0059,1,ACTIVE,3,5,5
1458,10733,13:26:00,0,61.00,0,0.1900,0.0128,0.0173,0.0059,1,ACTIVE,3,5,5
1458,10734,13:26:30,0,0.00,0,0.1900,0.0128,0.0173,0.0059,1,ACTIVE,3,5,5
1458,10735,13:27:00,0,31.00,0,0.1700,0.0042,0.0173,0.0059,1,ACTIVE,3,5,5
1458,10736,13:27:30,0,32.00,0,0.1900,0.0128,0.0173,0.0059,1,ACTIVE,3,5,5
1458,10737,13:28:00,0,90.00,0,0.1700,0.0042,0.0173,0.0059,1,ACTIVE,3,5,5
1458,10738,13:28:30,0,199.00,0,0.1900,0.0128,0.0173,0.0059,1,ACTIVE,3,5,5
1458,10739,13:29:00,0,57.00,0,0.1700,0.0042,0.0173,0.0059,1,ACTIVE,3,5,5
1458,10740,13:29:30,0,53.00,0,0.1700,0.0042,0.0173,0.0059,1,ACTIVE,3,5,5
1458,10741,13:30:00,0,206.00,0,0.1700,0.0042,0.0173,0.0059,1,ACTIVE,3,5,5
1458,10742,13:30:30,0,137.00,0,0.0200,0.0049,0.0000,0.0059,1,ACTIVE,3,5,5
1458,10743,13:31:00,0,124.00,0,0.1700,0.0042,0.0173,0.0059,1,ACTIVE,3,5,5
1458,10744,13:31:30,0,86.00,0,0.1700,0.0042,0.0173,0.0059,1,ACTIVE,3,5,5
1458,10745,13:32:00,0,186.00,0,0.1900,0.0128,0.0173,0.0059,1,ACTIVE,3,5,5
1458,10746,13:32:30,0,206.00,0,0.7600,0.0939,0.0622,0.0070,1,ACTIVE,3,5,5
1458,10747,13:33:00,0,147.00,0,0.0200,0.0049,0.0000,0.0059,1,ACTIVE,3,5,5
1458,10748,13:33:30,0,206.00,0,0.1700,0.0042,0.0173,0.0059,1,ACTIVE,3,5,5
1458,10749,13:34:00,0,305.00,0,0.1700,0.0042,0.0173,0.0059,1,ACTIVE,3,5,5
1458,10750,13:34:30,0,680.00,0,205.9400,15.6000,18.9000,5.0600,1,ACTIVE,3,5,5
1458,10751,13:35:00,0,581.00,0,414.4200,28.6000,38.7000,11.0000,1,ACTIVE,3,5,5
1458,10752,13:35:30,0,408.00,0,584.9700,35.5000,56.0000,14.9000,1,ACTIVE,3,5,5
1458,10753,13:36:00,0,359.00,0,599.7700,31.2000,58.4000,17.4000,1,ACTIVE,3,5,5
1458,10754,13:36:30,0,315.00,0,315.2600,32.6000,27.4000,3.1400,1,ACTIVE,3,5,5
1458,10755,13:37:00,0,527.00,0,1497.580,107.0000,139.0000,39.6000,1,ACTIVE,3,5,5
1458,10756,13:37:30,0,600.00,0,516.0000,35.5000,48.1000,14.9000,1,ACTIVE,3,5,5
1458,10757,13:38:00,0,639.00,0,278.2000,25.1000,24.6000,6.8500,1,ACTIVE,3,5,5
1458,10758,13:38:30,0,337.00,0,0.1900,0.0128,0.0173,0.0059,1,ACTIVE,3,5,5
1458,10759,13:39:00,0,193.00,0,0.0200,0.0049,0.0000,0.0059,1,ACTIVE,3,5,5
1458,10760,13:39:30,0,228.00,0,0.1700,0.0042,0.0173,0.0059,1,ACTIVE,3,5,5
1458,10761,13:40:00,0,147.00,0,0.1700,0.0042,0.0173,0.0059,1,ACTIVE,3,5,5
1458,10762,13:40:30,0,80.00,0,0.1700,0.0042,0.0173,0.0059,1,ACTIVE,3,5,5
1458,10763,13:41:00,0,220.00,0,0.1700,0.0042,0.0173,0.0059,1,ACTIVE,3,5,5
1458,10764,13:41:30,0,220.00,0,0.2100,0.0256,0.0173,0.0059,1,ACTIVE,3,5,5
1458,10765,13:42:00,0,326.00,0,0.1900,0.0128,0.0173,0.0059,1,ACTIVE,3,5,5
1458,10766,13:42:30,0,186.00,0,0.1900,0.0128,0.0173,0.0059,1,ACTIVE,3,5,5
1458,10767,13:43:00,0,100.00,0,0.1900,0.0128,0.0173,0.0059,1,ACTIVE,3,5,5
1458,10768,13:43:30,0,90.00,0,0.1700,0.0042,0.0173,0.0059,1,ACTIVE,3,5,5
1458,10769,13:44:00,0,93.00,0,0.1900,0.0128,0.0173,0.0059,1,ACTIVE,3,5,5
1458,10770,13:44:30,0,90.00,0,0.1700,0.0042,0.0173,0.0059,1,ACTIVE,3,5,5
1458,10771,13:45:00,0,70.00,0,0.1900,0.0128,0.0173,0.0059,1,ACTIVE,3,5,5
1458,10772,13:45:30,0,141.00,0,0.1700,0.0042,0.0173,0.0059,1,ACTIVE,3,5,5
1458,10773,13:46:00,0,421.00,0,0.1700,0.0042,0.0173,0.0059,1,ACTIVE,3,5,5
1458,10774,13:46:30,0,326.00,0,0.1700,0.0042,0.0173,0.0059,1,ACTIVE,3,5,5
1458,10775,13:47:00,0,193.00,0,0.8200,0.1360,0.0235,0.2900,1,ACTIVE,3,5,5
1458,10776,13:47:30,0,295.00,0,0.1600,0.0256,0.0035,0.0650,1,ACTIVE,3,5,5
1458,10777,13:48:00,0,295.00,0,0.1900,0.0128,0.0173,0.0059,1,ACTIVE,3,5,5
1458,10778,13:48:30,0,168.00,0,0.1900,0.0128,0.0173,0.0059,1,ACTIVE,3,5,5
1458,10779,13:49:00,0,220.00,0,0.1700,0.0042,0.0173,0.0059,1,ACTIVE,3,5,5
1458,10780,13:49:30,0,44.00,0,0.1700,0.0042,0.0173,0.0059,1,ACTIVE,3,5,5
1458,10781,13:50:00,0,243.00,0,0.1700,0.0042,0.0173,0.0059,1,ACTIVE,3,5,5
1458,10782,13:50:30,0,115.00,0,0.1700,0.0042,0.0173,0.0059,1,ACTIVE,3,5,5
1458,10783,13:51:00,0,44.00,0,0.1900,0.0128,0.0173,0.0059,1,ACTIVE,3,5,5
1458,10784,13:51:30,0,295.00,0,0.1900,0.0128,0.0173,0.0059,1,ACTIVE,3,5,5
1458,10785,13:52:00,0,42.00,0,0.1900,0.0128,0.0173,0.0059,1,ACTIVE,3,5,5
1458,10786,13:52:30,0,0.00,0,0.0900,0.0256,0.0012,0.0215,1,ACTIVE,3,5,5
1458,10787,13:53:00,0,0.00,0,0.0900,0.0256,0.0012,0.0215,0,ACTIVE,3,5,5
1458,10788,13:53:30,0,0.00,0,0.1100,0.0339,0.0012,0.0215,0,ACTIVE,3,5,5
1458,10789,13:54:00,0,0.00,0,0.6000,0.0512,0.0523,0.0292,0,ACTIVE,3,5,5
1458,10790,13:54:30,0,15.00,0,0.6600,0.0773,0.0523,0.0292,0,ACTIVE,3,5,5
1458,10791,13:55:00,0,10.00,0,0.5900,0.0512,0.0523,0.0173,0,ACTIVE,3,5,5
1458,10792,13:55:30,0,9.00,0,0.1800,0.0431,0.0035,0.0501,0,ACTIVE,3,5,5
1458,10793,13:56:00,0,9.00,0,0.1800,0.0431,0.0035,0.0501,0,ACTIVE,3,5,5
1458,10794,13:56:30,0,15.00,0,0.5700,0.0339,0.0523,0.0292,0,ACTIVE,3,5,5
1458,10795,13:57:00,0,0.00,0,0.5700,0.0339,0.0523,0.0292,0,ACTIVE,3,5,5
1458,10796,13:57:30,0,0.00,0,0.2400,0.0679,0.0035,0.0501,0,ACTIVE,3,5,5
1458,10797,13:58:00,0,0.00,0,0.6000,0.0512,0.0523,0.0292,0,ACTIVE,3,5,5
1458,10798,13:58:30,0,33.00,0,0.1100,0.0339,0.0012,0.0215,1,ACTIVE,3,5,5
1458,10799,13:59:00,0,46.00,0,0.1900,0.0128,0.0173,0.0059,1,ACTIVE,3,5,5
1458,10800,13:59:30,0,0.00,0,0.1900,0.0128,0.0173,0.0059,0,ACTIVE,3,5,5
1458,10801,14:00:00,0,0.00,0,0.1900,0.0128,0.0173,0.0059,0,ACTIVE,3,5,5
1458,10802,14:00:30,0,0.00,0,0.1900,0.0128,0.0173,0.0059,0,ACTIVE,3,5,5
1458,10803,14:01:00,0,0.00,0,0.1100,0.0339,0.0012,0.0215,0,ACTIVE,3,5,5
1458,10804,14:01:30,0,35.00,0,0.2100,0.0256,0.0173,0.0059,1,ACTIVE,3,5,5
1458,10805,14:02:00,0,106.00,0,0.0900,0.0256,0.0012,0.0215,1,ACTIVE,3,5,5
1458,10806,14:02:30,0,55.00,0,0.2300,0.0339,0.0173,0.0059,1,ACTIVE,3,5,5
1458,10807,14:03:00,0,115.00,0,0.2100,0.0256,0.0173,0.0059,1,ACTIVE,3,5,5
1458,10808,14:03:30,0,46.00,0,0.2100,0.0256,0.0173,0.0059,1,ACTIVE,3,5,5
1458,10809,14:04:00,0,141.00,0,0.2100,0.0256,0.0173,0.0059,1,ACTIVE,3,5,5
1458,10810,14:04:30,0,27.00,0,0.2100,0.0256,0.0173,0.0059,1,ACTIVE,3,5,5
1458,10811,14:05:00,0,59.00,0,0.2100,0.0256,0.0173,0.0059,1,ACTIVE,3,5,5
1458,10812,14:05:30,0,35.00,0,0.2500,0.0431,0.0173,0.0059,1,ACTIVE,3,5,5
1458,10813,14:06:00,0,80.00,0,0.2300,0.0339,0.0173,0.0059,1,ACTIVE,3,5,5
1458,10814,14:06:30,0,147.00,0,0.2300,0.0339,0.0173,0.0059,1,ACTIVE,3,5,5
1458,10815,14:07:00,0,235.00,0,0.1900,0.0128,0.0173,0.0059,1,ACTIVE,3,5,5
1458,10816,14:07:30,0,235.00,0,0.1900,0.0128,0.0173,0.0059,1,ACTIVE,3,5,5
1458,10817,14:08:00,0,22.00,0,0.1900,0.0128,0.0173,0.0059,1,ACTIVE,3,5,5
1458,10818,14:08:30,0,124.00,0,0.1900,0.0128,0.0173,0.0059,1,ACTIVE,3,5,5
1458,10819,14:09:00,0,132.00,0,0.2100,0.0256,0.0173,0.0059,1,ACTIVE,3,5,5
1458,10820,14:09:30,0,193.00,0,0.1900,0.0128,0.0173,0.0059,1,ACTIVE,3,5,5
1458,10821,14:10:00,0,73.00,0,0.1900,0.0128,0.0173,0.0059,1,ACTIVE,3,5,5
1458,10822,14:10:30,0,163.00,0,0.1900,0.0128,0.0173,0.0059,1,ACTIVE,3,5,5
1458,10823,14:11:00,0,73.00,0,0.1900,0.0128,0.0173,0.0059,1,ACTIVE,3,5,5
1458,10824,14:11:30,0,286.00,0,0.1900,0.0128,0.0173,0.0059,1,ACTIVE,3,5,5
1458,10825,14:12:00,0,179.00,0,0.1900,0.0128,0.0173,0.0059,1,ACTIVE,3,5,5
1458,10826,14:12:30,0,66.00,0,0.1900,0.0128,0.0173,0.0059,1,ACTIVE,3,5,5
1458,10827,14:13:00,0,34.00,0,0.1900,0.0128,0.0173,0.0059,1,ACTIVE,3,5,5
1458,10828,14:13:30,0,179.00,0,0.1900,0.0128,0.0173,0.0059,1,ACTIVE,3,5,5
1458,10829,14:14:00,0,70.00,0,0.1900,0.0128,0.0173,0.0059,1,ACTIVE,3,5,5
1458,10830,14:14:30,0,63.00,0,0.1900,0.0128,0.0173,0.0059,1,ACTIVE,3,5,5
1458,10831,14:15:00,0,28.00,0,0.1900,0.0128,0.0173,0.0059,1,ACTIVE,3,5,5
1458,10832,14:15:30,0,4.00,0,0.1900,0.0128,0.0173,0.0059,1,ACTIVE,3,5,5
1458,10833,14:16:00,0,10.00,0,0.1900,0.0128,0.0173,0.0059,1,ACTIVE,3,5,5
1458,10834,14:16:30,0,86.00,0,0.1900,0.0128,0.0173,0.0059,1,ACTIVE,3,5,5
1458,10835,14:17:00,0,0.00,0,0.1900,0.0128,0.0173,0.0059,1,ACTIVE,3,5,5
1458,10836,14:17:30,0,128.00,0,0.1900,0.0128,0.0173,0.0059,1,ACTIVE,3,5,5
1458,10837,14:18:00,0,220.00,0,0.1900,0.0128,0.0173,0.0059,1,ACTIVE,3,5,5
1458,10838,14:18:30,0,174.00,0,0.1900,0.0128,0.0173,0.0059,1,ACTIVE,3,5,5
1458,10839,14:19:00,0,163.00,0,0.1900,0.0128,0.0173,0.0059,1,ACTIVE,3,5,5
1458,10840,14:19:30,0,124.00,0,0.1900,0.0128,0.0173,0.0059,1,ACTIVE,3,5,5
1458,10841,14:20:00,0,115.00,0,0.1900,0.0128,0.0173,0.0059,1,ACTIVE,3,5,5
1458,10842,14:20:30,0,73.00,0,0.1900,0.0128,0.0173,0.0059,1,ACTIVE,3,5,5
1458,10843,14:21:00,0,186.00,0,0.1900,0.0128,0.0173,0.0059,1,ACTIVE,3,5,5
1458,10844,14:21:30,0,206.00,0,0.1900,0.0128,0.0173,0.0059,1,ACTIVE,3,5,5
1458,10845,14:22:00,0,34.00,0,0.1900,0.0128,0.0173,0.0059,1,ACTIVE,3,5,5
1458,10846,14:22:30,0,73.00,0,0.1900,0.0128,0.0173,0.0059,1,ACTIVE,3,5,5
1458,10847,14:23:00,0,44.00,0,0.1900,0.0128,0.0173,0.0059,1,ACTIVE,3,5,5
1458,10848,14:23:30,0,44.00,0,0.1900,0.0128,0.0173,0.0059,1,ACTIVE,3,5,5
1458,10849,14:24:00,0,206.00,0,0.1900,0.0128,0.0173,0.0059,1,ACTIVE,3,5,5
1458,10850,14:24:30,0,110.00,0,0.1900,0.0128,0.0173,0.0059,1,ACTIVE,3,5,5
1458,10851,14:25:00,0,73.00,0,0.1900,0.0128,0.0173,0.0059,1,ACTIVE,3,5,5
1458,10852,14:25:30,0,128.00,0,0.1900,0.0128,0.0173,0.0059,1,ACTIVE,3,5,5
1458,10853,14:26:00,0,96.00,0,0.1900,0.0128,0.0173,0.0059,1,ACTIVE,3,5,5
1458,10854,14:26:30,0,141.00,0,0.1900,0.0128,0.0173,0.0059,1,ACTIVE,3,5,5
1458,10855,14:27:00,0,44.00,0,0.1900,0.0128,0.0173,0.0059,1,ACTIVE,3,5,5
1458,10856,14:27:30,0,11.00,0,0.1900,0.0128,0.0173,0.0059,1,ACTIVE,3,5,5
1458,10857,14:28:00,0,37.00,0,0.1900,0.0128,0.0173,0.0059,1,ACTIVE,3,5,5
1458,10858,14:28:30,0,46.00,0,0.1900,0.0128,0.0173,0.0059,1,ACTIVE,3,5,5
1458,10859,14:29:00,0,23.00,0,0.1900,0.0128,0.0173,0.0059,1,ACTIVE,3,5,5
1458,10860,14:29:30,0,86.00,0,0.1900,0.0128,0.0173,0.0059,1,ACTIVE,3,5,5
1458,10861,14:30:00,0,70.00,0,0.1700,0.0042,0.0173,0.0059,1,ACTIVE,3,5,5
1458,10862,14:30:30,0,141.00,0,0.1700,0.0042,0.0173,0.0059,1,ACTIVE,3,5,5
1458,10863,14:31:00,0,86.00,0,0.1900,0.0128,0.0173,0.0059,1,ACTIVE,3,5,5
1458,10864,14:31:30,0,31.00,0,0.1700,0.0042,0.0173,0.0059,1,ACTIVE,3,5,5
1458,10865,14:32:00,0,46.00,0,0.1900,0.0128,0.0173,0.0059,1,ACTIVE,3,5,5
1458,10866,14:32:30,0,199.00,0,0.1700,0.0042,0.0173,0.0059,1,ACTIVE,3,5,5
1458,10867,14:33:00,0,115.00,0,0.1900,0.0128,0.0173,0.0059,1,ACTIVE,3,5,5
1458,10868,14:33:30,0,212.00,0,0.1700,0.0042,0.0173,0.0059,1,ACTIVE,3,5,5
1458,10869,14:34:00,0,106.00,0,0.1700,0.0042,0.0173,0.0059,1,ACTIVE,3,5,5
1458,10870,14:34:30,0,16.00,0,0.1900,0.0128,0.0173,0.0059,1,ACTIVE,3,5,5
1458,10871,14:35:00,0,124.00,0,0.1700,0.0042,0.0173,0.0059,1,ACTIVE,3,5,5
1458,10872,14:35:30,0,57.00,0,0.1700,0.0042,0.0173,0.0059,1,ACTIVE,3,5,5
1458,10873,14:36:00,0,9.00,0,0.1700,0.0042,0.0173,0.0059,1,ACTIVE,3,5,5
1458,10874,14:36:30,0,174.00,0,0.1700,0.0042,0.0173,0.0059,1,ACTIVE,3,5,5
1458,10875,14:37:00,0,193.00,0,0.1900,0.0128,0.0173,0.0059,1,ACTIVE,3,5,5
1458,10876,14:37:30,0,199.00,0,0.1700,0.0042,0.0173,0.0059,1,ACTIVE,3,5,5
1458,10877,14:38:00,0,10.00,0,0.1700,0.0042,0.0173,0.0059,1,ACTIVE,3,5,5
1458,10878,14:38:30,0,168.00,0,0.1700,0.0042,0.0173,0.0059,1,ACTIVE,3,5,5
1458,10879,14:39:00,0,13.00,0,0.1700,0.0042,0.0173,0.0059,1,ACTIVE,3,5,5
1458,10880,14:39:30,0,14.00,0,0.1700,0.0042,0.0173,0.0059,1,ACTIVE,3,5,5
1458,10881,14:40:00,0,59.00,0,0.1700,0.0042,0.0173,0.0059,1,ACTIVE,3,5,5
1458,10882,14:40:30,0,37.00,0,0.1700,0.0042,0.0173,0.0059,1,ACTIVE,3,5,5
1458,10883,14:41:00,0,9.00,0,0.1700,0.0042,0.0173,0.0059,1,ACTIVE,3,5,5
1458,10884,14:41:30,0,106.00,0,0.1700,0.0042,0.0173,0.0059,1,ACTIVE,3,5,5
1458,10885,14:42:00,0,39.00,0,0.1700,0.0042,0.0173,0.0059,1,ACTIVE,3,5,5
1458,10886,14:42:30,0,59.00,0,0.1700,0.0042,0.0173,0.0059,1,ACTIVE,3,5,5
1458,10887,14:43:00,0,259.00,0,0.1700,0.0042,0.0173,0.0059,1,ACTIVE,3,5,5
1458,10888,14:43:30,0,13.00,0,0.1700,0.0042,0.0173,0.0059,1,ACTIVE,3,5,5
1458,10889,14:44:00,0,186.00,0,0.1700,0.0042,0.0173,0.0059,1,ACTIVE,3,5,5
1458,10890,14:44:30,0,119.00,0,0.1700,0.0042,0.0173,0.0059,1,ACTIVE,3,5,5
1458,10891,14:45:00,0,73.00,0,0.1700,0.0042,0.0173,0.0059,1,ACTIVE,3,5,5
1458,10892,14:45:30,0,147.00,0,0.1700,0.0042,0.0173,0.0059,1,ACTIVE,3,5,5
1458,10893,14:46:00,0,77.00,0,0.1700,0.0042,0.0173,0.0059,1,ACTIVE,3,5,5
1458,10894,14:46:30,0,137.00,0,0.1700,0.0042,0.0173,0.0059,1,ACTIVE,3,5,5
1458,10895,14:47:00,0,50.00,0,0.1700,0.0042,0.0173,0.0059,1,ACTIVE,3,5,5
1458,10896,14:47:30,0,0.00,0,0.1700,0.0042,0.0173,0.0059,1,ACTIVE,3,5,5
1458,10897,14:48:00,0,48.00,0,0.1700,0.0042,0.0173,0.0059,1,ACTIVE,3,5,5
1458,10898,14:48:30,0,103.00,0,0.1700,0.0042,0.0173,0.0059,1,ACTIVE,3,5,5
1458,10899,14:49:00,0,0.00,0,0.1700,0.0042,0.0173,0.0059,0,ACTIVE,3,5,5
1458,10900,14:49:30,0,12.00,0,0.1700,0.0042,0.0173,0.0059,1,ACTIVE,3,5,5
1458,10901,14:50:00,0,0.00,0,0.1700,0.0042,0.0173,0.0059,0,ACTIVE,3,5,5
1458,10902,14:50:30,0,0.00,0,0.1700,0.0042,0.0173,0.0059,1,ACTIVE,3,5,5
1458,10903,14:51:00,0,128.00,0,0.1700,0.0042,0.0173,0.0059,1,ACTIVE,3,5,5
1458,10904,14:51:30,0,73.00,0,0.1700,0.0042,0.0173,0.0059,1,ACTIVE,3,5,5
1458,10905,14:52:00,0,55.00,0,0.1700,0.0042,0.0173,0.0059,1,ACTIVE,3,5,5
1458,10906,14:52:30,0,193.00,0,0.1700,0.0042,0.0173,0.0059,1,ACTIVE,3,5,5
1458,10907,14:53:00,0,119.00,0,0.1700,0.0042,0.0173,0.0059,1,ACTIVE,3,5,5
1458,10908,14:53:30,0,27.00,0,0.1700,0.0042,0.0173,0.0059,1,ACTIVE,3,5,5
1458,10909,14:54:00,0,57.00,0,0.1700,0.0042,0.0173,0.0059,1,ACTIVE,3,5,5
1458,10910,14:54:30,0,34.00,0,0.1700,0.0042,0.0173,0.0059,1,ACTIVE,3,5,5
1458,10911,14:55:00,0,15.00,0,0.1700,0.0042,0.0173,0.0059,1,ACTIVE,3,5,5
1458,10912,14:55:30,0,12.00,0,0.1700,0.0042,0.0173,0.0059,1,ACTIVE,3,5,5
1458,10913,14:56:00,0,80.00,0,0.1700,0.0042,0.0173,0.0059,1,ACTIVE,3,5,5
1458,10914,14:56:30,0,124.00,0,0.1700,0.0042,0.0173,0.0059,1,ACTIVE,3,5,5
1458,10915,14:57:00,0,33.00,0,0.1700,0.0042,0.0173,0.0059,1,ACTIVE,3,5,5
1458,10916,14:57:30,0,7.00,0,0.1700,0.0042,0.0173,0.0059,1,ACTIVE,3,5,5
1458,10917,14:58:00,0,0.00,0,0.1700,0.0042,0.0173,0.0059,0,ACTIVE,3,5,5
1458,10918,14:58:30,0,0.00,0,0.1200,0.0042,0.0125,0.0000,0,ACTIVE,3,5,5
1458,10919,14:59:00,0,35.00,0,0.1700,0.0042,0.0173,0.0059,1,ACTIVE,3,5,5
1458,10920,14:59:30,0,93.00,0,0.1700,0.0042,0.0173,0.0059,1,ACTIVE,3,5,5
1458,10921,15:00:00,0,28.00,0,0.1700,0.0042,0.0173,0.0059,1,ACTIVE,3,5,5
1458,10922,15:00:30,0,61.00,0,0.1700,0.0042,0.0173,0.0059,1,ACTIVE,3,5,5
1458,10923,15:01:00,0,55.00,0,0.1700,0.0042,0.0173,0.0059,1,ACTIVE,3,5,5
1458,10924,15:01:30,0,70.00,0,0.1700,0.0042,0.0173,0.0059,1,ACTIVE,3,5,5
1458,10925,15:02:00,0,73.00,0,0.1700,0.0042,0.0173,0.0059,1,ACTIVE,3,5,5
1458,10926,15:02:30,0,22.00,0,0.1700,0.0042,0.0173,0.0059,1,ACTIVE,3,5,5
1458,10927,15:03:00,0,59.00,0,0.1700,0.0042,0.0173,0.0059,1,ACTIVE,3,5,5
1458,10928,15:03:30,0,35.00,0,0.1700,0.0042,0.0173,0.0059,1,ACTIVE,3,5,5
1458,10929,15:04:00,0,1.00,0,0.1700,0.0042,0.0173,0.0059,1,ACTIVE,3,5,5
1458,10930,15:04:30,0,66.00,0,0.1700,0.0042,0.0173,0.0059,1,ACTIVE,3,5,5
1458,10931,15:05:00,0,168.00,0,0.1700,0.0042,0.0173,0.0059,1,ACTIVE,3,5,5
1458,10932,15:05:30,0,4.00,0,0.1700,0.0042,0.0173,0.0059,1,ACTIVE,3,5,5
1458,10933,15:06:00,0,3.00,0,0.1700,0.0042,0.0173,0.0059,1,ACTIVE,3,5,5
1458,10934,15:06:30,0,90.00,0,0.1700,0.0042,0.0173,0.0059,1,ACTIVE,3,5,5
1458,10935,15:07:00,0,46.00,0,0.1700,0.0042,0.0173,0.0059,1,ACTIVE,3,5,5
1458,10936,15:07:30,0,26.00,0,0.1700,0.0042,0.0173,0.0059,1,ACTIVE,3,5,5
1458,10937,15:08:00,0,115.00,0,0.1700,0.0042,0.0173,0.0059,1,ACTIVE,3,5,5
1458,10938,15:08:30,0,8.00,0,0.1700,0.0042,0.0173,0.0059,1,ACTIVE,3,5,5
1458,10939,15:09:00,0,103.00,0,0.1700,0.0042,0.0173,0.0059,1,ACTIVE,3,5,5
1458,10940,15:09:30,0,80.00,0,0.1200,0.0042,0.0125,0.0000,1,ACTIVE,3,5,5
1458,10941,15:10:00,0,66.00,0,0.1700,0.0042,0.0173,0.0059,1,ACTIVE,3,5,5
1458,10942,15:10:30,0,73.00,0,0.1700,0.0042,0.0173,0.0059,1,ACTIVE,3,5,5
1458,10943,15:11:00,0,73.00,0,0.1700,0.0042,0.0173,0.0059,1,ACTIVE,3,5,5
1458,10944,15:11:30,0,295.00,0,0.1700,0.0042,0.0173,0.0059,1,ACTIVE,3,5,5
1458,10945,15:12:00,0,50.00,0,0.1700,0.0042,0.0173,0.0059,1,ACTIVE,3,5,5
1458,10946,15:12:30,0,20.00,0,0.1700,0.0042,0.0173,0.0059,1,ACTIVE,3,5,5
1458,10947,15:13:00,0,19.00,0,0.1700,0.0042,0.0173,0.0059,1,ACTIVE,3,5,5
1458,10948,15:13:30,0,35.00,0,0.1700,0.0042,0.0173,0.0059,1,ACTIVE,3,5,5
1458,10949,15:14:00,0,70.00,0,0.1700,0.0042,0.0173,0.0059,1,ACTIVE,3,5,5
1458,10950,15:14:30,0,27.00,0,0.1200,0.0042,0.0125,0.0000,1,ACTIVE,3,5,5
1458,10951,15:15:00,0,15.00,0,0.1900,0.0128,0.0173,0.0059,1,ACTIVE,3,5,5
1458,10952,15:15:30,0,23.00,0,0.1700,0.0042,0.0173,0.0059,1,ACTIVE,3,5,5
1458,10953,15:16:00,0,14.00,0,0.1700,0.0042,0.0173,0.0059,1,ACTIVE,3,5,5
1458,10954,15:16:30,0,31.00,0,0.1700,0.0042,0.0173,0.0059,1,ACTIVE,3,5,5
1458,10955,15:17:00,0,13.00,0,0.1700,0.0042,0.0173,0.0059,1,ACTIVE,3,5,5
1458,10956,15:17:30,0,44.00,0,0.1700,0.0042,0.0173,0.0059,1,ACTIVE,3,5,5
1458,10957,15:18:00,0,50.00,0,0.1700,0.0042,0.0173,0.0059,1,ACTIVE,3,5,5
1458,10958,15:18:30,0,12.00,0,0.1700,0.0042,0.0173,0.0059,1,ACTIVE,3,5,5
1458,10959,15:19:00,0,73.00,0,0.1700,0.0042,0.0173,0.0059,1,ACTIVE,3,5,5
1458,10960,15:19:30,0,26.00,0,0.1700,0.0042,0.0173,0.0059,1,ACTIVE,3,5,5
1458,10961,15:20:00,0,39.00,0,0.1700,0.0042,0.0173,0.0059,1,ACTIVE,3,5,5
1458,10962,15:20:30,0,66.00,0,0.1200,0.0042,0.0125,0.0000,1,ACTIVE,3,5,5
1458,10963,15:21:00,0,28.00,0,0.1700,0.0042,0.0173,0.0059,1,ACTIVE,3,5,5
1458,10964,15:21:30,0,20.00,0,0.1700,0.0042,0.0173,0.0059,1,ACTIVE,3,5,5
1458,10965,15:22:00,0,63.00,0,0.1700,0.0042,0.0173,0.0059,1,ACTIVE,3,5,5
1458,10966,15:22:30,0,48.00,0,0.1900,0.0128,0.0173,0.0059,1,ACTIVE,3,5,5
1458,10967,15:23:00,0,119.00,0,0.1700,0.0042,0.0173,0.0059,1,ACTIVE,3,5,5
1458,10968,15:23:30,0,243.00,0,0.1700,0.0042,0.0173,0.0059,1,ACTIVE,3,5,5
1458,10969,15:24:00,0,53.00,0,0.0200,0.0049,0.0000,0.0059,1,ACTIVE,3,5,5
1458,10970,15:24:30,0,141.00,0,0.1900,0.0128,0.0173,0.0059,1,ACTIVE,3,5,5
1458,10971,15:25:00,0,31.00,0,0.1700,0.0042,0.0173,0.0059,1,ACTIVE,3,5,5
1458,10972,15:25:30,0,395.00,0,0.1700,0.0042,0.0173,0.0059,1,ACTIVE,3,5,5
1458,10973,15:26:00,0,158.00,0,0.1200,0.0042,0.0125,0.0000,1,ACTIVE,3,5,5
1458,10974,15:26:30,0,90.00,0,0.1700,0.0042,0.0173,0.0059,1,ACTIVE,3,5,5
1458,10975,15:27:00,0,83.00,0,0.1700,0.0042,0.0173,0.0059,1,ACTIVE,3,5,5
1458,10976,15:27:30,0,28.00,0,0.1700,0.0042,0.0173,0.0059,1,ACTIVE,3,5,5
1458,10977,15:28:00,0,0.00,0,0.1700,0.0042,0.0173,0.0059,0,ACTIVE,3,5,5
1458,10978,15:28:30,0,15.00,0,0.1200,0.0042,0.0125,0.0000,1,ACTIVE,3,5,5
1458,10979,15:29:00,0,0.00,0,0.1700,0.0042,0.0173,0.0059,0,ACTIVE,3,5,5
1458,10980,15:29:30,0,35.00,0,0.0200,0.0049,0.0000,0.0059,1,ACTIVE,3,5,5
1458,10981,15:30:00,0,18.00,0,0.1700,0.0042,0.0173,0.0059,1,ACTIVE,3,5,5
1458,10982,15:30:30,0,14.00,0,0.1700,0.0042,0.0173,0.0059,1,ACTIVE,3,5,5
1458,10983,15:31:00,0,106.00,0,0.1700,0.0042,0.0173,0.0059,1,ACTIVE,3,5,5
1458,10984,15:31:30,0,35.00,0,0.1700,0.0042,0.0173,0.0059,1,ACTIVE,3,5,5
1458,10985,15:32:00,0,2.00,0,0.1700,0.0042,0.0173,0.0059,1,ACTIVE,3,5,5
1458,10986,15:32:30,0,50.00,0,0.1200,0.0042,0.0125,0.0000,1,ACTIVE,3,5,5
1458,10987,15:33:00,0,106.00,0,0.1700,0.0042,0.0173,0.0059,1,ACTIVE,3,5,5
1458,10988,15:33:30,0,147.00,0,0.1700,0.0042,0.0173,0.0059,1,ACTIVE,3,5,5
1458,10989,15:34:00,0,57.00,0,0.1700,0.0042,0.0173,0.0059,1,ACTIVE,3,5,5
1458,10990,15:34:30,0,1.00,0,0.1700,0.0042,0.0173,0.0059,1,ACTIVE,3,5,5
1458,10991,15:35:00,0,0.00,0,0.0200,0.0049,0.0000,0.0059,0,ACTIVE,3,5,5
1458,10992,15:35:30,0,7.00,0,0.1200,0.0042,0.0125,0.0000,1,ACTIVE,3,5,5
1458,10993,15:36:00,0,28.00,0,0.1700,0.0042,0.0173,0.0059,1,ACTIVE,3,5,5
1458,10994,15:36:30,0,55.00,0,0.1700,0.0042,0.0173,0.0059,1,ACTIVE,3,5,5
1458,10995,15:37:00,0,8.00,0,0.1700,0.0042,0.0173,0.0059,1,ACTIVE,3,5,5
1458,10996,15:37:30,0,68.00,0,0.1700,0.0042,0.0173,0.0059,1,ACTIVE,3,5,5
1458,10997,15:38:00,0,163.00,0,0.1200,0.0042,0.0125,0.0000,1,ACTIVE,3,5,5
1458,10998,15:38:30,0,63.00,0,0.1700,0.0042,0.0173,0.0059,1,ACTIVE,3,5,5
1458,10999,15:39:00,0,147.00,0,0.1700,0.0042,0.0173,0.0059,1,ACTIVE,3,5,5
1458,11000,15:39:30,0,0.00,0,0.1700,0.0042,0.0173,0.0059,1,ACTIVE,3,5,5
1458,11001,15:40:00,0,63.00,0,0.1700,0.0042,0.0173,0.0059,1,ACTIVE,3,5,5
1458,11002,15:40:30,0,1.00,0,0.1700,0.0042,0.0173,0.0059,1,ACTIVE,3,5,5
1458,11003,15:41:00,0,14.00,0,0.1700,0.0042,0.0173,0.0059,1,ACTIVE,3,5,5
1458,11004,15:41:30,0,110.00,0,0.1700,0.0042,0.0173,0.0059,1,ACTIVE,3,5,5
1458,11005,15:42:00,0,57.00,0,0.1700,0.0042,0.0173,0.0059,1,ACTIVE,3,5,5
1458,11006,15:42:30,0,83.00,0,0.1700,0.0042,0.0173,0.0059,1,ACTIVE,3,5,5
1458,11007,15:43:00,0,55.00,0,0.1700,0.0042,0.0173,0.0059,1,ACTIVE,3,5,5
1458,11008,15:43:30,0,66.00,0,0.1700,0.0042,0.0173,0.0059,1,ACTIVE,3,5,5
1458,11009,15:44:00,0,70.00,0,0.1700,0.0042,0.0173,0.0059,1,ACTIVE,3,5,5
1458,11010,15:44:30,0,106.00,0,0.0200,0.0049,0.0000,0.0059,1,ACTIVE,3,5,5
1458,11011,15:45:00,0,0.00,0,0.1700,0.0042,0.0173,0.0059,1,ACTIVE,3,5,5
1458,11012,15:45:30,0,132.00,0,0.1700,0.0042,0.0173,0.0059,1,ACTIVE,3,5,5
1458,11013,15:46:00,0,115.00,0,0.1700,0.0042,0.0173,0.0059,1,ACTIVE,3,5,5
1458,11014,15:46:30,0,251.00,0,0.1700,0.0042,0.0173,0.0059,1,ACTIVE,3,5,5
1458,11015,15:47:00,0,70.00,0,0.1700,0.0042,0.0173,0.0059,1,ACTIVE,3,5,5
1458,11016,15:47:30,0,119.00,0,0.1700,0.0042,0.0173,0.0059,1,ACTIVE,3,5,5
1458,11017,15:48:00,0,42.00,0,0.1700,0.0042,0.0173,0.0059,1,ACTIVE,3,5,5
1458,11018,15:48:30,0,128.00,0,0.1200,0.0042,0.0125,0.0000,1,ACTIVE,3,5,5
1458,11019,15:49:00,0,147.00,0,0.0100,0.0049,0.0000,0.0000,1,ACTIVE,3,5,5
1458,11020,15:49:30,0,110.00,0,0.1200,0.0042,0.0125,0.0000,1,ACTIVE,3,5,5
1458,11021,15:50:00,0,132.00,0,0.1700,0.0042,0.0173,0.0059,1,ACTIVE,3,5,5
1458,11022,15:50:30,0,128.00,0,0.1700,0.0042,0.0173,0.0059,1,ACTIVE,3,5,5
1458,11023,15:51:00,0,106.00,0,0.1700,0.0042,0.0173,0.0059,1,ACTIVE,3,5,5
1458,11024,15:51:30,0,186.00,0,0.1700,0.0042,0.0173,0.0059,1,ACTIVE,3,5,5
1458,11025,15:52:00,0,93.00,0,0.1700,0.0042,0.0173,0.0059,1,ACTIVE,3,5,5
1458,11026,15:52:30,0,174.00,0,2.0600,0.2230,0.1760,0.0256,1,ACTIVE,3,5,5
1458,11027,15:53:00,0,163.00,0,14.5700,1.8700,1.1800,0.0694,1,ACTIVE,3,5,5
1458,11028,15:53:30,0,96.00,0,37.6200,3.9000,3.2800,0.2720,1,ACTIVE,3,5,5
1458,11029,15:54:00,0,28.00,0,55.2100,3.9800,5.0600,1.9500,1,ACTIVE,3,5,5
1458,11030,15:54:30,0,163.00,0,10.0500,1.0400,0.8750,0.0825,1,ACTIVE,3,5,5
1458,11031,15:55:00,0,141.00,0,0.1900,0.0128,0.0173,0.0059,1,ACTIVE,3,5,5
1458,11032,15:55:30,0,141.00,0,0.6100,0.0596,0.0523,0.0173,1,ACTIVE,3,5,5
1458,11033,15:56:00,0,73.00,0,0.1900,0.0128,0.0173,0.0059,1,ACTIVE,3,5,5
1458,11034,15:56:30,0,186.00,0,0.1900,0.0128,0.0173,0.0059,1,ACTIVE,3,5,5
1458,11035,15:57:00,0,147.00,0,0.1700,0.0042,0.0173,0.0059,1,ACTIVE,3,5,5
1458,11036,15:57:30,0,228.00,0,0.1700,0.0042,0.0173,0.0059,1,ACTIVE,3,5,5
1458,11037,15:58:00,0,77.00,0,0.1700,0.0042,0.0173,0.0059,1,ACTIVE,3,5,5
1458,11038,15:58:30,0,115.00,0,0.2300,0.0339,0.0173,0.0059,1,ACTIVE,3,5,5
1458,11039,15:59:00,0,53.00,0,1.1600,0.0773,0.1120,0.0115,1,ACTIVE,3,5,5
1458,11040,15:59:30,0,93.00,0,0.6500,0.0431,0.0622,0.0070,1,ACTIVE,3,5,5
1458,11041,16:00:00,0,13.00,0,0.1900,0.0128,0.0173,0.0059,1,ACTIVE,3,5,5
1458,11042,16:00:30,0,73.00,0,0.1700,0.0042,0.0173,0.0059,1,ACTIVE,3,5,5
1458,11043,16:01:00,0,7.00,0,0.2100,0.0256,0.0173,0.0059,1,ACTIVE,3,5,5
1458,11044,16:01:30,0,96.00,0,0.0400,0.0146,0.0000,0.0059,1,ACTIVE,3,5,5
1458,11045,16:02:00,0,46.00,0,0.1700,0.0042,0.0173,0.0059,1,ACTIVE,3,5,5
1458,11046,16:02:30,0,168.00,0,0.0200,0.0049,0.0000,0.0059,1,ACTIVE,3,5,5
1458,11047,16:03:00,0,124.00,0,0.1900,0.0128,0.0173,0.0059,1,ACTIVE,3,5,5
1458,11048,16:03:30,0,174.00,0,74.8000,4.3400,7.1500,2.3700,1,ACTIVE,3,5,5
1458,11049,16:04:00,0,4.00,0,113.9500,7.1500,10.8000,3.3500,1,ACTIVE,3,5,5
1458,11050,16:04:30,0,9.00,0,109.1200,6.8500,10.3000,3.2100,1,ACTIVE,3,5,5
1458,11051,16:05:00,0,16.00,0,125.3400,8.3200,11.8000,3.5700,1,ACTIVE,3,5,5
1458,11052,16:05:30,0,106.00,0,130.8900,8.6900,12.3000,3.7300,1,ACTIVE,3,5,5
1458,11053,16:06:00,0,77.00,0,149.5000,8.3200,14.3000,5.3900,1,ACTIVE,3,5,5
1458,11054,16:06:30,0,21.00,0,85.1600,6.2800,7.8000,2.7600,1,ACTIVE,3,5,5
1458,11055,16:07:00,0,77.00,0,484.3200,8.5000,50.2000,23.5000,1,ACTIVE,3,5,5
1458,11056,16:07:30,0,243.00,0,87.3800,24.6000,1.4700,18.5000,1,ACTIVE,3,5,5
1458,11057,16:08:00,0,32.00,0,175.0000,20.7000,14.6000,1.2400,1,ACTIVE,3,5,5
1458,11058,16:08:30,0,158.00,0,552.4600,30.5000,53.6000,14.3000,1,ACTIVE,3,5,5
1458,11059,16:09:00,0,295.00,0,69.2300,5.0600,6.4200,1.7100,1,ACTIVE,3,5,5
1458,11060,16:09:30,0,137.00,0,201.0400,11.3000,19.8000,2.5800,1,ACTIVE,3,5,5
1458,11061,16:10:00,0,168.00,0,43.6500,2.6400,4.1600,1.2600,1,ACTIVE,3,5,5
1458,11062,16:10:30,0,174.00,0,21.3600,1.8300,1.9100,0.5670,1,ACTIVE,3,5,5
1458,11063,16:11:00,0,199.00,0,141.3200,8.8800,13.4000,3.9800,1,ACTIVE,3,5,5
1458,11064,16:11:30,0,193.00,0,64.2800,3.7300,6.1400,2.0400,1,ACTIVE,3,5,5
1458,11065,16:12:00,0,152.00,0,70.9700,4.5400,6.7000,2.0800,1,ACTIVE,3,5,5
1458,11066,16:12:30,0,86.00,0,75.5100,4.0700,7.3100,2.3200,1,ACTIVE,3,5,5
1458,11067,16:13:00,0,220.00,0,77.7300,6.2800,7.0000,2.3700,1,ACTIVE,3,5,5
1458,11068,16:13:30,0,326.00,0,191.5000,16.6000,17.4000,2.3200,1,ACTIVE,3,5,5
1458,11069,16:14:00,0,186.00,0,23.2300,2.4700,1.9900,0.2900,1,ACTIVE,3,5,5
1458,11070,16:14:30,0,137.00,0,17.4900,1.9900,1.4400,0.4470,1,ACTIVE,3,5,5
1458,11071,16:15:00,0,124.00,0,54.7900,5.2800,4.8400,0.6600,1,ACTIVE,3,5,5
1458,11072,16:15:30,0,186.00,0,21.5300,2.2200,1.8300,0.5790,1,ACTIVE,3,5,5
1458,11073,16:16:00,0,37.00,0,0.1900,0.0128,0.0173,0.0059,1,ACTIVE,3,5,5
1458,11074,16:16:30,0,450.00,0,11.2400,1.4100,0.9130,0.1220,1,ACTIVE,3,5,5
1458,11075,16:17:00,0,100.00,0,30.5500,2.2200,2.8800,0.3920,1,ACTIVE,3,5,5
1458,11076,16:17:30,0,61.00,0,143.1000,9.6800,13.4000,3.9800,1,ACTIVE,3,5,5
1458,11077,16:18:00,0,96.00,0,74.6900,4.3400,7.1500,2.2700,1,ACTIVE,3,5,5
1458,11078,16:18:30,0,199.00,0,33.4000,2.1700,3.2100,0.4670,1,ACTIVE,3,5,5
1458,11079,16:19:00,0,100.00,0,51.3900,3.8100,4.7400,1.3500,1,ACTIVE,3,5,5
1458,11080,16:19:30,0,212.00,0,47.6400,4.0700,4.3400,0.5430,1,ACTIVE,3,5,5
1458,11081,16:20:00,0,119.00,0,220.7100,33.3000,16.6000,1.2900,1,ACTIVE,3,5,5
1458,11082,16:20:30,0,235.00,0,410.5800,34.8000,37.9000,1.6700,1,ACTIVE,3,5,5
1458,11083,16:21:00,0,93.00,0,837.2900,63.7000,79.2000,2.8800,1,ACTIVE,3,5,5
1458,11084,16:21:30,0,3.00,0,160.1600,17.4000,13.7000,1.6700,1,ACTIVE,3,5,5
1458,11085,16:22:00,0,48.00,0,344.1100,31.2000,31.2000,1.8700,1,ACTIVE,3,5,5
1458,11086,16:22:30,0,110.00,0,229.3900,28.0000,18.9000,1.4400,1,ACTIVE,3,5,5
1458,11087,16:23:00,0,73.00,0,629.3200,36.3000,62.4000,2.5800,1,ACTIVE,3,5,5
1458,11088,16:23:30,0,305.00,0,834.7400,34.8000,82.7000,31.2000,1,ACTIVE,3,5,5
1458,11089,16:24:00,0,73.00,0,22.0700,1.7900,1.9900,0.6180,1,ACTIVE,3,5,5
1458,11090,16:24:30,0,158.00,0,634.4600,47.1000,58.4000,17.0000,1,ACTIVE,3,5,5
1458,11091,16:25:00,0,326.00,0,1029.660,56.0000,98.3000,41.3000,1,ACTIVE,3,5,5
1458,11092,16:25:30,0,212.00,0,113.7400,10.3000,9.8900,3.9000,1,ACTIVE,3,5,5
1458,11093,16:26:00,0,26.00,0,93.5500,7.9700,8.3200,2.8200,1,ACTIVE,3,5,5
1458,11094,16:26:30,0,132.00,0,145.6900,13.4000,13.1000,1.1300,1,ACTIVE,3,5,5
1458,11095,16:27:00,0,73.00,0,83.6400,3.6500,8.3200,2.4700,1,ACTIVE,3,5,5
1458,11096,16:27:30,0,83.00,0,298.1300,23.0000,28.0000,1.9500,1,ACTIVE,3,5,5
1458,11097,16:28:00,0,83.00,0,66.0200,5.6300,6.0100,0.8370,1,ACTIVE,3,5,5
1458,11098,16:28:30,0,42.00,0,349.3600,25.7000,33.3000,1.0600,1,ACTIVE,3,5,5
1458,11099,16:29:00,0,2.00,0,724.0500,51.3000,69.5000,1.6700,1,ACTIVE,3,5,5
1458,11100,16:29:30,0,77.00,0,371.4200,26.8000,35.5000,1.0400,1,ACTIVE,3,5,5
1458,11101,16:30:00,0,235.00,0,355.0000,24.0000,34.0000,3.6500,1,ACTIVE,3,5,5
1458,11102,16:30:30,0,141.00,0,218.7700,23.0000,18.9000,1.7500,1,ACTIVE,3,5,5
1458,11103,16:31:00,0,119.00,0,319.4600,23.0000,30.5000,1.1600,1,ACTIVE,3,5,5
1458,11104,16:31:30,0,128.00,0,36.8500,2.6400,3.4200,0.9540,1,ACTIVE,3,5,5
1458,11105,16:32:00,0,93.00,0,48.2500,3.5700,4.4400,1.3500,1,ACTIVE,3,5,5
1458,11106,16:32:30,0,42.00,0,35.2300,4.3400,2.8800,0.3840,1,ACTIVE,3,5,5
1458,11107,16:33:00,0,83.00,0,85.0400,7.1500,7.6300,2.2200,1,ACTIVE,3,5,5
1458,11108,16:33:30,0,53.00,0,51.3500,3.8100,4.8400,0.4770,1,ACTIVE,3,5,5
1458,11109,16:34:00,0,26.00,0,50.9800,3.1400,4.8400,1.5000,1,ACTIVE,3,5,5
1458,11110,16:34:30,0,93.00,0,20.0400,2.1700,1.6700,0.5200,1,ACTIVE,3,5,5
1458,11111,16:35:00,0,100.00,0,668.6000,51.3000,62.4000,8.1400,1,ACTIVE,3,5,5
1458,11112,16:35:30,0,147.00,0,628.0600,41.3000,61.0000,1.9500,1,ACTIVE,3,5,5
1458,11113,16:36:00,0,152.00,0,449.8500,48.1000,38.7000,3.9800,1,ACTIVE,3,5,5
1458,11114,16:36:30,0,55.00,0,189.9900,8.8800,18.5000,7.3100,1,ACTIVE,3,5,5
1458,11115,16:37:00,0,34.00,0,153.8300,7.4700,14.9000,6.0100,1,ACTIVE,3,5,5
1458,11116,16:37:30,0,68.00,0,283.5000,21.6000,26.8000,0.9960,1,ACTIVE,3,5,5
1458,11117,16:38:00,0,119.00,0,461.5800,25.7000,46.1000,1.3500,1,ACTIVE,3,5,5
1458,11118,16:38:30,0,128.00,0,793.1100,57.2000,75.8000,2.5800,1,ACTIVE,3,5,5
1458,11119,16:39:00,0,163.00,0,1.7000,0.1190,0.1580,0.0523,1,ACTIVE,3,5,5
1458,11120,16:39:30,0,48.00,0,56.6300,4.3400,5.1700,1.6400,1,ACTIVE,3,5,5
1458,11121,16:40:00,0,18.00,0,92.6800,7.8000,8.3200,2.3700,1,ACTIVE,3,5,5
1458,11122,16:40:30,0,63.00,0,476.8900,37.9000,44.1000,6.2800,1,ACTIVE,3,5,5
1458,11123,16:41:00,0,33.00,0,82.9400,6.8500,7.4700,2.2200,1,ACTIVE,3,5,5
1458,11124,16:41:30,0,42.00,0,168.3200,42.2000,3.4200,41.3000,1,ACTIVE,3,5,5
1458,11125,16:42:00,0,48.00,0,68.4500,3.3500,6.7000,2.1700,1,ACTIVE,3,5,5
1458,11126,16:42:30,0,0.00,0,3.4100,0.3760,0.2900,0.0395,0,ACTIVE,3,5,5
1458,11127,16:43:00,0,0.00,0,3.1700,0.3160,0.2770,0.0395,0,ACTIVE,3,5,5
1458,11128,16:43:30,0,0.00,0,3.6500,0.3760,0.3160,0.0460,0,ACTIVE,3,5,5
1458,11129,16:44:00,0,0.00,0,8.7600,0.6740,0.8020,0.2280,0,ACTIVE,3,5,5
1458,11130,16:44:30,0,0.00,0,13.7000,1.0200,1.2600,0.3520,0,ACTIVE,3,5,5
1458,11131,16:45:00,0,1.00,0,21.7500,1.6700,1.9900,0.5550,0,ACTIVE,3,5,5
1458,11132,16:45:30,0,0.00,0,25.9300,2.2200,2.3200,0.6600,1,ACTIVE,3,5,5
1458,11133,16:46:00,0,106.00,0,80.3100,4.3400,7.8000,2.2200,1,ACTIVE,3,5,5
1458,11134,16:46:30,0,93.00,0,75.5100,4.7400,7.1500,2.2200,1,ACTIVE,3,5,5
1458,11135,16:47:00,0,42.00,0,81.6800,5.3900,7.6300,2.7000,1,ACTIVE,3,5,5
1458,11136,16:47:30,0,37.00,0,80.0700,5.3900,7.4700,2.5300,1,ACTIVE,3,5,5
1458,11137,16:48:00,0,48.00,0,291.7700,16.6000,28.0000,9.0700,1,ACTIVE,3,5,5
1458,11138,16:48:30,0,106.00,0,34.1900,2.2700,3.2100,0.9960,1,ACTIVE,3,5,5
1458,11139,16:49:00,0,28.00,0,9.5600,0.8560,0.8370,0.3090,1,ACTIVE,3,5,5
1458,11140,16:49:30,0,42.00,0,193.2500,10.1000,18.5000,7.8000,1,ACTIVE,3,5,5
1458,11141,16:50:00,0,59.00,0,146.1000,6.2800,14.3000,6.4200,1,ACTIVE,3,5,5
1458,11142,16:50:30,0,1.00,0,0.1200,0.0042,0.0125,0.0000,1,ACTIVE,3,5,5
1458,11143,16:51:00,0,100.00,0,35.7300,2.7600,3.3500,0.2720,1,ACTIVE,3,5,5
1458,11144,16:51:30,0,24.00,0,399.7900,14.3000,39.6000,19.8000,1,ACTIVE,3,5,5
1458,11145,16:52:00,0,59.00,0,409.5200,14.6000,40.4000,21.1000,1,ACTIVE,3,5,5
1458,11146,16:52:30,0,53.00,0,14.9800,0.5430,1.5000,0.5670,1,ACTIVE,3,5,5
1458,11147,16:53:00,0,186.00,0,12.2600,1.8700,0.9130,0.1270,1,ACTIVE,3,5,5
1458,11148,16:53:30,0,63.00,0,0.1700,0.0042,0.0173,0.0059,1,ACTIVE,3,5,5
1458,11149,16:54:00,0,286.00,0,140.1800,8.3200,13.4000,4.0700,1,ACTIVE,3,5,5
1458,11150,16:54:30,0,77.00,0,158.5100,17.0000,13.7000,0.9130,1,ACTIVE,3,5,5
1458,11151,16:55:00,0,63.00,0,159.2200,14.9000,14.3000,0.8940,1,ACTIVE,3,5,5
1458,11152,16:55:30,0,100.00,0,75.9100,5.5100,7.1500,1.0200,1,ACTIVE,3,5,5
1458,11153,16:56:00,0,119.00,0,446.6000,29.9000,43.2000,2.3700,1,ACTIVE,3,5,5
1458,11154,16:56:30,0,83.00,0,486.5100,27.4000,48.1000,4.3400,1,ACTIVE,3,5,5
1458,11155,16:57:00,0,53.00,0,146.2300,7.8000,14.6000,0.9330,1,ACTIVE,3,5,5
1458,11156,16:57:30,0,46.00,0,36.3000,2.3700,3.4200,0.9960,1,ACTIVE,3,5,5
1458,11157,16:58:00,0,44.00,0,34.0600,2.2200,3.2100,0.9750,1,ACTIVE,3,5,5
1458,11158,16:58:30,0,35.00,0,35.3300,2.2200,3.3500,0.9960,1,ACTIVE,3,5,5
1458,11159,16:59:00,0,13.00,0,31.0500,1.9500,2.9400,0.8940,1,ACTIVE,3,5,5
1458,11160,16:59:30,0,186.00,0,39.4400,2.5300,3.7300,1.0600,1,ACTIVE,3,5,5
1458,11161,17:00:00,0,42.00,0,59.6600,4.3400,5.6300,0.6600,1,ACTIVE,3,5,5
1458,11162,17:00:30,0,0.00,0,63.2200,4.4400,6.0100,0.6890,1,ACTIVE,3,5,5
1458,11163,17:01:00,0,115.00,0,456.0100,21.1000,45.1000,13.4000,1,ACTIVE,3,5,5
1458,11164,17:01:30,0,277.00,0,78.7900,7.0000,7.1500,0.6460,1,ACTIVE,3,5,5
1458,11165,17:02:00,0,110.00,0,748.6300,20.7000,77.5000,22.5000,1,ACTIVE,3,5,5
1458,11166,17:02:30,0,110.00,0,102.3300,8.3200,9.4700,0.8750,1,ACTIVE,3,5,5
1458,11167,17:03:00,0,90.00,0,40.3100,3.8100,3.5700,0.5200,1,ACTIVE,3,5,5
1458,11168,17:03:30,0,35.00,0,205.0700,18.5000,18.5000,1.5400,1,ACTIVE,3,5,5
1458,11169,17:04:00,0,152.00,0,882.4500,34.0000,88.2000,31.9000,1,ACTIVE,3,5,5
1458,11170,17:04:30,0,220.00,0,144.0500,11.0000,13.1000,4.4400,1,ACTIVE,3,5,5
1458,11171,17:05:00,0,124.00,0,366.0200,23.0000,35.5000,3.7300,1,ACTIVE,3,5,5
1458,11172,17:05:30,0,86.00,0,318.1000,24.6000,29.9000,2.0400,1,ACTIVE,3,5,5
1458,11173,17:06:00,0,106.00,0,42.0200,3.6500,3.8100,0.4870,1,ACTIVE,3,5,5
1458,11174,17:06:30,0,66.00,0,232.5600,24.6000,20.2000,1.0400,1,ACTIVE,3,5,5
1458,11175,17:07:00,0,119.00,0,350.1600,28.6000,32.6000,1.5700,1,ACTIVE,3,5,5
1458,11176,17:07:30,0,96.00,0,300.4500,33.3000,25.7000,1.9500,1,ACTIVE,3,5,5
1458,11177,17:08:00,0,12.00,0,137.1900,14.9000,11.8000,1.0400,1,ACTIVE,3,5,5
1458,11178,17:08:30,0,132.00,0,124.2800,12.0000,11.0000,1.0400,1,ACTIVE,3,5,5
1458,11179,17:09:00,0,1.00,0,223.5100,18.5000,20.7000,1.4100,0,ACTIVE,3,5,5
1458,11180,17:09:30,0,0.00,0,242.7100,19.8000,22.5000,1.4700,0,ACTIVE,3,5,5
1458,11181,17:10:00,0,0.00,0,201.9700,15.6000,18.9000,1.4100,0,ACTIVE,3,5,5
1458,11182,17:10:30,0,0.00,0,206.3900,14.3000,19.8000,1.3500,0,ACTIVE,3,5,5
1458,11183,17:11:00,0,0.00,0,173.7300,12.0000,16.6000,1.2900,0,ACTIVE,3,5,5
1458,11184,17:11:30,0,0.00,0,151.5600,10.1000,14.6000,1.1300,0,ACTIVE,3,5,5
1458,11185,17:12:00,0,31.00,0,77.0300,5.6300,7.3100,0.5430,1,ACTIVE,3,5,5
1458,11186,17:12:30,0,80.00,0,4.5300,0.3600,0.4190,0.0596,1,ACTIVE,3,5,5
1458,11187,17:13:00,0,70.00,0,2.6200,0.1720,0.2440,0.0981,1,ACTIVE,3,5,5
1458,11188,17:13:30,0,124.00,0,282.4200,9.6800,28.0000,14.6000,1,ACTIVE,3,5,5
1458,11189,17:14:00,0,15.00,0,43.8200,2.7600,4.1600,1.1800,1,ACTIVE,3,5,5
1458,11190,17:14:30,0,90.00,0,38.6700,1.5000,3.9000,1.1100,1,ACTIVE,3,5,5
1458,11191,17:15:00,0,16.00,0,0.1200,0.0042,0.0125,0.0000,1,ACTIVE,3,5,5
1458,11192,17:15:30,0,137.00,0,49.9700,3.7300,4.7400,0.2050,1,ACTIVE,3,5,5
1458,11193,17:16:00,0,1.00,0,111.9300,8.3200,10.6000,0.9750,1,ACTIVE,3,5,5
1458,11194,17:16:30,0,0.00,0,108.7700,7.8000,10.3000,0.9540,1,ACTIVE,3,5,5
1458,11195,17:17:00,0,39.00,0,61.8000,4.2500,5.8800,0.8020,1,ACTIVE,3,5,5
1458,11196,17:17:30,0,50.00,0,9.7700,0.8200,0.8940,0.1190,1,ACTIVE,3,5,5
1458,11197,17:18:00,0,86.00,0,7.1000,0.6050,0.6460,0.0939,1,ACTIVE,3,5,5
1458,11198,17:18:30,0,61.00,0,0.7200,0.0773,0.0622,0.0023,1,ACTIVE,3,5,5
1458,11199,17:19:00,0,115.00,0,12.0900,0.7040,1.1600,0.3520,1,ACTIVE,3,5,5
1458,11200,17:19:30,0,251.00,0,23.5500,1.5000,2.2200,0.7200,1,ACTIVE,3,5,5
1458,11201,17:20:00,0,137.00,0,814.0700,37.9000,79.2000,34.0000,1,ACTIVE,3,5,5
1458,11202,17:20:30,0,39.00,0,1480.870,47.1000,152.0000,45.1000,1,ACTIVE,3,5,5
1458,11203,17:21:00,0,77.00,0,1535.730,74.2000,148.0000,66.6000,1,ACTIVE,3,5,5
1458,11204,17:21:30,0,251.00,0,746.7300,26.8000,74.2000,34.8000,1,ACTIVE,3,5,5
1458,11205,17:22:00,0,7.00,0,3.5800,0.4570,0.2900,0.0347,1,ACTIVE,3,5,5
1458,11206,17:22:30,0,1.00,0,4.1000,0.4980,0.3370,0.0395,1,ACTIVE,3,5,5
1458,11207,17:23:00,0,63.00,0,4.6100,0.5430,0.3840,0.0395,1,ACTIVE,3,5,5
1458,11208,17:23:30,0,32.00,0,7.8400,0.8940,0.6600,0.0825,1,ACTIVE,3,5,5
1458,11209,17:24:00,0,61.00,0,7.6500,0.8020,0.6600,0.0939,1,ACTIVE,3,5,5
1458,11210,17:24:30,0,119.00,0,19.9600,2.1700,1.6700,0.4470,1,ACTIVE,3,5,5
1458,11211,17:25:00,0,168.00,0,28.2100,2.3700,2.5300,0.7680,1,ACTIVE,3,5,5
1458,11212,17:25:30,0,93.00,0,15.4300,1.9900,1.2400,0.1800,1,ACTIVE,3,5,5
1458,11213,17:26:00,0,70.00,0,10.3600,1.1600,0.8750,0.1270,1,ACTIVE,3,5,5
1458,11214,17:26:30,0,77.00,0,3.5500,0.4370,0.2900,0.0412,1,ACTIVE,3,5,5
1458,11215,17:27:00,0,152.00,0,9.3900,1.2900,0.7350,0.0825,1,ACTIVE,3,5,5
1458,11216,17:27:30,0,59.00,0,39.4800,3.2100,3.5700,0.9960,1,ACTIVE,3,5,5
1458,11217,17:28:00,0,0.00,0,57.4700,3.9000,5.3900,1.4700,1,ACTIVE,3,5,5
1458,11218,17:28:30,0,295.00,0,25.4700,2.1700,2.3200,0.3370,1,ACTIVE,3,5,5
1458,11219,17:29:00,0,251.00,0,18.0600,2.2700,1.4700,0.1550,1,ACTIVE,3,5,5
1458,11220,17:29:30,0,193.00,0,919.5800,45.1000,90.1000,28.0000,1,ACTIVE,3,5,5
1458,11221,17:30:00,0,251.00,0,1.6900,0.1120,0.1580,0.0523,1,ACTIVE,3,5,5
1458,11222,17:30:30,0,286.00,0,139.0900,3.9800,14.3000,4.6400,1,ACTIVE,3,5,5
1458,11223,17:31:00,0,326.00,0,148.3200,5.8800,14.9000,4.1600,1,ACTIVE,3,5,5
1458,11224,17:31:30,0,106.00,0,13.8500,1.9100,1.0900,0.1090,1,ACTIVE,3,5,5
1458,11225,17:32:00,0,141.00,0,67.9100,2.7600,6.7000,2.8800,1,ACTIVE,3,5,5
1458,11226,17:32:30,0,326.00,0,97.1000,2.5800,9.8900,4.3400,1,ACTIVE,3,5,5
1458,11227,17:33:00,0,128.00,0,272.7000,7.9700,27.4000,14.0000,1,ACTIVE,3,5,5
1458,11228,17:33:30,0,124.00,0,127.9500,3.8100,12.8000,6.5600,1,ACTIVE,3,5,5
1458,11229,17:34:00,0,63.00,0,118.6200,4.4400,11.8000,5.2800,1,ACTIVE,3,5,5
1458,11230,17:34:30,0,206.00,0,109.5200,2.1300,11.3000,5.6300,1,ACTIVE,3,5,5
1458,11231,17:35:00,0,115.00,0,8.7600,1.3200,0.6600,0.0559,1,ACTIVE,3,5,5
1458,11232,17:35:30,0,50.00,0,87.0500,3.6500,8.6900,2.6400,1,ACTIVE,3,5,5
1458,11233,17:36:00,0,83.00,0,8.1300,0.6460,0.7510,0.1090,1,ACTIVE,3,5,5
1458,11234,17:36:30,0,0.00,0,7.2200,0.6050,0.6600,0.0939,1,ACTIVE,3,5,5
1458,11235,17:37:00,0,0.00,0,7.0400,0.5790,0.6460,0.0939,0,ACTIVE,3,5,5
1458,11236,17:37:30,0,0.00,0,6.9800,0.5550,0.6460,0.0900,0,ACTIVE,3,5,5
1458,11237,17:38:00,0,55.00,0,17.8100,2.0400,1.4700,0.3920,1,ACTIVE,3,5,5
1458,11238,17:38:30,0,30.00,0,55.1900,3.2800,5.2800,1.5700,1,ACTIVE,3,5,5
1458,11239,17:39:00,0,115.00,0,214.2500,8.6900,21.1000,9.2700,1,ACTIVE,3,5,5
1458,11240,17:39:30,0,103.00,0,280.3300,11.3000,27.4000,14.3000,1,ACTIVE,3,5,5
1458,11241,17:40:00,0,193.00,0,19.0000,1.0900,1.8300,0.5550,1,ACTIVE,3,5,5
1458,11242,17:40:30,0,421.00,0,42.9900,2.4200,4.1600,1.1100,1,ACTIVE,3,5,5
1458,11243,17:41:00,0,70.00,0,30.7300,1.8300,2.9400,0.8560,1,ACTIVE,3,5,5
1458,11244,17:41:30,0,141.00,0,14.1200,1.4100,1.2100,0.3760,1,ACTIVE,3,5,5
1458,11245,17:42:00,0,315.00,0,8.1000,1.9100,0.4370,0.0460,1,ACTIVE,3,5,5
1458,11246,17:42:30,0,326.00,0,7.9300,1.8300,0.4370,0.0596,1,ACTIVE,3,5,5
1458,11247,17:43:00,0,110.00,0,63.0900,2.6400,6.2800,2.0800,1,ACTIVE,3,5,5
1458,11248,17:43:30,0,199.00,0,35.8400,1.5700,3.5700,0.9750,1,ACTIVE,3,5,5
1458,11249,17:44:00,0,179.00,0,43.5300,2.6400,4.1600,1.1600,1,ACTIVE,3,5,5
1458,11250,17:44:30,0,337.00,0,19.6400,1.9900,1.7100,0.2280,1,ACTIVE,3,5,5
1458,11251,17:45:00,0,243.00,0,29.5200,3.0100,2.5300,0.6740,1,ACTIVE,3,5,5
1458,11252,17:45:30,0,174.00,0,22.4900,1.4400,2.1300,0.6320,1,ACTIVE,3,5,5
1458,11253,17:46:00,0,193.00,0,9.2200,1.4100,0.6740,0.1880,1,ACTIVE,3,5,5
1458,11254,17:46:30,0,305.00,0,632.6800,33.3000,61.0000,22.5000,1,ACTIVE,3,5,5
1458,11255,17:47:00,0,348.00,0,2189.860,79.2000,219.0000,88.2000,1,ACTIVE,3,5,5
1458,11256,17:47:30,0,421.00,0,8806.410,338.0000,876.0000,353.0000,1,ACTIVE,3,5,5
1458,11257,17:48:00,0,235.00,0,4512.930,127.0000,458.0000,205.0000,1,ACTIVE,3,5,5
1458,11258,17:48:30,0,286.00,0,2465.210,66.6000,249.0000,122.0000,1,ACTIVE,3,5,5
1458,11259,17:49:00,0,70.00,0,2016.210,48.1000,205.0000,103.0000,1,ACTIVE,3,5,5
1458,11260,17:49:30,0,100.00,0,4037.210,103.0000,411.0000,197.0000,1,ACTIVE,3,5,5
1458,11261,17:50:00,0,179.00,0,6947.800,244.0000,691.0000,331.0000,1,ACTIVE,3,5,5
1458,11262,17:50:30,0,163.00,0,5374.140,155.0000,544.0000,244.0000,1,ACTIVE,3,5,5
1458,11263,17:51:00,0,235.00,0,5848.190,148.0000,593.0000,297.0000,1,ACTIVE,3,5,5
1458,11264,17:51:30,0,16.00,0,8452.890,224.0000,858.0000,411.0000,1,ACTIVE,3,5,5
1458,11265,17:52:00,0,73.00,0,7632.810,214.0000,770.0000,385.0000,1,ACTIVE,3,5,5
1458,11266,17:52:30,0,68.00,0,5229.670,133.0000,532.0000,249.0000,1,ACTIVE,3,5,5
1458,11267,17:53:00,0,137.00,0,6100.310,158.0000,620.0000,297.0000,1,ACTIVE,3,5,5
1458,11268,17:53:30,0,193.00,0,8497.670,244.0000,858.0000,411.0000,1,ACTIVE,3,5,5
1458,11269,17:54:00,0,93.00,0,11684.75,411.0000,1160.000,556.0000,1,ACTIVE,3,5,5
1458,11270,17:54:30,0,86.00,0,14605.72,532.0000,1470.000,478.0000,1,ACTIVE,3,5,5
1458,11271,17:55:00,0,259.00,0,1892.760,361.0000,48.1000,620.0000,1,ACTIVE,3,5,5
1458,11272,17:55:30,0,96.00,0,4972.890,155.0000,499.0000,239.0000,1,ACTIVE,3,5,5
1458,11273,17:56:00,0,137.00,0,4578.470,155.0000,458.0000,210.0000,1,ACTIVE,3,5,5
1458,11274,17:56:30,0,141.00,0,3033.780,103.0000,303.0000,139.0000,1,ACTIVE,3,5,5
1458,11275,17:57:00,0,110.00,0,5151.870,148.0000,521.0000,239.0000,1,ACTIVE,3,5,5
1458,11276,17:57:30,0,106.00,0,6159.590,188.0000,620.0000,290.0000,1,ACTIVE,3,5,5
1458,11277,17:58:00,0,80.00,0,5638.540,165.0000,568.0000,272.0000,1,ACTIVE,3,5,5
1458,11278,17:58:30,0,70.00,0,6696.080,192.0000,676.0000,324.0000,1,ACTIVE,3,5,5
1458,11279,17:59:00,0,110.00,0,9583.780,338.0000,956.0000,429.0000,1,ACTIVE,3,5,5
1458,11280,17:59:30,0,141.00,0,4513.900,169.0000,448.0000,201.0000,1,ACTIVE,3,5,5
1458,11281,18:00:00,0,63.00,0,7583.560,284.0000,753.0000,331.0000,1,ACTIVE,3,5,5
1458,11282,18:00:30,0,35.00,0,10775.23,420.0000,1060.000,478.0000,1,ACTIVE,3,5,5
1458,11283,18:01:00,0,18.00,0,12503.31,478.0000,1240.000,544.0000,1,ACTIVE,3,5,5
1458,11284,18:01:30,0,86.00,0,10733.30,411.0000,1060.000,458.0000,1,ACTIVE,3,5,5
1458,11285,18:02:00,0,115.00,0,6316.160,192.0000,633.0000,317.0000,1,ACTIVE,3,5,5
1458,11286,18:02:30,0,115.00,0,8017.970,249.0000,804.0000,393.0000,1,ACTIVE,3,5,5
1458,11287,18:03:00,0,124.00,0,5419.130,173.0000,544.0000,249.0000,1,ACTIVE,3,5,5
1458,11288,18:03:30,0,93.00,0,8036.840,266.0000,804.0000,377.0000,1,ACTIVE,3,5,5
1458,11289,18:04:00,0,66.00,0,8956.150,297.0000,896.0000,420.0000,1,ACTIVE,3,5,5
1458,11290,18:04:30,0,132.00,0,5934.510,197.0000,593.0000,278.0000,1,ACTIVE,3,5,5
1458,11291,18:05:00,0,53.00,0,4728.400,133.0000,478.0000,229.0000,1,ACTIVE,3,5,5
1458,11292,18:05:30,0,137.00,0,3169.890,110.0000,317.0000,142.0000,1,ACTIVE,3,5,5
1458,11293,18:06:00,0,73.00,0,1924.090,66.6000,192.0000,84.5000,1,ACTIVE,3,5,5
1458,11294,18:06:30,0,305.00,0,2315.540,69.5000,234.0000,105.0000,1,ACTIVE,3,5,5
1458,11295,18:07:00,0,199.00,0,102.6000,5.6300,9.8900,3.2100,1,ACTIVE,3,5,5
1458,11296,18:07:30,0,220.00,0,25.6000,6.1400,1.3500,0.1960,1,ACTIVE,3,5,5
1458,11297,18:08:00,0,199.00,0,19.5000,1.9500,1.6700,0.4770,1,ACTIVE,3,5,5
1458,11298,18:08:30,0,527.00,0,7.8100,1.0400,0.6180,0.0880,1,ACTIVE,3,5,5
1458,11299,18:09:00,0,348.00,0,19.8200,3.9000,1.2600,0.1270,1,ACTIVE,3,5,5
1458,11300,18:09:30,0,359.00,0,288.5900,28.0000,24.6000,10.6000,1,ACTIVE,3,5,5
1458,11301,18:10:00,0,286.00,0,9408.030,499.0000,915.0000,266.0000,1,ACTIVE,3,5,5
1458,11302,18:10:30,0,371.00,0,10314.47,556.0000,998.0000,317.0000,1,ACTIVE,3,5,5
1458,11303,18:11:00,0,326.00,0,5169.880,368.0000,468.0000,239.0000,1,ACTIVE,3,5,5
1458,11304,18:11:30,0,511.00,0,64.2800,6.0100,5.7600,0.5200,1,ACTIVE,3,5,5
1458,11305,18:12:00,0,383.00,0,26.1100,3.2800,2.1300,0.2280,1,ACTIVE,3,5,5
1458,11306,18:12:30,0,259.00,0,24.0600,2.3200,2.1300,0.2900,1,ACTIVE,3,5,5
1458,11307,18:13:00,0,193.00,0,21.7100,3.0700,1.6700,0.2280,1,ACTIVE,3,5,5
1458,11308,18:13:30,0,295.00,0,56.1600,2.7600,5.5100,1.6400,1,ACTIVE,3,5,5
1458,11309,18:14:00,0,277.00,0,37.0000,2.0800,3.6500,0.3760,1,ACTIVE,3,5,5
1458,11310,18:14:30,0,337.00,0,24.6200,2.7600,2.0800,0.2840,1,ACTIVE,3,5,5
1458,11311,18:15:00,0,395.00,0,20.6100,6.5600,0.6890,0.0790,1,ACTIVE,3,5,5
1458,11312,18:15:30,0,511.00,0,28.7600,2.8800,2.4700,0.6740,1,ACTIVE,3,5,5
1458,11313,18:16:00,0,348.00,0,21.8400,2.3700,1.8700,0.2380,1,ACTIVE,3,5,5
1458,11314,18:16:30,0,408.00,0,39.6200,2.3200,3.8100,0.9960,1,ACTIVE,3,5,5
1458,11315,18:17:00,0,268.00,0,78.9800,5.0600,7.4700,2.2200,1,ACTIVE,3,5,5
1458,11316,18:17:30,0,96.00,0,324.3700,17.4000,31.2000,11.8000,1,ACTIVE,3,5,5
1458,11317,18:18:00,0,562.00,0,145.9600,9.6800,13.7000,4.2500,1,ACTIVE,3,5,5
1458,11318,18:18:30,0,168.00,0,18.9700,1.8300,1.6700,0.2440,1,ACTIVE,3,5,5
1458,11319,18:19:00,0,141.00,0,36.3800,4.3400,3.0100,0.4100,1,ACTIVE,3,5,5
1458,11320,18:19:30,0,235.00,0,61.2000,7.0000,5.1700,0.4470,1,ACTIVE,3,5,5
1458,11321,18:20:00,0,295.00,0,28.0600,2.5300,2.5300,0.3030,1,ACTIVE,3,5,5
1458,11322,18:20:30,0,168.00,0,31.4100,2.9400,2.8200,0.2140,1,ACTIVE,3,5,5
1458,11323,18:21:00,0,115.00,0,14.0300,0.9330,1.3200,0.3760,1,ACTIVE,3,5,5
1458,11324,18:21:30,0,70.00,0,30.4600,2.4700,2.7600,0.7850,1,ACTIVE,3,5,5
1458,11325,18:22:00,0,179.00,0,68.2500,2.5800,6.8500,2.3700,1,ACTIVE,3,5,5
1458,11326,18:22:30,0,174.00,0,41.8200,2.8800,3.9000,1.2100,1,ACTIVE,3,5,5
1458,11327,18:23:00,0,163.00,0,36.6800,3.6500,3.2100,0.4670,1,ACTIVE,3,5,5
1458,11328,18:23:30,0,119.00,0,49.1000,3.5700,4.5400,1.3500,1,ACTIVE,3,5,5
1458,11329,18:24:00,0,80.00,0,47.6000,3.2800,4.4400,1.3500,1,ACTIVE,3,5,5
1458,11330,18:24:30,0,23.00,0,42.6900,2.8800,3.9800,1.3200,1,ACTIVE,3,5,5
1458,11331,18:25:00,0,179.00,0,50.1500,3.6500,4.6400,1.3500,1,ACTIVE,3,5,5
1458,11332,18:25:30,0,11.00,0,48.1600,3.5700,4.4400,1.2600,1,ACTIVE,3,5,5
1458,11333,18:26:00,0,3.00,0,51.8000,3.5700,4.8400,1.3800,1,ACTIVE,3,5,5
1458,11334,18:26:30,0,5.00,0,49.2900,3.2800,4.6400,1.3200,1,ACTIVE,3,5,5
1458,11335,18:27:00,0,0.00,0,46.3300,3.1400,4.3400,1.2400,1,ACTIVE,3,5,5
1458,11336,18:27:30,0,44.00,0,43.4000,3.2800,3.9800,1.1600,1,ACTIVE,3,5,5
1458,11337,18:28:00,0,259.00,0,38.8200,2.5300,3.6500,1.1300,1,ACTIVE,3,5,5
1458,11338,18:28:30,0,80.00,0,14.1200,1.6000,1.1600,0.3920,1,ACTIVE,3,5,5
1458,11339,18:29:00,0,10.00,0,1.7800,0.2440,0.1390,0.0206,1,ACTIVE,3,5,5
1458,11340,18:29:30,0,100.00,0,3.6000,0.3520,0.3160,0.0460,1,ACTIVE,3,5,5
1458,11341,18:30:00,0,286.00,0,20.5400,2.0800,1.7900,0.2600,1,ACTIVE,3,5,5
1458,11342,18:30:30,0,147.00,0,15.4700,1.3200,1.4100,0.1960,1,ACTIVE,3,5,5
1458,11343,18:31:00,0,141.00,0,25.2600,1.5000,2.4200,0.6740,1,ACTIVE,3,5,5
1458,11344,18:31:30,0,28.00,0,22.9600,2.5300,1.9500,0.2770,1,ACTIVE,3,5,5
1458,11345,18:32:00,0,359.00,0,20.1100,2.2200,1.7100,0.1920,1,ACTIVE,3,5,5
1458,11346,18:32:30,0,158.00,0,46.5700,2.3200,4.5400,1.5700,1,ACTIVE,3,5,5
1458,11347,18:33:00,0,326.00,0,7.3600,0.8370,0.6180,0.0825,1,ACTIVE,3,5,5
1458,11348,18:33:30,0,179.00,0,9.0500,0.8560,0.8020,0.1190,1,ACTIVE,3,5,5
1458,11349,18:34:00,0,80.00,0,26.2800,1.4700,2.5300,0.8200,1,ACTIVE,3,5,5
1458,11350,18:34:30,0,31.00,0,20.7700,1.1800,1.9900,0.6460,1,ACTIVE,3,5,5
1458,11351,18:35:00,0,77.00,0,19.1400,1.1300,1.8300,0.5790,1,ACTIVE,3,5,5
1458,11352,18:35:30,0,110.00,0,24.0700,1.3500,2.3200,0.7200,1,ACTIVE,3,5,5
1458,11353,18:36:00,0,83.00,0,19.9000,1.1600,1.9100,0.5790,1,ACTIVE,3,5,5
1458,11354,18:36:30,0,28.00,0,14.2100,0.8940,1.3500,0.3840,1,ACTIVE,3,5,5
1458,11355,18:37:00,0,124.00,0,15.8200,0.9750,1.5000,0.4570,1,ACTIVE,3,5,5
1458,11356,18:37:30,0,70.00,0,13.2500,0.7850,1.2600,0.4100,1,ACTIVE,3,5,5
1458,11357,18:38:00,0,132.00,0,20.4300,1.2100,1.9500,0.6320,1,ACTIVE,3,5,5
1458,11358,18:38:30,0,73.00,0,23.1800,1.3200,2.2200,0.7510,1,ACTIVE,3,5,5
1458,11359,18:39:00,0,25.00,0,24.1200,1.3500,2.3200,0.7680,1,ACTIVE,3,5,5
1458,11360,18:39:30,0,96.00,0,22.1200,1.2400,2.1300,0.7040,1,ACTIVE,3,5,5
1458,11361,18:40:00,0,0.00,0,13.5300,0.8020,1.2900,0.4100,1,ACTIVE,3,5,5
1458,11362,18:40:30,0,163.00,0,13.4100,0.8940,1.2600,0.3370,1,ACTIVE,3,5,5
1458,11363,18:41:00,0,212.00,0,22.3400,3.2100,1.7100,0.2380,1,ACTIVE,3,5,5
1458,11364,18:41:30,0,193.00,0,31.3600,2.5800,2.8800,0.4010,1,ACTIVE,3,5,5
1458,11365,18:42:00,0,286.00,0,11.9900,1.2400,1.0400,0.1330,1,ACTIVE,3,5,5
1458,11366,18:42:30,0,277.00,0,22.6600,2.7600,1.8300,0.5200,1,ACTIVE,3,5,5
1458,11367,18:43:00,0,251.00,0,30.8700,1.9100,2.9400,0.8200,1,ACTIVE,3,5,5
1458,11368,18:43:30,0,228.00,0,25.5200,3.0100,2.0800,0.6050,1,ACTIVE,3,5,5
1458,11369,18:44:00,0,305.00,0,17.1300,2.7600,1.2400,0.1840,1,ACTIVE,3,5,5
1458,11370,18:44:30,0,228.00,0,20.6300,1.8300,1.8300,0.5430,1,ACTIVE,3,5,5
1458,11371,18:45:00,0,50.00,0,16.0300,0.9330,1.5400,0.4770,1,ACTIVE,3,5,5
1458,11372,18:45:30,0,42.00,0,23.1600,1.3500,2.2200,0.6740,1,ACTIVE,3,5,5
1458,11373,18:46:00,0,152.00,0,17.8400,1.2100,1.6700,0.4570,1,ACTIVE,3,5,5
1458,11374,18:46:30,0,132.00,0,23.2400,1.3800,2.2200,0.6890,1,ACTIVE,3,5,5
1458,11375,18:47:00,0,4.00,0,24.2200,1.4100,2.3200,0.7350,1,ACTIVE,3,5,5
1458,11376,18:47:30,0,9.00,0,25.1300,1.4100,2.4200,0.7510,1,ACTIVE,3,5,5
1458,11377,18:48:00,0,141.00,0,26.2300,1.4400,2.5300,0.8370,1,ACTIVE,3,5,5
1458,11378,18:48:30,0,83.00,0,23.0200,1.2600,2.2200,0.7200,1,ACTIVE,3,5,5
1458,11379,18:49:00,0,22.00,0,23.0200,1.2600,2.2200,0.7200,1,ACTIVE,3,5,5
1458,11380,18:49:30,0,73.00,0,24.1500,1.3800,2.3200,0.7350,1,ACTIVE,3,5,5
1458,11381,18:50:00,0,96.00,0,23.2100,1.3500,2.2200,0.7200,1,ACTIVE,3,5,5
1458,11382,18:50:30,0,80.00,0,26.1000,1.4400,2.5300,0.7200,1,ACTIVE,3,5,5
1458,11383,18:51:00,0,19.00,0,26.3500,1.5000,2.5300,0.8200,1,ACTIVE,3,5,5
1458,11384,18:51:30,0,132.00,0,30.2200,1.8300,2.8800,0.8940,1,ACTIVE,3,5,5
1458,11385,18:52:00,0,9.00,0,30.2200,1.7900,2.8800,0.9750,1,ACTIVE,3,5,5
1458,11386,18:52:30,0,46.00,0,26.4100,1.5400,2.5300,0.8020,1,ACTIVE,3,5,5
1458,11387,18:53:00,0,93.00,0,30.3300,1.8700,2.8800,0.9130,1,ACTIVE,3,5,5
1458,11388,18:53:30,0,21.00,0,33.8800,2.0800,3.2100,1.0900,1,ACTIVE,3,5,5
1458,11389,18:54:00,0,31.00,0,32.1000,1.5400,3.1400,1.1100,1,ACTIVE,3,5,5
1458,11390,18:54:30,0,90.00,0,29.2600,1.6000,2.8200,0.9540,1,ACTIVE,3,5,5
1458,11391,18:55:00,0,42.00,0,26.5000,1.5700,2.5300,0.8200,1,ACTIVE,3,5,5
1458,11392,18:55:30,0,31.00,0,34.4900,2.3700,3.2100,1.0600,1,ACTIVE,3,5,5
1458,11393,18:56:00,0,57.00,0,34.3900,2.3700,3.2100,0.9750,1,ACTIVE,3,5,5
1458,11394,18:56:30,0,119.00,0,32.5600,2.3700,3.0100,0.9130,1,ACTIVE,3,5,5
1458,11395,18:57:00,0,42.00,0,30.7100,2.0400,2.8800,0.9130,1,ACTIVE,3,5,5
1458,11396,18:57:30,0,61.00,0,29.3300,1.9100,2.7600,0.8940,1,ACTIVE,3,5,5
1458,11397,18:58:00,0,53.00,0,32.3000,2.2200,3.0100,0.9750,1,ACTIVE,3,5,5
1458,11398,18:58:30,0,23.00,0,27.2500,1.9500,2.5300,0.7350,1,ACTIVE,3,5,5
1458,11399,18:59:00,0,26.00,0,34.4200,2.3700,3.2100,0.9960,1,ACTIVE,3,5,5
1458,11400,18:59:30,0,48.00,0,36.8000,2.5300,3.4200,1.1300,1,ACTIVE,3,5,5
1458,11401,19:00:00,0,132.00,0,24.6500,1.6000,2.3200,0.7350,1,ACTIVE,3,5,5
1458,11402,19:00:30,0,83.00,0,32.9300,1.9500,3.1400,1.0400,1,ACTIVE,3,5,5
1458,11403,19:01:00,0,26.00,0,33.5300,2.2200,3.1400,1.0400,1,ACTIVE,3,5,5
1458,11404,19:01:30,0,28.00,0,37.1400,2.3700,3.5000,1.1600,1,ACTIVE,3,5,5
1458,11405,19:02:00,0,28.00,0,36.4300,2.3700,3.4200,1.1100,1,ACTIVE,3,5,5
1458,11406,19:02:30,0,10.00,0,37.4600,2.5300,3.5000,1.1300,1,ACTIVE,3,5,5
1458,11407,19:03:00,0,18.00,0,38.1600,2.5300,3.5700,1.1600,1,ACTIVE,3,5,5
1458,11408,19:03:30,0,39.00,0,36.4300,2.3700,3.4200,1.1100,1,ACTIVE,3,5,5
1458,11409,19:04:00,0,13.00,0,37.1100,2.3700,3.5000,1.1300,1,ACTIVE,3,5,5
1458,11410,19:04:30,0,53.00,0,38.3800,2.6400,3.5700,1.1300,1,ACTIVE,3,5,5
1458,11411,19:05:00,0,5.00,0,36.1200,2.2200,3.4200,1.1300,0,ACTIVE,3,5,5
1458,11412,19:05:30,0,5.00,0,33.5300,2.2200,3.1400,1.0400,1,ACTIVE,3,5,5
1458,11413,19:06:00,0,18.00,0,33.2200,2.0800,3.1400,1.0400,1,ACTIVE,3,5,5
1458,11414,19:06:30,0,44.00,0,33.5300,2.2200,3.1400,1.0400,1,ACTIVE,3,5,5
1458,11415,19:07:00,0,141.00,0,30.1400,1.7900,2.8800,0.8940,1,ACTIVE,3,5,5
1458,11416,19:07:30,0,25.00,0,31.4000,2.0800,2.9400,0.9540,1,ACTIVE,3,5,5
1458,11417,19:08:00,0,14.00,0,31.9600,2.0800,3.0100,0.9540,1,ACTIVE,3,5,5
1458,11418,19:08:30,0,9.00,0,31.1300,1.9500,2.9400,0.9750,1,ACTIVE,3,5,5
1458,11419,19:09:00,0,19.00,0,30.2700,1.8300,2.8800,0.9330,1,ACTIVE,3,5,5
1458,11420,19:09:30,0,14.00,0,33.5900,1.9500,3.2100,1.0900,1,ACTIVE,3,5,5
1458,11421,19:10:00,0,46.00,0,28.9800,1.7500,2.7600,0.8940,1,ACTIVE,3,5,5
1458,11422,19:10:30,0,12.00,0,25.3100,1.4700,2.4200,0.7850,1,ACTIVE,3,5,5
1458,11423,19:11:00,0,11.00,0,25.8100,1.4700,2.4700,0.8200,1,ACTIVE,3,5,5
1458,11424,19:11:30,0,22.00,0,24.9000,1.5000,2.3700,0.7680,1,ACTIVE,3,5,5
1458,11425,19:12:00,0,20.00,0,23.3500,1.4100,2.2200,0.7350,1,ACTIVE,3,5,5
1458,11426,19:12:30,0,1.00,0,23.2700,1.3800,2.2200,0.7200,0,ACTIVE,3,5,5
1458,11427,19:13:00,0,9.00,0,22.7900,1.3500,2.1700,0.7200,0,ACTIVE,3,5,5
1458,11428,19:13:30,0,0.00,0,22.2400,1.2900,2.1300,0.7040,0,ACTIVE,3,5,5
1458,11429,19:14:00,0,7.00,0,23.8500,1.4400,2.2700,0.7350,1,ACTIVE,3,5,5
1458,11430,19:14:30,0,86.00,0,26.7200,1.4400,2.5800,0.8370,1,ACTIVE,3,5,5
1458,11431,19:15:00,0,24.00,0,36.9600,1.9500,3.5700,1.2400,1,ACTIVE,3,5,5
1458,11432,19:15:30,0,25.00,0,33.2200,2.0800,3.1400,1.0400,1,ACTIVE,3,5,5
1458,11433,19:16:00,0,18.00,0,27.5100,1.7900,2.5800,0.8560,1,ACTIVE,3,5,5
1458,11434,19:16:30,0,31.00,0,27.3200,1.7100,2.5800,0.8370,1,ACTIVE,3,5,5
1458,11435,19:17:00,0,34.00,0,23.2200,1.3500,2.2200,0.7350,1,ACTIVE,3,5,5
1458,11436,19:17:30,0,96.00,0,22.8400,1.6000,2.1300,0.6180,1,ACTIVE,3,5,5
1458,11437,19:18:00,0,44.00,0,12.6200,0.7350,1.2100,0.3600,1,ACTIVE,3,5,5
1458,11438,19:18:30,0,31.00,0,11.0200,0.7040,1.0400,0.3230,1,ACTIVE,3,5,5
1458,11439,19:19:00,0,13.00,0,15.3900,0.8750,1.4700,0.5310,1,ACTIVE,3,5,5
1458,11440,19:19:30,0,68.00,0,21.3400,1.2600,2.0400,0.6600,1,ACTIVE,3,5,5
1458,11441,19:20:00,0,19.00,0,22.2500,1.2900,2.1300,0.7200,1,ACTIVE,3,5,5
1458,11442,19:20:30,0,9.00,0,23.2100,1.3500,2.2200,0.7200,1,ACTIVE,3,5,5
1458,11443,19:21:00,0,14.00,0,22.2400,1.2900,2.1300,0.7040,1,ACTIVE,3,5,5
1458,11444,19:21:30,0,10.00,0,20.9100,1.2400,1.9900,0.6740,0,ACTIVE,3,5,5
1458,11445,19:22:00,0,18.00,0,20.3700,1.1600,1.9500,0.6740,1,ACTIVE,3,5,5
1458,11446,19:22:30,0,26.00,0,21.6600,1.2100,2.0800,0.7040,1,ACTIVE,3,5,5
1458,11447,19:23:00,0,18.00,0,21.1600,1.1600,2.0400,0.7040,1,ACTIVE,3,5,5
1458,11448,19:23:30,0,3.00,0,21.1400,1.1600,2.0400,0.6890,0,ACTIVE,3,5,5
1458,11449,19:24:00,0,1.00,0,18.6000,1.0400,1.7900,0.5920,0,ACTIVE,3,5,5
1458,11450,19:24:30,0,10.00,0,17.8000,0.9960,1.7100,0.5550,0,ACTIVE,3,5,5
1458,11451,19:25:00,0,7.00,0,18.2600,1.0400,1.7500,0.5920,0,ACTIVE,3,5,5
1458,11452,19:25:30,0,4.00,0,18.2400,1.0400,1.7500,0.5670,0,ACTIVE,3,5,5
1458,11453,19:26:00,0,3.00,0,18.2000,1.0200,1.7500,0.5790,0,ACTIVE,3,5,5
1458,11454,19:26:30,0,0.00,0,15.7100,0.9130,1.5000,0.4870,0,ACTIVE,3,5,5
1458,11455,19:27:00,0,20.00,0,17.3800,0.9540,1.6700,0.5550,1,ACTIVE,3,5,5
1458,11456,19:27:30,0,4.00,0,15.7500,0.9330,1.5000,0.4770,1,ACTIVE,3,5,5
1458,11457,19:28:00,0,46.00,0,15.0600,0.8750,1.4400,0.4770,1,ACTIVE,3,5,5
1458,11458,19:28:30,0,128.00,0,12.2000,0.7350,1.1600,0.3920,1,ACTIVE,3,5,5
1458,11459,19:29:00,0,42.00,0,14.1100,0.8200,1.3500,0.4470,1,ACTIVE,3,5,5
1458,11460,19:29:30,0,8.00,0,15.2200,0.8200,1.4700,0.4870,1,ACTIVE,3,5,5
1458,11461,19:30:00,0,27.00,0,12.8800,0.7200,1.2400,0.4190,1,ACTIVE,3,5,5
1458,11462,19:30:30,0,21.00,0,15.3000,0.8370,1.4700,0.5200,1,ACTIVE,3,5,5
1458,11463,19:31:00,0,53.00,0,16.5700,0.8940,1.6000,0.4980,1,ACTIVE,3,5,5
1458,11464,19:31:30,0,21.00,0,15.9900,0.8750,1.5400,0.5550,1,ACTIVE,3,5,5
1458,11465,19:32:00,0,19.00,0,16.6100,0.8940,1.6000,0.5430,1,ACTIVE,3,5,5
1458,11466,19:32:30,0,10.00,0,12.9000,0.7350,1.2400,0.4100,1,ACTIVE,3,5,5
1458,11467,19:33:00,0,48.00,0,10.9500,0.6600,1.0400,0.3520,1,ACTIVE,3,5,5
1458,11468,19:33:30,0,44.00,0,13.3900,0.7040,1.2900,0.4770,1,ACTIVE,3,5,5
1458,11469,19:34:00,0,28.00,0,14.2900,0.7680,1.3800,0.4770,1,ACTIVE,3,5,5
1458,11470,19:34:30,0,26.00,0,12.1300,0.7040,1.1600,0.3840,1,ACTIVE,3,5,5
1458,11471,19:35:00,0,132.00,0,9.7500,0.5670,0.9330,0.2960,1,ACTIVE,3,5,5
1458,11472,19:35:30,0,93.00,0,11.0600,0.6180,1.0600,0.3520,1,ACTIVE,3,5,5
1458,11473,19:36:00,0,61.00,0,11.1200,0.5550,1.0900,0.3520,1,ACTIVE,3,5,5
1458,11474,19:36:30,0,0.00,0,8.3000,0.5200,0.8020,0.1140,1,ACTIVE,3,5,5
1458,11475,19:37:00,0,19.00,0,10.8600,0.5430,1.0600,0.3230,1,ACTIVE,3,5,5
1458,11476,19:37:30,0,35.00,0,11.0600,0.6050,1.0600,0.3760,1,ACTIVE,3,5,5
1458,11477,19:38:00,0,106.00,0,10.4000,0.6050,0.9960,0.3090,1,ACTIVE,3,5,5
1458,11478,19:38:30,0,0.00,0,11.2900,0.6320,1.0900,0.3520,1,ACTIVE,3,5,5
1458,11479,19:39:00,0,57.00,0,9.1300,0.5200,0.8750,0.2960,1,ACTIVE,3,5,5
1458,11480,19:39:30,0,90.00,0,9.9400,0.5920,0.9540,0.2600,1,ACTIVE,3,5,5
1458,11481,19:40:00,0,53.00,0,6.0600,0.3600,0.5790,0.1760,1,ACTIVE,3,5,5
1458,11482,19:40:30,0,137.00,0,3.4300,0.2840,0.3160,0.0347,1,ACTIVE,3,5,5
1458,11483,19:41:00,0,39.00,0,9.0400,0.6600,0.8370,0.2280,1,ACTIVE,3,5,5
1458,11484,19:41:30,0,1.00,0,12.0800,0.6890,1.1600,0.3760,1,ACTIVE,3,5,5
1458,11485,19:42:00,0,9.00,0,6.5300,0.4100,0.6180,0.1880,1,ACTIVE,3,5,5
1458,11486,19:42:30,0,14.00,0,8.3200,0.4570,0.8020,0.2600,1,ACTIVE,3,5,5
1458,11487,19:43:00,0,83.00,0,9.0500,0.4870,0.8750,0.2840,1,ACTIVE,3,5,5
1458,11488,19:43:30,0,35.00,0,14.1100,0.7040,1.3800,0.4470,1,ACTIVE,3,5,5
1458,11489,19:44:00,0,115.00,0,8.5600,0.4370,0.8370,0.2380,1,ACTIVE,3,5,5
1458,11490,19:44:30,0,44.00,0,6.9800,0.3920,0.6740,0.1880,1,ACTIVE,3,5,5
1458,11491,19:45:00,0,16.00,0,5.6200,0.4470,0.5200,0.0694,1,ACTIVE,3,5,5
1458,11492,19:45:30,0,5.00,0,6.6100,0.4980,0.6180,0.0825,1,ACTIVE,3,5,5
1458,11493,19:46:00,0,2.00,0,5.4000,0.4370,0.4980,0.0694,1,ACTIVE,3,5,5
1458,11494,19:46:30,0,10.00,0,6.3600,0.4870,0.5920,0.0880,1,ACTIVE,3,5,5
1458,11495,19:47:00,0,96.00,0,10.3600,0.5790,0.9960,0.3230,1,ACTIVE,3,5,5
1458,11496,19:47:30,0,179.00,0,2.9800,0.2280,0.2770,0.0395,1,ACTIVE,3,5,5
1458,11497,19:48:00,0,315.00,0,6.4300,1.1100,0.4470,0.0596,1,ACTIVE,3,5,5
1458,11498,19:48:30,0,268.00,0,7.4800,1.2900,0.5200,0.0650,1,ACTIVE,3,5,5
1458,11499,19:49:00,0,268.00,0,15.1400,3.2800,0.8940,0.0596,1,ACTIVE,3,5,5
1458,11500,19:49:30,0,168.00,0,16.7800,2.8200,1.1800,0.1650,1,ACTIVE,3,5,5
1458,11501,19:50:00,0,228.00,0,2.2900,0.2280,0.2000,0.0298,1,ACTIVE,3,5,5
1458,11502,19:50:30,0,220.00,0,4.7700,0.6180,0.3840,0.0347,1,ACTIVE,3,5,5
1458,11503,19:51:00,0,315.00,0,9.7200,2.0800,0.5790,0.0460,1,ACTIVE,3,5,5
1458,11504,19:51:30,0,286.00,0,89.8600,15.9000,6.1400,0.7680,1,ACTIVE,3,5,5
1458,11505,19:52:00,0,286.00,0,124.5300,6.5600,12.0000,4.3400,1,ACTIVE,3,5,5
1458,11506,19:52:30,0,179.00,0,175.8600,11.0000,16.6000,5.2800,1,ACTIVE,3,5,5
1458,11507,19:53:00,0,371.00,0,3.6100,0.1880,0.3520,0.1050,1,ACTIVE,3,5,5
1458,11508,19:53:30,0,581.00,0,8.8800,2.2200,0.4470,0.0512,1,ACTIVE,3,5,5
1458,11509,19:54:00,0,348.00,0,15.9200,2.2200,1.2100,0.3760,1,ACTIVE,3,5,5
1458,11510,19:54:30,0,268.00,0,3.9700,0.6320,0.2900,0.0298,1,ACTIVE,3,5,5
1458,11511,19:55:00,0,408.00,0,34.3700,3.9800,2.8800,0.3230,1,ACTIVE,3,5,5
1458,11512,19:55:30,0,435.00,0,24.6600,3.5000,1.9100,0.2050,1,ACTIVE,3,5,5
1458,11513,19:56:00,0,168.00,0,7.1200,0.8940,0.5790,0.0650,1,ACTIVE,3,5,5
1458,11514,19:56:30,0,147.00,0,5.3400,0.6600,0.4370,0.0512,1,ACTIVE,3,5,5
1458,11515,19:57:00,0,132.00,0,14.0100,2.5800,0.9330,0.1140,1,ACTIVE,3,5,5
1458,11516,19:57:30,0,235.00,0,3.4100,0.4280,0.2770,0.0347,1,ACTIVE,3,5,5
1458,11517,19:58:00,0,268.00,0,1.7500,0.1800,0.1510,0.0206,1,ACTIVE,3,5,5
1458,11518,19:58:30,0,348.00,0,0.9700,0.0773,0.0880,0.0292,1,ACTIVE,3,5,5
1458,11519,19:59:00,0,268.00,0,1.0100,0.1020,0.0880,0.0115,1,ACTIVE,3,5,5
1458,11520,19:59:30,0,326.00,0,4.2000,0.5430,0.3370,0.0460,1,ACTIVE,3,5,5
1458,11521,20:00:00,0,359.00,0,11.2400,1.4100,0.9130,0.1190,1,ACTIVE,3,5,5
1458,11522,20:00:30,0,251.00,0,8.8500,1.1100,0.7200,0.0900,1,ACTIVE,3,5,5
1458,11523,20:01:00,0,251.00,0,12.3800,1.5000,1.0200,0.1330,1,ACTIVE,3,5,5
1458,11524,20:01:30,0,337.00,0,13.1200,1.7500,1.0400,0.1360,1,ACTIVE,3,5,5
1458,11525,20:02:00,0,295.00,0,16.0600,1.9500,1.3200,0.1720,1,ACTIVE,3,5,5
1458,11526,20:02:30,0,421.00,0,9.8700,1.2400,0.8020,0.1050,1,ACTIVE,3,5,5
1458,11527,20:03:00,0,395.00,0,3.9100,0.4980,0.3160,0.0395,1,ACTIVE,3,5,5
1458,11528,20:03:30,0,359.00,0,7.0400,0.8560,0.5790,0.0694,1,ACTIVE,3,5,5
1458,11529,20:04:00,0,295.00,0,7.2100,0.8750,0.5920,0.0790,1,ACTIVE,3,5,5
1458,11530,20:04:30,0,359.00,0,8.9400,1.0900,0.7350,0.0900,1,ACTIVE,3,5,5
1458,11531,20:05:00,0,581.00,0,8.0200,0.9750,0.6600,0.0825,1,ACTIVE,3,5,5
1458,11532,20:05:30,0,305.00,0,0.8000,0.1120,0.0622,0.0070,1,ACTIVE,3,5,5
1458,11533,20:06:00,0,251.00,0,7.4000,0.8560,0.6180,0.0825,1,ACTIVE,3,5,5
1458,11534,20:06:30,0,251.00,0,12.1100,1.3800,1.0200,0.1360,1,ACTIVE,3,5,5
1458,11535,20:07:00,0,277.00,0,12.4400,1.4400,1.0400,0.1360,1,ACTIVE,3,5,5
1458,11536,20:07:30,0,277.00,0,9.0800,1.0900,0.7510,0.0939,1,ACTIVE,3,5,5
1458,11537,20:08:00,0,315.00,0,8.2900,0.9750,0.6890,0.0900,1,ACTIVE,3,5,5
1458,11538,20:08:30,0,220.00,0,11.8600,1.4400,0.9750,0.1330,1,ACTIVE,3,5,5
1458,11539,20:09:00,0,295.00,0,8.3800,1.0200,0.6890,0.0900,1,ACTIVE,3,5,5
1458,11540,20:09:30,0,220.00,0,11.6600,1.3500,0.9750,0.1330,1,ACTIVE,3,5,5
1458,11541,20:10:00,0,286.00,0,11.7900,1.4100,0.9750,0.1270,1,ACTIVE,3,5,5
1458,11542,20:10:30,0,337.00,0,10.4600,1.2100,0.8750,0.1140,1,ACTIVE,3,5,5
1458,11543,20:11:00,0,174.00,0,11.1800,1.5400,0.8750,0.1190,1,ACTIVE,3,5,5
1458,11544,20:11:30,0,315.00,0,7.4800,0.8940,0.6180,0.0790,1,ACTIVE,3,5,5
1458,11545,20:12:00,0,251.00,0,3.5900,0.4570,0.2900,0.0395,1,ACTIVE,3,5,5
1458,11546,20:12:30,0,315.00,0,2.5000,0.3230,0.2000,0.0256,1,ACTIVE,3,5,5
1458,11547,20:13:00,0,158.00,0,9.3500,1.2100,0.7510,0.0900,1,ACTIVE,3,5,5
1458,11548,20:13:30,0,24.00,0,13.6000,1.7900,1.0900,0.1270,1,ACTIVE,3,5,5
1458,11549,20:14:00,0,3.00,0,13.9600,1.9500,1.0900,0.1270,1,ACTIVE,3,5,5
1458,11550,20:14:30,0,86.00,0,14.1700,1.9500,1.1100,0.1270,1,ACTIVE,3,5,5
1458,11551,20:15:00,0,186.00,0,17.7900,2.6400,1.3500,0.1360,1,ACTIVE,3,5,5
1458,11552,20:15:30,0,235.00,0,7.3500,1.4100,0.4770,0.0559,1,ACTIVE,3,5,5
1458,11553,20:16:00,0,243.00,0,12.9000,2.9400,0.7200,0.0880,1,ACTIVE,3,5,5
1458,11554,20:16:30,0,527.00,0,16.3600,2.5300,1.2100,0.1550,1,ACTIVE,3,5,5
1458,11555,20:17:00,0,220.00,0,1.5900,0.1610,0.1390,0.0162,1,ACTIVE,3,5,5
1458,11556,20:17:30,0,286.00,0,4.7700,0.6180,0.3840,0.0412,1,ACTIVE,3,5,5
1458,11557,20:18:00,0,371.00,0,5.8900,1.5000,0.2900,0.0298,1,ACTIVE,3,5,5
1458,11558,20:18:30,0,435.00,0,12.6100,1.9500,0.9330,0.1190,1,ACTIVE,3,5,5
1458,11559,20:19:00,0,277.00,0,7.5000,1.0600,0.5790,0.0740,1,ACTIVE,3,5,5
1458,11560,20:19:30,0,228.00,0,2.8800,0.4010,0.2230,0.0298,1,ACTIVE,3,5,5
1458,11561,20:20:00,0,228.00,1,143.8900,8.8800,13.7000,3.9800,1,ACTIVE,3,5,5
1458,11562,20:20:30,0,168.00,1,302.7700,29.2000,26.2000,7.8000,1,ACTIVE,3,5,5
1458,11563,20:21:00,0,152.00,0,172.9100,14.3000,15.6000,4.3400,1,ACTIVE,3,5,5
1458,11564,20:21:30,0,96.00,0,46.3800,6.2800,3.6500,0.4670,1,ACTIVE,3,5,5
1458,11565,20:22:00,0,35.00,0,51.2100,7.1500,3.9800,0.4770,1,ACTIVE,3,5,5
1458,11566,20:22:30,0,295.00,0,20.2600,3.5000,1.4100,0.1800,1,ACTIVE,3,5,5
1458,11567,20:23:00,0,90.00,0,0.6100,0.0596,0.0523,0.0173,1,ACTIVE,3,5,5
1458,11568,20:23:30,0,206.00,0,1.1000,0.1360,0.0880,0.0292,1,ACTIVE,3,5,5
1458,11569,20:24:00,0,96.00,0,61.8500,8.5000,4.8400,0.6050,1,ACTIVE,3,5,5
1458,11570,20:24:30,0,30.00,0,65.4100,8.3200,5.2800,0.7200,1,ACTIVE,3,5,5
1458,11571,20:25:00,0,28.00,0,59.8200,7.1500,4.9500,0.6320,1,ACTIVE,3,5,5
1458,11572,20:25:30,0,0.00,0,60.4500,7.4700,4.9500,0.5670,1,ACTIVE,3,5,5
1458,11573,20:26:00,0,0.00,0,60.4200,7.4700,4.9500,0.5430,1,ACTIVE,3,5,5
1458,11574,20:26:30,0,527.00,0,59.4900,7.4700,4.8400,0.5430,1,ACTIVE,3,5,5
1458,11575,20:27:00,0,27.00,0,31.2000,3.7300,2.5800,0.2960,1,ACTIVE,3,5,5
1458,11576,20:27:30,0,70.00,0,49.0100,6.8500,3.8100,0.4280,1,ACTIVE,3,5,5
1458,11577,20:28:00,0,50.00,0,43.3100,6.1400,3.3500,0.3600,1,ACTIVE,3,5,5
1458,11578,20:28:30,0,106.00,0,65.3200,7.4700,5.5100,0.4870,1,ACTIVE,3,5,5
1458,11579,20:29:00,0,68.00,0,53.4700,7.4700,4.1600,0.4870,1,ACTIVE,3,5,5
1458,11580,20:29:30,0,7.00,0,42.3700,6.0100,3.2800,0.3450,1,ACTIVE,3,5,5
1458,11581,20:30:00,0,228.00,0,23.8300,3.2800,1.8700,0.2190,1,ACTIVE,3,5,5
1458,11582,20:30:30,0,83.00,0,0.2900,0.0596,0.0173,0.0059,1,ACTIVE,3,5,5
1458,11583,20:31:00,0,27.00,0,0.5300,0.0256,0.0523,0.0173,1,ACTIVE,3,5,5
1458,11584,20:31:30,0,10.00,0,0.6300,0.0679,0.0523,0.0173,1,ACTIVE,3,5,5
1458,11585,20:32:00,0,0.00,0,1.0100,0.1020,0.0880,0.0115,1,ACTIVE,3,5,5
1458,11586,20:32:30,0,0.00,0,1.0300,0.1120,0.0880,0.0115,1,ACTIVE,3,5,5
1458,11587,20:33:00,0,106.00,0,1.3300,0.0939,0.1220,0.0523,1,ACTIVE,3,5,5
1458,11588,20:33:30,0,186.00,0,37.7700,3.1400,3.5000,0.1760,1,ACTIVE,3,5,5
1458,11589,20:34:00,0,206.00,0,12.3800,2.5800,0.7510,0.0825,1,ACTIVE,3,5,5
1458,11590,20:34:30,0,147.00,0,50.2900,8.1400,3.6500,0.2770,1,ACTIVE,3,5,5
1458,11591,20:35:00,0,110.00,0,12.4900,0.6460,1.2100,0.4280,1,ACTIVE,3,5,5
1458,11592,20:35:30,0,80.00,1,9.4100,0.4010,0.9330,0.3230,1,ACTIVE,3,5,5
1458,11593,20:36:00,0,243.00,1,2.4600,0.1120,0.2440,0.0756,1,ACTIVE,3,5,5
1458,11594,20:36:30,0,86.00,1,1.5900,0.1120,0.1510,0.0162,1,ACTIVE,3,5,5
1458,11595,20:37:00,0,61.00,1,1.6300,0.1300,0.1510,0.0162,1,ACTIVE,3,5,5
1458,11596,20:37:30,0,96.00,0,0.6700,0.0512,0.0622,0.0070,1,ACTIVE,3,5,5
1458,11597,20:38:00,0,8.00,0,1.9700,0.0939,0.1920,0.0756,1,ACTIVE,3,5,5
1458,11598,20:38:30,0,115.00,0,3.5400,0.1300,0.3520,0.1510,1,ACTIVE,3,5,5
1458,11599,20:39:00,0,0.00,0,1.9400,0.0861,0.1920,0.0650,0,ACTIVE,3,5,5
1458,11600,20:39:30,0,18.00,0,1.2200,0.1020,0.1120,0.0162,1,ACTIVE,3,5,5
1458,11601,20:40:00,0,5.00,0,2.2900,0.2280,0.2000,0.0256,0,ACTIVE,3,5,5
1458,11602,20:40:30,0,15.00,0,2.1800,0.1120,0.2090,0.0880,0,ACTIVE,3,5,5
1458,11603,20:41:00,0,0.00,0,1.9900,0.1020,0.1920,0.0756,0,ACTIVE,3,5,5
1458,11604,20:41:30,0,0.00,0,3.2100,0.1360,0.3160,0.1300,0,ACTIVE,3,5,5
1458,11605,20:42:00,0,0.00,0,3.2200,0.1550,0.3160,0.1050,0,ACTIVE,3,5,5
1458,11606,20:42:30,0,0.00,0,3.1900,0.1360,0.3160,0.1170,0,ACTIVE,3,5,5
1458,11607,20:43:00,0,0.00,0,2.8200,0.1190,0.2770,0.1170,0,ACTIVE,3,5,5
1458,11608,20:43:30,0,0.00,0,3.9200,0.1720,0.3840,0.1650,0,ACTIVE,3,5,5
1458,11609,20:44:00,0,0.00,0,4.1000,0.1800,0.4010,0.1760,0,ACTIVE,3,5,5
1458,11610,20:44:30,0,0.00,0,2.8600,0.1360,0.2770,0.1170,0,ACTIVE,3,5,5
1458,11611,20:45:00,0,0.00,0,1.6900,0.1120,0.1580,0.0523,0,ACTIVE,3,5,5
1458,11612,20:45:30,0,0.00,0,1.9900,0.1020,0.1920,0.0756,1,ACTIVE,3,5,5
1458,11613,20:46:00,0,0.00,0,1.9700,0.0939,0.1920,0.0756,1,ACTIVE,3,5,5
1458,11614,20:46:30,0,128.00,0,1.3400,0.1020,0.1220,0.0412,1,ACTIVE,3,5,5
1458,11615,20:47:00,0,163.00,0,0.3700,0.0939,0.0173,0.0059,1,ACTIVE,3,5,5
1458,11616,20:47:30,0,295.00,1,1.2900,0.1360,0.1120,0.0115,1,ACTIVE,3,5,5
1458,11617,20:48:00,0,383.00,0,0.1700,0.0042,0.0173,0.0059,1,ACTIVE,3,5,5
1458,11618,20:48:30,0,421.00,0,0.0100,0.0049,0.0000,0.0000,1,ACTIVE,3,5,5
1458,11619,20:49:00,0,1.00,0,0.1700,0.0042,0.0173,0.0059,1,ACTIVE,3,5,5
1458,11620,20:49:30,0,0.00,0,0.1200,0.0042,0.0125,0.0000,1,ACTIVE,3,5,5
1458,11621,20:50:00,0,1.00,0,0.1200,0.0042,0.0125,0.0000,0,ACTIVE,3,5,5
1458,11622,20:50:30,0,0.00,0,0.1700,0.0042,0.0173,0.0059,0,ACTIVE,3,5,5
1458,11623,20:51:00,0,0.00,0,0.1700,0.0042,0.0173,0.0059,0,ACTIVE,3,5,5
1458,11624,20:51:30,0,0.00,0,0.1700,0.0042,0.0173,0.0059,0,ACTIVE,3,5,5
1458,11625,20:52:00,0,0.00,0,0.1200,0.0042,0.0125,0.0000,0,ACTIVE,3,5,5
1458,11626,20:52:30,0,0.00,0,0.1200,0.0042,0.0125,0.0000,0,ACTIVE,3,5,5
1458,11627,20:53:00,0,0.00,0,0.1700,0.0042,0.0173,0.0059,0,ACTIVE,3,5,5
1458,11628,20:53:30,0,0.00,0,0.1700,0.0042,0.0173,0.0059,0,ACTIVE,3,5,5
1458,11629,20:54:00,0,16.00,0,0.1200,0.0042,0.0125,0.0000,0,ACTIVE,3,5,5
1458,11630,20:54:30,0,0.00,0,0.1700,0.0042,0.0173,0.0059,0,ACTIVE,3,5,5
1458,11631,20:55:00,0,0.00,0,0.1700,0.0042,0.0173,0.0059,0,ACTIVE,3,5,5
1458,11632,20:55:30,0,0.00,0,0.1700,0.0042,0.0173,0.0059,0,ACTIVE,3,5,5
1458,11633,20:56:00,0,0.00,0,0.1700,0.0042,0.0173,0.0059,0,ACTIVE,3,5,5
1458,11634,20:56:30,0,15.00,0,0.1700,0.0042,0.0173,0.0059,0,ACTIVE,3,5,5
1458,11635,20:57:00,0,0.00,0,0.1700,0.0042,0.0173,0.0059,0,ACTIVE,3,5,5
1458,11636,20:57:30,0,4.00,0,0.1700,0.0042,0.0173,0.0059,0,ACTIVE,3,5,5
1458,11637,20:58:00,0,35.00,0,0.0200,0.0049,0.0000,0.0059,1,ACTIVE,3,5,5
1458,11638,20:58:30,0,14.00,0,0.1700,0.0042,0.0173,0.0059,0,ACTIVE,3,5,5
1458,11639,20:59:00,0,3.00,0,0.1700,0.0042,0.0173,0.0059,0,ACTIVE,3,5,5
1458,11640,20:59:30,0,5.00,0,0.1700,0.0042,0.0173,0.0059,0,ACTIVE,3,5,5
1458,11641,21:00:00,0,5.00,0,0.1700,0.0042,0.0173,0.0059,0,ACTIVE,3,5,5
1458,11642,21:00:30,0,32.00,0,0.1700,0.0042,0.0173,0.0059,1,ACTIVE,3,5,5
1458,11643,21:01:00,0,5.00,0,0.1700,0.0042,0.0173,0.0059,0,ACTIVE,3,5,5
1458,11644,21:01:30,0,5.00,0,0.1700,0.0042,0.0173,0.0059,0,ACTIVE,3,5,5
1458,11645,21:02:00,0,9.00,0,0.1700,0.0042,0.0173,0.0059,0,ACTIVE,3,5,5
1458,11646,21:02:30,0,7.00,0,0.1900,0.0128,0.0173,0.0059,0,ACTIVE,3,5,5
1458,11647,21:03:00,0,28.00,0,0.1700,0.0042,0.0173,0.0059,1,ACTIVE,3,5,5
1458,11648,21:03:30,0,35.00,0,0.1700,0.0042,0.0173,0.0059,1,ACTIVE,3,5,5
1458,11649,21:04:00,0,21.00,0,0.1700,0.0042,0.0173,0.0059,1,ACTIVE,3,5,5
1458,11650,21:04:30,0,2.00,0,0.1700,0.0042,0.0173,0.0059,0,ACTIVE,3,5,5
1458,11651,21:05:00,0,18.00,0,0.1700,0.0042,0.0173,0.0059,1,ACTIVE,3,5,5
1458,11652,21:05:30,0,18.00,0,0.1700,0.0042,0.0173,0.0059,1,ACTIVE,3,5,5
1458,11653,21:06:00,0,1.00,0,0.1700,0.0042,0.0173,0.0059,0,ACTIVE,3,5,5
1458,11654,21:06:30,0,18.00,0,0.1700,0.0042,0.0173,0.0059,1,ACTIVE,3,5,5
1458,11655,21:07:00,0,11.00,0,0.1700,0.0042,0.0173,0.0059,0,ACTIVE,3,5,5
1458,11656,21:07:30,0,14.00,0,0.1900,0.0128,0.0173,0.0059,1,ACTIVE,3,5,5
1458,11657,21:08:00,0,8.00,0,0.1700,0.0042,0.0173,0.0059,0,ACTIVE,3,5,5
1458,11658,21:08:30,0,16.00,0,0.1700,0.0042,0.0173,0.0059,1,ACTIVE,3,5,5
1458,11659,21:09:00,0,11.00,0,0.1700,0.0042,0.0173,0.0059,1,ACTIVE,3,5,5
1458,11660,21:09:30,0,22.00,0,0.1900,0.0128,0.0173,0.0059,1,ACTIVE,3,5,5
1458,11661,21:10:00,0,57.00,0,0.1900,0.0128,0.0173,0.0059,1,ACTIVE,3,5,5
1458,11662,21:10:30,0,35.00,0,0.1700,0.0042,0.0173,0.0059,1,ACTIVE,3,5,5
1458,11663,21:11:00,0,199.00,0,0.0400,0.0146,0.0000,0.0059,1,ACTIVE,3,5,5
1458,11664,21:11:30,0,8.00,0,0.1700,0.0042,0.0173,0.0059,1,ACTIVE,3,5,5
1458,11665,21:12:00,0,12.00,0,0.1700,0.0042,0.0173,0.0059,1,ACTIVE,3,5,5
1458,11666,21:12:30,0,10.00,0,0.1700,0.0042,0.0173,0.0059,0,ACTIVE,3,5,5
1458,11667,21:13:00,0,25.00,0,0.1700,0.0042,0.0173,0.0059,1,ACTIVE,3,5,5
1458,11668,21:13:30,0,4.00,0,0.1700,0.0042,0.0173,0.0059,0,ACTIVE,3,5,5
1458,11669,21:14:00,0,8.00,0,0.1700,0.0042,0.0173,0.0059,0,ACTIVE,3,5,5
1458,11670,21:14:30,0,0.00,0,0.1700,0.0042,0.0173,0.0059,0,ACTIVE,3,5,5
1458,11671,21:15:00,0,12.00,0,0.1700,0.0042,0.0173,0.0059,0,ACTIVE,3,5,5
1458,11672,21:15:30,0,8.00,0,0.1700,0.0042,0.0173,0.0059,0,ACTIVE,3,5,5
1458,11673,21:16:00,0,1.00,0,0.1700,0.0042,0.0173,0.0059,0,ACTIVE,3,5,5
1458,11674,21:16:30,0,5.00,0,0.1700,0.0042,0.0173,0.0059,0,ACTIVE,3,5,5
1458,11675,21:17:00,0,21.00,0,0.1700,0.0042,0.0173,0.0059,1,ACTIVE,3,5,5
1458,11676,21:17:30,0,0.00,0,0.1700,0.0042,0.0173,0.0059,0,ACTIVE,3,5,5
1458,11677,21:18:00,0,4.00,0,0.1700,0.0042,0.0173,0.0059,0,ACTIVE,3,5,5
1458,11678,21:18:30,0,5.00,0,0.1700,0.0042,0.0173,0.0059,0,ACTIVE,3,5,5
1458,11679,21:19:00,0,7.00,0,0.1900,0.0128,0.0173,0.0059,0,ACTIVE,3,5,5
1458,11680,21:19:30,0,10.00,0,0.1700,0.0042,0.0173,0.0059,0,ACTIVE,3,5,5
1458,11681,21:20:00,0,24.00,0,0.1700,0.0042,0.0173,0.0059,1,ACTIVE,3,5,5
1458,11682,21:20:30,0,5.00,0,0.1700,0.0042,0.0173,0.0059,0,ACTIVE,3,5,5
1458,11683,21:21:00,0,31.00,0,0.1700,0.0042,0.0173,0.0059,1,ACTIVE,3,5,5
1458,11684,21:21:30,0,15.00,0,0.1900,0.0128,0.0173,0.0059,1,ACTIVE,3,5,5
1458,11685,21:22:00,0,18.00,0,0.1700,0.0042,0.0173,0.0059,1,ACTIVE,3,5,5
1458,11686,21:22:30,0,15.00,0,0.1700,0.0042,0.0173,0.0059,1,ACTIVE,3,5,5
1458,11687,21:23:00,0,21.00,0,0.1700,0.0042,0.0173,0.0059,1,ACTIVE,3,5,5
1458,11688,21:23:30,0,32.00,0,0.1700,0.0042,0.0173,0.0059,1,ACTIVE,3,5,5
1458,11689,21:24:00,0,39.00,0,0.1900,0.0128,0.0173,0.0059,1,ACTIVE,3,5,5
1458,11690,21:24:30,0,14.00,0,0.1700,0.0042,0.0173,0.0059,1,ACTIVE,3,5,5
1458,11691,21:25:00,0,39.00,0,0.1700,0.0042,0.0173,0.0059,1,ACTIVE,3,5,5
1458,11692,21:25:30,0,12.00,0,0.1700,0.0042,0.0173,0.0059,1,ACTIVE,3,5,5
1458,11693,21:26:00,0,35.00,0,0.1900,0.0128,0.0173,0.0059,1,ACTIVE,3,5,5
1458,11694,21:26:30,0,20.00,0,0.1900,0.0128,0.0173,0.0059,1,ACTIVE,3,5,5
1458,11695,21:27:00,0,28.00,0,0.1700,0.0042,0.0173,0.0059,1,ACTIVE,3,5,5
1458,11696,21:27:30,0,28.00,0,0.1700,0.0042,0.0173,0.0059,1,ACTIVE,3,5,5
1458,11697,21:28:00,0,22.00,0,0.1700,0.0042,0.0173,0.0059,1,ACTIVE,3,5,5
1458,11698,21:28:30,0,35.00,0,0.1900,0.0128,0.0173,0.0059,1,ACTIVE,3,5,5
1458,11699,21:29:00,0,16.00,0,0.1700,0.0042,0.0173,0.0059,1,ACTIVE,3,5,5
1458,11700,21:29:30,0,46.00,0,0.1700,0.0042,0.0173,0.0059,1,ACTIVE,3,5,5
1458,11701,21:30:00,0,24.00,0,0.1700,0.0042,0.0173,0.0059,1,ACTIVE,3,5,5
1458,11702,21:30:30,0,23.00,0,0.1700,0.0042,0.0173,0.0059,1,ACTIVE,3,5,5
1458,11703,21:31:00,0,53.00,0,0.1700,0.0042,0.0173,0.0059,1,ACTIVE,3,5,5
1458,11704,21:31:30,0,25.00,0,0.1900,0.0128,0.0173,0.0059,1,ACTIVE,3,5,5
1458,11705,21:32:00,0,147.00,0,0.1700,0.0042,0.0173,0.0059,1,ACTIVE,3,5,5
1458,11706,21:32:30,0,33.00,0,0.1700,0.0042,0.0173,0.0059,1,ACTIVE,3,5,5
1458,11707,21:33:00,0,14.00,0,0.1700,0.0042,0.0173,0.0059,1,ACTIVE,3,5,5
1458,11708,21:33:30,0,16.00,0,0.1700,0.0042,0.0173,0.0059,1,ACTIVE,3,5,5
1458,11709,21:34:00,0,18.00,0,0.1700,0.0042,0.0173,0.0059,1,ACTIVE,3,5,5
1458,11710,21:34:30,0,11.00,0,0.1700,0.0042,0.0173,0.0059,1,ACTIVE,3,5,5
1458,11711,21:35:00,0,39.00,0,0.1700,0.0042,0.0173,0.0059,1,ACTIVE,3,5,5
1458,11712,21:35:30,0,18.00,0,0.1700,0.0042,0.0173,0.0059,1,ACTIVE,3,5,5
1458,11713,21:36:00,0,22.00,0,0.1700,0.0042,0.0173,0.0059,1,ACTIVE,3,5,5
1458,11714,21:36:30,0,3.00,0,0.1700,0.0042,0.0173,0.0059,0,ACTIVE,3,5,5
1458,11715,21:37:00,0,30.00,0,0.1700,0.0042,0.0173,0.0059,1,ACTIVE,3,5,5
1458,11716,21:37:30,0,9.00,0,0.1700,0.0042,0.0173,0.0059,1,ACTIVE,3,5,5
1458,11717,21:38:00,0,23.00,0,0.1700,0.0042,0.0173,0.0059,1,ACTIVE,3,5,5
1458,11718,21:38:30,0,44.00,0,0.1700,0.0042,0.0173,0.0059,1,ACTIVE,3,5,5
1458,11719,21:39:00,0,93.00,0,0.1700,0.0042,0.0173,0.0059,1,ACTIVE,3,5,5
1458,11720,21:39:30,0,12.00,0,0.1700,0.0042,0.0173,0.0059,1,ACTIVE,3,5,5
1458,11721,21:40:00,0,15.00,0,0.0200,0.0049,0.0000,0.0059,1,ACTIVE,3,5,5
1458,11722,21:40:30,0,20.00,0,0.1900,0.0128,0.0173,0.0059,1,ACTIVE,3,5,5
1458,11723,21:41:00,0,24.00,0,0.1700,0.0042,0.0173,0.0059,1,ACTIVE,3,5,5
1458,11724,21:41:30,0,68.00,0,0.1400,0.0128,0.0125,0.0000,1,ACTIVE,3,5,5
1458,11725,21:42:00,0,44.00,0,0.1700,0.0042,0.0173,0.0059,1,ACTIVE,3,5,5
1458,11726,21:42:30,0,46.00,0,0.1900,0.0128,0.0173,0.0059,1,ACTIVE,3,5,5
1458,11727,21:43:00,0,50.00,0,0.1700,0.0042,0.0173,0.0059,1,ACTIVE,3,5,5
1458,11728,21:43:30,0,77.00,0,0.1700,0.0042,0.0173,0.0059,1,ACTIVE,3,5,5
1458,11729,21:44:00,0,53.00,0,0.1700,0.0042,0.0173,0.0059,1,ACTIVE,3,5,5
1458,11730,21:44:30,0,31.00,0,0.1700,0.0042,0.0173,0.0059,1,ACTIVE,3,5,5
1458,11731,21:45:00,0,20.00,0,0.1700,0.0042,0.0173,0.0059,1,ACTIVE,3,5,5
1458,11732,21:45:30,0,35.00,0,0.1700,0.0042,0.0173,0.0059,1,ACTIVE,3,5,5
1458,11733,21:46:00,0,48.00,0,0.1700,0.0042,0.0173,0.0059,1,ACTIVE,3,5,5
1458,11734,21:46:30,0,23.00,0,0.1700,0.0042,0.0173,0.0059,1,ACTIVE,3,5,5
1458,11735,21:47:00,0,37.00,0,0.1700,0.0042,0.0173,0.0059,1,ACTIVE,3,5,5
1458,11736,21:47:30,0,15.00,0,0.1700,0.0042,0.0173,0.0059,1,ACTIVE,3,5,5
1458,11737,21:48:00,0,90.00,0,0.1700,0.0042,0.0173,0.0059,1,ACTIVE,3,5,5
1458,11738,21:48:30,0,0.00,0,0.1900,0.0128,0.0173,0.0059,1,ACTIVE,3,5,5
1458,11739,21:49:00,0,115.00,0,0.0100,0.0049,0.0000,0.0000,1,ACTIVE,3,5,5
1458,11740,21:49:30,0,21.00,0,0.1900,0.0128,0.0173,0.0059,1,ACTIVE,3,5,5
1458,11741,21:50:00,0,8.00,0,0.1900,0.0128,0.0173,0.0059,1,ACTIVE,3,5,5
1458,11742,21:50:30,0,5.00,0,0.1700,0.0042,0.0173,0.0059,0,ACTIVE,3,5,5
1458,11743,21:51:00,0,8.00,0,0.1700,0.0042,0.0173,0.0059,0,ACTIVE,3,5,5
1458,11744,21:51:30,0,12.00,0,0.1700,0.0042,0.0173,0.0059,1,ACTIVE,3,5,5
1458,11745,21:52:00,0,28.00,0,0.1700,0.0042,0.0173,0.0059,1,ACTIVE,3,5,5
1458,11746,21:52:30,0,46.00,0,0.1700,0.0042,0.0173,0.0059,1,ACTIVE,3,5,5
1458,11747,21:53:00,0,10.00,0,0.1700,0.0042,0.0173,0.0059,1,ACTIVE,3,5,5
1458,11748,21:53:30,0,53.00,0,0.1200,0.0042,0.0125,0.0000,1,ACTIVE,3,5,5
1458,11749,21:54:00,0,55.00,0,0.1700,0.0042,0.0173,0.0059,1,ACTIVE,3,5,5
1458,11750,21:54:30,0,37.00,0,0.1700,0.0042,0.0173,0.0059,1,ACTIVE,3,5,5
1458,11751,21:55:00,0,57.00,0,0.1700,0.0042,0.0173,0.0059,1,ACTIVE,3,5,5
1458,11752,21:55:30,0,20.00,0,0.1900,0.0128,0.0173,0.0059,1,ACTIVE,3,5,5
1458,11753,21:56:00,0,16.00,0,0.1900,0.0128,0.0173,0.0059,1,ACTIVE,3,5,5
1458,11754,21:56:30,0,37.00,0,0.1900,0.0128,0.0173,0.0059,1,ACTIVE,3,5,5
1458,11755,21:57:00,0,10.00,0,0.1700,0.0042,0.0173,0.0059,0,ACTIVE,3,5,5
1458,11756,21:57:30,0,1.00,0,0.1700,0.0042,0.0173,0.0059,0,ACTIVE,3,5,5
1458,11757,21:58:00,0,22.00,0,0.1700,0.0042,0.0173,0.0059,1,ACTIVE,3,5,5
1458,11758,21:58:30,0,9.00,0,0.1700,0.0042,0.0173,0.0059,0,ACTIVE,3,5,5
1458,11759,21:59:00,0,12.00,0,0.1700,0.0042,0.0173,0.0059,1,ACTIVE,3,5,5
1458,11760,21:59:30,0,24.00,0,0.1700,0.0042,0.0173,0.0059,1,ACTIVE,3,5,5
1458,11761,22:00:00,0,19.00,0,0.1700,0.0042,0.0173,0.0059,1,ACTIVE,3,5,5
1458,11762,22:00:30,0,21.00,0,0.1700,0.0042,0.0173,0.0059,1,ACTIVE,3,5,5
1458,11763,22:01:00,0,10.00,0,0.1700,0.0042,0.0173,0.0059,0,ACTIVE,3,5,5
1458,11764,22:01:30,0,4.00,0,0.1700,0.0042,0.0173,0.0059,0,ACTIVE,3,5,5
1458,11765,22:02:00,0,21.00,0,0.1700,0.0042,0.0173,0.0059,1,ACTIVE,3,5,5
1458,11766,22:02:30,0,18.00,0,0.1700,0.0042,0.0173,0.0059,1,ACTIVE,3,5,5
1458,11767,22:03:00,0,20.00,0,0.1700,0.0042,0.0173,0.0059,1,ACTIVE,3,5,5
1458,11768,22:03:30,0,16.00,0,0.1700,0.0042,0.0173,0.0059,1,ACTIVE,3,5,5
1458,11769,22:04:00,0,16.00,0,0.1700,0.0042,0.0173,0.0059,1,ACTIVE,3,5,5
1458,11770,22:04:30,0,16.00,0,0.1700,0.0042,0.0173,0.0059,1,ACTIVE,3,5,5
1458,11771,22:05:00,0,12.00,0,0.1900,0.0128,0.0173,0.0059,1,ACTIVE,3,5,5
1458,11772,22:05:30,0,7.00,0,0.1900,0.0128,0.0173,0.0059,0,ACTIVE,3,5,5
1458,11773,22:06:00,0,13.00,0,0.1700,0.0042,0.0173,0.0059,1,ACTIVE,3,5,5
1458,11774,22:06:30,0,9.00,0,0.1700,0.0042,0.0173,0.0059,1,ACTIVE,3,5,5
1458,11775,22:07:00,0,124.00,0,0.1700,0.0042,0.0173,0.0059,1,ACTIVE,3,5,5
1458,11776,22:07:30,0,1.00,0,0.1700,0.0042,0.0173,0.0059,1,ACTIVE,3,5,5
1458,11777,22:08:00,0,137.00,0,0.1700,0.0042,0.0173,0.0059,1,ACTIVE,3,5,5
1458,11778,22:08:30,0,13.00,0,0.1700,0.0042,0.0173,0.0059,1,ACTIVE,3,5,5
1458,11779,22:09:00,0,7.00,0,0.1700,0.0042,0.0173,0.0059,1,ACTIVE,3,5,5
1458,11780,22:09:30,0,4.00,0,0.1900,0.0128,0.0173,0.0059,0,ACTIVE,3,5,5
1458,11781,22:10:00,0,19.00,0,0.1700,0.0042,0.0173,0.0059,1,ACTIVE,3,5,5
1458,11782,22:10:30,0,5.00,0,0.1700,0.0042,0.0173,0.0059,0,ACTIVE,3,5,5
1458,11783,22:11:00,0,18.00,0,0.1700,0.0042,0.0173,0.0059,1,ACTIVE,3,5,5
1458,11784,22:11:30,0,39.00,0,0.1700,0.0042,0.0173,0.0059,1,ACTIVE,3,5,5
1458,11785,22:12:00,0,18.00,0,0.1700,0.0042,0.0173,0.0059,1,ACTIVE,3,5,5
1458,11786,22:12:30,0,0.00,0,0.1700,0.0042,0.0173,0.0059,0,ACTIVE,3,5,5
1458,11787,22:13:00,0,39.00,0,0.1700,0.0042,0.0173,0.0059,1,ACTIVE,3,5,5
1458,11788,22:13:30,0,7.00,0,0.1700,0.0042,0.0173,0.0059,0,ACTIVE,3,5,5
1458,11789,22:14:00,0,0.00,0,0.1700,0.0042,0.0173,0.0059,0,ACTIVE,3,5,5
1458,11790,22:14:30,0,10.00,0,0.1700,0.0042,0.0173,0.0059,0,ACTIVE,3,5,5
1458,11791,22:15:00,0,3.00,0,0.1900,0.0128,0.0173,0.0059,0,ACTIVE,3,5,5
1458,11792,22:15:30,0,11.00,0,0.1700,0.0042,0.0173,0.0059,0,ACTIVE,3,5,5
1458,11793,22:16:00,0,0.00,0,0.1700,0.0042,0.0173,0.0059,0,ACTIVE,3,5,5
1458,11794,22:16:30,0,4.00,0,0.1700,0.0042,0.0173,0.0059,0,ACTIVE,3,5,5
1458,11795,22:17:00,0,20.00,0,0.1700,0.0042,0.0173,0.0059,1,ACTIVE,3,5,5
1458,11796,22:17:30,0,7.00,0,0.1900,0.0128,0.0173,0.0059,0,ACTIVE,3,5,5
1458,11797,22:18:00,0,2.00,0,0.1700,0.0042,0.0173,0.0059,0,ACTIVE,3,5,5
1458,11798,22:18:30,0,2.00,0,0.1700,0.0042,0.0173,0.0059,0,ACTIVE,3,5,5
1458,11799,22:19:00,0,2.00,0,0.1900,0.0128,0.0173,0.0059,0,ACTIVE,3,5,5
1458,11800,22:19:30,0,8.00,0,0.1700,0.0042,0.0173,0.0059,0,ACTIVE,3,5,5
1458,11801,22:20:00,0,5.00,0,0.1700,0.0042,0.0173,0.0059,0,ACTIVE,3,5,5
1458,11802,22:20:30,0,13.00,0,0.1700,0.0042,0.0173,0.0059,1,ACTIVE,3,5,5
1458,11803,22:21:00,0,50.00,0,0.1700,0.0042,0.0173,0.0059,1,ACTIVE,3,5,5
1458,11804,22:21:30,0,44.00,0,0.1900,0.0128,0.0173,0.0059,1,ACTIVE,3,5,5
1458,11805,22:22:00,0,13.00,0,0.1900,0.0128,0.0173,0.0059,1,ACTIVE,3,5,5
1458,11806,22:22:30,0,33.00,0,0.1900,0.0128,0.0173,0.0059,1,ACTIVE,3,5,5
1458,11807,22:23:00,0,119.00,0,0.1900,0.0128,0.0173,0.0059,1,ACTIVE,3,5,5
1458,11808,22:23:30,0,44.00,0,0.0200,0.0049,0.0000,0.0059,1,ACTIVE,3,5,5
1458,11809,22:24:00,0,16.00,0,0.1700,0.0042,0.0173,0.0059,1,ACTIVE,3,5,5
1458,11810,22:24:30,0,395.00,0,0.1900,0.0128,0.0173,0.0059,1,ACTIVE,3,5,5
1458,11811,22:25:00,0,90.00,0,75.2200,10.3000,5.8800,0.7850,1,ACTIVE,3,5,5
1458,11812,22:25:30,0,295.00,0,46.3300,4.3400,4.1600,0.2720,1,ACTIVE,3,5,5
1458,11813,22:26:00,0,147.00,0,0.1900,0.0128,0.0173,0.0059,1,ACTIVE,3,5,5
1458,11814,22:26:30,0,359.00,0,0.3600,0.0128,0.0378,0.0023,1,ACTIVE,3,5,5
1458,11815,22:27:00,0,11.00,0,0.1700,0.0042,0.0173,0.0059,1,ACTIVE,3,5,5
1458,11816,22:27:30,0,1.00,0,0.1700,0.0042,0.0173,0.0059,1,ACTIVE,3,5,5
1458,11817,22:28:00,0,8.00,0,0.1700,0.0042,0.0173,0.0059,0,ACTIVE,3,5,5
1458,11818,22:28:30,0,3.00,0,0.1700,0.0042,0.0173,0.0059,0,ACTIVE,3,5,5
1458,11819,22:29:00,0,1.00,0,0.1700,0.0042,0.0173,0.0059,0,ACTIVE,3,5,5
1458,11820,22:29:30,0,9.00,0,0.1700,0.0042,0.0173,0.0059,0,ACTIVE,3,5,5
1458,11821,22:30:00,0,0.00,0,0.1700,0.0042,0.0173,0.0059,0,ACTIVE,3,5,5
1458,11822,22:30:30,0,21.00,0,0.1700,0.0042,0.0173,0.0059,1,ACTIVE,3,5,5
1458,11823,22:31:00,0,110.00,0,0.1700,0.0042,0.0173,0.0059,1,REST-S,3,5,5
1458,11824,22:31:30,0,0.00,0,0.1700,0.0042,0.0173,0.0059,0,REST-S,3,5,5
1458,11825,22:32:00,0,0.00,0,0.1700,0.0042,0.0173,0.0059,0,REST-S,3,5,5
1458,11826,22:32:30,0,0.00,0,0.1700,0.0042,0.0173,0.0059,0,REST-S,3,5,5
1458,11827,22:33:00,0,0.00,0,0.1700,0.0042,0.0173,0.0059,0,REST-S,3,5,5
1458,11828,22:33:30,0,0.00,0,0.1700,0.0042,0.0173,0.0059,0,REST-S,3,5,5
1458,11829,22:34:00,0,0.00,0,0.1700,0.0042,0.0173,0.0059,0,REST-S,3,5,5
1458,11830,22:34:30,0,0.00,0,0.1700,0.0042,0.0173,0.0059,0,REST-S,3,5,5
1458,11831,22:35:00,0,0.00,0,0.1700,0.0042,0.0173,0.0059,0,REST-S,3,5,5
1458,11832,22:35:30,0,0.00,0,0.1700,0.0042,0.0173,0.0059,0,REST-S,3,5,5
1458,11833,22:36:00,0,0.00,0,0.1700,0.0042,0.0173,0.0059,0,REST-S,3,5,5
1458,11834,22:36:30,0,0.00,0,0.1700,0.0042,0.0173,0.0059,0,REST-S,3,5,5
1458,11835,22:37:00,0,0.00,0,0.1700,0.0042,0.0173,0.0059,0,REST-S,3,5,5
1458,11836,22:37:30,0,0.00,0,0.1700,0.0042,0.0173,0.0059,0,REST-S,3,5,5
1458,11837,22:38:00,0,0.00,0,0.1700,0.0042,0.0173,0.0059,0,REST-S,3,5,5
1458,11838,22:38:30,0,0.00,0,0.1700,0.0042,0.0173,0.0059,0,REST-S,3,5,5
1458,11839,22:39:00,0,0.00,0,0.1700,0.0042,0.0173,0.0059,0,REST-S,3,5,5
1458,11840,22:39:30,0,0.00,0,0.1700,0.0042,0.0173,0.0059,0,REST-S,3,5,5
1458,11841,22:40:00,0,0.00,0,0.1700,0.0042,0.0173,0.0059,0,REST-S,3,5,5
1458,11842,22:40:30,0,0.00,0,0.1700,0.0042,0.0173,0.0059,0,REST-S,3,5,5
1458,11843,22:41:00,0,0.00,0,0.1700,0.0042,0.0173,0.0059,0,REST-S,3,5,5
1458,11844,22:41:30,0,0.00,0,0.1700,0.0042,0.0173,0.0059,0,REST-S,3,5,5
1458,11845,22:42:00,0,0.00,0,0.1700,0.0042,0.0173,0.0059,0,REST-S,3,5,5
1458,11846,22:42:30,0,0.00,0,0.1700,0.0042,0.0173,0.0059,0,REST-S,3,5,5
1458,11847,22:43:00,0,0.00,0,0.1700,0.0042,0.0173,0.0059,0,REST-S,3,5,5
1458,11848,22:43:30,0,0.00,0,0.1700,0.0042,0.0173,0.0059,0,REST-S,3,5,5
1458,11849,22:44:00,0,0.00,0,0.1700,0.0042,0.0173,0.0059,0,REST-S,3,5,5
1458,11850,22:44:30,0,0.00,0,0.1700,0.0042,0.0173,0.0059,0,REST-S,3,5,5
1458,11851,22:45:00,0,0.00,0,0.1700,0.0042,0.0173,0.0059,0,REST-S,3,5,5
1458,11852,22:45:30,0,0.00,0,0.1700,0.0042,0.0173,0.0059,0,REST-S,3,5,5
1458,11853,22:46:00,0,0.00,0,0.1700,0.0042,0.0173,0.0059,0,REST-S,3,5,5
1458,11854,22:46:30,0,0.00,0,0.1700,0.0042,0.0173,0.0059,0,REST-S,3,5,5
1458,11855,22:47:00,0,0.00,0,0.1700,0.0042,0.0173,0.0059,0,REST-S,3,5,5
1458,11856,22:47:30,0,0.00,0,0.1700,0.0042,0.0173,0.0059,0,REST-S,3,5,5
1458,11857,22:48:00,0,0.00,0,0.1700,0.0042,0.0173,0.0059,0,REST-S,3,5,5
1458,11858,22:48:30,0,0.00,0,0.1700,0.0042,0.0173,0.0059,0,REST-S,3,5,5
1458,11859,22:49:00,0,0.00,0,0.1700,0.0042,0.0173,0.0059,0,REST-S,3,5,5
1458,11860,22:49:30,0,0.00,0,0.1700,0.0042,0.0173,0.0059,0,REST-S,3,5,5
1458,11861,22:50:00,0,0.00,0,0.1700,0.0042,0.0173,0.0059,0,REST-S,3,5,5
1458,11862,22:50:30,0,0.00,0,0.1700,0.0042,0.0173,0.0059,0,REST-S,3,5,5
1458,11863,22:51:00,0,0.00,0,0.1700,0.0042,0.0173,0.0059,0,REST-S,3,5,5
1458,11864,22:51:30,0,0.00,0,0.1700,0.0042,0.0173,0.0059,0,REST-S,3,5,5
1458,11865,22:52:00,0,0.00,0,0.1700,0.0042,0.0173,0.0059,0,REST-S,3,5,5
1458,11866,22:52:30,0,0.00,0,0.1700,0.0042,0.0173,0.0059,0,REST-S,3,5,5
1458,11867,22:53:00,0,0.00,0,0.1700,0.0042,0.0173,0.0059,0,REST-S,3,5,5
1458,11868,22:53:30,0,0.00,0,0.1700,0.0042,0.0173,0.0059,0,REST-S,3,5,5
1458,11869,22:54:00,0,0.00,0,0.1700,0.0042,0.0173,0.0059,0,REST-S,3,5,5
1458,11870,22:54:30,0,0.00,0,0.1700,0.0042,0.0173,0.0059,0,REST-S,3,5,5
1458,11871,22:55:00,0,0.00,0,0.1700,0.0042,0.0173,0.0059,0,REST-S,3,5,5
1458,11872,22:55:30,0,0.00,0,0.1700,0.0042,0.0173,0.0059,0,REST-S,3,5,5
1458,11873,22:56:00,0,0.00,0,0.1700,0.0042,0.0173,0.0059,0,REST-S,3,5,5
1458,11874,22:56:30,0,0.00,0,0.1700,0.0042,0.0173,0.0059,0,REST-S,3,5,5
1458,11875,22:57:00,0,0.00,0,0.1700,0.0042,0.0173,0.0059,0,REST-S,3,5,5
1458,11876,22:57:30,0,0.00,0,0.1700,0.0042,0.0173,0.0059,0,REST-S,3,5,5
1458,11877,22:58:00,0,0.00,0,0.1700,0.0042,0.0173,0.0059,0,REST-S,3,5,5
1458,11878,22:58:30,0,0.00,0,0.1700,0.0042,0.0173,0.0059,0,REST-S,3,5,5
1458,11879,22:59:00,0,0.00,0,0.1700,0.0042,0.0173,0.0059,0,REST-S,3,5,5
1458,11880,22:59:30,0,0.00,0,0.1700,0.0042,0.0173,0.0059,0,REST-S,3,5,5
1458,11881,23:00:00,0,0.00,0,0.1700,0.0042,0.0173,0.0059,0,REST-S,3,5,5
1458,11882,23:00:30,0,0.00,0,0.1700,0.0042,0.0173,0.0059,0,REST-S,3,5,5
1458,11883,23:01:00,0,0.00,0,0.1700,0.0042,0.0173,0.0059,0,REST-S,3,5,5
1458,11884,23:01:30,0,46.00,0,0.1700,0.0042,0.0173,0.0059,1,REST-S,3,5,5
1458,11885,23:02:00,0,48.00,0,0.0200,0.0049,0.0000,0.0059,1,REST-S,3,5,5
1458,11886,23:02:30,0,0.00,0,0.1700,0.0042,0.0173,0.0059,0,REST-S,3,5,5
1458,11887,23:03:00,0,0.00,0,0.1700,0.0042,0.0173,0.0059,0,REST-S,3,5,5
1458,11888,23:03:30,0,0.00,0,0.1700,0.0042,0.0173,0.0059,0,REST-S,3,5,5
1458,11889,23:04:00,0,0.00,0,0.1700,0.0042,0.0173,0.0059,0,REST-S,3,5,5
1458,11890,23:04:30,0,0.00,0,0.1900,0.0128,0.0173,0.0059,0,REST-S,3,5,5
1458,11891,23:05:00,0,0.00,0,0.1700,0.0042,0.0173,0.0059,0,REST-S,3,5,5
1458,11892,23:05:30,0,0.00,0,0.1700,0.0042,0.0173,0.0059,0,REST-S,3,5,5
1458,11893,23:06:00,0,0.00,0,0.1700,0.0042,0.0173,0.0059,0,REST-S,3,5,5
1458,11894,23:06:30,0,0.00,0,0.1700,0.0042,0.0173,0.0059,0,REST-S,3,5,5
1458,11895,23:07:00,0,0.00,0,0.1700,0.0042,0.0173,0.0059,0,REST-S,3,5,5
1458,11896,23:07:30,0,0.00,0,0.1700,0.0042,0.0173,0.0059,0,REST-S,3,5,5
1458,11897,23:08:00,0,0.00,0,0.1700,0.0042,0.0173,0.0059,0,REST-S,3,5,5
1458,11898,23:08:30,0,0.00,0,0.1700,0.0042,0.0173,0.0059,0,REST-S,3,5,5
1458,11899,23:09:00,0,0.00,0,0.1700,0.0042,0.0173,0.0059,0,REST-S,3,5,5
1458,11900,23:09:30,0,0.00,0,0.1700,0.0042,0.0173,0.0059,0,REST-S,3,5,5
1458,11901,23:10:00,0,0.00,0,0.1700,0.0042,0.0173,0.0059,0,REST-S,3,5,5
1458,11902,23:10:30,0,0.00,0,0.1900,0.0128,0.0173,0.0059,0,REST-S,3,5,5
1458,11903,23:11:00,0,0.00,0,0.1900,0.0128,0.0173,0.0059,0,REST-S,3,5,5
1458,11904,23:11:30,0,0.00,0,0.1700,0.0042,0.0173,0.0059,0,REST-S,3,5,5
1458,11905,23:12:00,0,0.00,0,0.1700,0.0042,0.0173,0.0059,0,REST-S,3,5,5
1458,11906,23:12:30,0,0.00,0,0.1900,0.0128,0.0173,0.0059,0,REST-S,3,5,5
1458,11907,23:13:00,0,0.00,0,0.1700,0.0042,0.0173,0.0059,0,REST-S,3,5,5
1458,11908,23:13:30,0,0.00,0,0.1700,0.0042,0.0173,0.0059,0,REST-S,3,5,5
1458,11909,23:14:00,0,0.00,0,0.1900,0.0128,0.0173,0.0059,0,REST-S,3,5,5
1458,11910,23:14:30,0,0.00,0,0.1700,0.0042,0.0173,0.0059,0,REST-S,3,5,5
1458,11911,23:15:00,0,0.00,0,0.1700,0.0042,0.0173,0.0059,0,REST-S,3,5,5
1458,11912,23:15:30,0,0.00,0,0.1700,0.0042,0.0173,0.0059,0,REST-S,3,5,5
1458,11913,23:16:00,0,0.00,0,0.1700,0.0042,0.0173,0.0059,0,REST-S,3,5,5
1458,11914,23:16:30,0,0.00,0,0.1900,0.0128,0.0173,0.0059,0,REST-S,3,5,5
1458,11915,23:17:00,0,0.00,0,0.1700,0.0042,0.0173,0.0059,0,REST-S,3,5,5
1458,11916,23:17:30,0,0.00,0,0.1900,0.0128,0.0173,0.0059,0,REST-S,3,5,5
1458,11917,23:18:00,0,0.00,0,0.1700,0.0042,0.0173,0.0059,0,REST-S,3,5,5
1458,11918,23:18:30,0,0.00,0,0.1900,0.0128,0.0173,0.0059,0,REST-S,3,5,5
1458,11919,23:19:00,0,0.00,0,0.1700,0.0042,0.0173,0.0059,0,REST-S,3,5,5
1458,11920,23:19:30,0,0.00,0,0.1700,0.0042,0.0173,0.0059,0,REST-S,3,5,5
1458,11921,23:20:00,0,0.00,0,0.1900,0.0128,0.0173,0.0059,0,REST-S,3,5,5
1458,11922,23:20:30,0,0.00,0,0.1700,0.0042,0.0173,0.0059,0,REST-S,3,5,5
1458,11923,23:21:00,0,0.00,0,0.1700,0.0042,0.0173,0.0059,0,REST-S,3,5,5
1458,11924,23:21:30,0,0.00,0,0.1900,0.0128,0.0173,0.0059,0,REST-S,3,5,5
1458,11925,23:22:00,0,0.00,0,0.1700,0.0042,0.0173,0.0059,0,REST-S,3,5,5
1458,11926,23:22:30,0,0.00,0,0.1700,0.0042,0.0173,0.0059,0,REST-S,3,5,5
1458,11927,23:23:00,0,0.00,0,0.1900,0.0128,0.0173,0.0059,0,REST-S,3,5,5
1458,11928,23:23:30,0,0.00,0,0.1700,0.0042,0.0173,0.0059,0,REST-S,3,5,5
1458,11929,23:24:00,0,0.00,0,0.1700,0.0042,0.0173,0.0059,0,REST-S,3,5,5
1458,11930,23:24:30,0,0.00,0,0.1900,0.0128,0.0173,0.0059,0,REST-S,3,5,5
1458,11931,23:25:00,0,0.00,0,0.1900,0.0128,0.0173,0.0059,0,REST-S,3,5,5
1458,11932,23:25:30,0,0.00,0,0.1900,0.0128,0.0173,0.0059,0,REST-S,3,5,5
1458,11933,23:26:00,0,1.00,0,0.1900,0.0128,0.0173,0.0059,0,REST-S,3,5,5
1458,11934,23:26:30,0,0.00,0,0.1900,0.0128,0.0173,0.0059,0,REST-S,3,5,5
1458,11935,23:27:00,0,0.00,0,0.1700,0.0042,0.0173,0.0059,0,REST-S,3,5,5
1458,11936,23:27:30,0,0.00,0,0.1700,0.0042,0.0173,0.0059,0,REST-S,3,5,5
1458,11937,23:28:00,0,0.00,0,0.1700,0.0042,0.0173,0.0059,0,REST-S,3,5,5
1458,11938,23:28:30,0,0.00,0,0.1900,0.0128,0.0173,0.0059,0,REST-S,3,5,5
1458,11939,23:29:00,0,0.00,0,0.1900,0.0128,0.0173,0.0059,0,REST-S,3,5,5
1458,11940,23:29:30,0,0.00,0,0.1700,0.0042,0.0173,0.0059,0,REST-S,3,5,5
1458,11941,23:30:00,0,0.00,0,0.1900,0.0128,0.0173,0.0059,0,REST-S,3,5,5
1458,11942,23:30:30,0,0.00,0,0.1900,0.0128,0.0173,0.0059,0,REST-S,3,5,5
1458,11943,23:31:00,0,0.00,0,0.1700,0.0042,0.0173,0.0059,0,REST-S,3,5,5
1458,11944,23:31:30,0,0.00,0,0.1700,0.0042,0.0173,0.0059,0,REST-S,3,5,5
1458,11945,23:32:00,0,0.00,0,0.1900,0.0128,0.0173,0.0059,0,REST-S,3,5,5
1458,11946,23:32:30,0,0.00,0,0.1700,0.0042,0.0173,0.0059,0,REST-S,3,5,5
1458,11947,23:33:00,0,0.00,0,0.1700,0.0042,0.0173,0.0059,0,REST-S,3,5,5
1458,11948,23:33:30,0,0.00,0,0.1700,0.0042,0.0173,0.0059,0,REST-S,3,5,5
1458,11949,23:34:00,0,0.00,0,0.1900,0.0128,0.0173,0.0059,0,REST-S,3,5,5
1458,11950,23:34:30,0,0.00,0,0.1700,0.0042,0.0173,0.0059,0,REST-S,3,5,5
1458,11951,23:35:00,0,0.00,0,0.1900,0.0128,0.0173,0.0059,0,REST-S,3,5,5
1458,11952,23:35:30,0,0.00,0,0.1700,0.0042,0.0173,0.0059,0,REST-S,3,5,5
1458,11953,23:36:00,0,0.00,0,0.1900,0.0128,0.0173,0.0059,0,REST-S,3,5,5
1458,11954,23:36:30,0,0.00,0,0.1700,0.0042,0.0173,0.0059,0,REST-S,3,5,5
1458,11955,23:37:00,0,0.00,0,0.1900,0.0128,0.0173,0.0059,0,REST-S,3,5,5
1458,11956,23:37:30,0,0.00,0,0.1700,0.0042,0.0173,0.0059,0,REST-S,3,5,5
1458,11957,23:38:00,0,0.00,0,0.1900,0.0128,0.0173,0.0059,0,REST-S,3,5,5
1458,11958,23:38:30,0,0.00,0,0.1700,0.0042,0.0173,0.0059,0,REST-S,3,5,5
1458,11959,23:39:00,0,0.00,0,0.1900,0.0128,0.0173,0.0059,0,REST-S,3,5,5
1458,11960,23:39:30,0,0.00,0,0.1900,0.0128,0.0173,0.0059,0,REST-S,3,5,5
1458,11961,23:40:00,0,0.00,0,0.1700,0.0042,0.0173,0.0059,0,REST-S,3,5,5
1458,11962,23:40:30,0,0.00,0,0.1700,0.0042,0.0173,0.0059,0,REST-S,3,5,5
1458,11963,23:41:00,0,0.00,0,0.1900,0.0128,0.0173,0.0059,0,REST-S,3,5,5
1458,11964,23:41:30,0,0.00,0,0.1900,0.0128,0.0173,0.0059,0,REST-S,3,5,5
1458,11965,23:42:00,0,0.00,0,0.1700,0.0042,0.0173,0.0059,0,REST-S,3,5,5
1458,11966,23:42:30,0,0.00,0,0.1900,0.0128,0.0173,0.0059,0,REST-S,3,5,5
1458,11967,23:43:00,0,152.00,0,0.1700,0.0042,0.0173,0.0059,1,REST-S,3,5,5
1458,11968,23:43:30,0,0.00,0,0.1900,0.0128,0.0173,0.0059,0,REST-S,3,5,5
1458,11969,23:44:00,0,0.00,0,0.1700,0.0042,0.0173,0.0059,0,REST-S,3,5,5
1458,11970,23:44:30,0,0.00,0,0.1700,0.0042,0.0173,0.0059,0,REST-S,3,5,5
1458,11971,23:45:00,0,0.00,0,0.1900,0.0128,0.0173,0.0059,0,REST-S,3,5,5
1458,11972,23:45:30,0,0.00,0,0.1700,0.0042,0.0173,0.0059,0,REST-S,3,5,5
1458,11973,23:46:00,0,0.00,0,0.1900,0.0128,0.0173,0.0059,0,REST-S,3,5,5
1458,11974,23:46:30,0,0.00,0,0.1700,0.0042,0.0173,0.0059,0,REST-S,3,5,5
1458,11975,23:47:00,0,0.00,0,0.1700,0.0042,0.0173,0.0059,0,REST-S,3,5,5
1458,11976,23:47:30,0,0.00,0,0.1900,0.0128,0.0173,0.0059,0,REST-S,3,5,5
1458,11977,23:48:00,0,0.00,0,0.1900,0.0128,0.0173,0.0059,0,REST-S,3,5,5
1458,11978,23:48:30,0,0.00,0,0.1900,0.0128,0.0173,0.0059,0,REST-S,3,5,5
1458,11979,23:49:00,0,7.00,0,0.1700,0.0042,0.0173,0.0059,0,REST-S,3,5,5
1458,11980,23:49:30,0,93.00,0,0.1700,0.0042,0.0173,0.0059,1,REST-S,3,5,5
1458,11981,23:50:00,0,0.00,0,0.1900,0.0128,0.0173,0.0059,0,REST-S,3,5,5
1458,11982,23:50:30,0,0.00,0,0.1900,0.0128,0.0173,0.0059,0,REST-S,3,5,5
1458,11983,23:51:00,0,0.00,0,0.1900,0.0128,0.0173,0.0059,0,REST-S,3,5,5
1458,11984,23:51:30,0,0.00,0,0.1700,0.0042,0.0173,0.0059,0,REST-S,3,5,5
1458,11985,23:52:00,0,0.00,0,0.1900,0.0128,0.0173,0.0059,0,REST-S,3,5,5
1458,11986,23:52:30,0,0.00,0,0.1700,0.0042,0.0173,0.0059,0,REST-S,3,5,5
1458,11987,23:53:00,0,0.00,0,0.1700,0.0042,0.0173,0.0059,0,REST-S,3,5,5
1458,11988,23:53:30,0,0.00,0,0.1900,0.0128,0.0173,0.0059,0,REST-S,3,5,5
1458,11989,23:54:00,0,0.00,0,0.1700,0.0042,0.0173,0.0059,0,REST-S,3,5,5
1458,11990,23:54:30,0,0.00,0,0.1700,0.0042,0.0173,0.0059,0,REST-S,3,5,5
1458,11991,23:55:00,0,0.00,0,0.1700,0.0042,0.0173,0.0059,0,REST-S,3,5,5
1458,11992,23:55:30,0,0.00,0,0.1900,0.0128,0.0173,0.0059,0,REST-S,3,5,5
1458,11993,23:56:00,0,0.00,0,0.1900,0.0128,0.0173,0.0059,0,REST-S,3,5,5
1458,11994,23:56:30,0,0.00,0,0.1700,0.0042,0.0173,0.0059,0,REST-S,3,5,5
1458,11995,23:57:00,0,0.00,0,0.1700,0.0042,0.0173,0.0059,0,REST-S,3,5,5
1458,11996,23:57:30,0,0.00,0,0.1700,0.0042,0.0173,0.0059,0,REST-S,3,5,5
1458,11997,23:58:00,0,0.00,0,0.1900,0.0128,0.0173,0.0059,0,REST-S,3,5,5
1458,11998,23:58:30,0,0.00,0,0.1900,0.0128,0.0173,0.0059,0,REST-S,3,5,5
1458,11999,23:59:00,0,0.00,0,0.1700,0.0042,0.0173,0.0059,0,REST-S,3,5,5
1458,12000,23:59:30,0,0.00,0,0.1900,0.0128,0.0173,0.0059,0,REST-S,3,5,5
1458,12001,0:00:00,0,0.00,0,0.1900,0.0128,0.0173,0.0059,0,REST-S,4,6,5
1458,12002,0:00:30,0,0.00,0,0.1900,0.0128,0.0173,0.0059,0,REST-S,4,6,5
1458,12003,0:01:00,0,1.00,0,0.1900,0.0128,0.0173,0.0059,0,REST-S,4,6,5
1458,12004,0:01:30,0,0.00,0,0.1700,0.0042,0.0173,0.0059,0,REST-S,4,6,5
1458,12005,0:02:00,0,0.00,0,0.1900,0.0128,0.0173,0.0059,0,REST-S,4,6,5
1458,12006,0:02:30,0,0.00,0,0.1900,0.0128,0.0173,0.0059,0,REST-S,4,6,5
1458,12007,0:03:00,0,0.00,0,0.1900,0.0128,0.0173,0.0059,0,REST-S,4,6,5
1458,12008,0:03:30,0,0.00,0,0.1900,0.0128,0.0173,0.0059,0,REST-S,4,6,5
1458,12009,0:04:00,0,0.00,0,0.1900,0.0128,0.0173,0.0059,0,REST-S,4,6,5
1458,12010,0:04:30,0,0.00,0,0.1700,0.0042,0.0173,0.0059,0,REST-S,4,6,5
1458,12011,0:05:00,0,0.00,0,0.1900,0.0128,0.0173,0.0059,0,REST-S,4,6,5
1458,12012,0:05:30,0,0.00,0,0.1900,0.0128,0.0173,0.0059,0,REST-S,4,6,5
1458,12013,0:06:00,0,0.00,0,0.1700,0.0042,0.0173,0.0059,0,REST-S,4,6,5
1458,12014,0:06:30,0,0.00,0,0.1700,0.0042,0.0173,0.0059,0,REST-S,4,6,5
1458,12015,0:07:00,0,1.00,0,0.1700,0.0042,0.0173,0.0059,0,REST-S,4,6,5
1458,12016,0:07:30,0,119.00,0,0.1900,0.0128,0.0173,0.0059,1,REST-S,4,6,5
1458,12017,0:08:00,0,3.00,0,0.1700,0.0042,0.0173,0.0059,0,REST-S,4,6,5
1458,12018,0:08:30,0,1.00,0,0.1700,0.0042,0.0173,0.0059,0,REST-S,4,6,5
1458,12019,0:09:00,0,0.00,0,0.1700,0.0042,0.0173,0.0059,0,REST-S,4,6,5
1458,12020,0:09:30,0,1.00,0,0.1700,0.0042,0.0173,0.0059,0,REST-S,4,6,5
1458,12021,0:10:00,0,0.00,0,0.1700,0.0042,0.0173,0.0059,0,REST-S,4,6,5
1458,12022,0:10:30,0,1.00,0,0.1700,0.0042,0.0173,0.0059,0,REST-S,4,6,5
1458,12023,0:11:00,0,0.00,0,0.1700,0.0042,0.0173,0.0059,0,REST-S,4,6,5
1458,12024,0:11:30,0,11.00,0,0.1900,0.0128,0.0173,0.0059,0,REST-S,4,6,5
1458,12025,0:12:00,0,1.00,0,0.1700,0.0042,0.0173,0.0059,0,REST-S,4,6,5
1458,12026,0:12:30,0,1.00,0,0.1700,0.0042,0.0173,0.0059,0,REST-S,4,6,5
1458,12027,0:13:00,0,3.00,0,0.1700,0.0042,0.0173,0.0059,0,REST-S,4,6,5
1458,12028,0:13:30,0,0.00,0,0.1700,0.0042,0.0173,0.0059,0,REST-S,4,6,5
1458,12029,0:14:00,0,0.00,0,0.1700,0.0042,0.0173,0.0059,0,REST-S,4,6,5
1458,12030,0:14:30,0,0.00,0,0.1900,0.0128,0.0173,0.0059,0,REST-S,4,6,5
1458,12031,0:15:00,0,0.00,0,0.1700,0.0042,0.0173,0.0059,0,REST-S,4,6,5
1458,12032,0:15:30,0,0.00,0,0.1900,0.0128,0.0173,0.0059,0,REST-S,4,6,5
1458,12033,0:16:00,0,37.00,0,0.1700,0.0042,0.0173,0.0059,1,REST-S,4,6,5
1458,12034,0:16:30,0,158.00,0,0.1700,0.0042,0.0173,0.0059,1,REST-S,4,6,5
1458,12035,0:17:00,0,0.00,0,0.1700,0.0042,0.0173,0.0059,0,REST-S,4,6,5
1458,12036,0:17:30,0,0.00,0,0.1900,0.0128,0.0173,0.0059,0,REST-S,4,6,5
1458,12037,0:18:00,0,0.00,0,0.1700,0.0042,0.0173,0.0059,0,REST-S,4,6,5
1458,12038,0:18:30,0,0.00,0,0.1700,0.0042,0.0173,0.0059,0,REST-S,4,6,5
1458,12039,0:19:00,0,0.00,0,0.1700,0.0042,0.0173,0.0059,0,REST-S,4,6,5
1458,12040,0:19:30,0,0.00,0,0.1700,0.0042,0.0173,0.0059,0,REST-S,4,6,5
1458,12041,0:20:00,0,0.00,0,0.1700,0.0042,0.0173,0.0059,0,REST-S,4,6,5
1458,12042,0:20:30,0,1.00,0,0.1900,0.0128,0.0173,0.0059,0,REST-S,4,6,5
1458,12043,0:21:00,0,0.00,0,0.1900,0.0128,0.0173,0.0059,0,REST-S,4,6,5
1458,12044,0:21:30,0,0.00,0,0.1700,0.0042,0.0173,0.0059,0,REST-S,4,6,5
1458,12045,0:22:00,0,0.00,0,0.1900,0.0128,0.0173,0.0059,0,REST-S,4,6,5
1458,12046,0:22:30,0,0.00,0,0.1900,0.0128,0.0173,0.0059,0,REST-S,4,6,5
1458,12047,0:23:00,0,0.00,0,0.1700,0.0042,0.0173,0.0059,0,REST-S,4,6,5
1458,12048,0:23:30,0,0.00,0,0.1900,0.0128,0.0173,0.0059,0,REST-S,4,6,5
1458,12049,0:24:00,0,0.00,0,0.1700,0.0042,0.0173,0.0059,0,REST-S,4,6,5
1458,12050,0:24:30,0,0.00,0,0.1700,0.0042,0.0173,0.0059,0,REST-S,4,6,5
1458,12051,0:25:00,0,0.00,0,0.1900,0.0128,0.0173,0.0059,0,REST-S,4,6,5
1458,12052,0:25:30,0,0.00,0,0.1700,0.0042,0.0173,0.0059,0,REST-S,4,6,5
1458,12053,0:26:00,0,0.00,0,0.1900,0.0128,0.0173,0.0059,0,REST-S,4,6,5
1458,12054,0:26:30,0,0.00,0,0.1700,0.0042,0.0173,0.0059,0,REST-S,4,6,5
1458,12055,0:27:00,0,1.00,0,0.1900,0.0128,0.0173,0.0059,0,REST-S,4,6,5
1458,12056,0:27:30,0,0.00,0,0.1900,0.0128,0.0173,0.0059,0,REST-S,4,6,5
1458,12057,0:28:00,0,0.00,0,0.1900,0.0128,0.0173,0.0059,0,REST-S,4,6,5
1458,12058,0:28:30,0,0.00,0,0.1900,0.0128,0.0173,0.0059,0,REST-S,4,6,5
1458,12059,0:29:00,0,0.00,0,0.1700,0.0042,0.0173,0.0059,0,REST-S,4,6,5
1458,12060,0:29:30,0,0.00,0,0.1900,0.0128,0.0173,0.0059,0,REST-S,4,6,5
1458,12061,0:30:00,0,0.00,0,0.1900,0.0128,0.0173,0.0059,0,REST-S,4,6,5
1458,12062,0:30:30,0,1.00,0,0.1700,0.0042,0.0173,0.0059,0,REST-S,4,6,5
1458,12063,0:31:00,0,0.00,0,0.1700,0.0042,0.0173,0.0059,0,REST-S,4,6,5
1458,12064,0:31:30,0,0.00,0,0.1900,0.0128,0.0173,0.0059,0,REST-S,4,6,5
1458,12065,0:32:00,0,0.00,0,0.1900,0.0128,0.0173,0.0059,0,REST-S,4,6,5
1458,12066,0:32:30,0,0.00,0,0.1900,0.0128,0.0173,0.0059,0,REST-S,4,6,5
1458,12067,0:33:00,0,0.00,0,0.1900,0.0128,0.0173,0.0059,0,REST-S,4,6,5
1458,12068,0:33:30,0,0.00,0,0.1900,0.0128,0.0173,0.0059,0,REST-S,4,6,5
1458,12069,0:34:00,0,0.00,0,0.1900,0.0128,0.0173,0.0059,0,REST-S,4,6,5
1458,12070,0:34:30,0,0.00,0,0.1900,0.0128,0.0173,0.0059,0,REST-S,4,6,5
1458,12071,0:35:00,0,0.00,0,0.1700,0.0042,0.0173,0.0059,0,REST-S,4,6,5
1458,12072,0:35:30,0,0.00,0,0.1900,0.0128,0.0173,0.0059,0,REST-S,4,6,5
1458,12073,0:36:00,0,0.00,0,0.1700,0.0042,0.0173,0.0059,0,REST-S,4,6,5
1458,12074,0:36:30,0,0.00,0,0.1900,0.0128,0.0173,0.0059,0,REST-S,4,6,5
1458,12075,0:37:00,0,0.00,0,0.1900,0.0128,0.0173,0.0059,0,REST-S,4,6,5
1458,12076,0:37:30,0,0.00,0,0.1700,0.0042,0.0173,0.0059,0,REST-S,4,6,5
1458,12077,0:38:00,0,0.00,0,0.1900,0.0128,0.0173,0.0059,0,REST-S,4,6,5
1458,12078,0:38:30,0,0.00,0,0.1900,0.0128,0.0173,0.0059,0,REST-S,4,6,5
1458,12079,0:39:00,0,61.00,0,0.2100,0.0256,0.0173,0.0059,1,REST-S,4,6,5
1458,12080,0:39:30,0,0.00,0,0.1900,0.0128,0.0173,0.0059,0,REST-S,4,6,5
1458,12081,0:40:00,0,63.00,0,0.1900,0.0128,0.0173,0.0059,1,REST-S,4,6,5
1458,12082,0:40:30,0,0.00,0,0.1900,0.0128,0.0173,0.0059,0,REST-S,4,6,5
1458,12083,0:41:00,0,0.00,0,0.1900,0.0128,0.0173,0.0059,0,REST-S,4,6,5
1458,12084,0:41:30,0,0.00,0,0.1900,0.0128,0.0173,0.0059,0,REST-S,4,6,5
1458,12085,0:42:00,0,0.00,0,0.1900,0.0128,0.0173,0.0059,0,REST-S,4,6,5
1458,12086,0:42:30,0,0.00,0,0.1700,0.0042,0.0173,0.0059,0,REST-S,4,6,5
1458,12087,0:43:00,0,0.00,0,0.1700,0.0042,0.0173,0.0059,0,REST-S,4,6,5
1458,12088,0:43:30,0,0.00,0,0.1900,0.0128,0.0173,0.0059,0,REST-S,4,6,5
1458,12089,0:44:00,0,0.00,0,0.1900,0.0128,0.0173,0.0059,0,REST-S,4,6,5
1458,12090,0:44:30,0,0.00,0,0.1700,0.0042,0.0173,0.0059,0,REST-S,4,6,5
1458,12091,0:45:00,0,0.00,0,0.1900,0.0128,0.0173,0.0059,0,REST-S,4,6,5
1458,12092,0:45:30,0,0.00,0,0.1700,0.0042,0.0173,0.0059,0,REST-S,4,6,5
1458,12093,0:46:00,0,0.00,0,0.1900,0.0128,0.0173,0.0059,0,REST-S,4,6,5
1458,12094,0:46:30,0,0.00,0,0.1700,0.0042,0.0173,0.0059,0,REST-S,4,6,5
1458,12095,0:47:00,0,0.00,0,0.1900,0.0128,0.0173,0.0059,0,REST-S,4,6,5
1458,12096,0:47:30,0,0.00,0,0.1900,0.0128,0.0173,0.0059,0,REST-S,4,6,5
1458,12097,0:48:00,0,0.00,0,0.1900,0.0128,0.0173,0.0059,0,REST-S,4,6,5
1458,12098,0:48:30,0,0.00,0,0.1900,0.0128,0.0173,0.0059,0,REST-S,4,6,5
1458,12099,0:49:00,0,0.00,0,0.1900,0.0128,0.0173,0.0059,0,REST-S,4,6,5
1458,12100,0:49:30,0,0.00,0,0.1900,0.0128,0.0173,0.0059,0,REST-S,4,6,5
1458,12101,0:50:00,0,0.00,0,0.1900,0.0128,0.0173,0.0059,0,REST-S,4,6,5
1458,12102,0:50:30,0,0.00,0,0.1900,0.0128,0.0173,0.0059,0,REST-S,4,6,5
1458,12103,0:51:00,0,0.00,0,0.1900,0.0128,0.0173,0.0059,0,REST-S,4,6,5
1458,12104,0:51:30,0,0.00,0,0.1900,0.0128,0.0173,0.0059,0,REST-S,4,6,5
1458,12105,0:52:00,0,0.00,0,0.1900,0.0128,0.0173,0.0059,0,REST-S,4,6,5
1458,12106,0:52:30,0,0.00,0,0.1900,0.0128,0.0173,0.0059,0,REST-S,4,6,5
1458,12107,0:53:00,0,0.00,0,0.1900,0.0128,0.0173,0.0059,0,REST-S,4,6,5
1458,12108,0:53:30,0,0.00,0,0.1900,0.0128,0.0173,0.0059,0,REST-S,4,6,5
1458,12109,0:54:00,0,1.00,0,0.1900,0.0128,0.0173,0.0059,0,REST-S,4,6,5
1458,12110,0:54:30,0,0.00,0,0.1900,0.0128,0.0173,0.0059,0,REST-S,4,6,5
1458,12111,0:55:00,0,0.00,0,0.1900,0.0128,0.0173,0.0059,0,REST-S,4,6,5
1458,12112,0:55:30,0,0.00,0,0.1900,0.0128,0.0173,0.0059,0,REST-S,4,6,5
1458,12113,0:56:00,0,0.00,0,0.1900,0.0128,0.0173,0.0059,0,REST-S,4,6,5
1458,12114,0:56:30,0,0.00,0,0.1900,0.0128,0.0173,0.0059,0,REST-S,4,6,5
1458,12115,0:57:00,0,0.00,0,0.1900,0.0128,0.0173,0.0059,0,REST-S,4,6,5
1458,12116,0:57:30,0,0.00,0,0.1900,0.0128,0.0173,0.0059,0,REST-S,4,6,5
1458,12117,0:58:00,0,0.00,0,0.1700,0.0042,0.0173,0.0059,0,REST-S,4,6,5
1458,12118,0:58:30,0,0.00,0,0.1900,0.0128,0.0173,0.0059,0,REST-S,4,6,5
1458,12119,0:59:00,0,0.00,0,0.1900,0.0128,0.0173,0.0059,0,REST-S,4,6,5
1458,12120,0:59:30,0,0.00,0,0.1900,0.0128,0.0173,0.0059,0,REST-S,4,6,5
1458,12121,1:00:00,0,0.00,0,0.1900,0.0128,0.0173,0.0059,0,REST-S,4,6,5
1458,12122,1:00:30,0,0.00,0,0.1900,0.0128,0.0173,0.0059,1,REST-S,4,6,5
1458,12123,1:01:00,0,0.00,0,0.1700,0.0042,0.0173,0.0059,1,REST-S,4,6,5
1458,12124,1:01:30,0,220.00,0,0.3600,0.0128,0.0378,0.0023,1,REST-S,4,6,5
1458,12125,1:02:00,0,18.00,0,0.1900,0.0128,0.0173,0.0059,1,REST-S,4,6,5
1458,12126,1:02:30,0,0.00,0,0.1700,0.0042,0.0173,0.0059,1,REST-S,4,6,5
1458,12127,1:03:00,0,3.00,0,0.1700,0.0042,0.0173,0.0059,0,REST-S,4,6,5
1458,12128,1:03:30,0,35.00,0,0.1700,0.0042,0.0173,0.0059,1,REST-S,4,6,5
1458,12129,1:04:00,0,0.00,0,0.1700,0.0042,0.0173,0.0059,0,REST-S,4,6,5
1458,12130,1:04:30,0,0.00,0,0.1900,0.0128,0.0173,0.0059,0,REST-S,4,6,5
1458,12131,1:05:00,0,0.00,0,0.1700,0.0042,0.0173,0.0059,0,REST-S,4,6,5
1458,12132,1:05:30,0,0.00,0,0.1900,0.0128,0.0173,0.0059,0,REST-S,4,6,5
1458,12133,1:06:00,0,0.00,0,0.1700,0.0042,0.0173,0.0059,0,REST-S,4,6,5
1458,12134,1:06:30,0,0.00,0,0.1900,0.0128,0.0173,0.0059,0,REST-S,4,6,5
1458,12135,1:07:00,0,0.00,0,0.1700,0.0042,0.0173,0.0059,0,REST-S,4,6,5
1458,12136,1:07:30,0,0.00,0,0.1700,0.0042,0.0173,0.0059,0,REST-S,4,6,5
1458,12137,1:08:00,0,0.00,0,0.1900,0.0128,0.0173,0.0059,0,REST-S,4,6,5
1458,12138,1:08:30,0,0.00,0,0.1900,0.0128,0.0173,0.0059,0,REST-S,4,6,5
1458,12139,1:09:00,0,53.00,0,0.1700,0.0042,0.0173,0.0059,1,REST-S,4,6,5
1458,12140,1:09:30,0,61.00,0,0.1700,0.0042,0.0173,0.0059,1,REST-S,4,6,5
1458,12141,1:10:00,0,0.00,0,0.1900,0.0128,0.0173,0.0059,0,REST-S,4,6,5
1458,12142,1:10:30,0,1.00,0,0.1700,0.0042,0.0173,0.0059,0,REST-S,4,6,5
1458,12143,1:11:00,0,5.00,0,0.1900,0.0128,0.0173,0.0059,0,REST-S,4,6,5
1458,12144,1:11:30,0,0.00,0,0.1900,0.0128,0.0173,0.0059,0,REST-S,4,6,5
1458,12145,1:12:00,0,0.00,0,0.1700,0.0042,0.0173,0.0059,0,REST-S,4,6,5
1458,12146,1:12:30,0,0.00,0,0.1700,0.0042,0.0173,0.0059,0,REST-S,4,6,5
1458,12147,1:13:00,0,0.00,0,0.1700,0.0042,0.0173,0.0059,0,REST-S,4,6,5
1458,12148,1:13:30,0,0.00,0,0.1700,0.0042,0.0173,0.0059,0,REST-S,4,6,5
1458,12149,1:14:00,0,0.00,0,0.1700,0.0042,0.0173,0.0059,0,REST-S,4,6,5
1458,12150,1:14:30,0,0.00,0,0.1900,0.0128,0.0173,0.0059,0,REST-S,4,6,5
1458,12151,1:15:00,0,0.00,0,0.1900,0.0128,0.0173,0.0059,0,REST-S,4,6,5
1458,12152,1:15:30,0,0.00,0,0.1900,0.0128,0.0173,0.0059,0,REST-S,4,6,5
1458,12153,1:16:00,0,0.00,0,0.1900,0.0128,0.0173,0.0059,0,REST-S,4,6,5
1458,12154,1:16:30,0,1.00,0,0.1700,0.0042,0.0173,0.0059,0,REST-S,4,6,5
1458,12155,1:17:00,0,0.00,0,0.1700,0.0042,0.0173,0.0059,0,REST-S,4,6,5
1458,12156,1:17:30,0,0.00,0,0.1700,0.0042,0.0173,0.0059,0,REST-S,4,6,5
1458,12157,1:18:00,0,0.00,0,0.1700,0.0042,0.0173,0.0059,0,REST-S,4,6,5
1458,12158,1:18:30,0,0.00,0,0.1700,0.0042,0.0173,0.0059,0,REST-S,4,6,5
1458,12159,1:19:00,0,0.00,0,0.1900,0.0128,0.0173,0.0059,0,REST-S,4,6,5
1458,12160,1:19:30,0,0.00,0,0.1900,0.0128,0.0173,0.0059,0,REST-S,4,6,5
1458,12161,1:20:00,0,0.00,0,0.1900,0.0128,0.0173,0.0059,0,REST-S,4,6,5
1458,12162,1:20:30,0,9.00,0,0.1900,0.0128,0.0173,0.0059,0,REST-S,4,6,5
1458,12163,1:21:00,0,0.00,0,0.1700,0.0042,0.0173,0.0059,0,REST-S,4,6,5
1458,12164,1:21:30,0,0.00,0,0.1700,0.0042,0.0173,0.0059,0,REST-S,4,6,5
1458,12165,1:22:00,0,1.00,0,0.1900,0.0128,0.0173,0.0059,0,REST-S,4,6,5
1458,12166,1:22:30,0,0.00,0,0.1900,0.0128,0.0173,0.0059,0,REST-S,4,6,5
1458,12167,1:23:00,0,0.00,0,0.1700,0.0042,0.0173,0.0059,0,REST-S,4,6,5
1458,12168,1:23:30,0,0.00,0,0.1700,0.0042,0.0173,0.0059,0,REST-S,4,6,5
1458,12169,1:24:00,0,0.00,0,0.1900,0.0128,0.0173,0.0059,0,REST-S,4,6,5
1458,12170,1:24:30,0,0.00,0,0.1700,0.0042,0.0173,0.0059,0,REST-S,4,6,5
1458,12171,1:25:00,0,0.00,0,0.1700,0.0042,0.0173,0.0059,0,REST-S,4,6,5
1458,12172,1:25:30,0,0.00,0,0.1700,0.0042,0.0173,0.0059,0,REST-S,4,6,5
1458,12173,1:26:00,0,0.00,0,0.1900,0.0128,0.0173,0.0059,0,REST-S,4,6,5
1458,12174,1:26:30,0,0.00,0,0.1700,0.0042,0.0173,0.0059,0,REST-S,4,6,5
1458,12175,1:27:00,0,0.00,0,0.1700,0.0042,0.0173,0.0059,0,REST-S,4,6,5
1458,12176,1:27:30,0,0.00,0,0.1700,0.0042,0.0173,0.0059,0,REST-S,4,6,5
1458,12177,1:28:00,0,1.00,0,0.1700,0.0042,0.0173,0.0059,0,REST-S,4,6,5
1458,12178,1:28:30,0,0.00,0,0.1700,0.0042,0.0173,0.0059,0,REST-S,4,6,5
1458,12179,1:29:00,0,0.00,0,0.1900,0.0128,0.0173,0.0059,0,REST-S,4,6,5
1458,12180,1:29:30,0,0.00,0,0.1900,0.0128,0.0173,0.0059,0,REST-S,4,6,5
1458,12181,1:30:00,0,1.00,0,0.1700,0.0042,0.0173,0.0059,0,REST-S,4,6,5
1458,12182,1:30:30,0,0.00,0,0.1700,0.0042,0.0173,0.0059,0,REST-S,4,6,5
1458,12183,1:31:00,0,0.00,0,0.1700,0.0042,0.0173,0.0059,0,REST-S,4,6,5
1458,12184,1:31:30,0,0.00,0,0.1700,0.0042,0.0173,0.0059,0,REST-S,4,6,5
1458,12185,1:32:00,0,70.00,0,0.1700,0.0042,0.0173,0.0059,1,REST-S,4,6,5
1458,12186,1:32:30,0,0.00,0,0.1900,0.0128,0.0173,0.0059,0,REST-S,4,6,5
1458,12187,1:33:00,0,70.00,0,0.1700,0.0042,0.0173,0.0059,1,REST-S,4,6,5
1458,12188,1:33:30,0,0.00,0,0.1700,0.0042,0.0173,0.0059,1,REST-S,4,6,5
1458,12189,1:34:00,0,0.00,0,0.1900,0.0128,0.0173,0.0059,1,REST-S,4,6,5
1458,12190,1:34:30,0,137.00,0,0.1700,0.0042,0.0173,0.0059,1,REST-S,4,6,5
1458,12191,1:35:00,0,0.00,0,0.1700,0.0042,0.0173,0.0059,0,REST-S,4,6,5
1458,12192,1:35:30,0,0.00,0,0.1700,0.0042,0.0173,0.0059,0,REST-S,4,6,5
1458,12193,1:36:00,0,0.00,0,0.1700,0.0042,0.0173,0.0059,0,REST-S,4,6,5
1458,12194,1:36:30,0,0.00,0,0.1700,0.0042,0.0173,0.0059,0,REST-S,4,6,5
1458,12195,1:37:00,0,0.00,0,0.1700,0.0042,0.0173,0.0059,0,REST-S,4,6,5
1458,12196,1:37:30,0,0.00,0,0.1700,0.0042,0.0173,0.0059,0,REST-S,4,6,5
1458,12197,1:38:00,0,0.00,0,0.1700,0.0042,0.0173,0.0059,0,REST-S,4,6,5
1458,12198,1:38:30,0,0.00,0,0.1700,0.0042,0.0173,0.0059,0,REST-S,4,6,5
1458,12199,1:39:00,0,0.00,0,0.1700,0.0042,0.0173,0.0059,0,REST-S,4,6,5
1458,12200,1:39:30,0,0.00,0,0.1700,0.0042,0.0173,0.0059,0,REST-S,4,6,5
1458,12201,1:40:00,0,0.00,0,0.1700,0.0042,0.0173,0.0059,0,REST-S,4,6,5
1458,12202,1:40:30,0,0.00,0,0.1700,0.0042,0.0173,0.0059,0,REST-S,4,6,5
1458,12203,1:41:00,0,0.00,0,0.0200,0.0049,0.0000,0.0059,0,REST-S,4,6,5
1458,12204,1:41:30,0,0.00,0,0.1700,0.0042,0.0173,0.0059,0,REST-S,4,6,5
1458,12205,1:42:00,0,0.00,0,0.1700,0.0042,0.0173,0.0059,0,REST-S,4,6,5
1458,12206,1:42:30,0,0.00,0,0.1700,0.0042,0.0173,0.0059,0,REST-S,4,6,5
1458,12207,1:43:00,0,0.00,0,0.1700,0.0042,0.0173,0.0059,0,REST-S,4,6,5
1458,12208,1:43:30,0,0.00,0,0.1700,0.0042,0.0173,0.0059,0,REST-S,4,6,5
1458,12209,1:44:00,0,0.00,0,0.1700,0.0042,0.0173,0.0059,0,REST-S,4,6,5
1458,12210,1:44:30,0,0.00,0,0.1700,0.0042,0.0173,0.0059,0,REST-S,4,6,5
1458,12211,1:45:00,0,0.00,0,0.1700,0.0042,0.0173,0.0059,0,REST-S,4,6,5
1458,12212,1:45:30,0,0.00,0,0.1700,0.0042,0.0173,0.0059,0,REST-S,4,6,5
1458,12213,1:46:00,0,0.00,0,0.1700,0.0042,0.0173,0.0059,0,REST-S,4,6,5
1458,12214,1:46:30,0,0.00,0,0.1700,0.0042,0.0173,0.0059,0,REST-S,4,6,5
1458,12215,1:47:00,0,0.00,0,0.1700,0.0042,0.0173,0.0059,0,REST-S,4,6,5
1458,12216,1:47:30,0,0.00,0,0.1700,0.0042,0.0173,0.0059,0,REST-S,4,6,5
1458,12217,1:48:00,0,0.00,0,0.1700,0.0042,0.0173,0.0059,0,REST-S,4,6,5
1458,12218,1:48:30,0,0.00,0,0.1700,0.0042,0.0173,0.0059,0,REST-S,4,6,5
1458,12219,1:49:00,0,0.00,0,0.1700,0.0042,0.0173,0.0059,0,REST-S,4,6,5
1458,12220,1:49:30,0,0.00,0,0.1700,0.0042,0.0173,0.0059,0,REST-S,4,6,5
1458,12221,1:50:00,0,0.00,0,0.1700,0.0042,0.0173,0.0059,0,REST-S,4,6,5
1458,12222,1:50:30,0,0.00,0,0.1900,0.0128,0.0173,0.0059,0,REST-S,4,6,5
1458,12223,1:51:00,0,0.00,0,0.1700,0.0042,0.0173,0.0059,0,REST-S,4,6,5
1458,12224,1:51:30,0,0.00,0,0.1700,0.0042,0.0173,0.0059,0,REST-S,4,6,5
1458,12225,1:52:00,0,0.00,0,0.1700,0.0042,0.0173,0.0059,0,REST-S,4,6,5
1458,12226,1:52:30,0,0.00,0,0.1700,0.0042,0.0173,0.0059,0,REST-S,4,6,5
1458,12227,1:53:00,0,0.00,0,0.1700,0.0042,0.0173,0.0059,0,REST-S,4,6,5
1458,12228,1:53:30,0,0.00,0,0.1700,0.0042,0.0173,0.0059,0,REST-S,4,6,5
1458,12229,1:54:00,0,0.00,0,0.1700,0.0042,0.0173,0.0059,0,REST-S,4,6,5
1458,12230,1:54:30,0,0.00,0,0.1700,0.0042,0.0173,0.0059,0,REST-S,4,6,5
1458,12231,1:55:00,0,0.00,0,0.1700,0.0042,0.0173,0.0059,0,REST-S,4,6,5
1458,12232,1:55:30,0,0.00,0,0.1700,0.0042,0.0173,0.0059,0,REST-S,4,6,5
1458,12233,1:56:00,0,0.00,0,0.1700,0.0042,0.0173,0.0059,0,REST-S,4,6,5
1458,12234,1:56:30,0,0.00,0,0.1700,0.0042,0.0173,0.0059,0,REST-S,4,6,5
1458,12235,1:57:00,0,0.00,0,0.1700,0.0042,0.0173,0.0059,0,REST-S,4,6,5
1458,12236,1:57:30,0,110.00,0,0.0200,0.0049,0.0000,0.0059,1,REST-S,4,6,5
1458,12237,1:58:00,0,9.00,0,0.1700,0.0042,0.0173,0.0059,0,REST-S,4,6,5
1458,12238,1:58:30,0,0.00,0,0.1700,0.0042,0.0173,0.0059,0,REST-S,4,6,5
1458,12239,1:59:00,0,0.00,0,0.1700,0.0042,0.0173,0.0059,0,REST-S,4,6,5
1458,12240,1:59:30,0,0.00,0,0.1700,0.0042,0.0173,0.0059,0,REST-S,4,6,5
1458,12241,2:00:00,0,0.00,0,0.1700,0.0042,0.0173,0.0059,0,REST-S,4,6,5
1458,12242,2:00:30,0,0.00,0,0.1700,0.0042,0.0173,0.0059,0,REST-S,4,6,5
1458,12243,2:01:00,0,0.00,0,0.1700,0.0042,0.0173,0.0059,0,REST-S,4,6,5
1458,12244,2:01:30,0,0.00,0,0.1700,0.0042,0.0173,0.0059,0,REST-S,4,6,5
1458,12245,2:02:00,0,0.00,0,0.1700,0.0042,0.0173,0.0059,0,REST-S,4,6,5
1458,12246,2:02:30,0,0.00,0,0.1700,0.0042,0.0173,0.0059,0,REST-S,4,6,5
1458,12247,2:03:00,0,0.00,0,0.1700,0.0042,0.0173,0.0059,0,REST-S,4,6,5
1458,12248,2:03:30,0,0.00,0,0.1700,0.0042,0.0173,0.0059,0,REST-S,4,6,5
1458,12249,2:04:00,0,42.00,0,0.1700,0.0042,0.0173,0.0059,1,REST-S,4,6,5
1458,12250,2:04:30,0,0.00,0,0.1700,0.0042,0.0173,0.0059,0,REST-S,4,6,5
1458,12251,2:05:00,0,0.00,0,0.1700,0.0042,0.0173,0.0059,0,REST-S,4,6,5
1458,12252,2:05:30,0,7.00,0,0.1700,0.0042,0.0173,0.0059,0,REST-S,4,6,5
1458,12253,2:06:00,0,0.00,0,0.1700,0.0042,0.0173,0.0059,0,REST-S,4,6,5
1458,12254,2:06:30,0,0.00,0,0.1700,0.0042,0.0173,0.0059,0,REST-S,4,6,5
1458,12255,2:07:00,0,0.00,0,0.1700,0.0042,0.0173,0.0059,0,REST-S,4,6,5
1458,12256,2:07:30,0,0.00,0,0.1700,0.0042,0.0173,0.0059,0,REST-S,4,6,5
1458,12257,2:08:00,0,0.00,0,0.1700,0.0042,0.0173,0.0059,0,REST-S,4,6,5
1458,12258,2:08:30,0,0.00,0,0.1700,0.0042,0.0173,0.0059,0,REST-S,4,6,5
1458,12259,2:09:00,0,0.00,0,0.1700,0.0042,0.0173,0.0059,0,REST-S,4,6,5
1458,12260,2:09:30,0,0.00,0,0.1700,0.0042,0.0173,0.0059,0,REST-S,4,6,5
1458,12261,2:10:00,0,0.00,0,0.1700,0.0042,0.0173,0.0059,0,REST-S,4,6,5
1458,12262,2:10:30,0,0.00,0,0.1700,0.0042,0.0173,0.0059,0,REST-S,4,6,5
1458,12263,2:11:00,0,0.00,0,0.1900,0.0128,0.0173,0.0059,0,REST-S,4,6,5
1458,12264,2:11:30,0,0.00,0,0.1700,0.0042,0.0173,0.0059,0,REST-S,4,6,5
1458,12265,2:12:00,0,0.00,0,0.1700,0.0042,0.0173,0.0059,0,REST-S,4,6,5
1458,12266,2:12:30,0,0.00,0,0.1700,0.0042,0.0173,0.0059,0,REST-S,4,6,5
1458,12267,2:13:00,0,0.00,0,0.1700,0.0042,0.0173,0.0059,0,REST-S,4,6,5
1458,12268,2:13:30,0,0.00,0,0.1700,0.0042,0.0173,0.0059,0,REST-S,4,6,5
1458,12269,2:14:00,0,0.00,0,0.1700,0.0042,0.0173,0.0059,0,REST-S,4,6,5
1458,12270,2:14:30,0,0.00,0,0.1700,0.0042,0.0173,0.0059,0,REST-S,4,6,5
1458,12271,2:15:00,0,0.00,0,0.1700,0.0042,0.0173,0.0059,0,REST-S,4,6,5
1458,12272,2:15:30,0,0.00,0,0.1700,0.0042,0.0173,0.0059,0,REST-S,4,6,5
1458,12273,2:16:00,0,0.00,0,0.1700,0.0042,0.0173,0.0059,0,REST-S,4,6,5
1458,12274,2:16:30,0,0.00,0,0.1700,0.0042,0.0173,0.0059,0,REST-S,4,6,5
1458,12275,2:17:00,0,163.00,0,0.1700,0.0042,0.0173,0.0059,1,REST-S,4,6,5
1458,12276,2:17:30,0,0.00,0,0.1700,0.0042,0.0173,0.0059,1,REST-S,4,6,5
1458,12277,2:18:00,0,63.00,0,0.1200,0.0042,0.0125,0.0000,1,REST-S,4,6,5
1458,12278,2:18:30,0,0.00,0,0.1700,0.0042,0.0173,0.0059,0,REST-S,4,6,5
1458,12279,2:19:00,0,0.00,0,0.1700,0.0042,0.0173,0.0059,0,REST-S,4,6,5
1458,12280,2:19:30,0,0.00,0,0.1700,0.0042,0.0173,0.0059,0,REST-S,4,6,5
1458,12281,2:20:00,0,0.00,0,0.1700,0.0042,0.0173,0.0059,0,REST-S,4,6,5
1458,12282,2:20:30,0,0.00,0,0.1700,0.0042,0.0173,0.0059,1,REST-S,4,6,5
1458,12283,2:21:00,0,163.00,0,0.1200,0.0042,0.0125,0.0000,1,REST-S,4,6,5
1458,12284,2:21:30,0,59.00,0,0.1900,0.0128,0.0173,0.0059,1,REST-S,4,6,5
1458,12285,2:22:00,0,0.00,0,0.1700,0.0042,0.0173,0.0059,1,REST-S,4,6,5
1458,12286,2:22:30,0,68.00,0,0.1700,0.0042,0.0173,0.0059,1,REST-S,4,6,5
1458,12287,2:23:00,0,228.00,0,0.1700,0.0042,0.0173,0.0059,1,REST-S,4,6,5
1458,12288,2:23:30,0,193.00,0,0.1900,0.0128,0.0173,0.0059,1,REST-S,4,6,5
1458,12289,2:24:00,0,124.00,0,45.8200,5.3900,3.8100,0.4470,1,REST-S,4,6,5
1458,12290,2:24:30,0,199.00,0,62.5200,9.6800,4.6400,0.4770,1,REST-S,4,6,5
1458,12291,2:25:00,0,435.00,0,0.1700,0.0042,0.0173,0.0059,1,REST-S,4,6,5
1458,12292,2:25:30,0,132.00,0,0.0100,0.0049,0.0000,0.0000,1,REST-S,4,6,5
1458,12293,2:26:00,0,61.00,0,0.1700,0.0042,0.0173,0.0059,1,REST-S,4,6,5
1458,12294,2:26:30,0,0.00,0,0.1700,0.0042,0.0173,0.0059,1,REST-S,4,6,5
1458,12295,2:27:00,0,0.00,0,0.1700,0.0042,0.0173,0.0059,0,REST-S,4,6,5
1458,12296,2:27:30,0,0.00,0,0.1900,0.0128,0.0173,0.0059,0,REST-S,4,6,5
1458,12297,2:28:00,0,0.00,0,0.1700,0.0042,0.0173,0.0059,0,REST-S,4,6,5
1458,12298,2:28:30,0,0.00,0,0.1700,0.0042,0.0173,0.0059,0,REST-S,4,6,5
1458,12299,2:29:00,0,0.00,0,0.1700,0.0042,0.0173,0.0059,0,REST-S,4,6,5
1458,12300,2:29:30,0,0.00,0,0.1700,0.0042,0.0173,0.0059,0,REST-S,4,6,5
1458,12301,2:30:00,0,0.00,0,0.1700,0.0042,0.0173,0.0059,0,REST-S,4,6,5
1458,12302,2:30:30,0,0.00,0,0.1700,0.0042,0.0173,0.0059,0,REST-S,4,6,5
1458,12303,2:31:00,0,0.00,0,0.1700,0.0042,0.0173,0.0059,0,REST-S,4,6,5
1458,12304,2:31:30,0,0.00,0,0.1700,0.0042,0.0173,0.0059,0,REST-S,4,6,5
1458,12305,2:32:00,0,0.00,0,0.1700,0.0042,0.0173,0.0059,0,REST-S,4,6,5
1458,12306,2:32:30,0,0.00,0,0.1700,0.0042,0.0173,0.0059,0,REST-S,4,6,5
1458,12307,2:33:00,0,0.00,0,0.1700,0.0042,0.0173,0.0059,0,REST-S,4,6,5
1458,12308,2:33:30,0,0.00,0,0.1700,0.0042,0.0173,0.0059,0,REST-S,4,6,5
1458,12309,2:34:00,0,0.00,0,0.1700,0.0042,0.0173,0.0059,0,REST-S,4,6,5
1458,12310,2:34:30,0,0.00,0,0.1700,0.0042,0.0173,0.0059,0,REST-S,4,6,5
1458,12311,2:35:00,0,77.00,0,0.1700,0.0042,0.0173,0.0059,1,REST-S,4,6,5
1458,12312,2:35:30,0,0.00,0,0.1700,0.0042,0.0173,0.0059,0,REST-S,4,6,5
1458,12313,2:36:00,0,0.00,0,0.1700,0.0042,0.0173,0.0059,0,REST-S,4,6,5
1458,12314,2:36:30,0,0.00,0,0.1700,0.0042,0.0173,0.0059,0,REST-S,4,6,5
1458,12315,2:37:00,0,25.00,0,0.1700,0.0042,0.0173,0.0059,1,REST-S,4,6,5
1458,12316,2:37:30,0,0.00,0,0.1700,0.0042,0.0173,0.0059,0,REST-S,4,6,5
1458,12317,2:38:00,0,0.00,0,0.1700,0.0042,0.0173,0.0059,0,REST-S,4,6,5
1458,12318,2:38:30,0,0.00,0,0.1700,0.0042,0.0173,0.0059,0,REST-S,4,6,5
1458,12319,2:39:00,0,0.00,0,0.1700,0.0042,0.0173,0.0059,0,REST-S,4,6,5
1458,12320,2:39:30,0,0.00,0,0.1700,0.0042,0.0173,0.0059,0,REST-S,4,6,5
1458,12321,2:40:00,0,0.00,0,0.1700,0.0042,0.0173,0.0059,0,REST-S,4,6,5
1458,12322,2:40:30,0,0.00,0,0.1700,0.0042,0.0173,0.0059,0,REST-S,4,6,5
1458,12323,2:41:00,0,0.00,0,0.1700,0.0042,0.0173,0.0059,0,REST-S,4,6,5
1458,12324,2:41:30,0,0.00,0,0.1700,0.0042,0.0173,0.0059,0,REST-S,4,6,5
1458,12325,2:42:00,0,0.00,0,0.1700,0.0042,0.0173,0.0059,0,REST-S,4,6,5
1458,12326,2:42:30,0,0.00,0,0.1700,0.0042,0.0173,0.0059,0,REST-S,4,6,5
1458,12327,2:43:00,0,0.00,0,0.1700,0.0042,0.0173,0.0059,0,REST-S,4,6,5
1458,12328,2:43:30,0,0.00,0,0.1700,0.0042,0.0173,0.0059,0,REST-S,4,6,5
1458,12329,2:44:00,0,0.00,0,0.1700,0.0042,0.0173,0.0059,0,REST-S,4,6,5
1458,12330,2:44:30,0,0.00,0,0.1700,0.0042,0.0173,0.0059,0,REST-S,4,6,5
1458,12331,2:45:00,0,0.00,0,0.1700,0.0042,0.0173,0.0059,0,REST-S,4,6,5
1458,12332,2:45:30,0,0.00,0,0.1700,0.0042,0.0173,0.0059,0,REST-S,4,6,5
1458,12333,2:46:00,0,0.00,0,0.1700,0.0042,0.0173,0.0059,0,REST-S,4,6,5
1458,12334,2:46:30,0,0.00,0,0.1900,0.0128,0.0173,0.0059,0,REST-S,4,6,5
1458,12335,2:47:00,0,0.00,0,0.1700,0.0042,0.0173,0.0059,0,REST-S,4,6,5
1458,12336,2:47:30,0,0.00,0,0.1700,0.0042,0.0173,0.0059,0,REST-S,4,6,5
1458,12337,2:48:00,0,0.00,0,0.1700,0.0042,0.0173,0.0059,0,REST-S,4,6,5
1458,12338,2:48:30,0,0.00,0,0.1700,0.0042,0.0173,0.0059,0,REST-S,4,6,5
1458,12339,2:49:00,0,0.00,0,0.1700,0.0042,0.0173,0.0059,0,REST-S,4,6,5
1458,12340,2:49:30,0,0.00,0,0.1700,0.0042,0.0173,0.0059,0,REST-S,4,6,5
1458,12341,2:50:00,0,0.00,0,0.1900,0.0128,0.0173,0.0059,0,REST-S,4,6,5
1458,12342,2:50:30,0,0.00,0,0.1700,0.0042,0.0173,0.0059,0,REST-S,4,6,5
1458,12343,2:51:00,0,0.00,0,0.1700,0.0042,0.0173,0.0059,0,REST-S,4,6,5
1458,12344,2:51:30,0,0.00,0,0.1900,0.0128,0.0173,0.0059,0,REST-S,4,6,5
1458,12345,2:52:00,0,0.00,0,0.1700,0.0042,0.0173,0.0059,0,REST-S,4,6,5
1458,12346,2:52:30,0,0.00,0,0.1700,0.0042,0.0173,0.0059,0,REST-S,4,6,5
1458,12347,2:53:00,0,0.00,0,0.1700,0.0042,0.0173,0.0059,0,REST-S,4,6,5
1458,12348,2:53:30,0,0.00,0,0.1900,0.0128,0.0173,0.0059,0,REST-S,4,6,5
1458,12349,2:54:00,0,0.00,0,0.1900,0.0128,0.0173,0.0059,0,REST-S,4,6,5
1458,12350,2:54:30,0,0.00,0,0.1700,0.0042,0.0173,0.0059,0,REST-S,4,6,5
1458,12351,2:55:00,0,0.00,0,0.1700,0.0042,0.0173,0.0059,0,REST-S,4,6,5
1458,12352,2:55:30,0,0.00,0,0.1700,0.0042,0.0173,0.0059,0,REST-S,4,6,5
1458,12353,2:56:00,0,0.00,0,0.1700,0.0042,0.0173,0.0059,0,REST-S,4,6,5
1458,12354,2:56:30,0,0.00,0,0.1700,0.0042,0.0173,0.0059,0,REST-S,4,6,5
1458,12355,2:57:00,0,0.00,0,0.1900,0.0128,0.0173,0.0059,0,REST-S,4,6,5
1458,12356,2:57:30,0,80.00,0,0.1900,0.0128,0.0173,0.0059,1,REST-S,4,6,5
1458,12357,2:58:00,0,0.00,0,0.1700,0.0042,0.0173,0.0059,0,REST-S,4,6,5
1458,12358,2:58:30,0,0.00,0,0.1900,0.0128,0.0173,0.0059,0,REST-S,4,6,5
1458,12359,2:59:00,0,0.00,0,0.1900,0.0128,0.0173,0.0059,0,REST-S,4,6,5
1458,12360,2:59:30,0,0.00,0,0.1700,0.0042,0.0173,0.0059,0,REST-S,4,6,5
1458,12361,3:00:00,0,0.00,0,0.1700,0.0042,0.0173,0.0059,0,REST-S,4,6,5
1458,12362,3:00:30,0,0.00,0,0.1900,0.0128,0.0173,0.0059,0,REST-S,4,6,5
1458,12363,3:01:00,0,0.00,0,0.1900,0.0128,0.0173,0.0059,0,REST-S,4,6,5
1458,12364,3:01:30,0,0.00,0,0.1700,0.0042,0.0173,0.0059,0,REST-S,4,6,5
1458,12365,3:02:00,0,0.00,0,0.1700,0.0042,0.0173,0.0059,0,REST-S,4,6,5
1458,12366,3:02:30,0,0.00,0,0.1900,0.0128,0.0173,0.0059,0,REST-S,4,6,5
1458,12367,3:03:00,0,0.00,0,0.1700,0.0042,0.0173,0.0059,0,REST-S,4,6,5
1458,12368,3:03:30,0,0.00,0,0.1700,0.0042,0.0173,0.0059,0,REST-S,4,6,5
1458,12369,3:04:00,0,0.00,0,0.1700,0.0042,0.0173,0.0059,0,REST-S,4,6,5
1458,12370,3:04:30,0,0.00,0,0.1700,0.0042,0.0173,0.0059,0,REST-S,4,6,5
1458,12371,3:05:00,0,0.00,0,0.1700,0.0042,0.0173,0.0059,0,REST-S,4,6,5
1458,12372,3:05:30,0,0.00,0,0.1700,0.0042,0.0173,0.0059,0,REST-S,4,6,5
1458,12373,3:06:00,0,0.00,0,0.1700,0.0042,0.0173,0.0059,0,REST-S,4,6,5
1458,12374,3:06:30,0,0.00,0,0.1700,0.0042,0.0173,0.0059,0,REST-S,4,6,5
1458,12375,3:07:00,0,0.00,0,0.1700,0.0042,0.0173,0.0059,0,REST-S,4,6,5
1458,12376,3:07:30,0,0.00,0,0.1700,0.0042,0.0173,0.0059,0,REST-S,4,6,5
1458,12377,3:08:00,0,0.00,0,0.1700,0.0042,0.0173,0.0059,0,REST-S,4,6,5
1458,12378,3:08:30,0,0.00,0,0.1700,0.0042,0.0173,0.0059,0,REST-S,4,6,5
1458,12379,3:09:00,0,0.00,0,0.1900,0.0128,0.0173,0.0059,0,REST-S,4,6,5
1458,12380,3:09:30,0,0.00,0,0.1700,0.0042,0.0173,0.0059,0,REST-S,4,6,5
1458,12381,3:10:00,0,0.00,0,0.1700,0.0042,0.0173,0.0059,0,REST-S,4,6,5
1458,12382,3:10:30,0,0.00,0,0.1900,0.0128,0.0173,0.0059,0,REST-S,4,6,5
1458,12383,3:11:00,0,0.00,0,0.1700,0.0042,0.0173,0.0059,0,REST-S,4,6,5
1458,12384,3:11:30,0,0.00,0,0.1700,0.0042,0.0173,0.0059,0,REST-S,4,6,5
1458,12385,3:12:00,0,0.00,0,0.1700,0.0042,0.0173,0.0059,0,REST-S,4,6,5
1458,12386,3:12:30,0,0.00,0,0.1700,0.0042,0.0173,0.0059,0,REST-S,4,6,5
1458,12387,3:13:00,0,0.00,0,0.1700,0.0042,0.0173,0.0059,0,REST-S,4,6,5
1458,12388,3:13:30,0,0.00,0,0.1700,0.0042,0.0173,0.0059,0,REST-S,4,6,5
1458,12389,3:14:00,0,0.00,0,0.1700,0.0042,0.0173,0.0059,0,REST-S,4,6,5
1458,12390,3:14:30,0,0.00,0,0.1700,0.0042,0.0173,0.0059,0,REST-S,4,6,5
1458,12391,3:15:00,0,0.00,0,0.1700,0.0042,0.0173,0.0059,0,REST-S,4,6,5
1458,12392,3:15:30,0,0.00,0,0.1700,0.0042,0.0173,0.0059,0,REST-S,4,6,5
1458,12393,3:16:00,0,0.00,0,0.1700,0.0042,0.0173,0.0059,0,REST-S,4,6,5
1458,12394,3:16:30,0,0.00,0,0.1700,0.0042,0.0173,0.0059,0,REST-S,4,6,5
1458,12395,3:17:00,0,0.00,0,0.1700,0.0042,0.0173,0.0059,0,REST-S,4,6,5
1458,12396,3:17:30,0,0.00,0,0.1700,0.0042,0.0173,0.0059,0,REST-S,4,6,5
1458,12397,3:18:00,0,0.00,0,0.1700,0.0042,0.0173,0.0059,0,REST-S,4,6,5
1458,12398,3:18:30,0,0.00,0,0.1700,0.0042,0.0173,0.0059,0,REST-S,4,6,5
1458,12399,3:19:00,0,0.00,0,0.1700,0.0042,0.0173,0.0059,0,REST-S,4,6,5
1458,12400,3:19:30,0,0.00,0,0.1700,0.0042,0.0173,0.0059,0,REST-S,4,6,5
1458,12401,3:20:00,0,0.00,0,0.1700,0.0042,0.0173,0.0059,0,REST-S,4,6,5
1458,12402,3:20:30,0,147.00,0,0.1700,0.0042,0.0173,0.0059,1,REST-S,4,6,5
1458,12403,3:21:00,0,0.00,0,0.1700,0.0042,0.0173,0.0059,0,REST-S,4,6,5
1458,12404,3:21:30,0,0.00,0,0.1700,0.0042,0.0173,0.0059,0,REST-S,4,6,5
1458,12405,3:22:00,0,0.00,0,0.1900,0.0128,0.0173,0.0059,0,REST-S,4,6,5
1458,12406,3:22:30,0,0.00,0,0.1700,0.0042,0.0173,0.0059,0,REST-S,4,6,5
1458,12407,3:23:00,0,0.00,0,0.1700,0.0042,0.0173,0.0059,0,REST-S,4,6,5
1458,12408,3:23:30,0,0.00,0,0.1700,0.0042,0.0173,0.0059,0,REST-S,4,6,5
1458,12409,3:24:00,0,1.00,0,0.1700,0.0042,0.0173,0.0059,0,REST-S,4,6,5
1458,12410,3:24:30,0,0.00,0,0.1700,0.0042,0.0173,0.0059,0,REST-S,4,6,5
1458,12411,3:25:00,0,0.00,0,0.1700,0.0042,0.0173,0.0059,0,REST-S,4,6,5
1458,12412,3:25:30,0,0.00,0,0.1700,0.0042,0.0173,0.0059,0,REST-S,4,6,5
1458,12413,3:26:00,0,0.00,0,0.1900,0.0128,0.0173,0.0059,0,REST-S,4,6,5
1458,12414,3:26:30,0,0.00,0,0.1700,0.0042,0.0173,0.0059,0,REST-S,4,6,5
1458,12415,3:27:00,0,0.00,0,0.1700,0.0042,0.0173,0.0059,0,REST-S,4,6,5
1458,12416,3:27:30,0,0.00,0,0.1900,0.0128,0.0173,0.0059,0,REST-S,4,6,5
1458,12417,3:28:00,0,0.00,0,0.1900,0.0128,0.0173,0.0059,0,REST-S,4,6,5
1458,12418,3:28:30,0,0.00,0,0.1700,0.0042,0.0173,0.0059,0,REST-S,4,6,5
1458,12419,3:29:00,0,0.00,0,0.1900,0.0128,0.0173,0.0059,0,REST-S,4,6,5
1458,12420,3:29:30,0,0.00,0,0.1700,0.0042,0.0173,0.0059,0,REST-S,4,6,5
1458,12421,3:30:00,0,0.00,0,0.1900,0.0128,0.0173,0.0059,0,REST-S,4,6,5
1458,12422,3:30:30,0,0.00,0,0.1700,0.0042,0.0173,0.0059,0,REST-S,4,6,5
1458,12423,3:31:00,0,0.00,0,0.1900,0.0128,0.0173,0.0059,0,REST-S,4,6,5
1458,12424,3:31:30,0,0.00,0,0.1700,0.0042,0.0173,0.0059,0,REST-S,4,6,5
1458,12425,3:32:00,0,0.00,0,0.1900,0.0128,0.0173,0.0059,0,REST-S,4,6,5
1458,12426,3:32:30,0,0.00,0,0.1900,0.0128,0.0173,0.0059,0,REST-S,4,6,5
1458,12427,3:33:00,0,0.00,0,0.1900,0.0128,0.0173,0.0059,0,REST-S,4,6,5
1458,12428,3:33:30,0,0.00,0,0.1700,0.0042,0.0173,0.0059,0,REST-S,4,6,5
1458,12429,3:34:00,0,0.00,0,0.1700,0.0042,0.0173,0.0059,0,REST-S,4,6,5
1458,12430,3:34:30,0,0.00,0,0.1900,0.0128,0.0173,0.0059,0,REST-S,4,6,5
1458,12431,3:35:00,0,9.00,0,0.1700,0.0042,0.0173,0.0059,0,REST-S,4,6,5
1458,12432,3:35:30,0,77.00,0,0.1200,0.0042,0.0125,0.0000,1,REST-S,4,6,5
1458,12433,3:36:00,0,0.00,0,0.1900,0.0128,0.0173,0.0059,0,REST-S,4,6,5
1458,12434,3:36:30,0,0.00,0,0.1700,0.0042,0.0173,0.0059,0,REST-S,4,6,5
1458,12435,3:37:00,0,0.00,0,0.1700,0.0042,0.0173,0.0059,0,REST-S,4,6,5
1458,12436,3:37:30,0,0.00,0,0.1700,0.0042,0.0173,0.0059,0,REST-S,4,6,5
1458,12437,3:38:00,0,0.00,0,0.1900,0.0128,0.0173,0.0059,0,REST-S,4,6,5
1458,12438,3:38:30,0,31.00,0,0.1900,0.0128,0.0173,0.0059,1,REST-S,4,6,5
1458,12439,3:39:00,0,0.00,0,0.1900,0.0128,0.0173,0.0059,0,REST-S,4,6,5
1458,12440,3:39:30,0,0.00,0,0.1900,0.0128,0.0173,0.0059,0,REST-S,4,6,5
1458,12441,3:40:00,0,0.00,0,0.1700,0.0042,0.0173,0.0059,0,REST-S,4,6,5
1458,12442,3:40:30,0,0.00,0,0.1700,0.0042,0.0173,0.0059,0,REST-S,4,6,5
1458,12443,3:41:00,0,0.00,0,0.1900,0.0128,0.0173,0.0059,0,REST-S,4,6,5
1458,12444,3:41:30,0,0.00,0,0.1900,0.0128,0.0173,0.0059,0,REST-S,4,6,5
1458,12445,3:42:00,0,0.00,0,0.1700,0.0042,0.0173,0.0059,0,REST-S,4,6,5
1458,12446,3:42:30,0,0.00,0,0.1900,0.0128,0.0173,0.0059,0,REST-S,4,6,5
1458,12447,3:43:00,0,0.00,0,0.1700,0.0042,0.0173,0.0059,0,REST-S,4,6,5
1458,12448,3:43:30,0,0.00,0,0.1700,0.0042,0.0173,0.0059,0,REST-S,4,6,5
1458,12449,3:44:00,0,0.00,0,0.1700,0.0042,0.0173,0.0059,1,REST-S,4,6,5
1458,12450,3:44:30,0,0.00,0,0.1700,0.0042,0.0173,0.0059,1,REST-S,4,6,5
1458,12451,3:45:00,0,206.00,0,0.0100,0.0049,0.0000,0.0000,1,REST-S,4,6,5
1458,12452,3:45:30,0,50.00,0,0.0200,0.0049,0.0000,0.0059,1,REST-S,4,6,5
1458,12453,3:46:00,0,33.00,0,0.1700,0.0042,0.0173,0.0059,1,REST-S,4,6,5
1458,12454,3:46:30,0,50.00,0,0.0200,0.0049,0.0000,0.0059,1,REST-S,4,6,5
1458,12455,3:47:00,0,100.00,0,0.1700,0.0042,0.0173,0.0059,1,REST-S,4,6,5
1458,12456,3:47:30,0,16.00,0,0.1700,0.0042,0.0173,0.0059,1,REST-S,4,6,5
1458,12457,3:48:00,0,59.00,0,0.1700,0.0042,0.0173,0.0059,1,REST-S,4,6,5
1458,12458,3:48:30,0,137.00,0,0.0200,0.0049,0.0000,0.0059,1,REST-S,4,6,5
1458,12459,3:49:00,0,80.00,0,0.1700,0.0042,0.0173,0.0059,1,REST-S,4,6,5
1458,12460,3:49:30,0,33.00,0,0.1700,0.0042,0.0173,0.0059,1,REST-S,4,6,5
1458,12461,3:50:00,0,90.00,0,0.0200,0.0049,0.0000,0.0059,1,REST-S,4,6,5
1458,12462,3:50:30,0,3.00,0,0.1700,0.0042,0.0173,0.0059,1,REST-S,4,6,5
1458,12463,3:51:00,0,0.00,0,0.1700,0.0042,0.0173,0.0059,0,REST-S,4,6,5
1458,12464,3:51:30,0,7.00,0,0.1700,0.0042,0.0173,0.0059,0,REST-S,4,6,5
1458,12465,3:52:00,0,23.00,0,0.1700,0.0042,0.0173,0.0059,1,REST-S,4,6,5
1458,12466,3:52:30,0,5.00,0,0.1700,0.0042,0.0173,0.0059,0,REST-S,4,6,5
1458,12467,3:53:00,0,0.00,0,0.1700,0.0042,0.0173,0.0059,0,REST-S,4,6,5
1458,12468,3:53:30,0,63.00,0,0.1700,0.0042,0.0173,0.0059,1,REST-S,4,6,5
1458,12469,3:54:00,0,0.00,0,0.1700,0.0042,0.0173,0.0059,0,REST-S,4,6,5
1458,12470,3:54:30,0,37.00,0,0.1700,0.0042,0.0173,0.0059,1,REST-S,4,6,5
1458,12471,3:55:00,0,0.00,0,0.1700,0.0042,0.0173,0.0059,0,REST-S,4,6,5
1458,12472,3:55:30,0,0.00,0,0.1700,0.0042,0.0173,0.0059,0,REST-S,4,6,5
1458,12473,3:56:00,0,0.00,0,0.1700,0.0042,0.0173,0.0059,0,REST-S,4,6,5
1458,12474,3:56:30,0,0.00,0,0.1700,0.0042,0.0173,0.0059,0,REST-S,4,6,5
1458,12475,3:57:00,0,0.00,0,0.1700,0.0042,0.0173,0.0059,0,REST-S,4,6,5
1458,12476,3:57:30,0,0.00,0,0.1700,0.0042,0.0173,0.0059,0,REST-S,4,6,5
1458,12477,3:58:00,0,0.00,0,0.1700,0.0042,0.0173,0.0059,0,REST-S,4,6,5
1458,12478,3:58:30,0,0.00,0,0.1700,0.0042,0.0173,0.0059,0,REST-S,4,6,5
1458,12479,3:59:00,0,0.00,0,0.1900,0.0128,0.0173,0.0059,0,REST-S,4,6,5
1458,12480,3:59:30,0,0.00,0,0.1700,0.0042,0.0173,0.0059,0,REST-S,4,6,5
1458,12481,4:00:00,0,0.00,0,0.1700,0.0042,0.0173,0.0059,0,REST-S,4,6,5
1458,12482,4:00:30,0,0.00,0,0.1700,0.0042,0.0173,0.0059,0,REST-S,4,6,5
1458,12483,4:01:00,0,0.00,0,0.1700,0.0042,0.0173,0.0059,0,REST-S,4,6,5
1458,12484,4:01:30,0,0.00,0,0.1700,0.0042,0.0173,0.0059,0,REST-S,4,6,5
1458,12485,4:02:00,0,0.00,0,0.1700,0.0042,0.0173,0.0059,0,REST-S,4,6,5
1458,12486,4:02:30,0,0.00,0,0.1700,0.0042,0.0173,0.0059,0,REST-S,4,6,5
1458,12487,4:03:00,0,0.00,0,0.1700,0.0042,0.0173,0.0059,0,REST-S,4,6,5
1458,12488,4:03:30,0,1.00,0,0.1700,0.0042,0.0173,0.0059,0,REST-S,4,6,5
1458,12489,4:04:00,0,0.00,0,0.1700,0.0042,0.0173,0.0059,0,REST-S,4,6,5
1458,12490,4:04:30,0,0.00,0,0.1700,0.0042,0.0173,0.0059,0,REST-S,4,6,5
1458,12491,4:05:00,0,0.00,0,0.1700,0.0042,0.0173,0.0059,0,REST-S,4,6,5
1458,12492,4:05:30,0,0.00,0,0.1700,0.0042,0.0173,0.0059,0,REST-S,4,6,5
1458,12493,4:06:00,0,0.00,0,0.1900,0.0128,0.0173,0.0059,0,REST-S,4,6,5
1458,12494,4:06:30,0,0.00,0,0.1700,0.0042,0.0173,0.0059,0,REST-S,4,6,5
1458,12495,4:07:00,0,0.00,0,0.1700,0.0042,0.0173,0.0059,0,REST-S,4,6,5
1458,12496,4:07:30,0,0.00,0,0.1700,0.0042,0.0173,0.0059,0,REST-S,4,6,5
1458,12497,4:08:00,0,0.00,0,0.1700,0.0042,0.0173,0.0059,0,REST-S,4,6,5
1458,12498,4:08:30,0,0.00,0,0.1700,0.0042,0.0173,0.0059,0,REST-S,4,6,5
1458,12499,4:09:00,0,0.00,0,0.1700,0.0042,0.0173,0.0059,0,REST-S,4,6,5
1458,12500,4:09:30,0,0.00,0,0.1700,0.0042,0.0173,0.0059,0,REST-S,4,6,5
1458,12501,4:10:00,0,0.00,0,0.1700,0.0042,0.0173,0.0059,0,REST-S,4,6,5
1458,12502,4:10:30,0,0.00,0,0.1700,0.0042,0.0173,0.0059,0,REST-S,4,6,5
1458,12503,4:11:00,0,0.00,0,0.1700,0.0042,0.0173,0.0059,0,REST-S,4,6,5
1458,12504,4:11:30,0,0.00,0,0.1700,0.0042,0.0173,0.0059,0,REST-S,4,6,5
1458,12505,4:12:00,0,0.00,0,0.1700,0.0042,0.0173,0.0059,0,REST-S,4,6,5
1458,12506,4:12:30,0,0.00,0,0.1700,0.0042,0.0173,0.0059,0,REST-S,4,6,5
1458,12507,4:13:00,0,0.00,0,0.1700,0.0042,0.0173,0.0059,0,REST-S,4,6,5
1458,12508,4:13:30,0,42.00,0,0.0200,0.0049,0.0000,0.0059,1,REST-S,4,6,5
1458,12509,4:14:00,0,24.00,0,0.1900,0.0128,0.0173,0.0059,1,REST-S,4,6,5
1458,12510,4:14:30,0,0.00,0,0.1900,0.0128,0.0173,0.0059,0,REST-S,4,6,5
1458,12511,4:15:00,0,0.00,0,0.1900,0.0128,0.0173,0.0059,0,REST-S,4,6,5
1458,12512,4:15:30,0,0.00,0,0.1900,0.0128,0.0173,0.0059,0,REST-S,4,6,5
1458,12513,4:16:00,0,0.00,0,0.1700,0.0042,0.0173,0.0059,0,REST-S,4,6,5
1458,12514,4:16:30,0,0.00,0,0.1900,0.0128,0.0173,0.0059,0,REST-S,4,6,5
1458,12515,4:17:00,0,0.00,0,0.1700,0.0042,0.0173,0.0059,0,REST-S,4,6,5
1458,12516,4:17:30,0,0.00,0,0.1700,0.0042,0.0173,0.0059,0,REST-S,4,6,5
1458,12517,4:18:00,0,0.00,0,0.1700,0.0042,0.0173,0.0059,0,REST-S,4,6,5
1458,12518,4:18:30,0,0.00,0,0.1700,0.0042,0.0173,0.0059,0,REST-S,4,6,5
1458,12519,4:19:00,0,0.00,0,0.1700,0.0042,0.0173,0.0059,0,REST-S,4,6,5
1458,12520,4:19:30,0,0.00,0,0.1900,0.0128,0.0173,0.0059,0,REST-S,4,6,5
1458,12521,4:20:00,0,0.00,0,0.1900,0.0128,0.0173,0.0059,0,REST-S,4,6,5
1458,12522,4:20:30,0,0.00,0,0.1900,0.0128,0.0173,0.0059,0,REST-S,4,6,5
1458,12523,4:21:00,0,0.00,0,0.1700,0.0042,0.0173,0.0059,0,REST-S,4,6,5
1458,12524,4:21:30,0,0.00,0,0.1900,0.0128,0.0173,0.0059,0,REST-S,4,6,5
1458,12525,4:22:00,0,0.00,0,0.1700,0.0042,0.0173,0.0059,0,REST-S,4,6,5
1458,12526,4:22:30,0,0.00,0,0.1700,0.0042,0.0173,0.0059,0,REST-S,4,6,5
1458,12527,4:23:00,0,0.00,0,0.1900,0.0128,0.0173,0.0059,0,REST-S,4,6,5
1458,12528,4:23:30,0,0.00,0,0.1900,0.0128,0.0173,0.0059,0,REST-S,4,6,5
1458,12529,4:24:00,0,0.00,0,0.1900,0.0128,0.0173,0.0059,0,REST-S,4,6,5
1458,12530,4:24:30,0,0.00,0,0.1900,0.0128,0.0173,0.0059,0,REST-S,4,6,5
1458,12531,4:25:00,0,61.00,0,0.1700,0.0042,0.0173,0.0059,1,REST-S,4,6,5
1458,12532,4:25:30,0,0.00,0,0.1700,0.0042,0.0173,0.0059,0,REST-S,4,6,5
1458,12533,4:26:00,0,0.00,0,0.1900,0.0128,0.0173,0.0059,0,REST-S,4,6,5
1458,12534,4:26:30,0,0.00,0,0.1900,0.0128,0.0173,0.0059,0,REST-S,4,6,5
1458,12535,4:27:00,0,0.00,0,0.1900,0.0128,0.0173,0.0059,0,REST-S,4,6,5
1458,12536,4:27:30,0,0.00,0,0.1900,0.0128,0.0173,0.0059,0,REST-S,4,6,5
1458,12537,4:28:00,0,0.00,0,0.1900,0.0128,0.0173,0.0059,0,REST-S,4,6,5
1458,12538,4:28:30,0,0.00,0,0.1900,0.0128,0.0173,0.0059,0,REST-S,4,6,5
1458,12539,4:29:00,0,0.00,0,0.1700,0.0042,0.0173,0.0059,0,REST-S,4,6,5
1458,12540,4:29:30,0,0.00,0,0.1900,0.0128,0.0173,0.0059,0,REST-S,4,6,5
1458,12541,4:30:00,0,0.00,0,0.1900,0.0128,0.0173,0.0059,0,REST-S,4,6,5
1458,12542,4:30:30,0,12.00,0,0.1700,0.0042,0.0173,0.0059,0,REST-S,4,6,5
1458,12543,4:31:00,0,0.00,0,0.1900,0.0128,0.0173,0.0059,0,REST-S,4,6,5
1458,12544,4:31:30,0,0.00,0,0.1900,0.0128,0.0173,0.0059,0,REST-S,4,6,5
1458,12545,4:32:00,0,0.00,0,0.1900,0.0128,0.0173,0.0059,0,REST-S,4,6,5
1458,12546,4:32:30,0,0.00,0,0.1900,0.0128,0.0173,0.0059,0,REST-S,4,6,5
1458,12547,4:33:00,0,0.00,0,0.1900,0.0128,0.0173,0.0059,0,REST-S,4,6,5
1458,12548,4:33:30,0,55.00,0,0.1900,0.0128,0.0173,0.0059,1,REST-S,4,6,5
1458,12549,4:34:00,0,0.00,0,0.1900,0.0128,0.0173,0.0059,0,REST-S,4,6,5
1458,12550,4:34:30,0,0.00,0,0.1900,0.0128,0.0173,0.0059,0,REST-S,4,6,5
1458,12551,4:35:00,0,1.00,0,0.1700,0.0042,0.0173,0.0059,0,REST-S,4,6,5
1458,12552,4:35:30,0,0.00,0,0.1900,0.0128,0.0173,0.0059,0,REST-S,4,6,5
1458,12553,4:36:00,0,0.00,0,0.1900,0.0128,0.0173,0.0059,0,REST-S,4,6,5
1458,12554,4:36:30,0,19.00,0,0.1700,0.0042,0.0173,0.0059,0,REST-S,4,6,5
1458,12555,4:37:00,0,0.00,0,0.1900,0.0128,0.0173,0.0059,0,REST-S,4,6,5
1458,12556,4:37:30,0,0.00,0,0.1900,0.0128,0.0173,0.0059,0,REST-S,4,6,5
1458,12557,4:38:00,0,0.00,0,0.1900,0.0128,0.0173,0.0059,0,REST-S,4,6,5
1458,12558,4:38:30,0,0.00,0,0.1900,0.0128,0.0173,0.0059,0,REST-S,4,6,5
1458,12559,4:39:00,0,0.00,0,0.1700,0.0042,0.0173,0.0059,0,REST-S,4,6,5
1458,12560,4:39:30,0,0.00,0,0.1900,0.0128,0.0173,0.0059,0,REST-S,4,6,5
1458,12561,4:40:00,0,0.00,0,0.1900,0.0128,0.0173,0.0059,0,REST-S,4,6,5
1458,12562,4:40:30,0,0.00,0,0.1900,0.0128,0.0173,0.0059,0,REST-S,4,6,5
1458,12563,4:41:00,0,0.00,0,0.1900,0.0128,0.0173,0.0059,0,REST-S,4,6,5
1458,12564,4:41:30,0,0.00,0,0.1700,0.0042,0.0173,0.0059,0,REST-S,4,6,5
1458,12565,4:42:00,0,0.00,0,0.1900,0.0128,0.0173,0.0059,0,REST-S,4,6,5
1458,12566,4:42:30,0,0.00,0,0.1700,0.0042,0.0173,0.0059,0,REST-S,4,6,5
1458,12567,4:43:00,0,9.00,0,0.1700,0.0042,0.0173,0.0059,0,REST-S,4,6,5
1458,12568,4:43:30,0,0.00,0,0.1900,0.0128,0.0173,0.0059,0,REST-S,4,6,5
1458,12569,4:44:00,0,0.00,0,0.1900,0.0128,0.0173,0.0059,0,REST-S,4,6,5
1458,12570,4:44:30,0,0.00,0,0.1900,0.0128,0.0173,0.0059,0,REST-S,4,6,5
1458,12571,4:45:00,0,0.00,0,0.1900,0.0128,0.0173,0.0059,0,REST-S,4,6,5
1458,12572,4:45:30,0,0.00,0,0.1900,0.0128,0.0173,0.0059,0,REST-S,4,6,5
1458,12573,4:46:00,0,0.00,0,0.1900,0.0128,0.0173,0.0059,0,REST-S,4,6,5
1458,12574,4:46:30,0,0.00,0,0.1900,0.0128,0.0173,0.0059,0,REST-S,4,6,5
1458,12575,4:47:00,0,0.00,0,0.1900,0.0128,0.0173,0.0059,0,REST-S,4,6,5
1458,12576,4:47:30,0,11.00,0,0.1700,0.0042,0.0173,0.0059,0,REST-S,4,6,5
1458,12577,4:48:00,0,0.00,0,0.1700,0.0042,0.0173,0.0059,0,REST-S,4,6,5
1458,12578,4:48:30,0,0.00,0,0.1900,0.0128,0.0173,0.0059,0,REST-S,4,6,5
1458,12579,4:49:00,0,0.00,0,0.1900,0.0128,0.0173,0.0059,0,REST-S,4,6,5
1458,12580,4:49:30,0,0.00,0,0.1900,0.0128,0.0173,0.0059,0,REST-S,4,6,5
1458,12581,4:50:00,0,0.00,0,0.1900,0.0128,0.0173,0.0059,0,REST-S,4,6,5
1458,12582,4:50:30,0,0.00,0,0.1900,0.0128,0.0173,0.0059,0,REST-S,4,6,5
1458,12583,4:51:00,0,0.00,0,0.1900,0.0128,0.0173,0.0059,0,REST-S,4,6,5
1458,12584,4:51:30,0,68.00,0,0.1900,0.0128,0.0173,0.0059,1,REST-S,4,6,5
1458,12585,4:52:00,0,0.00,0,0.1900,0.0128,0.0173,0.0059,0,REST-S,4,6,5
1458,12586,4:52:30,0,0.00,0,0.1900,0.0128,0.0173,0.0059,0,REST-S,4,6,5
1458,12587,4:53:00,0,0.00,0,0.1900,0.0128,0.0173,0.0059,0,REST-S,4,6,5
1458,12588,4:53:30,0,0.00,0,0.1900,0.0128,0.0173,0.0059,0,REST-S,4,6,5
1458,12589,4:54:00,0,0.00,0,0.1900,0.0128,0.0173,0.0059,0,REST-S,4,6,5
1458,12590,4:54:30,0,0.00,0,0.1900,0.0128,0.0173,0.0059,0,REST-S,4,6,5
1458,12591,4:55:00,0,0.00,0,0.1900,0.0128,0.0173,0.0059,0,REST-S,4,6,5
1458,12592,4:55:30,0,0.00,0,0.1700,0.0042,0.0173,0.0059,0,REST-S,4,6,5
1458,12593,4:56:00,0,0.00,0,0.1900,0.0128,0.0173,0.0059,0,REST-S,4,6,5
1458,12594,4:56:30,0,0.00,0,0.1900,0.0128,0.0173,0.0059,0,REST-S,4,6,5
1458,12595,4:57:00,0,0.00,0,0.1900,0.0128,0.0173,0.0059,0,REST-S,4,6,5
1458,12596,4:57:30,0,0.00,0,0.1700,0.0042,0.0173,0.0059,0,REST-S,4,6,5
1458,12597,4:58:00,0,0.00,0,0.1900,0.0128,0.0173,0.0059,0,REST-S,4,6,5
1458,12598,4:58:30,0,0.00,0,0.1900,0.0128,0.0173,0.0059,0,REST-S,4,6,5
1458,12599,4:59:00,0,0.00,0,0.1900,0.0128,0.0173,0.0059,0,REST-S,4,6,5
1458,12600,4:59:30,0,0.00,0,0.1900,0.0128,0.0173,0.0059,0,REST-S,4,6,5
1458,12601,5:00:00,0,0.00,0,0.1900,0.0128,0.0173,0.0059,0,REST-S,4,6,5
1458,12602,5:00:30,0,0.00,0,0.1900,0.0128,0.0173,0.0059,0,REST-S,4,6,5
1458,12603,5:01:00,0,0.00,0,0.1900,0.0128,0.0173,0.0059,0,REST-S,4,6,5
1458,12604,5:01:30,0,0.00,0,0.1900,0.0128,0.0173,0.0059,0,REST-S,4,6,5
1458,12605,5:02:00,0,0.00,0,0.1900,0.0128,0.0173,0.0059,0,REST-S,4,6,5
1458,12606,5:02:30,0,39.00,0,0.1900,0.0128,0.0173,0.0059,1,REST-S,4,6,5
1458,12607,5:03:00,0,0.00,0,0.1900,0.0128,0.0173,0.0059,0,REST-S,4,6,5
1458,12608,5:03:30,0,0.00,0,0.1900,0.0128,0.0173,0.0059,0,REST-S,4,6,5
1458,12609,5:04:00,0,0.00,0,0.1900,0.0128,0.0173,0.0059,0,REST-S,4,6,5
1458,12610,5:04:30,0,0.00,0,0.1900,0.0128,0.0173,0.0059,0,REST-S,4,6,5
1458,12611,5:05:00,0,0.00,0,0.1900,0.0128,0.0173,0.0059,0,REST-S,4,6,5
1458,12612,5:05:30,0,0.00,0,0.1900,0.0128,0.0173,0.0059,0,REST-S,4,6,5
1458,12613,5:06:00,0,0.00,0,0.1900,0.0128,0.0173,0.0059,0,REST-S,4,6,5
1458,12614,5:06:30,0,2.00,0,0.1900,0.0128,0.0173,0.0059,0,REST-S,4,6,5
1458,12615,5:07:00,0,0.00,0,0.1900,0.0128,0.0173,0.0059,0,REST-S,4,6,5
1458,12616,5:07:30,0,16.00,0,0.1900,0.0128,0.0173,0.0059,0,REST-S,4,6,5
1458,12617,5:08:00,0,0.00,0,0.1900,0.0128,0.0173,0.0059,0,REST-S,4,6,5
1458,12618,5:08:30,0,0.00,0,0.1900,0.0128,0.0173,0.0059,0,REST-S,4,6,5
1458,12619,5:09:00,0,0.00,0,0.1900,0.0128,0.0173,0.0059,0,REST-S,4,6,5
1458,12620,5:09:30,0,34.00,0,0.1900,0.0128,0.0173,0.0059,1,REST-S,4,6,5
1458,12621,5:10:00,0,0.00,0,0.1900,0.0128,0.0173,0.0059,0,REST-S,4,6,5
1458,12622,5:10:30,0,0.00,0,0.1900,0.0128,0.0173,0.0059,0,REST-S,4,6,5
1458,12623,5:11:00,0,0.00,0,0.1900,0.0128,0.0173,0.0059,0,REST-S,4,6,5
1458,12624,5:11:30,0,0.00,0,0.1900,0.0128,0.0173,0.0059,0,REST-S,4,6,5
1458,12625,5:12:00,0,0.00,0,0.1900,0.0128,0.0173,0.0059,0,REST-S,4,6,5
1458,12626,5:12:30,0,0.00,0,0.1900,0.0128,0.0173,0.0059,0,REST-S,4,6,5
1458,12627,5:13:00,0,0.00,0,0.1900,0.0128,0.0173,0.0059,0,REST-S,4,6,5
1458,12628,5:13:30,0,0.00,0,0.1900,0.0128,0.0173,0.0059,0,REST-S,4,6,5
1458,12629,5:14:00,0,0.00,0,0.1700,0.0042,0.0173,0.0059,0,REST-S,4,6,5
1458,12630,5:14:30,0,0.00,0,0.1900,0.0128,0.0173,0.0059,0,REST-S,4,6,5
1458,12631,5:15:00,0,90.00,0,0.1700,0.0042,0.0173,0.0059,1,ACTIVE,4,6,5
1458,12632,5:15:30,0,30.00,0,0.1900,0.0128,0.0173,0.0059,1,ACTIVE,4,6,5
1458,12633,5:16:00,0,0.00,0,0.1900,0.0128,0.0173,0.0059,0,ACTIVE,4,6,5
1458,12634,5:16:30,0,0.00,0,0.1900,0.0128,0.0173,0.0059,0,ACTIVE,4,6,5
1458,12635,5:17:00,0,0.00,0,0.1900,0.0128,0.0173,0.0059,0,ACTIVE,4,6,5
1458,12636,5:17:30,0,4.00,0,0.1900,0.0128,0.0173,0.0059,1,ACTIVE,4,6,5
1458,12637,5:18:00,0,152.00,0,0.1400,0.0128,0.0125,0.0000,1,ACTIVE,4,6,5
1458,12638,5:18:30,0,24.00,0,0.1900,0.0128,0.0173,0.0059,1,ACTIVE,4,6,5
1458,12639,5:19:00,0,42.00,0,0.1900,0.0128,0.0173,0.0059,1,ACTIVE,4,6,5
1458,12640,5:19:30,0,46.00,0,0.1700,0.0042,0.0173,0.0059,1,ACTIVE,4,6,5
1458,12641,5:20:00,0,31.00,0,0.1900,0.0128,0.0173,0.0059,1,ACTIVE,4,6,5
1458,12642,5:20:30,0,212.00,0,0.1700,0.0042,0.0173,0.0059,1,ACTIVE,4,6,5
1458,12643,5:21:00,0,66.00,0,0.1900,0.0128,0.0173,0.0059,1,ACTIVE,4,6,5
1458,12644,5:21:30,0,44.00,0,0.1900,0.0128,0.0173,0.0059,1,ACTIVE,4,6,5
1458,12645,5:22:00,0,46.00,0,0.1700,0.0042,0.0173,0.0059,1,ACTIVE,4,6,5
1458,12646,5:22:30,0,2.00,0,0.1700,0.0042,0.0173,0.0059,1,ACTIVE,4,6,5
1458,12647,5:23:00,0,46.00,0,0.1900,0.0128,0.0173,0.0059,1,ACTIVE,4,6,5
1458,12648,5:23:30,0,86.00,0,0.1700,0.0042,0.0173,0.0059,1,ACTIVE,4,6,5
1458,12649,5:24:00,0,96.00,0,0.1700,0.0042,0.0173,0.0059,1,ACTIVE,4,6,5
1458,12650,5:24:30,0,12.00,0,0.1700,0.0042,0.0173,0.0059,1,ACTIVE,4,6,5
1458,12651,5:25:00,0,11.00,0,0.1700,0.0042,0.0173,0.0059,1,ACTIVE,4,6,5
1458,12652,5:25:30,0,13.00,0,0.1700,0.0042,0.0173,0.0059,1,ACTIVE,4,6,5
1458,12653,5:26:00,0,2.00,0,0.1900,0.0128,0.0173,0.0059,0,ACTIVE,4,6,5
1458,12654,5:26:30,0,77.00,0,0.1900,0.0128,0.0173,0.0059,1,ACTIVE,4,6,5
1458,12655,5:27:00,0,14.00,0,0.1700,0.0042,0.0173,0.0059,1,ACTIVE,4,6,5
1458,12656,5:27:30,0,57.00,0,0.1700,0.0042,0.0173,0.0059,1,ACTIVE,4,6,5
1458,12657,5:28:00,0,110.00,0,0.1200,0.0042,0.0125,0.0000,1,ACTIVE,4,6,5
1458,12658,5:28:30,0,48.00,0,0.1700,0.0042,0.0173,0.0059,1,ACTIVE,4,6,5
1458,12659,5:29:00,0,50.00,0,0.1700,0.0042,0.0173,0.0059,1,ACTIVE,4,6,5
1458,12660,5:29:30,0,44.00,0,0.1700,0.0042,0.0173,0.0059,1,ACTIVE,4,6,5
1458,12661,5:30:00,0,93.00,0,0.1700,0.0042,0.0173,0.0059,1,ACTIVE,4,6,5
1458,12662,5:30:30,0,13.00,0,0.1700,0.0042,0.0173,0.0059,1,ACTIVE,4,6,5
1458,12663,5:31:00,0,295.00,0,0.1200,0.0042,0.0125,0.0000,1,ACTIVE,4,6,5
1458,12664,5:31:30,0,163.00,1,104.7700,11.0000,8.8800,2.4200,1,ACTIVE,4,6,5
1458,12665,5:32:00,0,80.00,0,90.5200,11.5000,7.3100,0.9960,1,ACTIVE,4,6,5
1458,12666,5:32:30,0,174.00,0,112.7700,11.3000,9.6800,2.8200,1,ACTIVE,4,6,5
1458,12667,5:33:00,0,259.00,0,127.0800,14.9000,10.6000,1.4700,1,ACTIVE,4,6,5
1458,12668,5:33:30,0,286.00,0,88.2900,8.5000,7.8000,1.1100,1,ACTIVE,4,6,5
1458,12669,5:34:00,0,179.00,0,2.8700,0.4010,0.2230,0.0206,1,ACTIVE,4,6,5
1458,12670,5:34:30,0,199.00,0,7.3500,1.5700,0.4370,0.0512,1,ACTIVE,4,6,5
1458,12671,5:35:00,0,286.00,0,24.1500,3.7300,1.7900,0.2280,1,ACTIVE,4,6,5
1458,12672,5:35:30,0,286.00,0,13.0300,2.8200,0.7680,0.0694,1,ACTIVE,4,6,5
1458,12673,5:36:00,0,435.00,0,13.3700,1.8700,1.0400,0.1220,1,ACTIVE,4,6,5
1458,12674,5:36:30,0,315.00,0,16.3600,2.5300,1.2100,0.1580,1,ACTIVE,4,6,5
1458,12675,5:37:00,0,371.00,0,31.0500,4.7400,2.3200,0.2540,1,ACTIVE,4,6,5
1458,12676,5:37:30,0,100.00,0,141.1700,18.5000,11.3000,1.3800,1,ACTIVE,4,6,5
1458,12677,5:38:00,0,158.00,0,93.2600,8.6900,8.3200,1.0900,1,ACTIVE,4,6,5
1458,12678,5:38:30,0,174.00,0,102.3000,4.7400,10.1000,3.0100,1,ACTIVE,4,6,5
1458,12679,5:39:00,0,286.00,0,49.4600,3.9000,4.6400,0.2190,1,ACTIVE,4,6,5
1458,12680,5:39:30,0,93.00,0,15.4000,1.9900,1.2400,0.1480,1,ACTIVE,4,6,5
1458,12681,5:40:00,0,110.00,0,1.9800,0.2900,0.1510,0.0162,1,ACTIVE,4,6,5
1458,12682,5:40:30,0,86.00,0,0.5000,0.0773,0.0378,0.0023,1,ACTIVE,4,6,5
1458,12683,5:41:00,0,66.00,0,0.2100,0.0256,0.0173,0.0059,1,ACTIVE,4,6,5
1458,12684,5:41:30,0,193.00,0,3.1300,0.4190,0.2490,0.0256,1,ACTIVE,4,6,5
1458,12685,5:42:00,0,128.00,0,68.1000,6.5600,6.0100,0.8750,1,ACTIVE,4,6,5
1458,12686,5:42:30,0,137.00,0,26.6100,3.5000,2.1300,0.2440,1,ACTIVE,4,6,5
1458,12687,5:43:00,0,243.00,0,147.8500,22.5000,11.0000,1.3500,1,ACTIVE,4,6,5
1458,12688,5:43:30,0,115.00,0,60.0300,8.1400,4.7400,0.4980,1,ACTIVE,4,6,5
1458,12689,5:44:00,0,199.00,0,42.9300,6.5600,3.2100,0.3160,1,ACTIVE,4,6,5
1458,12690,5:44:30,0,174.00,0,101.3200,7.0000,9.4700,2.6400,1,ACTIVE,4,6,5
1458,12691,5:45:00,0,158.00,0,63.4600,8.8800,4.9500,0.4670,1,ACTIVE,4,6,5
1458,12692,5:45:30,0,228.00,0,100.4200,14.0000,7.8000,1.1100,1,ACTIVE,4,6,5
1458,12693,5:46:00,0,152.00,0,70.5200,6.0100,6.4200,0.9540,1,ACTIVE,4,6,5
1458,12694,5:46:30,0,163.00,0,38.2400,2.5300,3.5700,1.2400,1,ACTIVE,4,6,5
1458,12695,5:47:00,0,90.00,0,56.9200,3.0100,5.5100,1.8300,1,ACTIVE,4,6,5
1458,12696,5:47:30,0,193.00,0,18.6200,2.6400,1.4400,0.1610,1,ACTIVE,4,6,5
1458,12697,5:48:00,0,268.00,0,9.9500,1.6000,0.7200,0.0900,1,ACTIVE,4,6,5
1458,12698,5:48:30,0,37.00,0,9.6700,1.3500,0.7510,0.1000,1,ACTIVE,4,6,5
1458,12699,5:49:00,0,100.00,0,10.7600,1.3500,0.8750,0.1090,1,ACTIVE,4,6,5
1458,12700,5:49:30,0,186.00,0,93.6300,3.9000,9.2700,3.5000,1,ACTIVE,4,6,5
1458,12701,5:50:00,0,186.00,0,98.4600,5.7600,9.4700,2.5300,1,ACTIVE,4,6,5
1458,12702,5:50:30,0,128.00,0,108.8000,6.5600,10.3000,3.5000,1,ACTIVE,4,6,5
1458,12703,5:51:00,0,73.00,0,17.9200,3.3500,1.1800,0.1330,1,ACTIVE,4,6,5
1458,12704,5:51:30,0,152.00,0,4.6900,0.6740,0.3600,0.0412,1,ACTIVE,4,6,5
1458,12705,5:52:00,0,28.00,0,17.5500,2.6400,1.3200,0.1450,1,ACTIVE,4,6,5
1458,12706,5:52:30,0,44.00,0,13.4900,3.2100,0.7200,0.0880,1,ACTIVE,4,6,5
1458,12707,5:53:00,0,220.00,0,86.8400,5.7600,7.9700,3.9800,1,ACTIVE,4,6,5
1458,12708,5:53:30,0,220.00,0,22.0200,1.9100,1.9500,0.6740,1,ACTIVE,4,6,5
1458,12709,5:54:00,0,179.00,0,186.7300,11.0000,17.8000,6.2800,1,ACTIVE,4,6,5
1458,12710,5:54:30,0,158.00,0,76.0000,3.5000,7.4700,2.6400,1,ACTIVE,4,6,5
1458,12711,5:55:00,0,147.00,0,80.5200,3.5000,7.9700,2.7600,1,ACTIVE,4,6,5
1458,12712,5:55:30,0,268.00,0,4.6000,0.5310,0.3840,0.0559,1,ACTIVE,4,6,5
1458,12713,5:56:00,0,115.00,0,7.9900,1.0200,0.6460,0.0790,1,ACTIVE,4,6,5
1458,12714,5:56:30,0,174.00,0,7.4400,1.1300,0.5550,0.0650,1,ACTIVE,4,6,5
1458,12715,5:57:00,0,435.00,0,10.3700,2.3200,0.5920,0.0596,1,ACTIVE,4,6,5
1458,12716,5:57:30,0,337.00,0,0.0400,0.0146,0.0000,0.0059,1,ACTIVE,4,6,5
1458,12717,5:58:00,0,141.00,0,0.0300,0.0146,0.0000,0.0000,1,ACTIVE,4,6,5
1458,12718,5:58:30,0,268.00,0,0.0300,0.0146,0.0000,0.0000,1,ACTIVE,4,6,5
1458,12719,5:59:00,0,206.00,0,0.0100,0.0049,0.0000,0.0000,1,ACTIVE,4,6,5
1458,12720,5:59:30,0,168.00,0,0.1700,0.0256,0.0125,0.0000,1,ACTIVE,4,6,5
1458,12721,6:00:00,0,124.00,0,0.0600,0.0292,0.0000,0.0000,1,ACTIVE,4,6,5
1458,12722,6:00:30,0,128.00,0,0.0100,0.0049,0.0000,0.0000,1,ACTIVE,4,6,5
1458,12723,6:01:00,0,206.00,0,0.1400,0.0128,0.0125,0.0000,1,ACTIVE,4,6,5
1458,12724,6:01:30,0,163.00,0,0.0600,0.0292,0.0000,0.0000,1,ACTIVE,4,6,5
1458,12725,6:02:00,0,73.00,0,0.0600,0.0292,0.0000,0.0000,1,ACTIVE,4,6,5
1458,12726,6:02:30,0,206.00,0,0.0400,0.0146,0.0000,0.0059,1,ACTIVE,4,6,5
1458,12727,6:03:00,0,96.00,0,0.0300,0.0146,0.0000,0.0000,1,ACTIVE,4,6,5
1458,12728,6:03:30,0,115.00,0,0.1700,0.0256,0.0125,0.0000,1,ACTIVE,4,6,5
1458,12729,6:04:00,0,119.00,0,0.0300,0.0146,0.0000,0.0000,1,ACTIVE,4,6,5
1458,12730,6:04:30,0,179.00,0,0.1400,0.0128,0.0125,0.0000,1,ACTIVE,4,6,5
1458,12731,6:05:00,0,28.00,0,0.0300,0.0146,0.0000,0.0000,1,ACTIVE,4,6,5
1458,12732,6:05:30,0,220.00,0,0.0100,0.0049,0.0000,0.0000,1,ACTIVE,4,6,5
1458,12733,6:06:00,0,46.00,0,0.0300,0.0146,0.0000,0.0000,1,ACTIVE,4,6,5
1458,12734,6:06:30,0,119.00,0,0.0300,0.0146,0.0000,0.0000,1,ACTIVE,4,6,5
1458,12735,6:07:00,0,212.00,0,0.1400,0.0128,0.0125,0.0000,1,ACTIVE,4,6,5
1458,12736,6:07:30,0,174.00,0,0.0400,0.0146,0.0000,0.0059,1,ACTIVE,4,6,5
1458,12737,6:08:00,0,179.00,0,0.0300,0.0146,0.0000,0.0000,1,ACTIVE,4,6,5
1458,12738,6:08:30,0,186.00,0,0.0100,0.0049,0.0000,0.0000,1,ACTIVE,4,6,5
1458,12739,6:09:00,0,147.00,0,0.0300,0.0146,0.0000,0.0000,1,ACTIVE,4,6,5
1458,12740,6:09:30,0,251.00,0,0.0300,0.0146,0.0000,0.0000,1,ACTIVE,4,6,5
1458,12741,6:10:00,0,315.00,0,0.1400,0.0128,0.0125,0.0000,1,ACTIVE,4,6,5
1458,12742,6:10:30,0,479.00,0,0.0400,0.0146,0.0000,0.0059,1,ACTIVE,4,6,5
1458,12743,6:11:00,0,359.00,0,0.0900,0.0395,0.0000,0.0059,1,ACTIVE,4,6,5
1458,12744,6:11:30,0,359.00,0,0.1200,0.0042,0.0125,0.0000,1,ACTIVE,4,6,5
1458,12745,6:12:00,0,277.00,0,0.0200,0.0049,0.0000,0.0059,1,ACTIVE,4,6,5
1458,12746,6:12:30,0,435.00,0,0.0300,0.0146,0.0000,0.0000,1,ACTIVE,4,6,5
1458,12747,6:13:00,0,494.00,0,0.0300,0.0146,0.0000,0.0000,1,ACTIVE,4,6,5
1458,12748,6:13:30,0,479.00,0,0.0600,0.0292,0.0000,0.0000,1,ACTIVE,4,6,5
1458,12749,6:14:00,0,259.00,0,0.0300,0.0146,0.0000,0.0000,1,ACTIVE,4,6,5
1458,12750,6:14:30,0,326.00,0,0.0100,0.0049,0.0000,0.0000,1,ACTIVE,4,6,5
1458,12751,6:15:00,0,235.00,0,0.0100,0.0049,0.0000,0.0000,1,ACTIVE,4,6,5
1458,12752,6:15:30,0,137.00,0,0.0100,0.0049,0.0000,0.0000,1,ACTIVE,4,6,5
1458,12753,6:16:00,0,128.00,0,0.0100,0.0049,0.0000,0.0000,1,ACTIVE,4,6,5
1458,12754,6:16:30,0,39.00,0,0.0100,0.0049,0.0000,0.0000,1,ACTIVE,4,6,5
1458,12755,6:17:00,0,48.00,0,0.0100,0.0049,0.0000,0.0000,1,ACTIVE,4,6,5
1458,12756,6:17:30,0,57.00,0,0.0300,0.0146,0.0000,0.0000,1,ACTIVE,4,6,5
1458,12757,6:18:00,0,42.00,0,0.0300,0.0146,0.0000,0.0000,1,ACTIVE,4,6,5
1458,12758,6:18:30,0,243.00,0,0.0100,0.0049,0.0000,0.0000,1,ACTIVE,4,6,5
1458,12759,6:19:00,0,152.00,0,0.0100,0.0049,0.0000,0.0000,1,ACTIVE,4,6,5
1458,12760,6:19:30,0,193.00,0,0.0100,0.0049,0.0000,0.0000,1,ACTIVE,4,6,5
1458,12761,6:20:00,0,147.00,0,0.0100,0.0049,0.0000,0.0000,1,ACTIVE,4,6,5
1458,12762,6:20:30,0,163.00,0,0.0100,0.0049,0.0000,0.0000,1,ACTIVE,4,6,5
1458,12763,6:21:00,0,124.00,0,0.0100,0.0049,0.0000,0.0000,1,ACTIVE,4,6,5
1458,12764,6:21:30,0,168.00,0,0.0100,0.0049,0.0000,0.0000,1,ACTIVE,4,6,5
1458,12765,6:22:00,0,228.00,0,0.0100,0.0049,0.0000,0.0000,1,ACTIVE,4,6,5
1458,12766,6:22:30,0,251.00,0,0.0100,0.0049,0.0000,0.0000,1,ACTIVE,4,6,5
1458,12767,6:23:00,0,235.00,0,0.0100,0.0049,0.0000,0.0000,1,ACTIVE,4,6,5
1458,12768,6:23:30,0,383.00,0,0.0100,0.0049,0.0000,0.0000,1,ACTIVE,4,6,5
1458,12769,6:24:00,0,295.00,0,0.0200,0.0049,0.0000,0.0059,1,ACTIVE,4,6,5
1458,12770,6:24:30,0,251.00,0,0.0600,0.0292,0.0000,0.0000,1,ACTIVE,4,6,5
1458,12771,6:25:00,0,186.00,0,0.0600,0.0292,0.0000,0.0000,1,ACTIVE,4,6,5
1458,12772,6:25:30,0,228.00,0,0.0300,0.0146,0.0000,0.0000,1,ACTIVE,4,6,5
1458,12773,6:26:00,0,337.00,0,0.0300,0.0146,0.0000,0.0000,1,ACTIVE,4,6,5
1458,12774,6:26:30,0,228.00,0,0.0600,0.0292,0.0000,0.0000,1,ACTIVE,4,6,5
1458,12775,6:27:00,0,174.00,0,0.0600,0.0292,0.0000,0.0000,1,ACTIVE,4,6,5
1458,12776,6:27:30,0,152.00,0,0.0600,0.0292,0.0000,0.0000,1,ACTIVE,4,6,5
1458,12777,6:28:00,0,199.00,0,0.0600,0.0292,0.0000,0.0000,1,ACTIVE,4,6,5
1458,12778,6:28:30,0,186.00,0,0.0300,0.0146,0.0000,0.0000,1,ACTIVE,4,6,5
1458,12779,6:29:00,0,179.00,0,0.0600,0.0292,0.0000,0.0000,1,ACTIVE,4,6,5
1458,12780,6:29:30,0,228.00,0,0.0600,0.0292,0.0000,0.0000,1,ACTIVE,4,6,5
1458,12781,6:30:00,0,86.00,0,0.0900,0.0395,0.0000,0.0000,1,ACTIVE,4,6,5
1458,12782,6:30:30,0,90.00,0,0.0600,0.0292,0.0000,0.0000,1,ACTIVE,4,6,5
1458,12783,6:31:00,0,243.00,0,0.0300,0.0146,0.0000,0.0000,1,ACTIVE,4,6,5
1458,12784,6:31:30,0,152.00,0,0.0900,0.0395,0.0000,0.0000,1,ACTIVE,4,6,5
1458,12785,6:32:00,0,35.00,0,0.0600,0.0292,0.0000,0.0000,1,ACTIVE,4,6,5
1458,12786,6:32:30,0,44.00,0,0.0600,0.0292,0.0000,0.0000,1,ACTIVE,4,6,5
1458,12787,6:33:00,0,3.00,0,0.2900,0.0596,0.0173,0.0059,1,ACTIVE,4,6,5
1458,12788,6:33:30,0,30.00,0,0.2700,0.0512,0.0173,0.0059,1,ACTIVE,4,6,5
1458,12789,6:34:00,0,55.00,0,0.0600,0.0292,0.0000,0.0000,1,ACTIVE,4,6,5
1458,12790,6:34:30,0,206.00,0,0.0900,0.0395,0.0000,0.0000,1,ACTIVE,4,6,5
1458,12791,6:35:00,0,9.00,0,0.0700,0.0292,0.0000,0.0059,1,ACTIVE,4,6,5
1458,12792,6:35:30,0,14.00,0,0.0600,0.0292,0.0000,0.0000,1,ACTIVE,4,6,5
1458,12793,6:36:00,0,3.00,0,0.1700,0.0256,0.0125,0.0000,0,ACTIVE,4,6,5
1458,12794,6:36:30,0,23.00,0,0.0600,0.0292,0.0000,0.0000,1,ACTIVE,4,6,5
1458,12795,6:37:00,0,14.00,0,0.0600,0.0292,0.0000,0.0000,1,ACTIVE,4,6,5
1458,12796,6:37:30,0,13.00,0,0.2300,0.0339,0.0173,0.0059,1,ACTIVE,4,6,5
1458,12797,6:38:00,0,32.00,0,0.2000,0.0431,0.0125,0.0000,1,ACTIVE,4,6,5
1458,12798,6:38:30,0,37.00,0,0.2900,0.0596,0.0173,0.0059,1,ACTIVE,4,6,5
1458,12799,6:39:00,0,68.00,0,0.0900,0.0395,0.0000,0.0059,1,ACTIVE,4,6,5
1458,12800,6:39:30,0,15.00,0,0.1100,0.0490,0.0000,0.0059,1,ACTIVE,4,6,5
1458,12801,6:40:00,0,22.00,0,0.1800,0.0339,0.0125,0.0000,1,ACTIVE,4,6,5
1458,12802,6:40:30,0,12.00,0,0.1800,0.0339,0.0125,0.0000,1,ACTIVE,4,6,5
1458,12803,6:41:00,0,23.00,0,0.1100,0.0490,0.0000,0.0059,1,ACTIVE,4,6,5
1458,12804,6:41:30,0,3.00,0,0.2500,0.0431,0.0173,0.0059,1,ACTIVE,4,6,5
1458,12805,6:42:00,0,4.00,0,0.1800,0.0339,0.0125,0.0000,1,ACTIVE,4,6,5
1458,12806,6:42:30,0,137.00,0,0.2200,0.0512,0.0125,0.0000,1,ACTIVE,4,6,5
1458,12807,6:43:00,0,42.00,0,0.3100,0.0679,0.0173,0.0059,1,ACTIVE,4,6,5
1458,12808,6:43:30,0,174.00,0,0.2500,0.0431,0.0173,0.0059,1,ACTIVE,4,6,5
1458,12809,6:44:00,0,147.00,0,0.3100,0.0679,0.0173,0.0059,1,ACTIVE,4,6,5
1458,12810,6:44:30,0,28.00,0,0.2300,0.0339,0.0173,0.0059,1,ACTIVE,4,6,5
1458,12811,6:45:00,0,179.00,0,0.2300,0.0339,0.0173,0.0059,1,ACTIVE,4,6,5
1458,12812,6:45:30,0,16.00,0,0.2700,0.0512,0.0173,0.0059,1,ACTIVE,4,6,5
1458,12813,6:46:00,0,1.00,0,0.2700,0.0512,0.0173,0.0059,1,ACTIVE,4,6,5
1458,12814,6:46:30,0,12.00,0,0.2700,0.0512,0.0173,0.0059,1,ACTIVE,4,6,5
1458,12815,6:47:00,0,35.00,0,0.2700,0.0512,0.0173,0.0059,1,ACTIVE,4,6,5
1458,12816,6:47:30,0,0.00,0,0.2500,0.0431,0.0173,0.0059,0,ACTIVE,4,6,5
1458,12817,6:48:00,0,70.00,0,0.2300,0.0339,0.0173,0.0059,1,ACTIVE,4,6,5
1458,12818,6:48:30,0,53.00,0,0.2700,0.0512,0.0173,0.0059,1,ACTIVE,4,6,5
1458,12819,6:49:00,0,22.00,0,0.2500,0.0431,0.0173,0.0059,1,ACTIVE,4,6,5
1458,12820,6:49:30,0,39.00,0,0.2100,0.0256,0.0173,0.0059,1,ACTIVE,4,6,5
1458,12821,6:50:00,0,34.00,0,0.2900,0.0596,0.0173,0.0059,1,ACTIVE,4,6,5
1458,12822,6:50:30,0,63.00,0,0.2900,0.0596,0.0173,0.0059,1,ACTIVE,4,6,5
1458,12823,6:51:00,0,4.00,0,0.2900,0.0596,0.0173,0.0059,0,ACTIVE,4,6,5
1458,12824,6:51:30,0,26.00,0,0.2500,0.0431,0.0173,0.0059,1,ACTIVE,4,6,5
1458,12825,6:52:00,0,13.00,0,0.2700,0.0512,0.0173,0.0059,1,ACTIVE,4,6,5
1458,12826,6:52:30,0,0.00,0,0.3300,0.0773,0.0173,0.0059,0,ACTIVE,4,6,5
1458,12827,6:53:00,0,25.00,0,0.2900,0.0596,0.0173,0.0059,1,ACTIVE,4,6,5
1458,12828,6:53:30,0,39.00,0,0.2900,0.0596,0.0173,0.0059,1,ACTIVE,4,6,5
1458,12829,6:54:00,0,25.00,0,0.2900,0.0596,0.0173,0.0059,1,ACTIVE,4,6,5
1458,12830,6:54:30,0,35.00,0,0.2900,0.0596,0.0173,0.0059,1,ACTIVE,4,6,5
1458,12831,6:55:00,0,3.00,0,0.3300,0.0773,0.0173,0.0059,0,ACTIVE,4,6,5
1458,12832,6:55:30,0,22.00,0,0.2700,0.0512,0.0173,0.0059,1,ACTIVE,4,6,5
1458,12833,6:56:00,0,32.00,0,0.2700,0.0512,0.0173,0.0059,1,ACTIVE,4,6,5
1458,12834,6:56:30,0,35.00,0,0.2500,0.0431,0.0173,0.0059,1,ACTIVE,4,6,5
1458,12835,6:57:00,0,28.00,0,0.2300,0.0339,0.0173,0.0059,1,ACTIVE,4,6,5
1458,12836,6:57:30,0,16.00,0,0.2100,0.0256,0.0173,0.0059,1,ACTIVE,4,6,5
1458,12837,6:58:00,0,24.00,0,0.2700,0.0512,0.0173,0.0059,1,ACTIVE,4,6,5
1458,12838,6:58:30,0,5.00,0,0.3100,0.0679,0.0173,0.0059,0,ACTIVE,4,6,5
1458,12839,6:59:00,0,0.00,0,0.2700,0.0512,0.0173,0.0059,0,ACTIVE,4,6,5
1458,12840,6:59:30,0,0.00,0,0.2500,0.0431,0.0173,0.0059,0,ACTIVE,4,6,5
1458,12841,7:00:00,0,26.00,0,0.2700,0.0512,0.0173,0.0059,1,ACTIVE,4,6,5
1458,12842,7:00:30,0,48.00,0,0.2500,0.0431,0.0173,0.0059,1,ACTIVE,4,6,5
1458,12843,7:01:00,0,3.00,0,0.2100,0.0256,0.0173,0.0059,0,ACTIVE,4,6,5
1458,12844,7:01:30,0,7.00,0,0.2100,0.0256,0.0173,0.0059,0,ACTIVE,4,6,5
1458,12845,7:02:00,0,25.00,0,0.2100,0.0256,0.0173,0.0059,1,ACTIVE,4,6,5
1458,12846,7:02:30,0,28.00,0,0.2300,0.0339,0.0173,0.0059,1,ACTIVE,4,6,5
1458,12847,7:03:00,0,35.00,0,0.2700,0.0512,0.0173,0.0059,1,ACTIVE,4,6,5
1458,12848,7:03:30,0,34.00,0,0.2500,0.0431,0.0173,0.0059,1,ACTIVE,4,6,5
1458,12849,7:04:00,0,12.00,0,0.2500,0.0431,0.0173,0.0059,1,ACTIVE,4,6,5
1458,12850,7:04:30,0,13.00,0,0.2700,0.0512,0.0173,0.0059,1,ACTIVE,4,6,5
1458,12851,7:05:00,0,12.00,0,0.2700,0.0512,0.0173,0.0059,0,ACTIVE,4,6,5
1458,12852,7:05:30,0,0.00,0,0.2700,0.0512,0.0173,0.0059,0,ACTIVE,4,6,5
1458,12853,7:06:00,0,9.00,0,0.2700,0.0512,0.0173,0.0059,0,ACTIVE,4,6,5
1458,12854,7:06:30,0,7.00,0,0.2700,0.0512,0.0173,0.0059,0,ACTIVE,4,6,5
1458,12855,7:07:00,0,27.00,0,0.2500,0.0431,0.0173,0.0059,1,ACTIVE,4,6,5
1458,12856,7:07:30,0,11.00,0,0.2300,0.0339,0.0173,0.0059,0,ACTIVE,4,6,5
1458,12857,7:08:00,0,18.00,0,0.2300,0.0339,0.0173,0.0059,1,ACTIVE,4,6,5
1458,12858,7:08:30,0,32.00,0,0.2300,0.0339,0.0173,0.0059,1,ACTIVE,4,6,5
1458,12859,7:09:00,0,0.00,0,0.2700,0.0512,0.0173,0.0059,0,ACTIVE,4,6,5
1458,12860,7:09:30,0,19.00,0,0.2500,0.0431,0.0173,0.0059,1,ACTIVE,4,6,5
1458,12861,7:10:00,0,25.00,0,0.3100,0.0679,0.0173,0.0059,1,ACTIVE,4,6,5
1458,12862,7:10:30,0,57.00,0,0.2500,0.0431,0.0173,0.0059,1,ACTIVE,4,6,5
1458,12863,7:11:00,0,90.00,0,0.2100,0.0256,0.0173,0.0059,1,ACTIVE,4,6,5
1458,12864,7:11:30,0,163.00,0,0.2300,0.0339,0.0173,0.0059,1,ACTIVE,4,6,5
1458,12865,7:12:00,0,10.00,0,0.2700,0.0512,0.0173,0.0059,1,ACTIVE,4,6,5
1458,12866,7:12:30,0,21.00,0,0.2700,0.0512,0.0173,0.0059,1,ACTIVE,4,6,5
1458,12867,7:13:00,0,30.00,0,0.2500,0.0431,0.0173,0.0059,1,ACTIVE,4,6,5
1458,12868,7:13:30,0,147.00,0,0.2700,0.0512,0.0173,0.0059,1,ACTIVE,4,6,5
1458,12869,7:14:00,0,7.00,0,0.2100,0.0256,0.0173,0.0059,1,ACTIVE,4,6,5
1458,12870,7:14:30,0,0.00,0,0.2100,0.0256,0.0173,0.0059,0,ACTIVE,4,6,5
1458,12871,7:15:00,0,25.00,0,0.2100,0.0256,0.0173,0.0059,1,ACTIVE,4,6,5
1458,12872,7:15:30,0,3.00,0,0.2500,0.0431,0.0173,0.0059,0,ACTIVE,4,6,5
1458,12873,7:16:00,0,3.00,0,0.2500,0.0431,0.0173,0.0059,0,ACTIVE,4,6,5
1458,12874,7:16:30,0,14.00,0,0.2300,0.0339,0.0173,0.0059,1,ACTIVE,4,6,5
1458,12875,7:17:00,0,28.00,0,0.2700,0.0512,0.0173,0.0059,1,ACTIVE,4,6,5
1458,12876,7:17:30,0,0.00,0,0.2900,0.0596,0.0173,0.0059,1,ACTIVE,4,6,5
1458,12877,7:18:00,0,61.00,0,0.2900,0.0596,0.0173,0.0059,1,ACTIVE,4,6,5
1458,12878,7:18:30,0,152.00,0,0.2100,0.0256,0.0173,0.0059,1,ACTIVE,4,6,5
1458,12879,7:19:00,0,141.00,0,0.2300,0.0339,0.0173,0.0059,1,ACTIVE,4,6,5
1458,12880,7:19:30,0,186.00,0,0.2100,0.0256,0.0173,0.0059,1,ACTIVE,4,6,5
1458,12881,7:20:00,0,55.00,0,0.1900,0.0128,0.0173,0.0059,1,ACTIVE,4,6,5
1458,12882,7:20:30,0,326.00,0,0.4500,0.0512,0.0378,0.0023,1,ACTIVE,4,6,5
1458,12883,7:21:00,0,259.00,0,0.2300,0.0339,0.0173,0.0059,1,ACTIVE,4,6,5
1458,12884,7:21:30,0,42.00,0,0.2700,0.0512,0.0173,0.0059,1,ACTIVE,4,6,5
1458,12885,7:22:00,0,90.00,0,0.2500,0.0431,0.0173,0.0059,1,ACTIVE,4,6,5
1458,12886,7:22:30,0,32.00,0,0.2500,0.0431,0.0173,0.0059,1,ACTIVE,4,6,5
1458,12887,7:23:00,0,59.00,0,0.2500,0.0431,0.0173,0.0059,1,ACTIVE,4,6,5
1458,12888,7:23:30,0,103.00,0,0.2900,0.0596,0.0173,0.0059,1,ACTIVE,4,6,5
1458,12889,7:24:00,0,48.00,0,0.2900,0.0596,0.0173,0.0059,1,ACTIVE,4,6,5
1458,12890,7:24:30,0,18.00,0,0.3300,0.0773,0.0173,0.0059,1,ACTIVE,4,6,5
1458,12891,7:25:00,0,46.00,0,0.3100,0.0679,0.0173,0.0059,1,ACTIVE,4,6,5
1458,12892,7:25:30,0,10.00,0,0.2700,0.0512,0.0173,0.0059,1,ACTIVE,4,6,5
1458,12893,7:26:00,0,132.00,0,0.3300,0.0773,0.0173,0.0059,1,ACTIVE,4,6,5
1458,12894,7:26:30,0,63.00,0,0.3100,0.0679,0.0173,0.0059,1,ACTIVE,4,6,5
1458,12895,7:27:00,0,179.00,0,0.1700,0.0256,0.0125,0.0000,1,ACTIVE,4,6,5
1458,12896,7:27:30,0,115.00,0,0.0900,0.0395,0.0000,0.0059,1,ACTIVE,4,6,5
1458,12897,7:28:00,0,268.00,0,0.2500,0.0431,0.0173,0.0059,1,ACTIVE,4,6,5
1458,12898,7:28:30,0,206.00,0,0.2500,0.0431,0.0173,0.0059,1,ACTIVE,4,6,5
1458,12899,7:29:00,0,235.00,0,0.2100,0.0256,0.0173,0.0059,1,ACTIVE,4,6,5
1458,12900,7:29:30,0,106.00,0,0.2900,0.0596,0.0173,0.0059,1,ACTIVE,4,6,5
1458,12901,7:30:00,0,77.00,0,0.3500,0.0861,0.0173,0.0059,1,ACTIVE,4,6,5
1458,12902,7:30:30,0,158.00,0,0.2500,0.0431,0.0173,0.0059,1,ACTIVE,4,6,5
1458,12903,7:31:00,0,37.00,0,0.1800,0.0339,0.0125,0.0000,1,ACTIVE,4,6,5
1458,12904,7:31:30,0,53.00,0,0.2500,0.0431,0.0173,0.0059,1,ACTIVE,4,6,5
1458,12905,7:32:00,0,42.00,0,0.2900,0.0596,0.0173,0.0059,1,ACTIVE,4,6,5
1458,12906,7:32:30,0,73.00,0,0.3100,0.0679,0.0173,0.0059,1,ACTIVE,4,6,5
1458,12907,7:33:00,0,8.00,0,0.2700,0.0512,0.0173,0.0059,1,ACTIVE,4,6,5
1458,12908,7:33:30,0,27.00,0,0.2700,0.0512,0.0173,0.0059,1,ACTIVE,4,6,5
1458,12909,7:34:00,0,96.00,0,0.2700,0.0512,0.0173,0.0059,1,ACTIVE,4,6,5
1458,12910,7:34:30,0,0.00,0,0.2900,0.0596,0.0173,0.0059,0,ACTIVE,4,6,5
1458,12911,7:35:00,0,1.00,0,0.2700,0.0512,0.0173,0.0059,0,ACTIVE,4,6,5
1458,12912,7:35:30,0,0.00,0,0.2700,0.0512,0.0173,0.0059,0,ACTIVE,4,6,5
1458,12913,7:36:00,0,63.00,0,0.2900,0.0596,0.0173,0.0059,1,ACTIVE,4,6,5
1458,12914,7:36:30,0,3.00,0,0.2700,0.0512,0.0173,0.0059,0,ACTIVE,4,6,5
1458,12915,7:37:00,0,1.00,0,0.2900,0.0596,0.0173,0.0059,0,ACTIVE,4,6,5
1458,12916,7:37:30,0,0.00,0,0.2700,0.0512,0.0173,0.0059,0,ACTIVE,4,6,5
1458,12917,7:38:00,0,90.00,0,0.2700,0.0512,0.0173,0.0059,1,ACTIVE,4,6,5
1458,12918,7:38:30,0,42.00,0,0.2900,0.0596,0.0173,0.0059,1,ACTIVE,4,6,5
1458,12919,7:39:00,0,15.00,0,0.2900,0.0596,0.0173,0.0059,1,ACTIVE,4,6,5
1458,12920,7:39:30,0,55.00,0,0.2900,0.0596,0.0173,0.0059,1,ACTIVE,4,6,5
1458,12921,7:40:00,0,12.00,0,0.2900,0.0596,0.0173,0.0059,1,ACTIVE,4,6,5
1458,12922,7:40:30,0,128.00,0,0.2500,0.0431,0.0173,0.0059,1,ACTIVE,4,6,5
1458,12923,7:41:00,0,286.00,0,0.2100,0.0256,0.0173,0.0059,1,ACTIVE,4,6,5
1458,12924,7:41:30,0,228.00,0,0.0400,0.0146,0.0000,0.0059,1,ACTIVE,4,6,5
1458,12925,7:42:00,0,59.00,0,0.2300,0.0339,0.0173,0.0059,1,ACTIVE,4,6,5
1458,12926,7:42:30,0,55.00,0,0.2300,0.0339,0.0173,0.0059,1,ACTIVE,4,6,5
1458,12927,7:43:00,0,103.00,0,0.2100,0.0256,0.0173,0.0059,1,ACTIVE,4,6,5
1458,12928,7:43:30,0,73.00,0,0.2100,0.0256,0.0173,0.0059,1,ACTIVE,4,6,5
1458,12929,7:44:00,0,44.00,0,0.2500,0.0431,0.0173,0.0059,1,ACTIVE,4,6,5
1458,12930,7:44:30,0,141.00,0,0.2100,0.0256,0.0173,0.0059,1,ACTIVE,4,6,5
1458,12931,7:45:00,0,141.00,0,0.1900,0.0128,0.0173,0.0059,1,ACTIVE,4,6,5
1458,12932,7:45:30,0,119.00,0,0.2100,0.0256,0.0173,0.0059,1,ACTIVE,4,6,5
1458,12933,7:46:00,0,206.00,0,0.2100,0.0256,0.0173,0.0059,1,ACTIVE,4,6,5
1458,12934,7:46:30,0,206.00,0,0.1900,0.0128,0.0173,0.0059,1,ACTIVE,4,6,5
1458,12935,7:47:00,0,106.00,0,0.2100,0.0256,0.0173,0.0059,1,ACTIVE,4,6,5
1458,12936,7:47:30,0,147.00,0,0.2100,0.0256,0.0173,0.0059,1,ACTIVE,4,6,5
1458,12937,7:48:00,0,268.00,0,0.0700,0.0292,0.0000,0.0059,1,ACTIVE,4,6,5
1458,12938,7:48:30,0,186.00,0,0.0300,0.0146,0.0000,0.0000,1,ACTIVE,4,6,5
1458,12939,7:49:00,0,119.00,0,0.0400,0.0146,0.0000,0.0059,1,ACTIVE,4,6,5
1458,12940,7:49:30,0,295.00,0,0.1400,0.0128,0.0125,0.0000,1,ACTIVE,4,6,5
1458,12941,7:50:00,0,163.00,0,0.2300,0.0339,0.0173,0.0059,1,ACTIVE,4,6,5
1458,12942,7:50:30,0,193.00,0,0.1800,0.0339,0.0125,0.0000,1,ACTIVE,4,6,5
1458,12943,7:51:00,0,132.00,0,0.2300,0.0339,0.0173,0.0059,1,ACTIVE,4,6,5
1458,12944,7:51:30,0,268.00,0,0.2300,0.0339,0.0173,0.0059,1,ACTIVE,4,6,5
1458,12945,7:52:00,0,212.00,0,0.2500,0.0431,0.0173,0.0059,1,ACTIVE,4,6,5
1458,12946,7:52:30,0,73.00,0,0.2300,0.0339,0.0173,0.0059,1,ACTIVE,4,6,5
1458,12947,7:53:00,0,152.00,0,0.1800,0.0339,0.0125,0.0000,1,ACTIVE,4,6,5
1458,12948,7:53:30,0,86.00,0,0.0900,0.0395,0.0000,0.0000,1,ACTIVE,4,6,5
1458,12949,7:54:00,0,158.00,0,0.0900,0.0395,0.0000,0.0000,1,ACTIVE,4,6,5
1458,12950,7:54:30,0,186.00,0,0.0600,0.0292,0.0000,0.0000,1,ACTIVE,4,6,5
1458,12951,7:55:00,0,206.00,0,0.0700,0.0292,0.0000,0.0059,1,ACTIVE,4,6,5
1458,12952,7:55:30,0,174.00,0,0.2300,0.0339,0.0173,0.0059,1,ACTIVE,4,6,5
1458,12953,7:56:00,0,199.00,0,0.2100,0.0256,0.0173,0.0059,1,ACTIVE,4,6,5
1458,12954,7:56:30,0,199.00,0,0.0900,0.0395,0.0000,0.0059,1,ACTIVE,4,6,5
1458,12955,7:57:00,0,158.00,0,0.2100,0.0256,0.0173,0.0059,1,ACTIVE,4,6,5
1458,12956,7:57:30,0,137.00,0,0.0600,0.0292,0.0000,0.0000,1,ACTIVE,4,6,5
1458,12957,7:58:00,0,119.00,0,0.0700,0.0292,0.0000,0.0059,1,ACTIVE,4,6,5
1458,12958,7:58:30,0,110.00,0,0.0900,0.0395,0.0000,0.0059,1,ACTIVE,4,6,5
1458,12959,7:59:00,0,158.00,0,0.0700,0.0292,0.0000,0.0059,1,ACTIVE,4,6,5
1458,12960,7:59:30,0,55.00,0,0.0600,0.0292,0.0000,0.0000,1,ACTIVE,4,6,5
1458,12961,8:00:00,0,259.00,0,0.0900,0.0395,0.0000,0.0000,1,ACTIVE,4,6,5
1458,12962,8:00:30,0,186.00,0,0.0600,0.0292,0.0000,0.0000,1,ACTIVE,4,6,5
1458,12963,8:01:00,0,199.00,0,0.0600,0.0292,0.0000,0.0000,1,ACTIVE,4,6,5
1458,12964,8:01:30,0,147.00,0,0.0600,0.0292,0.0000,0.0000,1,ACTIVE,4,6,5
1458,12965,8:02:00,0,186.00,0,0.0600,0.0292,0.0000,0.0000,1,ACTIVE,4,6,5
1458,12966,8:02:30,0,106.00,0,0.0600,0.0292,0.0000,0.0000,1,ACTIVE,4,6,5
1458,12967,8:03:00,0,73.00,0,0.0600,0.0292,0.0000,0.0000,1,ACTIVE,4,6,5
1458,12968,8:03:30,0,100.00,0,0.0300,0.0146,0.0000,0.0000,1,ACTIVE,4,6,5
1458,12969,8:04:00,0,128.00,0,0.1400,0.0583,0.0000,0.0059,1,ACTIVE,4,6,5
1458,12970,8:04:30,0,100.00,0,0.1100,0.0490,0.0000,0.0059,1,ACTIVE,4,6,5
1458,12971,8:05:00,0,186.00,0,0.0900,0.0395,0.0000,0.0000,1,ACTIVE,4,6,5
1458,12972,8:05:30,0,163.00,0,0.0600,0.0292,0.0000,0.0000,1,ACTIVE,4,6,5
1458,12973,8:06:00,0,206.00,0,0.1300,0.0583,0.0000,0.0000,1,ACTIVE,4,6,5
1458,12974,8:06:30,0,68.00,0,0.2500,0.0431,0.0173,0.0059,1,ACTIVE,4,6,5
1458,12975,8:07:00,0,110.00,0,0.2700,0.0512,0.0173,0.0059,1,ACTIVE,4,6,5
1458,12976,8:07:30,0,235.00,0,0.0900,0.0395,0.0000,0.0000,1,ACTIVE,4,6,5
1458,12977,8:08:00,0,371.00,0,0.1300,0.0583,0.0000,0.0000,1,ACTIVE,4,6,5
1458,12978,8:08:30,0,305.00,0,208.6600,9.6800,20.7000,5.7600,1,ACTIVE,4,6,5
1458,12979,8:09:00,0,39.00,0,316.6700,28.0000,28.6000,3.9800,1,ACTIVE,4,6,5
1458,12980,8:09:30,0,158.00,0,466.6000,20.2000,46.1000,17.0000,1,ACTIVE,4,6,5
1458,12981,8:10:00,0,435.00,0,433.3500,23.0000,42.2000,11.5000,1,ACTIVE,4,6,5
1458,12982,8:10:30,0,268.00,0,456.7200,21.6000,45.1000,13.1000,1,ACTIVE,4,6,5
1458,12983,8:11:00,0,77.00,0,101.8000,8.6900,9.0700,2.8800,1,ACTIVE,4,6,5
1458,12984,8:11:30,0,179.00,0,206.0600,11.5000,19.8000,6.7000,1,ACTIVE,4,6,5
1458,12985,8:12:00,0,193.00,0,425.6100,16.6000,42.2000,17.4000,1,ACTIVE,4,6,5
1458,12986,8:12:30,0,66.00,0,210.8400,12.0000,20.7000,3.0100,1,ACTIVE,4,6,5
1458,12987,8:13:00,0,212.00,0,304.4800,11.0000,30.5000,11.8000,1,ACTIVE,4,6,5
1458,12988,8:13:30,0,39.00,0,398.2400,18.1000,39.6000,10.6000,1,ACTIVE,4,6,5
1458,12989,8:14:00,0,132.00,0,237.6200,18.5000,22.1000,3.2100,1,ACTIVE,4,6,5
1458,12990,8:14:30,0,212.00,0,570.7800,18.9000,57.2000,25.7000,1,ACTIVE,4,6,5
1458,12991,8:15:00,0,337.00,0,243.6700,19.4000,22.5000,3.2100,1,ACTIVE,4,6,5
1458,12992,8:15:30,0,70.00,0,416.1200,28.6000,39.6000,5.7600,1,ACTIVE,4,6,5
1458,12993,8:16:00,0,19.00,0,447.4900,28.6000,43.2000,5.7600,1,ACTIVE,4,6,5
1458,12994,8:16:30,0,259.00,0,169.4600,11.0000,16.3000,2.2700,1,ACTIVE,4,6,5
1458,12995,8:17:00,0,268.00,0,313.4300,11.8000,31.2000,13.1000,1,ACTIVE,4,6,5
1458,12996,8:17:30,0,193.00,0,419.8900,14.9000,42.2000,15.6000,1,ACTIVE,4,6,5
1458,12997,8:18:00,0,186.00,0,402.8600,17.8000,39.6000,15.6000,1,ACTIVE,4,6,5
1458,12998,8:18:30,0,174.00,0,189.5600,12.0000,17.8000,6.8500,1,ACTIVE,4,6,5
1458,12999,8:19:00,0,163.00,0,377.2800,12.8000,37.9000,15.6000,1,ACTIVE,4,6,5
1458,13000,8:19:30,0,39.00,0,327.6000,13.1000,32.6000,12.3000,1,ACTIVE,4,6,5
1458,13001,8:20:00,0,110.00,0,538.4500,23.0000,53.6000,16.6000,1,ACTIVE,4,6,5
1458,13002,8:20:30,0,35.00,0,390.3600,21.1000,37.9000,10.8000,1,ACTIVE,4,6,5
1458,13003,8:21:00,0,115.00,0,341.9900,20.7000,33.3000,4.4400,1,ACTIVE,4,6,5
1458,13004,8:21:30,0,110.00,0,147.8400,11.8000,13.7000,1.7500,1,ACTIVE,4,6,5
1458,13005,8:22:00,0,30.00,0,480.2500,15.6000,48.1000,22.5000,1,ACTIVE,4,6,5
1458,13006,8:22:30,0,158.00,0,490.2500,16.6000,49.1000,21.1000,1,ACTIVE,4,6,5
1458,13007,8:23:00,0,35.00,0,411.7100,14.3000,41.3000,16.6000,1,ACTIVE,4,6,5
1458,13008,8:23:30,0,46.00,0,387.5300,15.3000,38.7000,13.4000,1,ACTIVE,4,6,5
1458,13009,8:24:00,0,68.00,0,559.4500,20.2000,56.0000,22.5000,1,ACTIVE,4,6,5
1458,13010,8:24:30,0,61.00,0,522.3200,17.4000,52.4000,22.5000,1,ACTIVE,4,6,5
1458,13011,8:25:00,0,18.00,0,544.9000,18.1000,54.8000,23.0000,1,ACTIVE,4,6,5
1458,13012,8:25:30,0,26.00,0,429.8600,15.3000,43.2000,16.6000,1,ACTIVE,4,6,5
1458,13013,8:26:00,0,3.00,0,389.9600,16.6000,38.7000,12.8000,1,ACTIVE,4,6,5
1458,13014,8:26:30,0,21.00,0,520.9700,17.0000,52.4000,22.1000,1,ACTIVE,4,6,5
1458,13015,8:27:00,0,73.00,0,439.4800,14.9000,44.1000,18.5000,1,ACTIVE,4,6,5
1458,13016,8:27:30,0,251.00,0,150.0100,11.5000,13.7000,4.2500,1,ACTIVE,4,6,5
1458,13017,8:28:00,0,179.00,0,316.2300,9.8900,31.9000,14.0000,1,ACTIVE,4,6,5
1458,13018,8:28:30,0,206.00,0,117.5000,7.9700,10.8000,4.9500,1,ACTIVE,4,6,5
1458,13019,8:29:00,0,228.00,0,53.3700,3.3500,5.1700,0.6600,1,ACTIVE,4,6,5
1458,13020,8:29:30,0,212.00,0,152.9900,7.1500,14.9000,5.8800,1,ACTIVE,4,6,5
1458,13021,8:30:00,0,163.00,0,91.8100,5.0600,8.8800,2.6400,1,ACTIVE,4,6,5
1458,13022,8:30:30,0,251.00,0,208.7500,10.8000,20.2000,7.1500,1,ACTIVE,4,6,5
1458,13023,8:31:00,0,235.00,0,282.2400,14.3000,27.4000,9.8900,1,ACTIVE,4,6,5
1458,13024,8:31:30,0,110.00,0,277.1000,14.3000,26.8000,9.8900,1,ACTIVE,4,6,5
1458,13025,8:32:00,0,168.00,0,244.9900,11.3000,24.0000,8.6900,1,ACTIVE,4,6,5
1458,13026,8:32:30,0,206.00,0,196.6300,10.1000,18.9000,7.6300,1,ACTIVE,4,6,5
1458,13027,8:33:00,0,103.00,0,281.5600,14.0000,27.4000,9.8900,1,ACTIVE,4,6,5
1458,13028,8:33:30,0,305.00,0,281.3700,13.7000,27.4000,10.3000,1,ACTIVE,4,6,5
1458,13029,8:34:00,0,193.00,0,282.4700,14.6000,27.4000,9.4700,1,ACTIVE,4,6,5
1458,13030,8:34:30,0,206.00,0,255.6200,14.0000,24.6000,8.6900,1,ACTIVE,4,6,5
1458,13031,8:35:00,0,137.00,0,254.3100,13.4000,24.6000,8.6900,1,ACTIVE,4,6,5
1458,13032,8:35:30,0,220.00,0,247.8400,12.6000,24.0000,8.6900,1,ACTIVE,4,6,5
1458,13033,8:36:00,0,220.00,0,264.4800,13.4000,25.7000,9.2700,1,ACTIVE,4,6,5
1458,13034,8:36:30,0,259.00,0,125.3900,5.7600,12.3000,4.6400,1,ACTIVE,4,6,5
1458,13035,8:37:00,0,295.00,0,83.6300,18.9000,1.7100,24.6000,1,ACTIVE,4,6,5
1458,13036,8:37:30,0,93.00,0,533.7600,17.8000,53.6000,23.0000,1,ACTIVE,4,6,5
1458,13037,8:38:00,0,42.00,0,411.8300,14.0000,41.3000,17.4000,1,ACTIVE,4,6,5
1458,13038,8:38:30,0,21.00,0,453.7800,18.1000,45.1000,17.4000,1,ACTIVE,4,6,5
1458,13039,8:39:00,0,251.00,0,471.6600,17.8000,47.1000,18.5000,1,ACTIVE,4,6,5
1458,13040,8:39:30,0,337.00,0,437.3200,24.6000,42.2000,12.0000,1,ACTIVE,4,6,5
1458,13041,8:40:00,0,163.00,0,248.3300,17.4000,23.5000,3.5000,1,ACTIVE,4,6,5
1458,13042,8:40:30,0,243.00,0,230.8000,11.0000,22.5000,8.3200,1,ACTIVE,4,6,5
1458,13043,8:41:00,0,193.00,0,504.4500,16.3000,51.3000,17.4000,1,ACTIVE,4,6,5
1458,13044,8:41:30,0,147.00,0,233.8500,10.8000,23.0000,7.6300,1,ACTIVE,4,6,5
1458,13045,8:42:00,0,158.00,0,369.3500,13.4000,37.1000,13.7000,1,ACTIVE,4,6,5
1458,13046,8:42:30,0,268.00,0,556.9500,14.9000,57.2000,21.1000,1,ACTIVE,4,6,5
1458,13047,8:43:00,0,137.00,0,592.8500,17.8000,59.7000,28.0000,1,ACTIVE,4,6,5
1458,13048,8:43:30,0,115.00,0,902.6700,25.1000,92.1000,37.1000,1,ACTIVE,4,6,5
1458,13049,8:44:00,0,53.00,0,808.3100,20.7000,82.7000,35.5000,1,ACTIVE,4,6,5
1458,13050,8:44:30,0,124.00,0,539.8200,14.0000,54.8000,26.8000,1,ACTIVE,4,6,5
1458,13051,8:45:00,0,61.00,0,514.4900,12.8000,52.4000,24.6000,1,ACTIVE,4,6,5
1458,13052,8:45:30,0,220.00,0,481.0200,16.6000,48.1000,21.1000,1,ACTIVE,4,6,5
1458,13053,8:46:00,0,37.00,0,512.7300,11.8000,52.4000,25.1000,1,ACTIVE,4,6,5
1458,13054,8:46:30,0,137.00,0,336.3800,14.0000,33.3000,12.8000,1,ACTIVE,4,6,5
1458,13055,8:47:00,0,315.00,0,424.0000,14.9000,42.2000,19.4000,1,ACTIVE,4,6,5
1458,13056,8:47:30,0,141.00,0,265.1600,11.8000,26.2000,8.6900,1,ACTIVE,4,6,5
1458,13057,8:48:00,0,163.00,0,420.0300,14.3000,42.2000,17.0000,1,ACTIVE,4,6,5
1458,13058,8:48:30,0,186.00,0,388.4700,14.9000,38.7000,14.9000,1,ACTIVE,4,6,5
1458,13059,8:49:00,0,119.00,0,301.6300,9.0700,30.5000,13.1000,1,ACTIVE,4,6,5
1458,13060,8:49:30,0,106.00,0,567.9100,14.9000,57.2000,31.2000,1,ACTIVE,4,6,5
1458,13061,8:50:00,0,90.00,0,1124.710,28.0000,114.0000,56.0000,1,ACTIVE,4,6,5
1458,13062,8:50:30,0,35.00,0,389.8200,20.7000,38.7000,4.5400,1,ACTIVE,4,6,5
1458,13063,8:51:00,0,110.00,0,763.2800,23.0000,77.5000,31.2000,1,ACTIVE,4,6,5
1458,13064,8:51:30,0,348.00,0,281.6100,14.6000,27.4000,8.6900,1,ACTIVE,4,6,5
1458,13065,8:52:00,0,193.00,0,399.1600,20.7000,38.7000,13.1000,1,ACTIVE,4,6,5
1458,13066,8:52:30,0,57.00,0,198.1400,7.3100,19.8000,7.9700,1,ACTIVE,4,6,5
1458,13067,8:53:00,0,0.00,0,6.1300,0.6740,0.5200,0.0790,1,ACTIVE,4,6,5
1458,13068,8:53:30,0,1.00,0,8.0300,0.8560,0.6890,0.0939,1,ACTIVE,4,6,5
1458,13069,8:54:00,0,0.00,0,7.9600,0.8200,0.6890,0.1000,1,ACTIVE,4,6,5
1458,13070,8:54:30,0,152.00,0,135.8300,7.3100,13.1000,4.4400,1,ACTIVE,4,6,5
1458,13071,8:55:00,0,193.00,0,173.8300,9.6800,16.6000,6.1400,1,ACTIVE,4,6,5
1458,13072,8:55:30,0,115.00,0,80.7300,3.6500,7.9700,2.6400,1,ACTIVE,4,6,5
1458,13073,8:56:00,0,141.00,0,122.6700,7.1500,11.8000,3.5000,1,ACTIVE,4,6,5
1458,13074,8:56:30,0,77.00,0,275.3200,11.8000,27.4000,8.6900,1,ACTIVE,4,6,5
1458,13075,8:57:00,0,141.00,0,304.0500,9.2700,30.5000,14.9000,1,ACTIVE,4,6,5
1458,13076,8:57:30,0,90.00,0,804.9400,24.6000,80.9000,38.7000,1,ACTIVE,4,6,5
1458,13077,8:58:00,0,179.00,0,795.5900,23.0000,80.9000,33.3000,1,ACTIVE,4,6,5
1458,13078,8:58:30,0,228.00,0,598.8200,18.5000,59.7000,31.9000,1,ACTIVE,4,6,5
1458,13079,8:59:00,0,235.00,0,448.1300,15.6000,45.1000,17.4000,1,ACTIVE,4,6,5
1458,13080,8:59:30,0,251.00,0,420.2500,15.3000,42.2000,15.3000,1,ACTIVE,4,6,5
1458,13081,9:00:00,0,106.00,0,353.7700,13.4000,35.5000,12.0000,1,ACTIVE,4,6,5
1458,13082,9:00:30,0,206.00,0,304.2000,11.3000,30.5000,11.0000,1,ACTIVE,4,6,5
1458,13083,9:01:00,0,359.00,0,255.6300,9.6800,25.7000,8.6900,1,ACTIVE,4,6,5
1458,13084,9:01:30,0,228.00,0,276.2600,11.3000,27.4000,10.6000,1,ACTIVE,4,6,5
1458,13085,9:02:00,0,199.00,0,181.0100,7.1500,18.1000,5.7600,1,ACTIVE,4,6,5
1458,13086,9:02:30,0,174.00,0,322.5000,11.8000,32.6000,10.3000,1,ACTIVE,4,6,5
1458,13087,9:03:00,0,63.00,0,309.0600,11.3000,31.2000,10.1000,1,ACTIVE,4,6,5
1458,13088,9:03:30,0,53.00,0,249.7200,6.4200,25.7000,9.8900,1,ACTIVE,4,6,5
1458,13089,9:04:00,0,83.00,0,595.4400,14.6000,61.0000,26.2000,1,ACTIVE,4,6,5
1458,13090,9:04:30,0,179.00,0,285.8200,10.8000,28.6000,10.6000,1,ACTIVE,4,6,5
1458,13091,9:05:00,0,137.00,0,314.6000,12.8000,31.2000,12.0000,1,ACTIVE,4,6,5
1458,13092,9:05:30,0,212.00,0,200.8300,9.0700,19.8000,6.8500,1,ACTIVE,4,6,5
1458,13093,9:06:00,0,168.00,0,187.0100,7.9700,18.5000,6.4200,1,ACTIVE,4,6,5
1458,13094,9:06:30,0,243.00,0,158.8200,7.4700,15.6000,5.2800,1,ACTIVE,4,6,5
1458,13095,9:07:00,0,110.00,0,176.4100,7.8000,17.4000,6.4200,1,ACTIVE,4,6,5
1458,13096,9:07:30,0,163.00,0,285.3600,10.1000,28.6000,11.5000,1,ACTIVE,4,6,5
1458,13097,9:08:00,0,186.00,0,305.4600,12.3000,30.5000,10.1000,1,ACTIVE,4,6,5
1458,13098,9:08:30,0,124.00,0,292.7400,11.8000,29.2000,9.8900,1,ACTIVE,4,6,5
1458,13099,9:09:00,0,193.00,0,474.6400,15.6000,48.1000,17.4000,1,ACTIVE,4,6,5
1458,13100,9:09:30,0,220.00,0,291.4000,10.1000,29.2000,12.0000,1,ACTIVE,4,6,5
1458,13101,9:10:00,0,124.00,0,666.4400,15.6000,68.0000,33.3000,1,ACTIVE,4,6,5
1458,13102,9:10:30,0,199.00,0,335.5100,14.0000,33.3000,12.0000,1,ACTIVE,4,6,5
1458,13103,9:11:00,0,251.00,0,318.4600,15.9000,31.2000,9.2700,1,ACTIVE,4,6,5
1458,13104,9:11:30,0,286.00,0,449.2200,21.6000,44.1000,14.0000,1,ACTIVE,4,6,5
1458,13105,9:12:00,0,286.00,0,694.0300,23.5000,69.5000,30.5000,1,ACTIVE,4,6,5
1458,13106,9:12:30,0,73.00,0,290.6100,7.4700,29.9000,11.5000,1,ACTIVE,4,6,5
1458,13107,9:13:00,0,186.00,0,158.3800,6.2800,15.9000,4.5400,1,ACTIVE,4,6,5
1458,13108,9:13:30,0,110.00,0,154.9100,4.5400,15.6000,7.6300,1,ACTIVE,4,6,5
1458,13109,9:14:00,0,77.00,0,229.7500,8.3200,23.0000,8.8800,1,ACTIVE,4,6,5
1458,13110,9:14:30,0,57.00,0,522.1200,17.8000,52.4000,21.6000,1,ACTIVE,4,6,5
1458,13111,9:15:00,0,70.00,0,522.1200,17.8000,52.4000,21.6000,1,ACTIVE,4,6,5
1458,13112,9:15:30,0,305.00,0,378.2200,16.6000,37.1000,15.3000,1,ACTIVE,4,6,5
1458,13113,9:16:00,0,206.00,0,273.2600,11.8000,26.8000,11.5000,1,ACTIVE,4,6,5
1458,13114,9:16:30,0,0.00,0,181.3800,10.1000,17.4000,6.2800,1,ACTIVE,4,6,5
1458,13115,9:17:00,0,27.00,0,239.9900,13.4000,23.0000,7.9700,1,ACTIVE,4,6,5
1458,13116,9:17:30,0,286.00,0,140.6600,10.8000,12.8000,4.0700,1,ACTIVE,4,6,5
1458,13117,9:18:00,0,277.00,0,139.2000,8.8800,13.1000,4.3400,1,ACTIVE,4,6,5
1458,13118,9:18:30,0,277.00,0,69.9600,3.2800,6.8500,2.5300,1,ACTIVE,4,6,5
1458,13119,9:19:00,0,132.00,0,431.8000,23.0000,41.3000,17.4000,1,ACTIVE,4,6,5
1458,13120,9:19:30,0,199.00,0,445.2700,14.3000,45.1000,17.4000,1,ACTIVE,4,6,5
1458,13121,9:20:00,0,147.00,0,353.7100,13.1000,35.5000,12.6000,1,ACTIVE,4,6,5
1458,13122,9:20:30,0,277.00,0,803.7800,24.0000,80.9000,38.7000,1,ACTIVE,4,6,5
1458,13123,9:21:00,0,315.00,0,594.3300,19.8000,58.4000,35.5000,1,ACTIVE,4,6,5
1458,13124,9:21:30,0,186.00,0,793.4300,18.9000,80.9000,39.6000,1,ACTIVE,4,6,5
1458,13125,9:22:00,0,137.00,0,203.1800,4.9500,20.7000,10.3000,1,ACTIVE,4,6,5
1458,13126,9:22:30,0,286.00,0,679.8700,19.8000,69.5000,25.1000,1,ACTIVE,4,6,5
1458,13127,9:23:00,0,243.00,0,1153.870,31.2000,119.0000,35.5000,1,ACTIVE,4,6,5
1458,13128,9:23:30,0,174.00,0,207.3300,8.6900,20.7000,6.5600,1,ACTIVE,4,6,5
1458,13129,9:24:00,0,128.00,0,882.4800,24.6000,90.1000,35.5000,1,ACTIVE,4,6,5
1458,13130,9:24:30,0,34.00,0,601.8100,27.4000,61.0000,6.1400,1,ACTIVE,4,6,5
1458,13131,9:25:00,0,57.00,0,832.1500,28.0000,84.5000,28.0000,1,ACTIVE,4,6,5
1458,13132,9:25:30,0,83.00,0,605.4200,28.6000,61.0000,7.0000,1,ACTIVE,4,6,5
1458,13133,9:26:00,0,199.00,0,824.1100,24.0000,84.5000,28.6000,1,ACTIVE,4,6,5
1458,13134,9:26:30,0,141.00,0,489.5100,17.4000,49.1000,18.9000,1,ACTIVE,4,6,5
1458,13135,9:27:00,0,186.00,0,438.8700,15.6000,44.1000,16.6000,1,ACTIVE,4,6,5
1458,13136,9:27:30,0,186.00,0,358.0600,15.6000,35.5000,11.5000,1,ACTIVE,4,6,5
1458,13137,9:28:00,0,147.00,0,625.2400,15.6000,63.7000,29.9000,1,ACTIVE,4,6,5
1458,13138,9:28:30,0,220.00,0,422.6500,17.8000,40.4000,26.8000,1,ACTIVE,4,6,5
1458,13139,9:29:00,0,147.00,0,591.8400,20.2000,59.7000,22.1000,1,ACTIVE,4,6,5
1458,13140,9:29:30,0,141.00,0,234.2800,13.4000,22.5000,6.7000,1,ACTIVE,4,6,5
1458,13141,9:30:00,0,158.00,0,247.4400,12.6000,24.0000,8.3200,1,ACTIVE,4,6,5
1458,13142,9:30:30,0,115.00,0,451.7200,16.6000,45.1000,18.5000,1,ACTIVE,4,6,5
1458,13143,9:31:00,0,141.00,0,409.5200,16.6000,40.4000,17.0000,1,ACTIVE,4,6,5
1458,13144,9:31:30,0,42.00,0,136.6800,10.1000,12.8000,1.7900,1,ACTIVE,4,6,5
1458,13145,9:32:00,0,86.00,0,115.0700,10.6000,10.3000,1.1300,1,ACTIVE,4,6,5
1458,13146,9:32:30,0,80.00,0,198.3800,11.8000,18.9000,5.8800,1,ACTIVE,4,6,5
1458,13147,9:33:00,0,77.00,0,258.8100,13.1000,25.1000,9.0700,1,ACTIVE,4,6,5
1458,13148,9:33:30,0,147.00,0,134.2100,10.1000,12.3000,3.9000,1,ACTIVE,4,6,5
1458,13149,9:34:00,0,68.00,0,326.5300,15.3000,31.9000,12.6000,1,ACTIVE,4,6,5
1458,13150,9:34:30,0,106.00,0,291.3200,12.6000,28.6000,12.0000,1,ACTIVE,4,6,5
1458,13151,9:35:00,0,100.00,0,171.5900,8.3200,16.6000,6.8500,1,ACTIVE,4,6,5
1458,13152,9:35:30,0,106.00,0,297.1900,9.0700,29.9000,14.3000,1,ACTIVE,4,6,5
1458,13153,9:36:00,0,106.00,0,200.0700,6.0100,20.2000,8.8800,1,ACTIVE,4,6,5
1458,13154,9:36:30,0,110.00,0,164.6200,5.1700,16.6000,6.8500,1,ACTIVE,4,6,5
1458,13155,9:37:00,0,158.00,0,146.1200,6.8500,14.3000,5.2800,1,ACTIVE,4,6,5
1458,13156,9:37:30,0,83.00,0,147.9600,5.2800,14.9000,5.0600,1,ACTIVE,4,6,5
1458,13157,9:38:00,0,421.00,0,94.8000,3.0700,9.6800,2.9400,1,ACTIVE,4,6,5
1458,13158,9:38:30,0,152.00,0,196.8800,7.4700,19.4000,9.8900,1,ACTIVE,4,6,5
1458,13159,9:39:00,0,315.00,0,134.4100,9.6800,12.3000,4.9500,1,ACTIVE,4,6,5
1458,13160,9:39:30,0,243.00,0,161.8000,13.1000,14.6000,4.4400,1,ACTIVE,4,6,5
1458,13161,9:40:00,0,545.00,0,209.0000,7.8000,20.7000,9.8900,1,ACTIVE,4,6,5
1458,13162,9:40:30,0,450.00,0,0.1400,0.0583,0.0000,0.0059,1,ACTIVE,4,6,5
1458,13163,9:41:00,0,286.00,0,2.1800,0.6180,0.0880,0.0412,1,ACTIVE,4,6,5
1458,13164,9:41:30,0,286.00,0,19.7600,6.1400,0.6740,0.2490,1,ACTIVE,4,6,5
1458,13165,9:42:00,0,243.00,0,34.6000,13.4000,0.5430,0.2090,1,ACTIVE,4,6,5
1458,13166,9:42:30,0,348.00,0,20.7000,7.8000,0.3840,0.0981,1,ACTIVE,4,6,5
1458,13167,9:43:00,0,371.00,0,63.8000,22.5000,1.5400,0.4980,1,ACTIVE,4,6,5
1458,13168,9:43:30,0,259.00,0,19.6800,6.0100,0.6740,0.4470,1,ACTIVE,4,6,5
1458,13169,9:44:00,0,220.00,0,23.2800,8.1400,0.5790,0.1960,1,ACTIVE,4,6,5
1458,13170,9:44:30,0,199.00,0,1.3300,0.2380,0.0880,0.0292,1,ACTIVE,4,6,5
1458,13171,9:45:00,0,163.00,0,2.9800,0.4770,0.2090,0.0880,1,ACTIVE,4,6,5
1458,13172,9:45:30,0,96.00,0,3.5000,0.7040,0.2090,0.0981,1,ACTIVE,4,6,5
1458,13173,9:46:00,0,77.00,0,3.8800,0.5920,0.2770,0.1300,1,ACTIVE,4,6,5
1458,13174,9:46:30,0,93.00,0,0.6700,0.2330,0.0173,0.0059,1,ACTIVE,4,6,5
1458,13175,9:47:00,0,147.00,0,1.6900,0.2050,0.1390,0.0206,1,ACTIVE,4,6,5
1458,13176,9:47:30,0,39.00,0,1.2000,0.1800,0.0880,0.0292,1,ACTIVE,4,6,5
1458,13177,9:48:00,0,50.00,0,5.9000,0.5790,0.5090,0.1510,1,ACTIVE,4,6,5
1458,13178,9:48:30,0,103.00,0,2.5800,0.4570,0.1760,0.0256,1,ACTIVE,4,6,5
1458,13179,9:49:00,0,100.00,0,1.6200,0.3680,0.0880,0.0292,1,ACTIVE,4,6,5
1458,13180,9:49:30,0,174.00,0,10.7300,3.9800,0.2090,0.0880,1,ACTIVE,4,6,5
1458,13181,9:50:00,0,186.00,0,6.8000,2.4200,0.1580,0.0650,1,ACTIVE,4,6,5
1458,13182,9:50:30,0,259.00,0,0.4500,0.1300,0.0173,0.0059,1,ACTIVE,4,6,5
1458,13183,9:51:00,0,3.00,0,0.1200,0.0042,0.0125,0.0000,1,ACTIVE,4,6,5
1458,13184,9:51:30,0,315.00,0,0.0100,0.0049,0.0000,0.0000,1,ACTIVE,4,6,5
1458,13185,9:52:00,0,359.00,0,0.0100,0.0049,0.0000,0.0000,1,ACTIVE,4,6,5
1458,13186,9:52:30,0,228.00,0,0.0100,0.0049,0.0000,0.0000,1,ACTIVE,4,6,5
1458,13187,9:53:00,0,70.00,0,0.0100,0.0049,0.0000,0.0000,1,ACTIVE,4,6,5
1458,13188,9:53:30,0,32.00,0,0.5500,0.1760,0.0173,0.0059,1,ACTIVE,4,6,5
1458,13189,9:54:00,0,83.00,0,2.8100,0.6180,0.1580,0.0523,1,ACTIVE,4,6,5
1458,13190,9:54:30,0,55.00,0,19.7800,7.8000,0.2770,0.1050,1,ACTIVE,4,6,5
1458,13191,9:55:00,0,168.00,0,14.1400,5.3900,0.2440,0.0756,1,ACTIVE,4,6,5
1458,13192,9:55:30,0,251.00,0,3.6800,0.7850,0.2090,0.0981,1,ACTIVE,4,6,5
1458,13193,9:56:00,0,326.00,0,0.5100,0.1580,0.0173,0.0059,1,ACTIVE,4,6,5
1458,13194,9:56:30,0,259.00,0,0.6400,0.2140,0.0173,0.0173,1,ACTIVE,4,6,5
1458,13195,9:57:00,0,337.00,0,1.3000,0.3680,0.0523,0.0292,1,ACTIVE,4,6,5
1458,13196,9:57:30,0,408.00,0,1.3100,0.2280,0.0880,0.0292,1,ACTIVE,4,6,5
1458,13197,9:58:00,0,235.00,0,1.1200,0.2840,0.0523,0.0292,1,ACTIVE,4,6,5
1458,13198,9:58:30,0,235.00,0,2.1700,0.6180,0.0880,0.0292,1,ACTIVE,4,6,5
1458,13199,9:59:00,0,235.00,0,2.1500,0.7510,0.0523,0.0292,1,ACTIVE,4,6,5
1458,13200,9:59:30,0,337.00,0,0.7800,0.2840,0.0173,0.0059,1,ACTIVE,4,6,5
1458,13201,10:00:00,0,337.00,0,0.6300,0.2140,0.0173,0.0059,1,ACTIVE,4,6,5
1458,13202,10:00:30,0,315.00,0,0.7500,0.2600,0.0173,0.0173,1,ACTIVE,4,6,5
1458,13203,10:01:00,0,220.00,0,1.2400,0.3450,0.0523,0.0173,1,ACTIVE,4,6,5
1458,13204,10:01:30,0,186.00,0,1.8300,0.4670,0.0880,0.0292,1,ACTIVE,4,6,5
1458,13205,10:02:00,0,193.00,0,1.2000,0.3230,0.0523,0.0292,1,ACTIVE,4,6,5
1458,13206,10:02:30,0,243.00,0,1.1900,0.3160,0.0523,0.0292,1,ACTIVE,4,6,5
1458,13207,10:03:00,0,251.00,0,2.1000,0.5790,0.0880,0.0412,1,ACTIVE,4,6,5
1458,13208,10:03:30,0,103.00,0,0.9500,0.2140,0.0523,0.0173,1,ACTIVE,4,6,5
1458,13209,10:04:00,0,124.00,0,2.0800,0.3370,0.1510,0.0115,1,ACTIVE,4,6,5
1458,13210,10:04:30,0,27.00,0,118.6700,6.1400,11.5000,3.9000,1,ACTIVE,4,6,5
1458,13211,10:05:00,0,31.00,0,157.6600,7.9700,15.3000,5.8800,1,ACTIVE,4,6,5
1458,13212,10:05:30,0,212.00,0,157.4200,8.3200,15.3000,4.9500,1,ACTIVE,4,6,5
1458,13213,10:06:00,0,106.00,0,24.5400,1.7900,2.2700,0.6600,1,ACTIVE,4,6,5
1458,13214,10:06:30,0,251.00,0,10269.92,532.0000,998.0000,324.0000,1,ACTIVE,4,6,5
1458,13215,10:07:00,0,326.00,0,36.4500,5.1700,2.7600,0.8200,1,ACTIVE,4,6,5
1458,13216,10:07:30,0,268.00,0,0.6300,0.2140,0.0173,0.0059,1,ACTIVE,4,6,5
1458,13217,10:08:00,0,268.00,0,19.5000,5.6300,0.7680,0.2960,1,ACTIVE,4,6,5
1458,13218,10:08:30,0,243.00,0,29.2900,11.3000,0.4770,0.1960,1,ACTIVE,4,6,5
1458,13219,10:09:00,0,199.00,0,47.5100,18.1000,0.8020,0.3520,1,ACTIVE,4,6,5
1458,13220,10:09:30,0,348.00,0,1.1000,0.4190,0.0173,0.0173,1,ACTIVE,4,6,5
1458,13221,10:10:00,0,128.00,0,14.7600,5.8800,0.1920,0.0650,1,ACTIVE,4,6,5
1458,13222,10:10:30,0,147.00,0,3.3400,0.7200,0.1920,0.0650,1,ACTIVE,4,6,5
1458,13223,10:11:00,0,115.00,0,2.0500,0.4190,0.1220,0.0523,1,ACTIVE,4,6,5
1458,13224,10:11:30,0,96.00,0,1.8100,0.3160,0.1220,0.0412,1,ACTIVE,4,6,5
1458,13225,10:12:00,0,137.00,0,12.9300,1.4700,1.0600,0.3370,1,ACTIVE,4,6,5
1458,13226,10:12:30,0,212.00,0,17.5900,6.1400,0.4370,0.1650,1,ACTIVE,4,6,5
1458,13227,10:13:00,0,106.00,0,4.1600,0.5670,0.3160,0.1300,1,ACTIVE,4,6,5
1458,13228,10:13:30,0,193.00,0,2.9000,0.4370,0.2090,0.0880,1,ACTIVE,4,6,5
1458,13229,10:14:00,0,119.00,0,8.4200,0.8750,0.7040,0.2960,1,ACTIVE,4,6,5
1458,13230,10:14:30,0,295.00,0,4.9300,1.8700,0.0880,0.0292,1,ACTIVE,4,6,5
1458,13231,10:15:00,0,212.00,0,16.5000,6.1400,0.3160,0.1390,1,ACTIVE,4,6,5
1458,13232,10:15:30,0,259.00,0,25.7400,10.3000,0.3160,0.1300,1,ACTIVE,4,6,5
1458,13233,10:16:00,0,326.00,0,10.8500,4.2500,0.1580,0.0650,1,ACTIVE,4,6,5
1458,13234,10:16:30,0,235.00,0,0.5500,0.1760,0.0173,0.0059,1,ACTIVE,4,6,5
1458,13235,10:17:00,0,96.00,0,0.4100,0.1120,0.0173,0.0059,1,ACTIVE,4,6,5
1458,13236,10:17:30,0,193.00,0,0.3700,0.0939,0.0173,0.0059,1,ACTIVE,4,6,5
1458,13237,10:18:00,0,86.00,0,0.3500,0.0861,0.0173,0.0059,1,ACTIVE,4,6,5
1458,13238,10:18:30,0,128.00,0,0.3100,0.0679,0.0173,0.0059,1,ACTIVE,4,6,5
1458,13239,10:19:00,0,212.00,0,0.3500,0.0861,0.0173,0.0059,1,ACTIVE,4,6,5
1458,13240,10:19:30,0,48.00,0,0.5100,0.1580,0.0173,0.0059,1,ACTIVE,4,6,5
1458,13241,10:20:00,0,147.00,0,0.4200,0.1190,0.0173,0.0059,1,ACTIVE,4,6,5
1458,13242,10:20:30,0,277.00,0,0.3800,0.1020,0.0173,0.0059,1,ACTIVE,4,6,5
1458,13243,10:21:00,0,259.00,0,0.3500,0.0861,0.0173,0.0059,1,ACTIVE,4,6,5
1458,13244,10:21:30,0,220.00,0,0.5100,0.1580,0.0173,0.0059,1,ACTIVE,4,6,5
1458,13245,10:22:00,0,106.00,0,0.5100,0.1580,0.0173,0.0059,1,ACTIVE,4,6,5
1458,13246,10:22:30,0,59.00,0,0.3700,0.0939,0.0173,0.0059,1,ACTIVE,4,6,5
1458,13247,10:23:00,0,206.00,0,0.3800,0.1020,0.0173,0.0059,1,ACTIVE,4,6,5
1458,13248,10:23:30,0,115.00,0,0.4100,0.1120,0.0173,0.0059,1,ACTIVE,4,6,5
1458,13249,10:24:00,0,115.00,0,0.3500,0.0861,0.0173,0.0059,1,ACTIVE,4,6,5
1458,13250,10:24:30,0,186.00,0,0.6100,0.2050,0.0173,0.0059,1,ACTIVE,4,6,5
1458,13251,10:25:00,0,168.00,0,0.5100,0.1580,0.0173,0.0059,1,ACTIVE,4,6,5
1458,13252,10:25:30,0,251.00,0,0.6300,0.2140,0.0173,0.0059,1,ACTIVE,4,6,5
1458,13253,10:26:00,0,206.00,0,0.7200,0.2540,0.0173,0.0059,1,ACTIVE,4,6,5
1458,13254,10:26:30,0,259.00,0,0.5900,0.1960,0.0173,0.0059,1,ACTIVE,4,6,5
1458,13255,10:27:00,0,80.00,0,0.7300,0.2600,0.0173,0.0059,1,ACTIVE,4,6,5
1458,13256,10:27:30,0,137.00,0,0.8700,0.3230,0.0173,0.0059,1,ACTIVE,4,6,5
1458,13257,10:28:00,0,220.00,0,0.5600,0.1840,0.0173,0.0059,1,ACTIVE,4,6,5
1458,13258,10:28:30,0,305.00,0,0.4500,0.1300,0.0173,0.0059,1,ACTIVE,4,6,5
1458,13259,10:29:00,0,212.00,0,0.5200,0.1650,0.0173,0.0059,1,ACTIVE,4,6,5
1458,13260,10:29:30,0,163.00,0,0.5100,0.1580,0.0173,0.0059,1,ACTIVE,4,6,5
1458,13261,10:30:00,0,141.00,0,0.3000,0.0861,0.0125,0.0000,1,ACTIVE,4,6,5
1458,13262,10:30:30,0,199.00,0,0.4100,0.1120,0.0173,0.0059,1,ACTIVE,4,6,5
1458,13263,10:31:00,0,286.00,0,0.2900,0.0596,0.0173,0.0059,1,ACTIVE,4,6,5
1458,13264,10:31:30,0,186.00,0,0.3700,0.0939,0.0173,0.0059,1,ACTIVE,4,6,5
1458,13265,10:32:00,0,228.00,0,0.3700,0.0939,0.0173,0.0059,1,ACTIVE,4,6,5
1458,13266,10:32:30,0,163.00,0,0.3700,0.0939,0.0173,0.0059,1,ACTIVE,4,6,5
1458,13267,10:33:00,0,268.00,0,0.2200,0.0981,0.0000,0.0000,1,ACTIVE,4,6,5
1458,13268,10:33:30,0,220.00,0,0.3700,0.0939,0.0173,0.0059,1,ACTIVE,4,6,5
1458,13269,10:34:00,0,179.00,0,0.3300,0.0773,0.0173,0.0059,1,ACTIVE,4,6,5
1458,13270,10:34:30,0,326.00,0,0.1300,0.0583,0.0000,0.0000,1,ACTIVE,4,6,5
1458,13271,10:35:00,0,383.00,0,0.1600,0.0679,0.0000,0.0059,1,ACTIVE,4,6,5
1458,13272,10:35:30,0,305.00,0,0.2200,0.0512,0.0125,0.0000,1,ACTIVE,4,6,5
1458,13273,10:36:00,0,337.00,0,66.6500,26.8000,0.8020,0.3600,1,ACTIVE,4,6,5
1458,13274,10:36:30,0,147.00,0,63.7800,26.2000,0.6320,0.2600,1,ACTIVE,4,6,5
1458,13275,10:37:00,0,206.00,0,9.2000,3.3500,0.1920,0.1050,1,ACTIVE,4,6,5
1458,13276,10:37:30,0,295.00,0,31.2800,12.8000,0.3160,0.1390,1,ACTIVE,4,6,5
1458,13277,10:38:00,0,251.00,0,34.9600,13.7000,0.5090,0.2230,1,ACTIVE,4,6,5
1458,13278,10:38:30,0,295.00,0,11711.17,676.0000,1110.000,438.0000,1,ACTIVE,4,6,5
1458,13279,10:39:00,0,179.00,0,16429.48,1040.000,1540.000,593.0000,1,ACTIVE,4,6,5
1458,13280,10:39:30,0,100.00,0,17770.12,1210.000,1640.000,647.0000,1,ACTIVE,4,6,5
1458,13281,10:40:00,0,163.00,0,5541.580,429.0000,499.0000,205.0000,1,ACTIVE,4,6,5
1458,13282,10:40:30,0,179.00,0,5629.470,377.0000,521.0000,214.0000,1,ACTIVE,4,6,5
1458,13283,10:41:00,0,158.00,0,1529.530,152.0000,130.0000,49.1000,1,ACTIVE,4,6,5
1458,13284,10:41:30,0,206.00,0,0.1800,0.0339,0.0125,0.0000,1,ACTIVE,4,6,5
1458,13285,10:42:00,0,46.00,0,0.2200,0.0512,0.0125,0.0000,1,ACTIVE,4,6,5
1458,13286,10:42:30,0,50.00,0,0.3300,0.0773,0.0173,0.0059,1,ACTIVE,4,6,5
1458,13287,10:43:00,0,32.00,0,0.2800,0.0773,0.0125,0.0000,1,ACTIVE,4,6,5
1458,13288,10:43:30,0,174.00,0,0.2700,0.0512,0.0173,0.0059,1,ACTIVE,4,6,5
1458,13289,10:44:00,0,158.00,0,0.2400,0.0596,0.0125,0.0000,1,ACTIVE,4,6,5
1458,13290,10:44:30,0,147.00,0,0.2400,0.0596,0.0125,0.0000,1,ACTIVE,4,6,5
1458,13291,10:45:00,0,73.00,0,0.3300,0.0773,0.0173,0.0059,1,ACTIVE,4,6,5
1458,13292,10:45:30,0,141.00,0,0.4500,0.1300,0.0173,0.0059,1,ACTIVE,4,6,5
1458,13293,10:46:00,0,124.00,0,0.3700,0.0939,0.0173,0.0059,1,ACTIVE,4,6,5
1458,13294,10:46:30,0,68.00,0,0.2400,0.0596,0.0125,0.0000,1,ACTIVE,4,6,5
1458,13295,10:47:00,0,141.00,0,0.3100,0.0679,0.0173,0.0059,1,ACTIVE,4,6,5
1458,13296,10:47:30,0,103.00,0,0.1700,0.0256,0.0125,0.0000,1,ACTIVE,4,6,5
1458,13297,10:48:00,0,179.00,0,0.0600,0.0292,0.0000,0.0000,1,ACTIVE,4,6,5
1458,13298,10:48:30,0,220.00,0,0.2700,0.0512,0.0173,0.0059,1,ACTIVE,4,6,5
1458,13299,10:49:00,0,110.00,0,0.2200,0.0512,0.0125,0.0000,1,ACTIVE,4,6,5
1458,13300,10:49:30,0,147.00,0,0.2800,0.0773,0.0125,0.0000,1,ACTIVE,4,6,5
1458,13301,10:50:00,0,141.00,0,0.2000,0.0431,0.0125,0.0000,1,ACTIVE,4,6,5
1458,13302,10:50:30,0,152.00,0,0.2000,0.0431,0.0125,0.0000,1,ACTIVE,4,6,5
1458,13303,10:51:00,0,174.00,0,0.1400,0.0583,0.0000,0.0059,1,ACTIVE,4,6,5
1458,13304,10:51:30,0,168.00,0,0.2900,0.0596,0.0173,0.0059,1,ACTIVE,4,6,5
1458,13305,10:52:00,0,53.00,0,0.2700,0.0512,0.0173,0.0059,1,ACTIVE,4,6,5
1458,13306,10:52:30,0,20.00,0,0.2400,0.0596,0.0125,0.0000,1,ACTIVE,4,6,5
1458,13307,10:53:00,0,103.00,0,0.2400,0.0596,0.0125,0.0000,1,ACTIVE,4,6,5
1458,13308,10:53:30,0,100.00,0,0.2700,0.0512,0.0173,0.0059,1,ACTIVE,4,6,5
1458,13309,10:54:00,0,34.00,0,0.2200,0.0512,0.0125,0.0000,1,ACTIVE,4,6,5
1458,13310,10:54:30,0,119.00,0,0.4200,0.1190,0.0173,0.0059,1,ACTIVE,4,6,5
1458,13311,10:55:00,0,83.00,0,0.3100,0.0679,0.0173,0.0059,1,ACTIVE,4,6,5
1458,13312,10:55:30,0,106.00,0,0.2900,0.0596,0.0173,0.0059,1,ACTIVE,4,6,5
1458,13313,10:56:00,0,73.00,0,0.2900,0.0596,0.0173,0.0059,1,ACTIVE,4,6,5
1458,13314,10:56:30,0,61.00,0,0.3700,0.0939,0.0173,0.0059,1,ACTIVE,4,6,5
1458,13315,10:57:00,0,141.00,0,0.2200,0.0512,0.0125,0.0000,1,ACTIVE,4,6,5
1458,13316,10:57:30,0,168.00,0,0.2900,0.0596,0.0173,0.0059,1,ACTIVE,4,6,5
1458,13317,10:58:00,0,115.00,0,0.3100,0.0679,0.0173,0.0059,1,ACTIVE,4,6,5
1458,13318,10:58:30,0,286.00,0,0.2000,0.0431,0.0125,0.0000,1,ACTIVE,4,6,5
1458,13319,10:59:00,0,206.00,0,0.2700,0.0512,0.0173,0.0059,1,ACTIVE,4,6,5
1458,13320,10:59:30,0,39.00,0,0.3500,0.0861,0.0173,0.0059,1,ACTIVE,4,6,5
1458,13321,11:00:00,0,137.00,0,0.3300,0.0773,0.0173,0.0059,1,ACTIVE,4,6,5
1458,13322,11:00:30,0,199.00,0,0.2700,0.0512,0.0173,0.0059,1,ACTIVE,4,6,5
1458,13323,11:01:00,0,106.00,0,0.3700,0.0939,0.0173,0.0059,1,ACTIVE,4,6,5
1458,13324,11:01:30,0,259.00,0,0.3100,0.0679,0.0173,0.0059,1,ACTIVE,4,6,5
1458,13325,11:02:00,0,53.00,0,0.2500,0.0431,0.0173,0.0059,1,ACTIVE,4,6,5
1458,13326,11:02:30,0,86.00,0,0.2700,0.0512,0.0173,0.0059,1,ACTIVE,4,6,5
1458,13327,11:03:00,0,93.00,0,0.2700,0.0512,0.0173,0.0059,1,ACTIVE,4,6,5
1458,13328,11:03:30,0,2.00,0,0.2700,0.0512,0.0173,0.0059,1,ACTIVE,4,6,5
1458,13329,11:04:00,0,33.00,0,0.2700,0.0512,0.0173,0.0059,1,ACTIVE,4,6,5
1458,13330,11:04:30,0,73.00,0,0.2700,0.0512,0.0173,0.0059,1,ACTIVE,4,6,5
1458,13331,11:05:00,0,53.00,0,0.3100,0.0679,0.0173,0.0059,1,ACTIVE,4,6,5
1458,13332,11:05:30,0,55.00,0,0.3500,0.0861,0.0173,0.0059,1,ACTIVE,4,6,5
1458,13333,11:06:00,0,228.00,0,0.3300,0.0773,0.0173,0.0059,1,ACTIVE,4,6,5
1458,13334,11:06:30,0,326.00,0,0.2700,0.0512,0.0173,0.0059,1,ACTIVE,4,6,5
1458,13335,11:07:00,0,132.00,0,0.2700,0.0512,0.0173,0.0059,1,ACTIVE,4,6,5
1458,13336,11:07:30,0,128.00,0,0.2900,0.0596,0.0173,0.0059,1,ACTIVE,4,6,5
1458,13337,11:08:00,0,44.00,0,0.2700,0.0512,0.0173,0.0059,1,ACTIVE,4,6,5
1458,13338,11:08:30,0,186.00,0,0.2300,0.0339,0.0173,0.0059,1,ACTIVE,4,6,5
1458,13339,11:09:00,0,44.00,0,0.1700,0.0042,0.0173,0.0059,1,ACTIVE,4,6,5
1458,13340,11:09:30,0,179.00,0,0.2900,0.0596,0.0173,0.0059,1,ACTIVE,4,6,5
1458,13341,11:10:00,0,20.00,0,0.1900,0.0128,0.0173,0.0059,1,ACTIVE,4,6,5
1458,13342,11:10:30,0,100.00,0,0.1900,0.0128,0.0173,0.0059,1,ACTIVE,4,6,5
1458,13343,11:11:00,0,163.00,0,0.3100,0.0679,0.0173,0.0059,1,ACTIVE,4,6,5
1458,13344,11:11:30,0,174.00,0,0.3300,0.0773,0.0173,0.0059,1,ACTIVE,4,6,5
1458,13345,11:12:00,0,383.00,0,0.2500,0.0431,0.0173,0.0059,1,ACTIVE,4,6,5
1458,13346,11:12:30,0,163.00,0,0.2300,0.0339,0.0173,0.0059,1,ACTIVE,4,6,5
1458,13347,11:13:00,0,100.00,0,0.1900,0.0128,0.0173,0.0059,1,ACTIVE,4,6,5
1458,13348,11:13:30,0,179.00,0,0.2300,0.0339,0.0173,0.0059,1,ACTIVE,4,6,5
1458,13349,11:14:00,0,128.00,0,0.2300,0.0339,0.0173,0.0059,1,ACTIVE,4,6,5
1458,13350,11:14:30,0,32.00,0,0.1900,0.0128,0.0173,0.0059,1,ACTIVE,4,6,5
1458,13351,11:15:00,0,168.00,0,0.2100,0.0256,0.0173,0.0059,1,ACTIVE,4,6,5
1458,13352,11:15:30,0,141.00,0,0.2500,0.0431,0.0173,0.0059,1,ACTIVE,4,6,5
1458,13353,11:16:00,0,73.00,0,0.1900,0.0128,0.0173,0.0059,1,ACTIVE,4,6,5
1458,13354,11:16:30,0,86.00,0,0.1700,0.0042,0.0173,0.0059,1,ACTIVE,4,6,5
1458,13355,11:17:00,0,80.00,0,0.3300,0.0773,0.0173,0.0059,1,ACTIVE,4,6,5
1458,13356,11:17:30,0,212.00,0,0.2900,0.0596,0.0173,0.0059,1,ACTIVE,4,6,5
1458,13357,11:18:00,0,106.00,0,0.3700,0.0939,0.0173,0.0059,1,ACTIVE,4,6,5
1458,13358,11:18:30,0,70.00,0,0.1900,0.0128,0.0173,0.0059,1,ACTIVE,4,6,5
1458,13359,11:19:00,0,32.00,0,0.1700,0.0042,0.0173,0.0059,1,ACTIVE,4,6,5
1458,13360,11:19:30,0,80.00,0,0.1700,0.0042,0.0173,0.0059,1,ACTIVE,4,6,5
1458,13361,11:20:00,0,59.00,0,0.1700,0.0042,0.0173,0.0059,1,ACTIVE,4,6,5
1458,13362,11:20:30,0,46.00,0,0.1700,0.0042,0.0173,0.0059,1,ACTIVE,4,6,5
1458,13363,11:21:00,0,103.00,0,0.1900,0.0128,0.0173,0.0059,1,ACTIVE,4,6,5
1458,13364,11:21:30,0,11.00,0,0.1700,0.0042,0.0173,0.0059,1,ACTIVE,4,6,5
1458,13365,11:22:00,0,168.00,0,0.2900,0.0596,0.0173,0.0059,1,ACTIVE,4,6,5
1458,13366,11:22:30,0,286.00,0,0.2500,0.0431,0.0173,0.0059,1,ACTIVE,4,6,5
1458,13367,11:23:00,0,359.00,0,0.3100,0.0679,0.0173,0.0059,1,ACTIVE,4,6,5
1458,13368,11:23:30,0,315.00,0,1.0400,0.4010,0.0173,0.0059,1,ACTIVE,4,6,5
1458,13369,11:24:00,0,371.00,0,108.7900,43.2000,1.4700,0.4770,1,ACTIVE,4,6,5
1458,13370,11:24:30,0,315.00,0,109.9700,43.2000,1.5700,0.7680,1,ACTIVE,4,6,5
1458,13371,11:25:00,0,212.00,0,4.7500,1.6400,0.1220,0.0523,1,ACTIVE,4,6,5
1458,13372,11:25:30,0,220.00,0,7.1900,1.7900,0.3520,0.1390,1,ACTIVE,4,6,5
1458,13373,11:26:00,0,286.00,0,12.7500,4.1600,0.3840,0.1760,1,ACTIVE,4,6,5
1458,13374,11:26:30,0,55.00,0,17.5700,2.8800,1.2100,0.5550,1,ACTIVE,4,6,5
1458,13375,11:27:00,0,86.00,0,45.7400,14.6000,1.4700,0.5200,1,ACTIVE,4,6,5
1458,13376,11:27:30,0,7.00,0,8.1600,2.5300,0.2770,0.1300,1,ACTIVE,4,6,5
1458,13377,11:28:00,0,37.00,0,57.4600,18.5000,1.7500,1.0600,1,ACTIVE,4,6,5
1458,13378,11:28:30,0,33.00,0,77.2900,28.0000,1.6700,0.7040,1,ACTIVE,4,6,5
1458,13379,11:29:00,0,63.00,0,36.3500,13.4000,0.7350,0.2720,1,ACTIVE,4,6,5
1458,13380,11:29:30,0,61.00,0,116.8100,27.4000,6.1400,2.2700,1,ACTIVE,4,6,5
1458,13381,11:30:00,0,115.00,0,190.8500,58.4000,6.5600,3.9000,1,ACTIVE,4,6,5
1458,13382,11:30:30,0,15.00,0,5.0800,0.8370,0.3520,0.1300,1,ACTIVE,4,6,5
1458,13383,11:31:00,0,12.00,0,4.0300,0.6740,0.2770,0.1050,1,ACTIVE,4,6,5
1458,13384,11:31:30,0,3.00,0,4.1700,0.7350,0.2770,0.1050,1,ACTIVE,4,6,5
1458,13385,11:32:00,0,110.00,0,3.1800,0.7850,0.1580,0.0523,1,ACTIVE,4,6,5
1458,13386,11:32:30,0,119.00,0,3.0100,0.9130,0.1120,0.0162,1,ACTIVE,4,6,5
1458,13387,11:33:00,0,106.00,0,3.8500,1.0900,0.1580,0.0650,1,ACTIVE,4,6,5
1458,13388,11:33:30,0,23.00,0,3.7900,1.0600,0.1580,0.0523,1,ACTIVE,4,6,5
1458,13389,11:34:00,0,147.00,0,2.7800,1.0400,0.0523,0.0173,1,ACTIVE,4,6,5
1458,13390,11:34:30,0,186.00,0,44.8100,18.1000,0.5090,0.2280,1,ACTIVE,4,6,5
1458,13391,11:35:00,0,259.00,0,20.7100,8.5000,0.2090,0.0756,1,ACTIVE,4,6,5
1458,13392,11:35:30,0,193.00,0,24.2800,9.6800,0.3160,0.1050,1,ACTIVE,4,6,5
1458,13393,11:36:00,0,179.00,0,0.2500,0.0431,0.0173,0.0059,1,ACTIVE,4,6,5
1458,13394,11:36:30,0,286.00,0,0.1900,0.0128,0.0173,0.0059,1,ACTIVE,4,6,5
1458,13395,11:37:00,0,337.00,0,0.1900,0.0128,0.0173,0.0059,1,ACTIVE,4,6,5
1458,13396,11:37:30,0,206.00,0,0.1400,0.0128,0.0125,0.0000,1,ACTIVE,4,6,5
1458,13397,11:38:00,0,119.00,0,0.2100,0.0256,0.0173,0.0059,1,ACTIVE,4,6,5
1458,13398,11:38:30,0,251.00,0,0.2500,0.0431,0.0173,0.0059,1,ACTIVE,4,6,5
1458,13399,11:39:00,0,251.00,0,0.2700,0.0512,0.0173,0.0059,1,ACTIVE,4,6,5
1458,13400,11:39:30,0,371.00,0,0.2300,0.0339,0.0173,0.0059,1,ACTIVE,4,6,5
1458,13401,11:40:00,0,286.00,0,0.2500,0.0431,0.0173,0.0059,1,ACTIVE,4,6,5
1458,13402,11:40:30,0,337.00,0,0.3300,0.0773,0.0173,0.0059,1,ACTIVE,4,6,5
1458,13403,11:41:00,0,259.00,0,0.2300,0.0339,0.0173,0.0059,1,ACTIVE,4,6,5
1458,13404,11:41:30,0,4.00,0,0.2100,0.0256,0.0173,0.0059,1,ACTIVE,4,6,5
1458,13405,11:42:00,0,193.00,0,0.2300,0.0339,0.0173,0.0059,1,ACTIVE,4,6,5
1458,13406,11:42:30,0,212.00,0,0.2300,0.0339,0.0173,0.0059,1,ACTIVE,4,6,5
1458,13407,11:43:00,0,348.00,0,0.2100,0.0256,0.0173,0.0059,1,ACTIVE,4,6,5
1458,13408,11:43:30,0,235.00,0,0.2300,0.0339,0.0173,0.0059,1,ACTIVE,4,6,5
1458,13409,11:44:00,0,235.00,0,0.2300,0.0339,0.0173,0.0059,1,ACTIVE,4,6,5
1458,13410,11:44:30,0,268.00,0,0.2300,0.0339,0.0173,0.0059,1,ACTIVE,4,6,5
1458,13411,11:45:00,0,326.00,0,0.2700,0.0512,0.0173,0.0059,1,ACTIVE,4,6,5
1458,13412,11:45:30,0,243.00,0,0.2900,0.0596,0.0173,0.0059,1,ACTIVE,4,6,5
1458,13413,11:46:00,0,147.00,0,0.3500,0.0861,0.0173,0.0059,1,ACTIVE,4,6,5
1458,13414,11:46:30,0,228.00,0,0.3100,0.0679,0.0173,0.0059,1,ACTIVE,4,6,5
1458,13415,11:47:00,0,50.00,0,0.3500,0.0861,0.0173,0.0059,1,ACTIVE,4,6,5
1458,13416,11:47:30,0,25.00,0,0.3500,0.0861,0.0173,0.0059,1,ACTIVE,4,6,5
1458,13417,11:48:00,0,100.00,0,0.3700,0.0939,0.0173,0.0059,1,ACTIVE,4,6,5
1458,13418,11:48:30,0,55.00,0,0.4500,0.1300,0.0173,0.0059,1,ACTIVE,4,6,5
1458,13419,11:49:00,0,5.00,0,0.2100,0.0256,0.0173,0.0059,1,ACTIVE,4,6,5
1458,13420,11:49:30,0,1.00,0,0.2300,0.0339,0.0173,0.0059,0,ACTIVE,4,6,5
1458,13421,11:50:00,0,0.00,0,0.2300,0.0339,0.0173,0.0059,0,ACTIVE,4,6,5
1458,13422,11:50:30,0,14.00,0,0.2300,0.0339,0.0173,0.0059,0,ACTIVE,4,6,5
1458,13423,11:51:00,0,1.00,0,0.2300,0.0339,0.0173,0.0059,0,ACTIVE,4,6,5
1458,13424,11:51:30,0,11.00,0,0.2300,0.0339,0.0173,0.0059,0,ACTIVE,4,6,5
1458,13425,11:52:00,0,0.00,0,0.2300,0.0339,0.0173,0.0059,0,ACTIVE,4,6,5
1458,13426,11:52:30,0,0.00,0,0.2300,0.0339,0.0173,0.0059,0,ACTIVE,4,6,5
1458,13427,11:53:00,0,3.00,0,0.2100,0.0256,0.0173,0.0059,0,ACTIVE,4,6,5
1458,13428,11:53:30,0,0.00,0,0.2100,0.0256,0.0173,0.0059,0,ACTIVE,4,6,5
1458,13429,11:54:00,0,0.00,0,0.2100,0.0256,0.0173,0.0059,0,ACTIVE,4,6,5
1458,13430,11:54:30,0,27.00,0,0.3500,0.0861,0.0173,0.0059,1,ACTIVE,4,6,5
1458,13431,11:55:00,0,7.00,0,0.3800,0.1020,0.0173,0.0059,0,ACTIVE,4,6,5
1458,13432,11:55:30,0,3.00,0,0.3800,0.1020,0.0173,0.0059,0,ACTIVE,4,6,5
1458,13433,11:56:00,0,0.00,0,0.3800,0.1020,0.0173,0.0059,0,ACTIVE,4,6,5
1458,13434,11:56:30,0,35.00,0,0.3800,0.1020,0.0173,0.0059,1,ACTIVE,4,6,5
1458,13435,11:57:00,0,21.00,0,0.3800,0.1020,0.0173,0.0059,1,ACTIVE,4,6,5
1458,13436,11:57:30,0,16.00,0,0.5100,0.1580,0.0173,0.0059,1,ACTIVE,4,6,5
1458,13437,11:58:00,0,59.00,0,0.3700,0.0939,0.0173,0.0059,1,ACTIVE,4,6,5
1458,13438,11:58:30,0,1.00,0,0.3800,0.1020,0.0173,0.0059,0,ACTIVE,4,6,5
1458,13439,11:59:00,0,33.00,0,0.3300,0.0773,0.0173,0.0059,1,ACTIVE,4,6,5
1458,13440,11:59:30,0,34.00,0,0.3500,0.0861,0.0173,0.0059,1,ACTIVE,4,6,5
1458,13441,12:00:00,0,57.00,0,0.3500,0.0861,0.0173,0.0059,1,ACTIVE,4,6,6
1458,13442,12:00:30,0,59.00,0,0.5100,0.1580,0.0173,0.0059,1,ACTIVE,4,6,6
1458,13443,12:01:00,0,24.00,0,0.5200,0.1650,0.0173,0.0059,1,ACTIVE,4,6,6
1458,13444,12:01:30,0,70.00,0,0.3700,0.0939,0.0173,0.0059,1,ACTIVE,4,6,6
1458,13445,12:02:00,0,186.00,0,0.2400,0.1070,0.0000,0.0059,1,ACTIVE,4,6,6
1458,13446,12:02:30,0,19.00,0,0.2900,0.0596,0.0173,0.0059,1,ACTIVE,4,6,6
1458,13447,12:03:00,0,19.00,0,0.2700,0.0512,0.0173,0.0059,1,ACTIVE,4,6,6
1458,13448,12:03:30,0,86.00,0,0.2700,0.0512,0.0173,0.0059,1,ACTIVE,4,6,6
1458,13449,12:04:00,0,93.00,0,0.2500,0.0431,0.0173,0.0059,1,ACTIVE,4,6,6
1458,13450,12:04:30,0,179.00,0,0.2900,0.0596,0.0173,0.0059,1,ACTIVE,4,6,6
1458,13451,12:05:00,0,63.00,0,0.2500,0.0431,0.0173,0.0059,1,ACTIVE,4,6,6
1458,13452,12:05:30,0,0.00,0,0.2500,0.0431,0.0173,0.0059,1,ACTIVE,4,6,6
1458,13453,12:06:00,0,53.00,0,0.2500,0.0431,0.0173,0.0059,1,ACTIVE,4,6,6
1458,13454,12:06:30,0,44.00,0,0.3100,0.0679,0.0173,0.0059,1,ACTIVE,4,6,6
1458,13455,12:07:00,0,5.00,0,0.2900,0.0596,0.0173,0.0059,1,ACTIVE,4,6,6
1458,13456,12:07:30,0,66.00,0,0.3100,0.0679,0.0173,0.0059,1,ACTIVE,4,6,6
1458,13457,12:08:00,0,93.00,0,0.3300,0.0773,0.0173,0.0059,1,ACTIVE,4,6,6
1458,13458,12:08:30,0,0.00,0,0.3300,0.0773,0.0173,0.0059,0,ACTIVE,4,6,6
1458,13459,12:09:00,0,1.00,0,0.3300,0.0773,0.0173,0.0059,0,ACTIVE,4,6,6
1458,13460,12:09:30,0,0.00,0,0.3300,0.0773,0.0173,0.0059,0,ACTIVE,4,6,6
1458,13461,12:10:00,0,0.00,0,0.3300,0.0773,0.0173,0.0059,0,ACTIVE,4,6,6
1458,13462,12:10:30,0,0.00,0,0.3300,0.0773,0.0173,0.0059,0,ACTIVE,4,6,6
1458,13463,12:11:00,0,0.00,0,0.3300,0.0773,0.0173,0.0059,0,ACTIVE,4,6,6
1458,13464,12:11:30,0,19.00,0,0.3100,0.0679,0.0173,0.0059,1,ACTIVE,4,6,6
1458,13465,12:12:00,0,55.00,0,0.2700,0.0512,0.0173,0.0059,1,ACTIVE,4,6,6
1458,13466,12:12:30,0,50.00,0,0.2100,0.0256,0.0173,0.0059,1,ACTIVE,4,6,6
1458,13467,12:13:00,0,26.00,0,0.1900,0.0128,0.0173,0.0059,1,ACTIVE,4,6,6
1458,13468,12:13:30,0,22.00,0,0.2900,0.0596,0.0173,0.0059,1,ACTIVE,4,6,6
1458,13469,12:14:00,0,14.00,0,0.2100,0.0256,0.0173,0.0059,1,ACTIVE,4,6,6
1458,13470,12:14:30,0,7.00,0,0.2100,0.0256,0.0173,0.0059,0,ACTIVE,4,6,6
1458,13471,12:15:00,0,16.00,0,0.2700,0.0512,0.0173,0.0059,1,ACTIVE,4,6,6
1458,13472,12:15:30,0,5.00,0,0.3500,0.0861,0.0173,0.0059,0,ACTIVE,4,6,6
1458,13473,12:16:00,0,11.00,0,0.4100,0.1120,0.0173,0.0059,0,ACTIVE,4,6,6
1458,13474,12:16:30,0,3.00,0,0.3800,0.1020,0.0173,0.0059,0,ACTIVE,4,6,6
1458,13475,12:17:00,0,0.00,0,0.3300,0.0773,0.0173,0.0059,0,ACTIVE,4,6,6
1458,13476,12:17:30,0,37.00,0,0.3700,0.0939,0.0173,0.0059,1,ACTIVE,4,6,6
1458,13477,12:18:00,0,16.00,0,0.2500,0.0431,0.0173,0.0059,1,ACTIVE,4,6,6
1458,13478,12:18:30,0,18.00,0,0.2300,0.0339,0.0173,0.0059,1,ACTIVE,4,6,6
1458,13479,12:19:00,0,19.00,0,0.2700,0.0512,0.0173,0.0059,1,ACTIVE,4,6,6
1458,13480,12:19:30,0,0.00,0,0.3700,0.0939,0.0173,0.0059,0,ACTIVE,4,6,6
1458,13481,12:20:00,0,5.00,0,0.3700,0.0939,0.0173,0.0059,0,ACTIVE,4,6,6
1458,13482,12:20:30,0,28.00,0,0.2700,0.0512,0.0173,0.0059,1,ACTIVE,4,6,6
1458,13483,12:21:00,0,39.00,0,0.3100,0.0679,0.0173,0.0059,1,ACTIVE,4,6,6
1458,13484,12:21:30,0,1.00,0,0.3500,0.0861,0.0173,0.0059,0,ACTIVE,4,6,6
1458,13485,12:22:00,0,2.00,0,0.3700,0.0939,0.0173,0.0059,1,ACTIVE,4,6,6
1458,13486,12:22:30,0,39.00,0,0.3700,0.0939,0.0173,0.0059,1,ACTIVE,4,6,6
1458,13487,12:23:00,0,80.00,0,0.3800,0.1020,0.0173,0.0059,1,ACTIVE,4,6,6
1458,13488,12:23:30,0,20.00,0,0.3100,0.0679,0.0173,0.0059,1,ACTIVE,4,6,6
1458,13489,12:24:00,0,59.00,0,0.3300,0.0773,0.0173,0.0059,1,ACTIVE,4,6,6
1458,13490,12:24:30,0,18.00,0,0.3500,0.0861,0.0173,0.0059,1,ACTIVE,4,6,6
1458,13491,12:25:00,0,77.00,0,0.5900,0.1960,0.0173,0.0059,1,ACTIVE,4,6,6
1458,13492,12:25:30,0,295.00,0,0.5600,0.1840,0.0173,0.0059,1,ACTIVE,4,6,6
1458,13493,12:26:00,0,124.00,0,0.2100,0.0256,0.0173,0.0059,1,ACTIVE,4,6,6
1458,13494,12:26:30,0,199.00,0,0.2100,0.0256,0.0173,0.0059,1,ACTIVE,4,6,6
1458,13495,12:27:00,0,141.00,0,0.2500,0.0431,0.0173,0.0059,1,ACTIVE,4,6,6
1458,13496,12:27:30,0,106.00,0,0.2300,0.0339,0.0173,0.0059,1,ACTIVE,4,6,6
1458,13497,12:28:00,0,70.00,0,0.2700,0.0512,0.0173,0.0059,1,ACTIVE,4,6,6
1458,13498,12:28:30,0,28.00,0,0.2300,0.0339,0.0173,0.0059,1,ACTIVE,4,6,6
1458,13499,12:29:00,0,39.00,0,0.2100,0.0256,0.0173,0.0059,1,ACTIVE,4,6,6
1458,13500,12:29:30,0,174.00,0,0.2300,0.0339,0.0173,0.0059,1,ACTIVE,4,6,6
1458,13501,12:30:00,0,59.00,0,0.2300,0.0339,0.0173,0.0059,1,ACTIVE,4,6,6
1458,13502,12:30:30,0,147.00,0,0.2100,0.0256,0.0173,0.0059,1,ACTIVE,4,6,6
1458,13503,12:31:00,0,106.00,0,0.2100,0.0256,0.0173,0.0059,1,ACTIVE,4,6,6
1458,13504,12:31:30,0,37.00,0,0.2700,0.0512,0.0173,0.0059,1,ACTIVE,4,6,6
1458,13505,12:32:00,0,39.00,0,0.2500,0.0431,0.0173,0.0059,1,ACTIVE,4,6,6
1458,13506,12:32:30,0,7.00,0,0.2500,0.0431,0.0173,0.0059,1,ACTIVE,4,6,6
1458,13507,12:33:00,0,106.00,0,0.2300,0.0339,0.0173,0.0059,1,ACTIVE,4,6,6
1458,13508,12:33:30,0,141.00,0,0.1400,0.0128,0.0125,0.0000,1,ACTIVE,4,6,6
1458,13509,12:34:00,0,243.00,0,0.0700,0.0292,0.0000,0.0059,1,ACTIVE,4,6,6
1458,13510,12:34:30,0,286.00,0,0.2100,0.0256,0.0173,0.0059,1,ACTIVE,4,6,6
1458,13511,12:35:00,0,212.00,0,0.2300,0.0339,0.0173,0.0059,1,ACTIVE,4,6,6
1458,13512,12:35:30,0,119.00,0,0.2100,0.0256,0.0173,0.0059,1,ACTIVE,4,6,6
1458,13513,12:36:00,0,132.00,0,0.1100,0.0490,0.0000,0.0000,1,ACTIVE,4,6,6
1458,13514,12:36:30,0,337.00,0,0.0900,0.0395,0.0000,0.0059,1,ACTIVE,4,6,6
1458,13515,12:37:00,0,259.00,0,0.2500,0.0431,0.0173,0.0059,1,ACTIVE,4,6,6
1458,13516,12:37:30,0,57.00,0,0.2300,0.0339,0.0173,0.0059,1,ACTIVE,4,6,6
1458,13517,12:38:00,0,33.00,0,0.2700,0.0512,0.0173,0.0059,1,ACTIVE,4,6,6
1458,13518,12:38:30,0,63.00,0,0.3100,0.0679,0.0173,0.0059,1,ACTIVE,4,6,6
1458,13519,12:39:00,0,44.00,0,0.2500,0.0431,0.0173,0.0059,1,ACTIVE,4,6,6
1458,13520,12:39:30,0,37.00,0,0.2700,0.0512,0.0173,0.0059,1,ACTIVE,4,6,6
1458,13521,12:40:00,0,106.00,0,0.2900,0.0596,0.0173,0.0059,1,ACTIVE,4,6,6
1458,13522,12:40:30,0,1.00,0,0.2900,0.0596,0.0173,0.0059,0,ACTIVE,4,6,6
1458,13523,12:41:00,0,0.00,0,0.2900,0.0596,0.0173,0.0059,0,ACTIVE,4,6,6
1458,13524,12:41:30,0,0.00,0,0.2900,0.0596,0.0173,0.0059,0,ACTIVE,4,6,6
1458,13525,12:42:00,0,1.00,0,0.2500,0.0431,0.0173,0.0059,0,ACTIVE,4,6,6
1458,13526,12:42:30,0,86.00,0,0.2300,0.0339,0.0173,0.0059,1,ACTIVE,4,6,6
1458,13527,12:43:00,0,1.00,0,0.2300,0.0339,0.0173,0.0059,0,ACTIVE,4,6,6
1458,13528,12:43:30,0,0.00,0,0.2300,0.0339,0.0173,0.0059,0,ACTIVE,4,6,6
1458,13529,12:44:00,0,0.00,0,0.2300,0.0339,0.0173,0.0059,0,ACTIVE,4,6,6
1458,13530,12:44:30,0,15.00,0,0.2100,0.0256,0.0173,0.0059,1,ACTIVE,4,6,6
1458,13531,12:45:00,0,57.00,0,0.2300,0.0339,0.0173,0.0059,1,ACTIVE,4,6,6
1458,13532,12:45:30,0,28.00,0,0.2300,0.0339,0.0173,0.0059,1,ACTIVE,4,6,6
1458,13533,12:46:00,0,48.00,0,0.2300,0.0339,0.0173,0.0059,1,ACTIVE,4,6,6
1458,13534,12:46:30,0,37.00,0,0.2300,0.0339,0.0173,0.0059,1,ACTIVE,4,6,6
1458,13535,12:47:00,0,21.00,0,0.2500,0.0431,0.0173,0.0059,1,ACTIVE,4,6,6
1458,13536,12:47:30,0,2.00,0,0.2700,0.0512,0.0173,0.0059,0,ACTIVE,4,6,6
1458,13537,12:48:00,0,35.00,0,0.3500,0.0861,0.0173,0.0059,1,ACTIVE,4,6,6
1458,13538,12:48:30,0,0.00,0,0.3300,0.0773,0.0173,0.0059,0,ACTIVE,4,6,6
1458,13539,12:49:00,0,0.00,0,0.2900,0.0596,0.0173,0.0059,0,ACTIVE,4,6,6
1458,13540,12:49:30,0,46.00,0,0.2900,0.0596,0.0173,0.0059,1,ACTIVE,4,6,6
1458,13541,12:50:00,0,0.00,0,0.3300,0.0773,0.0173,0.0059,0,ACTIVE,4,6,6
1458,13542,12:50:30,0,0.00,0,0.3100,0.0679,0.0173,0.0059,0,ACTIVE,4,6,6
1458,13543,12:51:00,0,46.00,0,0.3300,0.0773,0.0173,0.0059,1,ACTIVE,4,6,6
1458,13544,12:51:30,0,35.00,0,0.3800,0.1020,0.0173,0.0059,1,ACTIVE,4,6,6
1458,13545,12:52:00,0,1.00,0,0.3800,0.1020,0.0173,0.0059,0,ACTIVE,4,6,6
1458,13546,12:52:30,0,19.00,0,0.3800,0.1020,0.0173,0.0059,1,ACTIVE,4,6,6
1458,13547,12:53:00,0,21.00,0,0.4100,0.1120,0.0173,0.0059,1,ACTIVE,4,6,6
1458,13548,12:53:30,0,13.00,0,0.3300,0.0773,0.0173,0.0059,1,ACTIVE,4,6,6
1458,13549,12:54:00,0,15.00,0,0.2900,0.0596,0.0173,0.0059,1,ACTIVE,4,6,6
1458,13550,12:54:30,0,35.00,0,0.3300,0.0773,0.0173,0.0059,1,ACTIVE,4,6,6
1458,13551,12:55:00,0,7.00,0,0.2500,0.0431,0.0173,0.0059,1,ACTIVE,4,6,6
1458,13552,12:55:30,0,66.00,0,0.2900,0.0596,0.0173,0.0059,1,ACTIVE,4,6,6
1458,13553,12:56:00,0,31.00,0,0.3300,0.0773,0.0173,0.0059,1,ACTIVE,4,6,6
1458,13554,12:56:30,0,53.00,0,0.2900,0.0596,0.0173,0.0059,1,ACTIVE,4,6,6
1458,13555,12:57:00,0,12.00,0,0.2700,0.0512,0.0173,0.0059,1,ACTIVE,4,6,6
1458,13556,12:57:30,0,0.00,0,0.2500,0.0431,0.0173,0.0059,0,ACTIVE,4,6,6
1458,13557,12:58:00,0,22.00,0,0.2500,0.0431,0.0173,0.0059,1,ACTIVE,4,6,6
1458,13558,12:58:30,0,50.00,0,0.2700,0.0512,0.0173,0.0059,1,ACTIVE,4,6,6
1458,13559,12:59:00,0,93.00,0,0.2300,0.0339,0.0173,0.0059,1,ACTIVE,4,6,6
1458,13560,12:59:30,0,42.00,0,0.2300,0.0339,0.0173,0.0059,1,ACTIVE,4,6,6
1458,13561,13:00:00,0,0.00,0,0.2500,0.0431,0.0173,0.0059,1,ACTIVE,4,6,6
1458,13562,13:00:30,0,286.00,0,0.2500,0.0431,0.0173,0.0059,1,ACTIVE,4,6,6
1458,13563,13:01:00,0,35.00,0,0.3300,0.0773,0.0173,0.0059,1,ACTIVE,4,6,6
1458,13564,13:01:30,0,106.00,0,0.3300,0.0773,0.0173,0.0059,1,ACTIVE,4,6,6
1458,13565,13:02:00,0,42.00,0,0.2900,0.0596,0.0173,0.0059,1,ACTIVE,4,6,6
1458,13566,13:02:30,0,86.00,0,0.2700,0.0512,0.0173,0.0059,1,ACTIVE,4,6,6
1458,13567,13:03:00,0,46.00,0,0.2500,0.0431,0.0173,0.0059,1,ACTIVE,4,6,6
1458,13568,13:03:30,0,28.00,0,0.2500,0.0431,0.0173,0.0059,1,ACTIVE,4,6,6
1458,13569,13:04:00,0,70.00,0,0.2300,0.0339,0.0173,0.0059,1,ACTIVE,4,6,6
1458,13570,13:04:30,0,66.00,0,0.2500,0.0431,0.0173,0.0059,1,ACTIVE,4,6,6
1458,13571,13:05:00,0,35.00,0,4.0100,0.4570,0.3370,0.0460,1,ACTIVE,4,6,6
1458,13572,13:05:30,0,4.00,0,8.1100,0.6460,0.7350,0.2230,1,ACTIVE,4,6,6
1458,13573,13:06:00,0,16.00,0,6.3000,0.4670,0.5790,0.1760,1,ACTIVE,4,6,6
1458,13574,13:06:30,0,70.00,0,14.9000,3.1400,0.8940,0.1220,1,ACTIVE,4,6,6
1458,13575,13:07:00,0,68.00,0,31.9000,2.1300,3.0100,0.8020,1,ACTIVE,4,6,6
1458,13576,13:07:30,0,34.00,0,0.2300,0.0339,0.0173,0.0059,1,ACTIVE,4,6,6
1458,13577,13:08:00,0,1.00,0,0.2300,0.0339,0.0173,0.0059,1,ACTIVE,4,6,6
1458,13578,13:08:30,0,106.00,0,6.9400,1.3500,0.4470,0.0412,1,ACTIVE,4,6,6
1458,13579,13:09:00,0,13.00,0,6.7200,0.9540,0.5200,0.0512,1,ACTIVE,4,6,6
1458,13580,13:09:30,0,3.00,0,5.9000,0.7510,0.4770,0.0559,0,ACTIVE,4,6,6
1458,13581,13:10:00,0,0.00,0,4.6100,0.5430,0.3840,0.0412,0,ACTIVE,4,6,6
1458,13582,13:10:30,0,0.00,0,4.4000,0.5430,0.3600,0.0412,0,ACTIVE,4,6,6
1458,13583,13:11:00,0,0.00,0,4.1000,0.4980,0.3370,0.0395,0,ACTIVE,4,6,6
1458,13584,13:11:30,0,33.00,0,2.4200,0.2900,0.2000,0.0256,1,ACTIVE,4,6,6
1458,13585,13:12:00,0,48.00,0,0.1900,0.0128,0.0173,0.0059,1,ACTIVE,4,6,6
1458,13586,13:12:30,0,42.00,0,0.3100,0.0679,0.0173,0.0059,1,ACTIVE,4,6,6
1458,13587,13:13:00,0,83.00,0,0.2900,0.0596,0.0173,0.0059,1,ACTIVE,4,6,6
1458,13588,13:13:30,0,0.00,0,0.2700,0.0512,0.0173,0.0059,1,ACTIVE,4,6,6
1458,13589,13:14:00,0,53.00,0,0.2700,0.0512,0.0173,0.0059,1,ACTIVE,4,6,6
1458,13590,13:14:30,0,24.00,0,0.2300,0.0339,0.0173,0.0059,1,ACTIVE,4,6,6
1458,13591,13:15:00,0,14.00,0,47.4900,4.8400,4.1600,0.3230,1,ACTIVE,4,6,6
1458,13592,13:15:30,0,48.00,0,40.8400,5.0600,3.3500,0.3030,1,ACTIVE,4,6,6
1458,13593,13:16:00,0,0.00,0,31.0700,4.1600,2.4700,0.1960,0,ACTIVE,4,6,6
1458,13594,13:16:30,0,55.00,0,76.3100,5.8800,7.0000,1.8700,1,ACTIVE,4,6,6
1458,13595,13:17:00,0,0.00,0,60.0600,4.1600,5.5100,2.3700,1,ACTIVE,4,6,6
1458,13596,13:17:30,0,73.00,0,39.3800,3.1400,3.5700,1.0400,1,ACTIVE,4,6,6
1458,13597,13:18:00,0,186.00,0,64.3600,3.8100,6.1400,1.9500,1,ACTIVE,4,6,6
1458,13598,13:18:30,0,286.00,0,49.8100,3.4200,4.6400,1.5000,1,ACTIVE,4,6,6
1458,13599,13:19:00,0,305.00,0,1.9600,0.2840,0.1510,0.0070,1,ACTIVE,4,6,6
1458,13600,13:19:30,0,137.00,0,0.2500,0.0431,0.0173,0.0059,1,ACTIVE,4,6,6
1458,13601,13:20:00,0,251.00,0,0.2300,0.0339,0.0173,0.0059,1,ACTIVE,4,6,6
1458,13602,13:20:30,0,141.00,0,0.2900,0.0596,0.0173,0.0059,1,ACTIVE,4,6,6
1458,13603,13:21:00,0,359.00,0,0.2300,0.0339,0.0173,0.0059,1,ACTIVE,4,6,6
1458,13604,13:21:30,0,243.00,0,0.2300,0.0339,0.0173,0.0059,1,ACTIVE,4,6,6
1458,13605,13:22:00,0,305.00,0,0.2500,0.0431,0.0173,0.0059,1,ACTIVE,4,6,6
1458,13606,13:22:30,0,199.00,0,0.2300,0.0339,0.0173,0.0059,1,ACTIVE,4,6,6
1458,13607,13:23:00,0,251.00,0,0.2300,0.0339,0.0173,0.0059,1,ACTIVE,4,6,6
1458,13608,13:23:30,0,527.00,0,0.1700,0.0256,0.0125,0.0000,1,ACTIVE,4,6,6
1458,13609,13:24:00,0,600.00,0,117.2600,8.8800,10.8000,2.8800,1,ACTIVE,4,6,6
1458,13610,13:24:30,0,193.00,0,69.4400,4.3400,6.5600,2.2200,1,ACTIVE,4,6,6
1458,13611,13:25:00,0,2.00,0,70.7600,3.8100,6.8500,2.1700,1,ACTIVE,4,6,6
1458,13612,13:25:30,0,7.00,0,60.1100,3.4200,5.7600,1.9500,1,ACTIVE,4,6,6
1458,13613,13:26:00,0,68.00,0,71.1300,4.4400,6.7000,2.4200,1,ACTIVE,4,6,6
1458,13614,13:26:30,0,73.00,0,82.9600,5.8800,7.6300,2.8800,1,ACTIVE,4,6,6
1458,13615,13:27:00,0,371.00,0,36.1700,3.4200,3.2100,0.4670,1,ACTIVE,4,6,6
1458,13616,13:27:30,0,37.00,0,0.2100,0.0256,0.0173,0.0059,1,ACTIVE,4,6,6
1458,13617,13:28:00,0,11.00,0,0.2100,0.0256,0.0173,0.0059,1,ACTIVE,4,6,6
1458,13618,13:28:30,0,5.00,0,0.2100,0.0256,0.0173,0.0059,1,ACTIVE,4,6,6
1458,13619,13:29:00,0,1.00,0,0.1900,0.0128,0.0173,0.0059,1,ACTIVE,4,6,6
1458,13620,13:29:30,0,10.00,0,0.1900,0.0128,0.0173,0.0059,1,ACTIVE,4,6,6
1458,13621,13:30:00,0,110.00,0,0.1700,0.0042,0.0173,0.0059,1,ACTIVE,4,6,6
1458,13622,13:30:30,0,277.00,0,114.1200,8.1400,10.6000,3.3500,1,ACTIVE,4,6,6
1458,13623,13:31:00,0,277.00,0,47.3100,2.5800,4.5400,1.7100,1,ACTIVE,4,6,6
1458,13624,13:31:30,0,100.00,0,33.8500,3.0100,3.0100,0.8020,1,ACTIVE,4,6,6
1458,13625,13:32:00,0,220.00,0,78.9500,4.3400,7.6300,2.3200,1,ACTIVE,4,6,6
1458,13626,13:32:30,0,337.00,0,107.4200,6.8500,10.1000,3.4200,1,ACTIVE,4,6,6
1458,13627,13:33:00,0,511.00,0,12.4500,1.7900,0.9330,0.2960,1,ACTIVE,4,6,6
1458,13628,13:33:30,0,16.00,0,0.1400,0.0583,0.0000,0.0059,1,ACTIVE,4,6,6
1458,13629,13:34:00,0,31.00,0,0.2500,0.0431,0.0173,0.0059,1,ACTIVE,4,6,6
1458,13630,13:34:30,0,228.00,0,4.2700,0.3520,0.3840,0.1170,1,ACTIVE,4,6,6
1458,13631,13:35:00,0,59.00,0,0.0700,0.0292,0.0000,0.0059,1,ACTIVE,4,6,6
1458,13632,13:35:30,0,33.00,0,0.0600,0.0292,0.0000,0.0000,1,ACTIVE,4,6,6
1458,13633,13:36:00,0,55.00,0,0.1700,0.0042,0.0173,0.0059,1,ACTIVE,4,6,6
1458,13634,13:36:30,0,1.00,0,0.1700,0.0042,0.0173,0.0059,0,ACTIVE,4,6,6
1458,13635,13:37:00,0,28.00,0,0.1700,0.0042,0.0173,0.0059,1,ACTIVE,4,6,6
1458,13636,13:37:30,0,8.00,0,0.1700,0.0042,0.0173,0.0059,0,ACTIVE,4,6,6
1458,13637,13:38:00,0,15.00,0,0.1700,0.0042,0.0173,0.0059,1,ACTIVE,4,6,6
1458,13638,13:38:30,0,25.00,0,0.1700,0.0042,0.0173,0.0059,1,ACTIVE,4,6,6
1458,13639,13:39:00,0,0.00,0,0.1700,0.0042,0.0173,0.0059,0,ACTIVE,4,6,6
1458,13640,13:39:30,0,0.00,0,0.1700,0.0042,0.0173,0.0059,0,ACTIVE,4,6,6
1458,13641,13:40:00,0,0.00,0,0.1700,0.0042,0.0173,0.0059,0,ACTIVE,4,6,6
1458,13642,13:40:30,0,0.00,0,0.1700,0.0042,0.0173,0.0059,0,ACTIVE,4,6,6
1458,13643,13:41:00,0,0.00,0,0.1700,0.0042,0.0173,0.0059,0,ACTIVE,4,6,6
1458,13644,13:41:30,0,1.00,0,0.1700,0.0042,0.0173,0.0059,0,ACTIVE,4,6,6
1458,13645,13:42:00,0,0.00,0,0.1700,0.0042,0.0173,0.0059,0,ACTIVE,4,6,6
1458,13646,13:42:30,0,12.00,0,0.0200,0.0049,0.0000,0.0059,0,ACTIVE,4,6,6
1458,13647,13:43:00,0,0.00,0,0.1700,0.0042,0.0173,0.0059,0,ACTIVE,4,6,6
1458,13648,13:43:30,0,8.00,0,0.1700,0.0042,0.0173,0.0059,0,ACTIVE,4,6,6
1458,13649,13:44:00,0,0.00,0,0.1700,0.0042,0.0173,0.0059,0,ACTIVE,4,6,6
1458,13650,13:44:30,0,15.00,0,0.1700,0.0042,0.0173,0.0059,0,ACTIVE,4,6,6
1458,13651,13:45:00,0,0.00,0,0.1700,0.0042,0.0173,0.0059,0,ACTIVE,4,6,6
1458,13652,13:45:30,0,0.00,0,0.1700,0.0042,0.0173,0.0059,0,ACTIVE,4,6,6
1458,13653,13:46:00,0,63.00,0,0.1700,0.0042,0.0173,0.0059,1,ACTIVE,4,6,6
1458,13654,13:46:30,0,11.00,0,0.1700,0.0042,0.0173,0.0059,1,ACTIVE,4,6,6
1458,13655,13:47:00,0,19.00,0,0.1700,0.0042,0.0173,0.0059,1,ACTIVE,4,6,6
1458,13656,13:47:30,0,2.00,0,0.1700,0.0042,0.0173,0.0059,0,ACTIVE,4,6,6
1458,13657,13:48:00,0,11.00,0,0.1700,0.0042,0.0173,0.0059,0,ACTIVE,4,6,6
1458,13658,13:48:30,0,7.00,0,0.1900,0.0128,0.0173,0.0059,0,ACTIVE,4,6,6
1458,13659,13:49:00,0,20.00,0,0.1900,0.0128,0.0173,0.0059,1,ACTIVE,4,6,6
1458,13660,13:49:30,0,0.00,0,0.1900,0.0128,0.0173,0.0059,0,ACTIVE,4,6,6
1458,13661,13:50:00,0,10.00,0,0.1900,0.0128,0.0173,0.0059,0,ACTIVE,4,6,6
1458,13662,13:50:30,0,0.00,0,0.1900,0.0128,0.0173,0.0059,0,ACTIVE,4,6,6
1458,13663,13:51:00,0,1.00,0,0.1700,0.0042,0.0173,0.0059,0,ACTIVE,4,6,6
1458,13664,13:51:30,0,0.00,0,0.1900,0.0128,0.0173,0.0059,0,ACTIVE,4,6,6
1458,13665,13:52:00,0,0.00,0,0.1700,0.0042,0.0173,0.0059,0,ACTIVE,4,6,6
1458,13666,13:52:30,0,0.00,0,0.1700,0.0042,0.0173,0.0059,0,ACTIVE,4,6,6
1458,13667,13:53:00,0,22.00,0,0.1900,0.0128,0.0173,0.0059,1,ACTIVE,4,6,6
1458,13668,13:53:30,0,110.00,0,7.6800,1.5000,0.4770,0.1650,1,ACTIVE,4,6,6
1458,13669,13:54:00,0,70.00,0,19.4900,1.9100,1.6700,0.5550,1,ACTIVE,4,6,6
1458,13670,13:54:30,0,147.00,0,0.2700,0.0512,0.0173,0.0059,1,ACTIVE,4,6,6
1458,13671,13:55:00,0,8.00,0,0.1700,0.0042,0.0173,0.0059,1,ACTIVE,4,6,6
1458,13672,13:55:30,0,66.00,0,0.2300,0.0339,0.0173,0.0059,1,ACTIVE,4,6,6
1458,13673,13:56:00,0,96.00,0,0.2900,0.0596,0.0173,0.0059,1,ACTIVE,4,6,6
1458,13674,13:56:30,0,450.00,0,73.1100,4.1600,7.0000,2.4200,1,ACTIVE,4,6,6
1458,13675,13:57:00,0,243.00,0,2.1800,0.1120,0.2090,0.0880,1,ACTIVE,4,6,6
1458,13676,13:57:30,0,0.00,0,0.1900,0.0128,0.0173,0.0059,1,ACTIVE,4,6,6
1458,13677,13:58:00,0,0.00,0,0.1900,0.0128,0.0173,0.0059,1,ACTIVE,4,6,6
1458,13678,13:58:30,0,0.00,0,0.1900,0.0128,0.0173,0.0059,0,ACTIVE,4,6,6
1458,13679,13:59:00,0,34.00,0,0.2100,0.0256,0.0173,0.0059,1,ACTIVE,4,6,6
1458,13680,13:59:30,0,0.00,0,0.2700,0.0512,0.0173,0.0059,0,ACTIVE,4,6,6
1458,13681,14:00:00,0,53.00,0,0.2100,0.0256,0.0173,0.0059,1,ACTIVE,4,6,6
1458,13682,14:00:30,0,1.00,0,0.1700,0.0042,0.0173,0.0059,0,ACTIVE,4,6,6
1458,13683,14:01:00,0,0.00,0,0.1900,0.0128,0.0173,0.0059,0,ACTIVE,4,6,6
1458,13684,14:01:30,0,110.00,0,0.1900,0.0128,0.0173,0.0059,1,ACTIVE,4,6,6
1458,13685,14:02:00,0,0.00,0,0.2100,0.0256,0.0173,0.0059,0,ACTIVE,4,6,6
1458,13686,14:02:30,0,0.00,0,0.2100,0.0256,0.0173,0.0059,0,ACTIVE,4,6,6
1458,13687,14:03:00,0,0.00,0,0.2100,0.0256,0.0173,0.0059,0,ACTIVE,4,6,6
1458,13688,14:03:30,0,0.00,0,0.2100,0.0256,0.0173,0.0059,0,ACTIVE,4,6,6
1458,13689,14:04:00,0,0.00,0,0.2100,0.0256,0.0173,0.0059,0,ACTIVE,4,6,6
1458,13690,14:04:30,0,0.00,0,0.2100,0.0256,0.0173,0.0059,0,ACTIVE,4,6,6
1458,13691,14:05:00,0,0.00,0,0.2100,0.0256,0.0173,0.0059,0,ACTIVE,4,6,6
1458,13692,14:05:30,0,0.00,0,0.1900,0.0128,0.0173,0.0059,0,ACTIVE,4,6,6
1458,13693,14:06:00,0,5.00,0,0.1900,0.0128,0.0173,0.0059,0,ACTIVE,4,6,6
1458,13694,14:06:30,0,0.00,0,0.2100,0.0256,0.0173,0.0059,0,ACTIVE,4,6,6
1458,13695,14:07:00,0,106.00,0,0.4700,0.0773,0.0128,0.1720,1,ACTIVE,4,6,6
1458,13696,14:07:30,0,18.00,0,0.3100,0.0679,0.0173,0.0059,1,ACTIVE,4,6,6
1458,13697,14:08:00,0,1.00,0,0.6200,0.1300,0.0378,0.0023,0,ACTIVE,4,6,6
1458,13698,14:08:30,0,3.00,0,0.3500,0.0861,0.0173,0.0059,0,ACTIVE,4,6,6
1458,13699,14:09:00,0,0.00,0,0.3500,0.0861,0.0173,0.0059,0,ACTIVE,4,6,6
1458,13700,14:09:30,0,5.00,0,0.3300,0.0773,0.0173,0.0059,0,ACTIVE,4,6,6
1458,13701,14:10:00,0,0.00,0,0.3300,0.0773,0.0173,0.0059,0,ACTIVE,4,6,6
1458,13702,14:10:30,0,1.00,0,0.3100,0.0679,0.0173,0.0059,0,ACTIVE,4,6,6
1458,13703,14:11:00,0,0.00,0,0.3100,0.0679,0.0173,0.0059,0,ACTIVE,4,6,6
1458,13704,14:11:30,0,35.00,0,0.3300,0.0773,0.0173,0.0059,1,ACTIVE,4,6,6
1458,13705,14:12:00,0,9.00,0,0.3500,0.0861,0.0173,0.0059,0,ACTIVE,4,6,6
1458,13706,14:12:30,0,35.00,0,0.3100,0.0679,0.0173,0.0059,1,ACTIVE,4,6,6
1458,13707,14:13:00,0,3.00,0,0.3300,0.0773,0.0173,0.0059,0,ACTIVE,4,6,6
1458,13708,14:13:30,0,11.00,0,0.3300,0.0773,0.0173,0.0059,1,ACTIVE,4,6,6
1458,13709,14:14:00,0,44.00,0,0.8000,0.1120,0.0622,0.0070,1,ACTIVE,4,6,6
1458,13710,14:14:30,0,0.00,0,1.0300,0.1120,0.0880,0.0115,0,ACTIVE,4,6,6
1458,13711,14:15:00,0,1.00,0,0.4700,0.0596,0.0378,0.0023,0,ACTIVE,4,6,6
1458,13712,14:15:30,0,0.00,0,0.1700,0.0042,0.0173,0.0059,0,ACTIVE,4,6,6
1458,13713,14:16:00,0,3.00,0,0.1900,0.0128,0.0173,0.0059,0,ACTIVE,4,6,6
1458,13714,14:16:30,0,12.00,0,0.1900,0.0128,0.0173,0.0059,0,ACTIVE,4,6,6
1458,13715,14:17:00,0,0.00,0,0.2100,0.0256,0.0173,0.0059,0,ACTIVE,4,6,6
1458,13716,14:17:30,0,20.00,0,1.3300,0.1550,0.1120,0.0115,1,ACTIVE,4,6,6
1458,13717,14:18:00,0,0.00,0,3.7800,0.4370,0.3160,0.0412,0,ACTIVE,4,6,6
1458,13718,14:18:30,0,0.00,0,4.0100,0.4570,0.3370,0.0460,0,ACTIVE,4,6,6
1458,13719,14:19:00,0,3.00,0,4.2800,0.4870,0.3600,0.0512,0,ACTIVE,4,6,6
1458,13720,14:19:30,0,2.00,0,4.9000,0.5310,0.4190,0.0559,0,ACTIVE,4,6,6
1458,13721,14:20:00,0,50.00,0,18.2000,1.2100,1.7100,0.4870,1,ACTIVE,4,6,6
1458,13722,14:20:30,0,48.00,0,59.8800,2.8200,5.8800,1.9500,1,ACTIVE,4,6,6
1458,13723,14:21:00,0,0.00,0,63.3000,3.8100,6.0100,2.0400,0,ACTIVE,4,6,6
1458,13724,14:21:30,0,0.00,0,58.9900,3.4200,5.6300,1.9100,0,ACTIVE,4,6,6
1458,13725,14:22:00,0,1.00,0,56.5300,3.2800,5.3900,1.8700,0,ACTIVE,4,6,6
1458,13726,14:22:30,0,19.00,0,32.8400,1.9100,3.1400,1.0400,1,ACTIVE,4,6,6
1458,13727,14:23:00,0,0.00,0,24.8900,1.2900,2.4200,0.7680,0,ACTIVE,4,6,6
1458,13728,14:23:30,0,30.00,0,8.3500,0.4770,0.8020,0.2490,1,ACTIVE,4,6,6
1458,13729,14:24:00,0,44.00,0,0.7600,0.1300,0.0523,0.0173,1,ACTIVE,4,6,6
1458,13730,14:24:30,0,61.00,0,4.2100,0.3160,0.3840,0.1390,1,ACTIVE,4,6,6
1458,13731,14:25:00,0,0.00,0,19.4200,1.0900,1.8700,0.6180,1,ACTIVE,4,6,6
1458,13732,14:25:30,0,179.00,0,18.5800,1.0400,1.7900,0.5790,1,ACTIVE,4,6,6
1458,13733,14:26:00,0,286.00,0,128.1600,10.6000,11.5000,3.6500,1,ACTIVE,4,6,6
1458,13734,14:26:30,0,179.00,0,36.2100,2.6400,3.3500,0.9540,1,ACTIVE,4,6,6
1458,13735,14:27:00,0,193.00,0,41.9500,2.6400,4.0700,0.4190,1,ACTIVE,4,6,6
1458,13736,14:27:30,0,268.00,0,14.1400,2.0400,1.0900,0.1140,1,ACTIVE,4,6,6
1458,13737,14:28:00,0,268.00,0,32.9100,5.3900,2.3700,0.2230,1,ACTIVE,4,6,6
1458,13738,14:28:30,0,295.00,0,43.1800,4.8400,3.6500,0.4470,1,ACTIVE,4,6,6
1458,13739,14:29:00,0,371.00,0,186.8800,9.6800,18.1000,6.0100,1,ACTIVE,4,6,6
1458,13740,14:29:30,0,228.00,0,25.3800,1.7900,2.3700,0.6320,1,ACTIVE,4,6,6
1458,13741,14:30:00,0,228.00,0,42.1100,3.4200,3.8100,1.0400,1,ACTIVE,4,6,6
1458,13742,14:30:30,0,295.00,0,22.5600,2.3700,1.9500,0.2280,1,ACTIVE,4,6,6
1458,13743,14:31:00,0,450.00,0,40.4800,2.6400,3.8100,1.1300,1,ACTIVE,4,6,6
1458,13744,14:31:30,0,277.00,0,47.0000,2.3200,4.7400,0.3520,1,ACTIVE,4,6,6
1458,13745,14:32:00,0,106.00,0,43.8000,4.4400,3.8100,0.5310,1,ACTIVE,4,6,6
1458,13746,14:32:30,0,228.00,0,13.5500,1.7500,1.0900,0.1550,1,ACTIVE,4,6,6
1458,13747,14:33:00,0,305.00,0,31.8800,2.8200,2.8800,0.4100,1,ACTIVE,4,6,6
1458,13748,14:33:30,0,235.00,0,8.9500,0.6180,0.8370,0.2280,1,ACTIVE,4,6,6
1458,13749,14:34:00,0,295.00,0,187.3200,3.1400,19.4000,9.8900,1,ACTIVE,4,6,6
1458,13750,14:34:30,0,660.00,0,0.7600,0.0939,0.0622,0.0070,1,ACTIVE,4,6,6
1458,13751,14:35:00,0,277.00,0,0.2000,0.0431,0.0125,0.0000,1,ACTIVE,4,6,6
1458,13752,14:35:30,0,174.00,0,0.1400,0.0128,0.0125,0.0000,1,ACTIVE,4,6,6
1458,13753,14:36:00,0,141.00,0,0.0900,0.0395,0.0000,0.0059,1,ACTIVE,4,6,6
1458,13754,14:36:30,0,305.00,0,0.0600,0.0292,0.0000,0.0000,1,ACTIVE,4,6,6
1458,13755,14:37:00,0,228.00,0,0.1900,0.0128,0.0173,0.0059,1,ACTIVE,4,6,6
1458,13756,14:37:30,0,235.00,0,0.2100,0.0256,0.0173,0.0059,1,ACTIVE,4,6,6
1458,13757,14:38:00,0,147.00,0,0.1400,0.0128,0.0125,0.0000,1,ACTIVE,4,6,6
1458,13758,14:38:30,0,96.00,0,0.1900,0.0128,0.0173,0.0059,1,ACTIVE,4,6,6
1458,13759,14:39:00,0,152.00,0,0.1900,0.0128,0.0173,0.0059,1,ACTIVE,4,6,6
1458,13760,14:39:30,0,326.00,0,0.1400,0.0128,0.0125,0.0000,1,ACTIVE,4,6,6
1458,13761,14:40:00,0,186.00,0,0.0400,0.0146,0.0000,0.0059,1,ACTIVE,4,6,6
1458,13762,14:40:30,0,268.00,0,0.2100,0.0256,0.0173,0.0059,1,ACTIVE,4,6,6
1458,13763,14:41:00,0,220.00,0,0.2100,0.0256,0.0173,0.0059,1,ACTIVE,4,6,6
1458,13764,14:41:30,0,83.00,0,0.2300,0.0339,0.0173,0.0059,1,ACTIVE,4,6,6
1458,13765,14:42:00,0,44.00,0,0.2100,0.0256,0.0173,0.0059,1,ACTIVE,4,6,6
1458,13766,14:42:30,0,163.00,0,0.2100,0.0256,0.0173,0.0059,1,ACTIVE,4,6,6
1458,13767,14:43:00,0,39.00,0,0.1900,0.0128,0.0173,0.0059,1,ACTIVE,4,6,6
1458,13768,14:43:30,0,10.00,0,0.2100,0.0256,0.0173,0.0059,1,ACTIVE,4,6,6
1458,13769,14:44:00,0,8.00,0,0.2100,0.0256,0.0173,0.0059,1,ACTIVE,4,6,6
1458,13770,14:44:30,0,0.00,0,0.2300,0.0339,0.0173,0.0059,0,ACTIVE,4,6,6
1458,13771,14:45:00,0,7.00,0,0.2300,0.0339,0.0173,0.0059,1,ACTIVE,4,6,6
1458,13772,14:45:30,0,46.00,0,0.2300,0.0339,0.0173,0.0059,1,ACTIVE,4,6,6
1458,13773,14:46:00,0,70.00,0,0.2100,0.0256,0.0173,0.0059,1,ACTIVE,4,6,6
1458,13774,14:46:30,0,0.00,0,0.1700,0.0256,0.0125,0.0000,0,ACTIVE,4,6,6
1458,13775,14:47:00,0,1.00,0,0.2100,0.0256,0.0173,0.0059,0,ACTIVE,4,6,6
1458,13776,14:47:30,0,50.00,0,0.2300,0.0339,0.0173,0.0059,1,ACTIVE,4,6,6
1458,13777,14:48:00,0,0.00,0,0.2500,0.0431,0.0173,0.0059,0,ACTIVE,4,6,6
1458,13778,14:48:30,0,0.00,0,0.2500,0.0431,0.0173,0.0059,0,ACTIVE,4,6,6
1458,13779,14:49:00,0,0.00,0,0.2500,0.0431,0.0173,0.0059,0,ACTIVE,4,6,6
1458,13780,14:49:30,0,0.00,0,0.2500,0.0431,0.0173,0.0059,0,ACTIVE,4,6,6
1458,13781,14:50:00,0,0.00,0,0.2500,0.0431,0.0173,0.0059,0,ACTIVE,4,6,6
1458,13782,14:50:30,0,27.00,0,0.2100,0.0256,0.0173,0.0059,1,ACTIVE,4,6,6
1458,13783,14:51:00,0,0.00,0,0.1900,0.0128,0.0173,0.0059,0,ACTIVE,4,6,6
1458,13784,14:51:30,0,0.00,0,0.2100,0.0256,0.0173,0.0059,0,ACTIVE,4,6,6
1458,13785,14:52:00,0,0.00,0,0.1900,0.0128,0.0173,0.0059,0,ACTIVE,4,6,6
1458,13786,14:52:30,0,18.00,0,0.2300,0.0339,0.0173,0.0059,1,ACTIVE,4,6,6
1458,13787,14:53:00,0,1.00,0,0.2500,0.0431,0.0173,0.0059,0,ACTIVE,4,6,6
1458,13788,14:53:30,0,24.00,0,0.2500,0.0431,0.0173,0.0059,1,ACTIVE,4,6,6
1458,13789,14:54:00,0,22.00,0,0.2500,0.0431,0.0173,0.0059,1,ACTIVE,4,6,6
1458,13790,14:54:30,0,42.00,0,0.2100,0.0256,0.0173,0.0059,1,ACTIVE,4,6,6
1458,13791,14:55:00,0,128.00,0,0.2100,0.0256,0.0173,0.0059,1,ACTIVE,4,6,6
1458,13792,14:55:30,0,39.00,0,0.1900,0.0128,0.0173,0.0059,1,ACTIVE,4,6,6
1458,13793,14:56:00,0,19.00,0,0.1900,0.0128,0.0173,0.0059,1,ACTIVE,4,6,6
1458,13794,14:56:30,0,53.00,0,0.1900,0.0128,0.0173,0.0059,1,ACTIVE,4,6,6
1458,13795,14:57:00,0,132.00,0,0.2100,0.0256,0.0173,0.0059,1,ACTIVE,4,6,6
1458,13796,14:57:30,0,73.00,0,0.1900,0.0128,0.0173,0.0059,1,ACTIVE,4,6,6
1458,13797,14:58:00,0,28.00,0,0.1900,0.0128,0.0173,0.0059,1,ACTIVE,4,6,6
1458,13798,14:58:30,0,35.00,0,0.1900,0.0128,0.0173,0.0059,1,ACTIVE,4,6,6
1458,13799,14:59:00,0,44.00,0,0.1900,0.0128,0.0173,0.0059,1,ACTIVE,4,6,6
1458,13800,14:59:30,0,13.00,0,0.1900,0.0128,0.0173,0.0059,1,ACTIVE,4,6,6
1458,13801,15:00:00,0,1.00,0,0.1900,0.0128,0.0173,0.0059,1,ACTIVE,4,6,6
1458,13802,15:00:30,0,359.00,0,0.0400,0.0146,0.0000,0.0059,1,ACTIVE,4,6,6
1458,13803,15:01:00,0,193.00,0,0.2100,0.0256,0.0173,0.0059,1,ACTIVE,4,6,6
1458,13804,15:01:30,0,152.00,0,0.1900,0.0128,0.0173,0.0059,1,ACTIVE,4,6,6
1458,13805,15:02:00,0,83.00,0,0.2500,0.0431,0.0173,0.0059,1,ACTIVE,4,6,6
1458,13806,15:02:30,0,61.00,0,0.2900,0.0596,0.0173,0.0059,1,ACTIVE,4,6,6
1458,13807,15:03:00,0,77.00,0,0.2700,0.0512,0.0173,0.0059,1,ACTIVE,4,6,6
1458,13808,15:03:30,0,77.00,0,0.3300,0.0773,0.0173,0.0059,1,ACTIVE,4,6,6
1458,13809,15:04:00,0,16.00,0,0.4500,0.1300,0.0173,0.0059,1,ACTIVE,4,6,6
1458,13810,15:04:30,0,70.00,0,0.2500,0.0431,0.0173,0.0059,1,ACTIVE,4,6,6
1458,13811,15:05:00,0,77.00,0,0.2100,0.0256,0.0173,0.0059,1,ACTIVE,4,6,6
1458,13812,15:05:30,0,55.00,0,0.2300,0.0339,0.0173,0.0059,1,ACTIVE,4,6,6
1458,13813,15:06:00,0,152.00,0,0.2300,0.0339,0.0173,0.0059,1,ACTIVE,4,6,6
1458,13814,15:06:30,0,96.00,0,0.2700,0.0512,0.0173,0.0059,1,ACTIVE,4,6,6
1458,13815,15:07:00,0,39.00,0,0.2500,0.0431,0.0173,0.0059,1,ACTIVE,4,6,6
1458,13816,15:07:30,0,46.00,0,0.2500,0.0431,0.0173,0.0059,1,ACTIVE,4,6,6
1458,13817,15:08:00,0,0.00,0,0.2700,0.0512,0.0173,0.0059,1,ACTIVE,4,6,6
1458,13818,15:08:30,0,53.00,0,0.2700,0.0512,0.0173,0.0059,1,ACTIVE,4,6,6
1458,13819,15:09:00,0,115.00,0,0.2300,0.0339,0.0173,0.0059,1,ACTIVE,4,6,6
1458,13820,15:09:30,0,63.00,0,0.2900,0.0596,0.0173,0.0059,1,ACTIVE,4,6,6
1458,13821,15:10:00,0,63.00,0,0.2500,0.0431,0.0173,0.0059,1,ACTIVE,4,6,6
1458,13822,15:10:30,0,44.00,0,0.2900,0.0596,0.0173,0.0059,1,ACTIVE,4,6,6
1458,13823,15:11:00,0,48.00,0,0.3100,0.0679,0.0173,0.0059,1,ACTIVE,4,6,6
1458,13824,15:11:30,0,55.00,0,0.3100,0.0679,0.0173,0.0059,1,ACTIVE,4,6,6
1458,13825,15:12:00,0,46.00,0,0.2700,0.0512,0.0173,0.0059,1,ACTIVE,4,6,6
1458,13826,15:12:30,0,212.00,0,4.6600,0.3090,0.4370,0.1390,1,ACTIVE,4,6,6
1458,13827,15:13:00,0,93.00,0,61.6200,3.9000,5.7600,2.3700,1,ACTIVE,4,6,6
1458,13828,15:13:30,0,61.00,0,92.3600,10.3000,7.8000,1.1300,1,ACTIVE,4,6,6
1458,13829,15:14:00,0,18.00,0,70.2700,7.6300,6.0100,0.6890,1,ACTIVE,4,6,6
1458,13830,15:14:30,0,70.00,0,11.4500,1.8300,0.8370,0.0740,1,ACTIVE,4,6,6
1458,13831,15:15:00,0,80.00,0,17.4500,2.3700,1.3800,0.1330,1,ACTIVE,4,6,6
1458,13832,15:15:30,0,286.00,0,5.0300,0.5200,0.4370,0.0512,1,ACTIVE,4,6,6
1458,13833,15:16:00,0,90.00,0,0.1900,0.0128,0.0173,0.0059,1,ACTIVE,4,6,6
1458,13834,15:16:30,0,286.00,0,0.1900,0.0128,0.0173,0.0059,1,ACTIVE,4,6,6
1458,13835,15:17:00,0,48.00,0,0.1900,0.0128,0.0173,0.0059,1,ACTIVE,4,6,6
1458,13836,15:17:30,0,42.00,0,0.1900,0.0128,0.0173,0.0059,1,ACTIVE,4,6,6
1458,13837,15:18:00,0,34.00,0,0.1900,0.0128,0.0173,0.0059,1,ACTIVE,4,6,6
1458,13838,15:18:30,0,90.00,0,0.1900,0.0128,0.0173,0.0059,1,ACTIVE,4,6,6
1458,13839,15:19:00,0,14.00,0,0.1900,0.0128,0.0173,0.0059,1,ACTIVE,4,6,6
1458,13840,15:19:30,0,28.00,0,0.1900,0.0128,0.0173,0.0059,1,ACTIVE,4,6,6
1458,13841,15:20:00,0,0.00,0,0.1700,0.0042,0.0173,0.0059,0,ACTIVE,4,6,6
1458,13842,15:20:30,0,0.00,0,0.1700,0.0042,0.0173,0.0059,0,ACTIVE,4,6,6
1458,13843,15:21:00,0,44.00,0,0.1900,0.0128,0.0173,0.0059,1,ACTIVE,4,6,6
1458,13844,15:21:30,0,8.00,0,0.1700,0.0042,0.0173,0.0059,1,ACTIVE,4,6,6
1458,13845,15:22:00,0,61.00,0,0.1400,0.0128,0.0125,0.0000,1,ACTIVE,4,6,6
1458,13846,15:22:30,0,1.00,0,0.1900,0.0128,0.0173,0.0059,0,ACTIVE,4,6,6
1458,13847,15:23:00,0,39.00,0,0.1900,0.0128,0.0173,0.0059,1,ACTIVE,4,6,6
1458,13848,15:23:30,0,26.00,0,0.2100,0.0256,0.0173,0.0059,1,ACTIVE,4,6,6
1458,13849,15:24:00,0,70.00,0,0.2100,0.0256,0.0173,0.0059,1,ACTIVE,4,6,6
1458,13850,15:24:30,0,0.00,0,0.1900,0.0128,0.0173,0.0059,0,ACTIVE,4,6,6
1458,13851,15:25:00,0,10.00,0,0.1900,0.0128,0.0173,0.0059,1,ACTIVE,4,6,6
1458,13852,15:25:30,0,21.00,0,0.1900,0.0128,0.0173,0.0059,1,ACTIVE,4,6,6
1458,13853,15:26:00,0,0.00,0,0.1900,0.0128,0.0173,0.0059,0,ACTIVE,4,6,6
1458,13854,15:26:30,0,25.00,0,0.1900,0.0128,0.0173,0.0059,1,ACTIVE,4,6,6
1458,13855,15:27:00,0,27.00,0,0.1900,0.0128,0.0173,0.0059,1,ACTIVE,4,6,6
1458,13856,15:27:30,0,0.00,0,0.1900,0.0128,0.0173,0.0059,0,ACTIVE,4,6,6
1458,13857,15:28:00,0,0.00,0,0.1900,0.0128,0.0173,0.0059,0,ACTIVE,4,6,6
1458,13858,15:28:30,0,0.00,0,0.1900,0.0128,0.0173,0.0059,0,ACTIVE,4,6,6
1458,13859,15:29:00,0,0.00,0,0.1900,0.0128,0.0173,0.0059,0,ACTIVE,4,6,6
1458,13860,15:29:30,0,22.00,0,0.1900,0.0128,0.0173,0.0059,1,ACTIVE,4,6,6
1458,13861,15:30:00,0,20.00,0,0.1900,0.0128,0.0173,0.0059,1,ACTIVE,4,6,6
1458,13862,15:30:30,0,0.00,0,0.1700,0.0042,0.0173,0.0059,0,ACTIVE,4,6,6
1458,13863,15:31:00,0,22.00,0,0.2100,0.0256,0.0173,0.0059,1,ACTIVE,4,6,6
1458,13864,15:31:30,0,42.00,0,0.2700,0.0512,0.0173,0.0059,1,ACTIVE,4,6,6
1458,13865,15:32:00,0,5.00,0,0.3300,0.0773,0.0173,0.0059,0,ACTIVE,4,6,6
1458,13866,15:32:30,0,0.00,0,0.3500,0.0861,0.0173,0.0059,0,ACTIVE,4,6,6
1458,13867,15:33:00,0,0.00,0,0.3700,0.0939,0.0173,0.0059,0,ACTIVE,4,6,6
1458,13868,15:33:30,0,0.00,0,0.3500,0.0861,0.0173,0.0059,0,ACTIVE,4,6,6
1458,13869,15:34:00,0,19.00,0,0.2300,0.0339,0.0173,0.0059,1,ACTIVE,4,6,6
1458,13870,15:34:30,0,0.00,0,0.1900,0.0128,0.0173,0.0059,0,ACTIVE,4,6,6
1458,13871,15:35:00,0,0.00,0,0.1900,0.0128,0.0173,0.0059,0,ACTIVE,4,6,6
1458,13872,15:35:30,0,124.00,0,0.1900,0.0128,0.0173,0.0059,1,ACTIVE,4,6,6
1458,13873,15:36:00,0,1.00,0,0.1900,0.0128,0.0173,0.0059,0,ACTIVE,4,6,6
1458,13874,15:36:30,0,0.00,0,0.1900,0.0128,0.0173,0.0059,0,ACTIVE,4,6,6
1458,13875,15:37:00,0,34.00,0,0.2100,0.0256,0.0173,0.0059,1,ACTIVE,4,6,6
1458,13876,15:37:30,0,0.00,0,0.2100,0.0256,0.0173,0.0059,0,ACTIVE,4,6,6
1458,13877,15:38:00,0,0.00,0,0.2100,0.0256,0.0173,0.0059,0,ACTIVE,4,6,6
1458,13878,15:38:30,0,66.00,0,0.2100,0.0256,0.0173,0.0059,1,ACTIVE,4,6,6
1458,13879,15:39:00,0,48.00,0,0.6500,0.0773,0.0523,0.0173,1,ACTIVE,4,6,6
1458,13880,15:39:30,0,96.00,0,0.2500,0.0431,0.0173,0.0059,1,ACTIVE,4,6,6
1458,13881,15:40:00,0,0.00,0,0.1900,0.0128,0.0173,0.0059,0,ACTIVE,4,6,6
1458,13882,15:40:30,0,0.00,0,0.1900,0.0128,0.0173,0.0059,0,ACTIVE,4,6,6
1458,13883,15:41:00,0,0.00,0,0.1900,0.0128,0.0173,0.0059,0,ACTIVE,4,6,6
1458,13884,15:41:30,0,0.00,0,0.1900,0.0128,0.0173,0.0059,0,ACTIVE,4,6,6
1458,13885,15:42:00,0,0.00,0,0.1900,0.0128,0.0173,0.0059,0,ACTIVE,4,6,6
1458,13886,15:42:30,0,0.00,0,0.1900,0.0128,0.0173,0.0059,0,ACTIVE,4,6,6
1458,13887,15:43:00,0,11.00,0,0.1900,0.0128,0.0173,0.0059,1,ACTIVE,4,6,6
1458,13888,15:43:30,0,46.00,0,0.2100,0.0256,0.0173,0.0059,1,ACTIVE,4,6,6
1458,13889,15:44:00,0,0.00,0,0.2100,0.0256,0.0173,0.0059,1,ACTIVE,4,6,6
1458,13890,15:44:30,0,0.00,0,0.2100,0.0256,0.0173,0.0059,1,ACTIVE,4,6,6
1458,13891,15:45:00,0,235.00,0,0.2100,0.0256,0.0173,0.0059,1,ACTIVE,4,6,6
1458,13892,15:45:30,0,50.00,0,0.2100,0.0256,0.0173,0.0059,1,ACTIVE,4,6,6
1458,13893,15:46:00,0,96.00,0,0.2100,0.0256,0.0173,0.0059,1,ACTIVE,4,6,6
1458,13894,15:46:30,0,70.00,0,0.2300,0.0339,0.0173,0.0059,1,ACTIVE,4,6,6
1458,13895,15:47:00,0,235.00,0,0.2100,0.0256,0.0173,0.0059,1,ACTIVE,4,6,6
1458,13896,15:47:30,0,212.00,0,0.2100,0.0256,0.0173,0.0059,1,ACTIVE,4,6,6
1458,13897,15:48:00,0,63.00,0,0.2300,0.0339,0.0173,0.0059,1,ACTIVE,4,6,6
1458,13898,15:48:30,0,0.00,0,0.2300,0.0339,0.0173,0.0059,1,ACTIVE,4,6,6
1458,13899,15:49:00,0,9.00,0,0.2700,0.0512,0.0173,0.0059,1,ACTIVE,4,6,6
1458,13900,15:49:30,0,359.00,0,0.1900,0.0128,0.0173,0.0059,1,ACTIVE,4,6,6
1458,13901,15:50:00,0,243.00,0,0.1900,0.0128,0.0173,0.0059,1,ACTIVE,4,6,6
1458,13902,15:50:30,0,305.00,0,0.2100,0.0256,0.0173,0.0059,1,ACTIVE,4,6,6
1458,13903,15:51:00,0,371.00,0,0.1400,0.0128,0.0125,0.0000,1,ACTIVE,4,6,6
1458,13904,15:51:30,0,251.00,0,0.2100,0.0256,0.0173,0.0059,1,ACTIVE,4,6,6
1458,13905,15:52:00,0,326.00,0,0.1900,0.0128,0.0173,0.0059,1,ACTIVE,4,6,6
1458,13906,15:52:30,0,179.00,0,0.1900,0.0128,0.0173,0.0059,1,ACTIVE,4,6,6
1458,13907,15:53:00,0,163.00,0,0.1900,0.0128,0.0173,0.0059,1,ACTIVE,4,6,6
1458,13908,15:53:30,0,371.00,0,0.2100,0.0256,0.0173,0.0059,1,ACTIVE,4,6,6
1458,13909,15:54:00,0,251.00,0,0.2100,0.0256,0.0173,0.0059,1,ACTIVE,4,6,6
1458,13910,15:54:30,0,93.00,0,0.2100,0.0256,0.0173,0.0059,1,ACTIVE,4,6,6
1458,13911,15:55:00,0,179.00,0,0.2100,0.0256,0.0173,0.0059,1,ACTIVE,4,6,6
1458,13912,15:55:30,0,26.00,0,0.2100,0.0256,0.0173,0.0059,1,ACTIVE,4,6,6
1458,13913,15:56:00,0,0.00,0,0.2100,0.0256,0.0173,0.0059,1,ACTIVE,4,6,6
1458,13914,15:56:30,0,39.00,0,0.2100,0.0256,0.0173,0.0059,1,ACTIVE,4,6,6
1458,13915,15:57:00,0,179.00,0,0.2100,0.0256,0.0173,0.0059,1,ACTIVE,4,6,6
1458,13916,15:57:30,0,59.00,0,0.2100,0.0256,0.0173,0.0059,1,ACTIVE,4,6,6
1458,13917,15:58:00,0,59.00,0,0.2700,0.0512,0.0173,0.0059,1,ACTIVE,4,6,6
1458,13918,15:58:30,0,31.00,0,0.2900,0.0596,0.0173,0.0059,1,ACTIVE,4,6,6
1458,13919,15:59:00,0,5.00,0,0.2900,0.0596,0.0173,0.0059,0,ACTIVE,4,6,6
1458,13920,15:59:30,0,0.00,0,0.2900,0.0596,0.0173,0.0059,0,ACTIVE,4,6,6
1458,13921,16:00:00,0,1.00,0,0.2900,0.0596,0.0173,0.0059,0,ACTIVE,4,6,6
1458,13922,16:00:30,0,21.00,0,0.2900,0.0596,0.0173,0.0059,1,ACTIVE,4,6,6
1458,13923,16:01:00,0,16.00,0,0.2700,0.0512,0.0173,0.0059,1,ACTIVE,4,6,6
1458,13924,16:01:30,0,48.00,0,0.2500,0.0431,0.0173,0.0059,1,ACTIVE,4,6,6
1458,13925,16:02:00,0,1.00,0,0.2500,0.0431,0.0173,0.0059,0,ACTIVE,4,6,6
1458,13926,16:02:30,0,37.00,0,0.2500,0.0431,0.0173,0.0059,1,ACTIVE,4,6,6
1458,13927,16:03:00,0,13.00,0,0.2300,0.0339,0.0173,0.0059,1,ACTIVE,4,6,6
1458,13928,16:03:30,0,28.00,0,0.2500,0.0431,0.0173,0.0059,1,ACTIVE,4,6,6
1458,13929,16:04:00,0,103.00,0,0.2500,0.0431,0.0173,0.0059,1,ACTIVE,4,6,6
1458,13930,16:04:30,0,128.00,0,0.3100,0.0679,0.0173,0.0059,1,ACTIVE,4,6,6
1458,13931,16:05:00,0,106.00,0,0.3500,0.0861,0.0173,0.0059,1,ACTIVE,4,6,6
1458,13932,16:05:30,0,128.00,0,0.5800,0.1120,0.0378,0.0023,1,ACTIVE,4,6,6
1458,13933,16:06:00,0,63.00,0,0.3300,0.0773,0.0173,0.0059,1,ACTIVE,4,6,6
1458,13934,16:06:30,0,174.00,0,0.3100,0.0679,0.0173,0.0059,1,ACTIVE,4,6,6
1458,13935,16:07:00,0,132.00,0,0.2700,0.0512,0.0173,0.0059,1,ACTIVE,4,6,6
1458,13936,16:07:30,0,119.00,0,0.3300,0.0773,0.0173,0.0059,1,ACTIVE,4,6,6
1458,13937,16:08:00,0,80.00,0,0.3500,0.0861,0.0173,0.0059,1,ACTIVE,4,6,6
1458,13938,16:08:30,0,86.00,0,0.3300,0.0773,0.0173,0.0059,1,ACTIVE,4,6,6
1458,13939,16:09:00,0,5.00,0,0.2900,0.0596,0.0173,0.0059,1,ACTIVE,4,6,6
1458,13940,16:09:30,0,20.00,0,0.2900,0.0596,0.0173,0.0059,1,ACTIVE,4,6,6
1458,13941,16:10:00,0,106.00,0,0.3100,0.0679,0.0173,0.0059,1,ACTIVE,4,6,6
1458,13942,16:10:30,0,61.00,0,0.3100,0.0679,0.0173,0.0059,1,ACTIVE,4,6,6
1458,13943,16:11:00,0,174.00,0,0.3500,0.0861,0.0173,0.0059,1,ACTIVE,4,6,6
1458,13944,16:11:30,0,115.00,0,0.3300,0.0773,0.0173,0.0059,1,ACTIVE,4,6,6
1458,13945,16:12:00,0,83.00,0,0.2300,0.0339,0.0173,0.0059,1,ACTIVE,4,6,6
1458,13946,16:12:30,0,10.00,0,0.1900,0.0128,0.0173,0.0059,1,ACTIVE,4,6,6
1458,13947,16:13:00,0,33.00,0,0.1900,0.0128,0.0173,0.0059,1,ACTIVE,4,6,6
1458,13948,16:13:30,0,0.00,0,0.1900,0.0128,0.0173,0.0059,1,ACTIVE,4,6,6
1458,13949,16:14:00,0,26.00,0,0.1900,0.0128,0.0173,0.0059,1,ACTIVE,4,6,6
1458,13950,16:14:30,0,186.00,0,0.2900,0.0596,0.0173,0.0059,1,ACTIVE,4,6,6
1458,13951,16:15:00,0,68.00,0,0.2500,0.0431,0.0173,0.0059,1,ACTIVE,4,6,6
1458,13952,16:15:30,0,110.00,0,0.2900,0.0596,0.0173,0.0059,1,ACTIVE,4,6,6
1458,13953,16:16:00,0,8.00,0,0.3300,0.0773,0.0173,0.0059,1,ACTIVE,4,6,6
1458,13954,16:16:30,0,220.00,0,0.2900,0.0596,0.0173,0.0059,1,ACTIVE,4,6,6
1458,13955,16:17:00,0,4.00,0,0.2700,0.0512,0.0173,0.0059,1,ACTIVE,4,6,6
1458,13956,16:17:30,0,70.00,0,0.2300,0.0339,0.0173,0.0059,1,ACTIVE,4,6,6
1458,13957,16:18:00,0,68.00,0,0.2300,0.0339,0.0173,0.0059,1,ACTIVE,4,6,6
1458,13958,16:18:30,0,12.00,0,0.2100,0.0256,0.0173,0.0059,1,ACTIVE,4,6,6
1458,13959,16:19:00,0,73.00,0,0.2100,0.0256,0.0173,0.0059,1,ACTIVE,4,6,6
1458,13960,16:19:30,0,152.00,0,0.2100,0.0256,0.0173,0.0059,1,ACTIVE,4,6,6
1458,13961,16:20:00,0,73.00,0,1.3300,0.1550,0.1120,0.0070,1,ACTIVE,4,6,6
1458,13962,16:20:30,0,66.00,0,10.3300,1.6000,0.7680,0.0559,1,ACTIVE,4,6,6
1458,13963,16:21:00,0,110.00,0,50.6900,2.2200,5.0600,1.3800,1,ACTIVE,4,6,6
1458,13964,16:21:30,0,33.00,0,62.3400,4.6400,5.7600,1.5400,1,ACTIVE,4,6,6
1458,13965,16:22:00,0,53.00,0,60.6200,4.3400,5.6300,1.5400,1,ACTIVE,4,6,6
1458,13966,16:22:30,0,68.00,0,33.8000,3.4200,2.9400,0.4280,1,ACTIVE,4,6,6
1458,13967,16:23:00,0,212.00,0,75.3200,5.3900,7.0000,1.9500,1,ACTIVE,4,6,6
1458,13968,16:23:30,0,115.00,0,83.8900,5.0600,7.9700,2.7000,1,ACTIVE,4,6,6
1458,13969,16:24:00,0,96.00,0,79.1400,4.9500,7.4700,2.5800,1,ACTIVE,4,6,6
1458,13970,16:24:30,0,53.00,0,88.4600,7.1500,7.9700,2.6400,1,ACTIVE,4,6,6
1458,13971,16:25:00,0,55.00,0,46.3100,5.2800,3.9000,0.4570,1,ACTIVE,4,6,6
1458,13972,16:25:30,0,5.00,0,54.1400,5.3900,4.7400,0.6600,1,ACTIVE,4,6,6
1458,13973,16:26:00,0,22.00,0,56.5300,5.6300,4.9500,0.6890,1,ACTIVE,4,6,6
1458,13974,16:26:30,0,61.00,0,91.9600,5.7600,8.6900,2.8800,1,ACTIVE,4,6,6
1458,13975,16:27:00,0,46.00,0,64.7100,3.5700,6.1400,2.7600,1,ACTIVE,4,6,6
1458,13976,16:27:30,0,77.00,0,46.4400,3.5000,4.3400,0.6050,1,ACTIVE,4,6,6
1458,13977,16:28:00,0,61.00,0,96.7900,5.6300,9.2700,2.8800,1,ACTIVE,4,6,6
1458,13978,16:28:30,0,110.00,0,82.3600,5.7600,7.6300,2.5800,1,ACTIVE,4,6,6
1458,13979,16:29:00,0,80.00,0,131.1300,8.8800,12.3000,3.5700,1,ACTIVE,4,6,6
1458,13980,16:29:30,0,305.00,0,59.1900,2.5300,5.8800,1.9100,1,ACTIVE,4,6,6
1458,13981,16:30:00,0,106.00,0,41.7800,2.5800,3.9800,1.0900,1,ACTIVE,4,6,6
1458,13982,16:30:30,0,66.00,0,0.2100,0.0256,0.0173,0.0059,1,ACTIVE,4,6,6
1458,13983,16:31:00,0,86.00,0,0.5700,0.0431,0.0523,0.0173,1,ACTIVE,4,6,6
1458,13984,16:31:30,0,42.00,0,0.2100,0.0256,0.0173,0.0059,1,ACTIVE,4,6,6
1458,13985,16:32:00,0,1.00,0,0.1900,0.0128,0.0173,0.0059,1,ACTIVE,4,6,6
1458,13986,16:32:30,0,77.00,0,0.1900,0.0128,0.0173,0.0059,1,ACTIVE,4,6,6
1458,13987,16:33:00,0,11.00,0,0.1900,0.0128,0.0173,0.0059,1,ACTIVE,4,6,6
1458,13988,16:33:30,0,37.00,0,0.2100,0.0256,0.0173,0.0059,1,ACTIVE,4,6,6
1458,13989,16:34:00,0,3.00,0,0.1900,0.0128,0.0173,0.0059,0,ACTIVE,4,6,6
1458,13990,16:34:30,0,24.00,0,0.0400,0.0146,0.0000,0.0059,1,ACTIVE,4,6,6
1458,13991,16:35:00,0,18.00,0,0.1900,0.0128,0.0173,0.0059,1,ACTIVE,4,6,6
1458,13992,16:35:30,0,0.00,0,0.1900,0.0128,0.0173,0.0059,0,ACTIVE,4,6,6
1458,13993,16:36:00,0,0.00,0,0.1900,0.0128,0.0173,0.0059,0,ACTIVE,4,6,6
1458,13994,16:36:30,0,12.00,0,0.1900,0.0128,0.0173,0.0059,0,ACTIVE,4,6,6
1458,13995,16:37:00,0,21.00,0,0.1900,0.0128,0.0173,0.0059,1,ACTIVE,4,6,6
1458,13996,16:37:30,0,16.00,0,0.2100,0.0256,0.0173,0.0059,0,ACTIVE,4,6,6
1458,13997,16:38:00,0,0.00,0,0.1900,0.0128,0.0173,0.0059,0,ACTIVE,4,6,6
1458,13998,16:38:30,0,1.00,0,0.1900,0.0128,0.0173,0.0059,0,ACTIVE,4,6,6
1458,13999,16:39:00,0,5.00,0,0.1900,0.0128,0.0173,0.0059,0,ACTIVE,4,6,6
1458,14000,16:39:30,0,3.00,0,0.1900,0.0128,0.0173,0.0059,0,ACTIVE,4,6,6
1458,14001,16:40:00,0,0.00,0,0.1900,0.0128,0.0173,0.0059,0,ACTIVE,4,6,6
1458,14002,16:40:30,0,0.00,0,0.1900,0.0128,0.0173,0.0059,0,ACTIVE,4,6,6
1458,14003,16:41:00,0,3.00,0,0.1900,0.0128,0.0173,0.0059,0,ACTIVE,4,6,6
1458,14004,16:41:30,0,1.00,0,0.1900,0.0128,0.0173,0.0059,0,ACTIVE,4,6,6
1458,14005,16:42:00,0,3.00,0,0.1900,0.0128,0.0173,0.0059,0,ACTIVE,4,6,6
1458,14006,16:42:30,0,9.00,0,0.1900,0.0128,0.0173,0.0059,0,ACTIVE,4,6,6
1458,14007,16:43:00,0,12.00,0,0.1900,0.0128,0.0173,0.0059,0,ACTIVE,4,6,6
1458,14008,16:43:30,0,8.00,0,0.1900,0.0128,0.0173,0.0059,0,ACTIVE,4,6,6
1458,14009,16:44:00,0,1.00,0,0.1900,0.0128,0.0173,0.0059,0,ACTIVE,4,6,6
1458,14010,16:44:30,0,0.00,0,0.1900,0.0128,0.0173,0.0059,0,ACTIVE,4,6,6
1458,14011,16:45:00,0,13.00,0,0.1900,0.0128,0.0173,0.0059,0,ACTIVE,4,6,6
1458,14012,16:45:30,0,0.00,0,0.1900,0.0128,0.0173,0.0059,0,ACTIVE,4,6,6
1458,14013,16:46:00,0,0.00,0,0.1900,0.0128,0.0173,0.0059,0,ACTIVE,4,6,6
1458,14014,16:46:30,0,2.00,0,0.1900,0.0128,0.0173,0.0059,0,ACTIVE,4,6,6
1458,14015,16:47:00,0,3.00,0,0.1900,0.0128,0.0173,0.0059,0,ACTIVE,4,6,6
1458,14016,16:47:30,0,0.00,0,0.1700,0.0042,0.0173,0.0059,0,ACTIVE,4,6,6
1458,14017,16:48:00,0,0.00,0,0.1900,0.0128,0.0173,0.0059,0,ACTIVE,4,6,6
1458,14018,16:48:30,0,1.00,0,0.1900,0.0128,0.0173,0.0059,0,ACTIVE,4,6,6
1458,14019,16:49:00,0,10.00,0,0.1900,0.0128,0.0173,0.0059,0,ACTIVE,4,6,6
1458,14020,16:49:30,0,1.00,0,0.1900,0.0128,0.0173,0.0059,0,ACTIVE,4,6,6
1458,14021,16:50:00,0,0.00,0,0.1900,0.0128,0.0173,0.0059,0,ACTIVE,4,6,6
1458,14022,16:50:30,0,2.00,0,0.1900,0.0128,0.0173,0.0059,0,ACTIVE,4,6,6
1458,14023,16:51:00,0,46.00,0,0.1900,0.0128,0.0173,0.0059,1,ACTIVE,4,6,6
1458,14024,16:51:30,0,70.00,0,0.1700,0.0042,0.0173,0.0059,1,ACTIVE,4,6,6
1458,14025,16:52:00,0,25.00,0,0.1900,0.0128,0.0173,0.0059,1,ACTIVE,4,6,6
1458,14026,16:52:30,0,13.00,0,0.1900,0.0128,0.0173,0.0059,1,ACTIVE,4,6,6
1458,14027,16:53:00,0,86.00,0,0.0300,0.0146,0.0000,0.0000,1,ACTIVE,4,6,6
1458,14028,16:53:30,0,44.00,0,0.1900,0.0128,0.0173,0.0059,1,ACTIVE,4,6,6
1458,14029,16:54:00,0,37.00,0,0.2300,0.0339,0.0173,0.0059,1,ACTIVE,4,6,6
1458,14030,16:54:30,0,70.00,0,0.2500,0.0431,0.0173,0.0059,1,ACTIVE,4,6,6
1458,14031,16:55:00,0,66.00,0,0.1300,0.0583,0.0000,0.0000,1,ACTIVE,4,6,6
1458,14032,16:55:30,0,68.00,0,0.2300,0.0339,0.0173,0.0059,1,ACTIVE,4,6,6
1458,14033,16:56:00,0,93.00,0,0.2300,0.0339,0.0173,0.0059,1,ACTIVE,4,6,6
1458,14034,16:56:30,0,35.00,0,0.2300,0.0339,0.0173,0.0059,1,ACTIVE,4,6,6
1458,14035,16:57:00,0,44.00,0,0.2500,0.0431,0.0173,0.0059,1,ACTIVE,4,6,6
1458,14036,16:57:30,0,31.00,0,0.2300,0.0339,0.0173,0.0059,1,ACTIVE,4,6,6
1458,14037,16:58:00,0,55.00,0,0.2100,0.0256,0.0173,0.0059,1,ACTIVE,4,6,6
1458,14038,16:58:30,0,42.00,0,0.2100,0.0256,0.0173,0.0059,1,ACTIVE,4,6,6
1458,14039,16:59:00,0,46.00,0,0.2100,0.0256,0.0173,0.0059,1,ACTIVE,4,6,6
1458,14040,16:59:30,0,42.00,0,0.2500,0.0431,0.0173,0.0059,1,ACTIVE,4,6,6
1458,14041,17:00:00,0,55.00,0,0.3100,0.0679,0.0173,0.0059,1,ACTIVE,4,6,6
1458,14042,17:00:30,0,12.00,0,0.2300,0.0339,0.0173,0.0059,1,ACTIVE,4,6,6
1458,14043,17:01:00,0,18.00,0,0.2300,0.0339,0.0173,0.0059,1,ACTIVE,4,6,6
1458,14044,17:01:30,0,3.00,0,0.2500,0.0431,0.0173,0.0059,0,ACTIVE,4,6,6
1458,14045,17:02:00,0,0.00,0,0.2500,0.0431,0.0173,0.0059,0,ACTIVE,4,6,6
1458,14046,17:02:30,0,9.00,0,0.2700,0.0512,0.0173,0.0059,0,ACTIVE,4,6,6
1458,14047,17:03:00,0,3.00,0,0.2500,0.0431,0.0173,0.0059,0,ACTIVE,4,6,6
1458,14048,17:03:30,0,10.00,0,0.2500,0.0431,0.0173,0.0059,0,ACTIVE,4,6,6
1458,14049,17:04:00,0,20.00,0,0.2500,0.0431,0.0173,0.0059,1,ACTIVE,4,6,6
1458,14050,17:04:30,0,0.00,0,0.2500,0.0431,0.0173,0.0059,0,ACTIVE,4,6,6
1458,14051,17:05:00,0,14.00,0,0.2300,0.0339,0.0173,0.0059,0,ACTIVE,4,6,6
1458,14052,17:05:30,0,24.00,0,0.2500,0.0431,0.0173,0.0059,1,ACTIVE,4,6,6
1458,14053,17:06:00,0,8.00,0,0.2500,0.0431,0.0173,0.0059,0,ACTIVE,4,6,6
1458,14054,17:06:30,0,3.00,0,0.2900,0.0596,0.0173,0.0059,0,ACTIVE,4,6,6
1458,14055,17:07:00,0,14.00,0,0.2900,0.0596,0.0173,0.0059,0,ACTIVE,4,6,6
1458,14056,17:07:30,0,3.00,0,0.2300,0.0339,0.0173,0.0059,0,ACTIVE,4,6,6
1458,14057,17:08:00,0,0.00,0,0.2300,0.0339,0.0173,0.0059,0,ACTIVE,4,6,6
1458,14058,17:08:30,0,0.00,0,0.2500,0.0431,0.0173,0.0059,0,ACTIVE,4,6,6
1458,14059,17:09:00,0,11.00,0,0.2300,0.0339,0.0173,0.0059,0,ACTIVE,4,6,6
1458,14060,17:09:30,0,55.00,0,0.3100,0.0679,0.0173,0.0059,1,ACTIVE,4,6,6
1458,14061,17:10:00,0,14.00,0,0.2300,0.0339,0.0173,0.0059,1,ACTIVE,4,6,6
1458,14062,17:10:30,0,0.00,0,0.1900,0.0128,0.0173,0.0059,0,ACTIVE,4,6,6
1458,14063,17:11:00,0,1.00,0,0.1900,0.0128,0.0173,0.0059,0,ACTIVE,4,6,6
1458,14064,17:11:30,0,10.00,0,0.1900,0.0128,0.0173,0.0059,0,ACTIVE,4,6,6
1458,14065,17:12:00,0,0.00,0,0.1900,0.0128,0.0173,0.0059,0,ACTIVE,4,6,6
1458,14066,17:12:30,0,3.00,0,0.1900,0.0128,0.0173,0.0059,0,ACTIVE,4,6,6
1458,14067,17:13:00,0,0.00,0,0.1900,0.0128,0.0173,0.0059,0,ACTIVE,4,6,6
1458,14068,17:13:30,0,7.00,0,0.1900,0.0128,0.0173,0.0059,0,ACTIVE,4,6,6
1458,14069,17:14:00,0,0.00,0,0.1900,0.0128,0.0173,0.0059,0,ACTIVE,4,6,6
1458,14070,17:14:30,0,0.00,0,0.1900,0.0128,0.0173,0.0059,0,ACTIVE,4,6,6
1458,14071,17:15:00,0,8.00,0,0.1900,0.0128,0.0173,0.0059,0,ACTIVE,4,6,6
1458,14072,17:15:30,0,0.00,0,0.1900,0.0128,0.0173,0.0059,0,ACTIVE,4,6,6
1458,14073,17:16:00,0,4.00,0,0.1900,0.0128,0.0173,0.0059,0,ACTIVE,4,6,6
1458,14074,17:16:30,0,42.00,0,0.2100,0.0256,0.0173,0.0059,1,ACTIVE,4,6,6
1458,14075,17:17:00,0,3.00,0,0.2900,0.0596,0.0173,0.0059,0,ACTIVE,4,6,6
1458,14076,17:17:30,0,23.00,0,0.2300,0.0339,0.0173,0.0059,1,ACTIVE,4,6,6
1458,14077,17:18:00,0,4.00,0,0.1900,0.0128,0.0173,0.0059,0,ACTIVE,4,6,6
1458,14078,17:18:30,0,0.00,0,0.1900,0.0128,0.0173,0.0059,0,ACTIVE,4,6,6
1458,14079,17:19:00,0,0.00,0,0.1900,0.0128,0.0173,0.0059,0,ACTIVE,4,6,6
1458,14080,17:19:30,0,0.00,0,0.1900,0.0128,0.0173,0.0059,0,ACTIVE,4,6,6
1458,14081,17:20:00,0,0.00,0,0.1900,0.0128,0.0173,0.0059,0,ACTIVE,4,6,6
1458,14082,17:20:30,0,0.00,0,0.1900,0.0128,0.0173,0.0059,0,ACTIVE,4,6,6
1458,14083,17:21:00,0,0.00,0,0.1900,0.0128,0.0173,0.0059,0,ACTIVE,4,6,6
1458,14084,17:21:30,0,0.00,0,0.1900,0.0128,0.0173,0.0059,0,ACTIVE,4,6,6
1458,14085,17:22:00,0,0.00,0,0.1900,0.0128,0.0173,0.0059,0,ACTIVE,4,6,6
1458,14086,17:22:30,0,0.00,0,0.1900,0.0128,0.0173,0.0059,0,ACTIVE,4,6,6
1458,14087,17:23:00,0,106.00,0,0.2300,0.0339,0.0173,0.0059,1,ACTIVE,4,6,6
1458,14088,17:23:30,0,46.00,0,0.2500,0.0431,0.0173,0.0059,1,ACTIVE,4,6,6
1458,14089,17:24:00,0,0.00,0,0.2700,0.0512,0.0173,0.0059,0,ACTIVE,4,6,6
1458,14090,17:24:30,0,1.00,0,0.2500,0.0431,0.0173,0.0059,0,ACTIVE,4,6,6
1458,14091,17:25:00,0,0.00,0,0.2500,0.0431,0.0173,0.0059,0,ACTIVE,4,6,6
1458,14092,17:25:30,0,0.00,0,0.2500,0.0431,0.0173,0.0059,0,ACTIVE,4,6,6
1458,14093,17:26:00,0,0.00,0,0.2500,0.0431,0.0173,0.0059,0,ACTIVE,4,6,6
1458,14094,17:26:30,0,0.00,0,0.2500,0.0431,0.0173,0.0059,0,ACTIVE,4,6,6
1458,14095,17:27:00,0,18.00,0,0.2500,0.0431,0.0173,0.0059,1,ACTIVE,4,6,6
1458,14096,17:27:30,0,13.00,0,0.2500,0.0431,0.0173,0.0059,0,ACTIVE,4,6,6
1458,14097,17:28:00,0,26.00,0,0.2500,0.0431,0.0173,0.0059,1,ACTIVE,4,6,6
1458,14098,17:28:30,0,11.00,0,0.2500,0.0431,0.0173,0.0059,1,ACTIVE,4,6,6
1458,14099,17:29:00,0,59.00,0,0.2900,0.0596,0.0173,0.0059,1,ACTIVE,4,6,6
1458,14100,17:29:30,0,0.00,0,0.2700,0.0512,0.0173,0.0059,0,ACTIVE,4,6,6
1458,14101,17:30:00,0,0.00,0,0.2700,0.0512,0.0173,0.0059,0,ACTIVE,4,6,6
1458,14102,17:30:30,0,0.00,0,0.2700,0.0512,0.0173,0.0059,0,ACTIVE,4,6,6
1458,14103,17:31:00,0,3.00,0,0.2700,0.0512,0.0173,0.0059,0,ACTIVE,4,6,6
1458,14104,17:31:30,0,3.00,0,0.2500,0.0431,0.0173,0.0059,0,ACTIVE,4,6,6
1458,14105,17:32:00,0,3.00,0,0.2900,0.0596,0.0173,0.0059,0,ACTIVE,4,6,6
1458,14106,17:32:30,0,8.00,0,0.2700,0.0512,0.0173,0.0059,0,ACTIVE,4,6,6
1458,14107,17:33:00,0,3.00,0,0.2300,0.0339,0.0173,0.0059,0,ACTIVE,4,6,6
1458,14108,17:33:30,0,1.00,0,0.2300,0.0339,0.0173,0.0059,0,ACTIVE,4,6,6
1458,14109,17:34:00,0,39.00,0,0.2300,0.0339,0.0173,0.0059,1,ACTIVE,4,6,6
1458,14110,17:34:30,0,4.00,0,0.2700,0.0512,0.0173,0.0059,0,ACTIVE,4,6,6
1458,14111,17:35:00,0,13.00,0,0.2500,0.0431,0.0173,0.0059,0,ACTIVE,4,6,6
1458,14112,17:35:30,0,15.00,0,0.2100,0.0256,0.0173,0.0059,0,ACTIVE,4,6,6
1458,14113,17:36:00,0,1.00,0,0.2900,0.0596,0.0173,0.0059,0,ACTIVE,4,6,6
1458,14114,17:36:30,0,4.00,0,0.2700,0.0512,0.0173,0.0059,0,ACTIVE,4,6,6
1458,14115,17:37:00,0,15.00,0,0.2900,0.0596,0.0173,0.0059,0,ACTIVE,4,6,6
1458,14116,17:37:30,0,0.00,0,0.2900,0.0596,0.0173,0.0059,0,ACTIVE,4,6,6
1458,14117,17:38:00,0,1.00,0,0.2900,0.0596,0.0173,0.0059,0,ACTIVE,4,6,6
1458,14118,17:38:30,0,3.00,0,0.2700,0.0512,0.0173,0.0059,0,ACTIVE,4,6,6
1458,14119,17:39:00,0,11.00,0,0.2900,0.0596,0.0173,0.0059,0,ACTIVE,4,6,6
1458,14120,17:39:30,0,0.00,0,0.2700,0.0512,0.0173,0.0059,0,ACTIVE,4,6,6
1458,14121,17:40:00,0,9.00,0,0.2300,0.0339,0.0173,0.0059,0,ACTIVE,4,6,6
1458,14122,17:40:30,0,37.00,0,0.2500,0.0431,0.0173,0.0059,1,ACTIVE,4,6,6
1458,14123,17:41:00,0,1.00,0,0.2700,0.0512,0.0173,0.0059,0,ACTIVE,4,6,6
1458,14124,17:41:30,0,15.00,0,0.2700,0.0512,0.0173,0.0059,0,ACTIVE,4,6,6
1458,14125,17:42:00,0,0.00,0,0.2700,0.0512,0.0173,0.0059,0,ACTIVE,4,6,6
1458,14126,17:42:30,0,1.00,0,0.2500,0.0431,0.0173,0.0059,0,ACTIVE,4,6,6
1458,14127,17:43:00,0,0.00,0,0.2100,0.0256,0.0173,0.0059,0,ACTIVE,4,6,6
1458,14128,17:43:30,0,46.00,0,0.2300,0.0339,0.0173,0.0059,1,ACTIVE,4,6,6
1458,14129,17:44:00,0,9.00,0,0.2500,0.0431,0.0173,0.0059,0,ACTIVE,4,6,6
1458,14130,17:44:30,0,1.00,0,0.2500,0.0431,0.0173,0.0059,0,ACTIVE,4,6,6
1458,14131,17:45:00,0,9.00,0,0.2300,0.0339,0.0173,0.0059,0,ACTIVE,4,6,6
1458,14132,17:45:30,0,0.00,0,0.2100,0.0256,0.0173,0.0059,0,ACTIVE,4,6,6
1458,14133,17:46:00,0,0.00,0,0.2100,0.0256,0.0173,0.0059,0,ACTIVE,4,6,6
1458,14134,17:46:30,0,0.00,0,0.2100,0.0256,0.0173,0.0059,0,ACTIVE,4,6,6
1458,14135,17:47:00,0,0.00,0,0.1900,0.0128,0.0173,0.0059,0,ACTIVE,4,6,6
1458,14136,17:47:30,0,0.00,0,0.2100,0.0256,0.0173,0.0059,0,ACTIVE,4,6,6
1458,14137,17:48:00,0,13.00,0,0.2100,0.0256,0.0173,0.0059,1,ACTIVE,4,6,6
1458,14138,17:48:30,0,0.00,0,0.2100,0.0256,0.0173,0.0059,0,ACTIVE,4,6,6
1458,14139,17:49:00,0,70.00,0,0.2100,0.0256,0.0173,0.0059,1,ACTIVE,4,6,6
1458,14140,17:49:30,0,93.00,0,0.2300,0.0339,0.0173,0.0059,1,ACTIVE,4,6,6
1458,14141,17:50:00,0,0.00,0,0.2500,0.0431,0.0173,0.0059,0,ACTIVE,4,6,6
1458,14142,17:50:30,0,0.00,0,0.2700,0.0512,0.0173,0.0059,0,ACTIVE,4,6,6
1458,14143,17:51:00,0,0.00,0,0.2500,0.0431,0.0173,0.0059,0,ACTIVE,4,6,6
1458,14144,17:51:30,0,0.00,0,0.2500,0.0431,0.0173,0.0059,0,ACTIVE,4,6,6
1458,14145,17:52:00,0,0.00,0,0.2500,0.0431,0.0173,0.0059,0,ACTIVE,4,6,6
1458,14146,17:52:30,0,42.00,0,0.2100,0.0256,0.0173,0.0059,1,ACTIVE,4,6,6
1458,14147,17:53:00,0,0.00,0,0.1900,0.0128,0.0173,0.0059,0,ACTIVE,4,6,6
1458,14148,17:53:30,0,27.00,0,0.2100,0.0256,0.0173,0.0059,1,ACTIVE,4,6,6
1458,14149,17:54:00,0,0.00,0,0.2700,0.0512,0.0173,0.0059,0,ACTIVE,4,6,6
1458,14150,17:54:30,0,12.00,0,0.3100,0.0679,0.0173,0.0059,1,ACTIVE,4,6,6
1458,14151,17:55:00,0,46.00,0,0.2700,0.0512,0.0173,0.0059,1,ACTIVE,4,6,6
1458,14152,17:55:30,0,3.00,0,0.2700,0.0512,0.0173,0.0059,0,ACTIVE,4,6,6
1458,14153,17:56:00,0,35.00,0,0.3100,0.0679,0.0173,0.0059,1,ACTIVE,4,6,6
1458,14154,17:56:30,0,2.00,0,0.2700,0.0512,0.0173,0.0059,0,ACTIVE,4,6,6
1458,14155,17:57:00,0,20.00,0,0.2500,0.0431,0.0173,0.0059,1,ACTIVE,4,6,6
1458,14156,17:57:30,0,5.00,0,0.2500,0.0431,0.0173,0.0059,0,ACTIVE,4,6,6
1458,14157,17:58:00,0,0.00,0,0.2700,0.0512,0.0173,0.0059,0,ACTIVE,4,6,6
1458,14158,17:58:30,0,0.00,0,0.2900,0.0596,0.0173,0.0059,0,ACTIVE,4,6,6
1458,14159,17:59:00,0,42.00,0,0.2700,0.0512,0.0173,0.0059,1,ACTIVE,4,6,6
1458,14160,17:59:30,0,24.00,0,0.3700,0.0939,0.0173,0.0059,1,ACTIVE,4,6,6
1458,14161,18:00:00,0,25.00,0,0.2700,0.0512,0.0173,0.0059,1,ACTIVE,4,6,6
1458,14162,18:00:30,0,0.00,0,0.2500,0.0431,0.0173,0.0059,0,ACTIVE,4,6,6
1458,14163,18:01:00,0,0.00,0,0.2500,0.0431,0.0173,0.0059,0,ACTIVE,4,6,6
1458,14164,18:01:30,0,0.00,0,0.2300,0.0339,0.0173,0.0059,0,ACTIVE,4,6,6
1458,14165,18:02:00,0,1.00,0,0.2500,0.0431,0.0173,0.0059,0,ACTIVE,4,6,6
1458,14166,18:02:30,0,10.00,0,0.2500,0.0431,0.0173,0.0059,0,ACTIVE,4,6,6
1458,14167,18:03:00,0,0.00,0,0.2500,0.0431,0.0173,0.0059,0,ACTIVE,4,6,6
1458,14168,18:03:30,0,14.00,0,0.2700,0.0512,0.0173,0.0059,1,ACTIVE,4,6,6
1458,14169,18:04:00,0,4.00,0,0.2900,0.0596,0.0173,0.0059,1,ACTIVE,4,6,6
1458,14170,18:04:30,0,68.00,0,0.2900,0.0596,0.0173,0.0059,1,ACTIVE,4,6,6
1458,14171,18:05:00,0,158.00,0,0.2500,0.0431,0.0173,0.0059,1,ACTIVE,4,6,6
1458,14172,18:05:30,0,124.00,0,0.2100,0.0256,0.0173,0.0059,1,ACTIVE,4,6,6
1458,14173,18:06:00,0,55.00,0,0.2100,0.0256,0.0173,0.0059,1,ACTIVE,4,6,6
1458,14174,18:06:30,0,511.00,0,0.1400,0.0128,0.0125,0.0000,1,ACTIVE,4,6,6
1458,14175,18:07:00,0,286.00,0,15.2200,1.7900,1.2600,0.1880,1,ACTIVE,4,6,6
1458,14176,18:07:30,0,295.00,0,27.6900,3.5700,2.2200,0.3160,1,ACTIVE,4,6,6
1458,14177,18:08:00,0,286.00,0,156.0300,6.4200,15.6000,4.8400,1,ACTIVE,4,6,6
1458,14178,18:08:30,0,295.00,0,59.5400,4.7400,5.5100,0.7200,1,ACTIVE,4,6,6
1458,14179,18:09:00,0,206.00,0,39.1400,5.0600,3.1400,0.4370,1,ACTIVE,4,6,6
1458,14180,18:09:30,0,251.00,0,90.9200,5.5100,8.6900,2.4200,1,ACTIVE,4,6,6
1458,14181,18:10:00,0,132.00,0,37.2700,5.2800,2.8800,0.3600,1,ACTIVE,4,6,6
1458,14182,18:10:30,0,315.00,0,27.9300,3.9000,2.1700,0.2660,1,ACTIVE,4,6,6
1458,14183,18:11:00,0,286.00,0,93.9300,6.0100,8.8800,2.6400,1,ACTIVE,4,6,6
1458,14184,18:11:30,0,220.00,0,15.1500,3.6500,0.8020,0.0460,1,ACTIVE,4,6,6
1458,14185,18:12:00,0,228.00,0,0.1900,0.0128,0.0173,0.0059,1,ACTIVE,4,6,6
1458,14186,18:12:30,0,212.00,0,3.8800,0.4370,0.3160,0.1390,1,ACTIVE,4,6,6
1458,14187,18:13:00,0,408.00,0,1.0500,0.1190,0.0880,0.0115,1,ACTIVE,4,6,6
1458,14188,18:13:30,0,277.00,0,0.1900,0.0128,0.0173,0.0059,1,ACTIVE,4,6,6
1458,14189,18:14:00,0,295.00,0,0.1900,0.0128,0.0173,0.0059,1,ACTIVE,4,6,6
1458,14190,18:14:30,0,383.00,0,0.2700,0.0512,0.0173,0.0059,1,ACTIVE,4,6,6
1458,14191,18:15:00,0,228.00,0,0.2100,0.0256,0.0173,0.0059,1,ACTIVE,4,6,6
1458,14192,18:15:30,0,259.00,0,0.1800,0.0339,0.0125,0.0000,1,ACTIVE,4,6,6
1458,14193,18:16:00,0,268.00,0,0.2000,0.0431,0.0125,0.0000,1,ACTIVE,4,6,6
1458,14194,18:16:30,0,174.00,0,0.2300,0.0339,0.0173,0.0059,1,ACTIVE,4,6,6
1458,14195,18:17:00,0,243.00,0,0.2300,0.0339,0.0173,0.0059,1,ACTIVE,4,6,6
1458,14196,18:17:30,0,152.00,0,0.2100,0.0256,0.0173,0.0059,1,ACTIVE,4,6,6
1458,14197,18:18:00,0,277.00,0,0.2500,0.0431,0.0173,0.0059,1,ACTIVE,4,6,6
1458,14198,18:18:30,0,243.00,0,0.2300,0.0339,0.0173,0.0059,1,ACTIVE,4,6,6
1458,14199,18:19:00,0,228.00,0,0.2300,0.0339,0.0173,0.0059,1,ACTIVE,4,6,6
1458,14200,18:19:30,0,315.00,0,0.2700,0.0512,0.0173,0.0059,1,ACTIVE,4,6,6
1458,14201,18:20:00,0,305.00,0,0.1900,0.0128,0.0173,0.0059,1,ACTIVE,4,6,6
1458,14202,18:20:30,0,337.00,0,0.2100,0.0256,0.0173,0.0059,1,ACTIVE,4,6,6
1458,14203,18:21:00,0,235.00,0,0.2100,0.0256,0.0173,0.0059,1,ACTIVE,4,6,6
1458,14204,18:21:30,0,163.00,0,0.2500,0.0431,0.0173,0.0059,1,ACTIVE,4,6,6
1458,14205,18:22:00,0,295.00,0,0.2500,0.0431,0.0173,0.0059,1,ACTIVE,4,6,6
1458,14206,18:22:30,0,315.00,0,0.2100,0.0256,0.0173,0.0059,1,ACTIVE,4,6,6
1458,14207,18:23:00,0,359.00,0,0.1900,0.0128,0.0173,0.0059,1,ACTIVE,4,6,6
1458,14208,18:23:30,0,371.00,0,0.2100,0.0256,0.0173,0.0059,1,ACTIVE,4,6,6
1458,14209,18:24:00,0,251.00,0,0.1900,0.0128,0.0173,0.0059,1,ACTIVE,4,6,6
1458,14210,18:24:30,0,408.00,0,0.1900,0.0128,0.0173,0.0059,1,ACTIVE,4,6,6
1458,14211,18:25:00,0,286.00,0,0.1900,0.0128,0.0173,0.0059,1,ACTIVE,4,6,6
1458,14212,18:25:30,0,435.00,0,0.2300,0.0339,0.0173,0.0059,1,ACTIVE,4,6,6
1458,14213,18:26:00,0,305.00,0,0.1400,0.0583,0.0000,0.0059,1,ACTIVE,4,6,6
1458,14214,18:26:30,0,359.00,0,0.1700,0.0256,0.0125,0.0000,1,ACTIVE,4,6,6
1458,14215,18:27:00,0,337.00,0,0.1900,0.0128,0.0173,0.0059,1,ACTIVE,4,6,6
1458,14216,18:27:30,0,193.00,0,0.2700,0.0512,0.0173,0.0059,1,ACTIVE,4,6,6
1458,14217,18:28:00,0,268.00,0,0.2300,0.0339,0.0173,0.0059,1,ACTIVE,4,6,6
1458,14218,18:28:30,0,206.00,0,0.2300,0.0339,0.0173,0.0059,1,ACTIVE,4,6,6
1458,14219,18:29:00,0,268.00,0,0.2300,0.0339,0.0173,0.0059,1,ACTIVE,4,6,6
1458,14220,18:29:30,0,359.00,0,2.0600,0.3230,0.1510,0.0162,1,ACTIVE,4,6,6
1458,14221,18:30:00,0,725.00,0,5.8100,0.5310,0.5200,0.0790,1,ACTIVE,4,6,6
1458,14222,18:30:30,0,725.00,0,0.0400,0.0146,0.0000,0.0059,1,ACTIVE,4,6,6
1458,14223,18:31:00,0,639.00,0,0.1900,0.0128,0.0173,0.0059,1,ACTIVE,4,6,6
1458,14224,18:31:30,0,408.00,0,0.0400,0.0146,0.0000,0.0059,1,ACTIVE,4,6,6
1458,14225,18:32:00,0,251.00,0,0.1400,0.0128,0.0125,0.0000,1,ACTIVE,4,6,6
1458,14226,18:32:30,0,545.00,0,0.0400,0.0146,0.0000,0.0059,1,ACTIVE,4,6,6
1458,14227,18:33:00,0,337.00,0,0.1900,0.0128,0.0173,0.0059,1,ACTIVE,4,6,6
1458,14228,18:33:30,0,268.00,0,0.1900,0.0128,0.0173,0.0059,1,ACTIVE,4,6,6
1458,14229,18:34:00,0,305.00,0,0.0400,0.0146,0.0000,0.0059,1,ACTIVE,4,6,6
1458,14230,18:34:30,0,395.00,0,0.1900,0.0128,0.0173,0.0059,1,ACTIVE,4,6,6
1458,14231,18:35:00,0,395.00,0,0.1900,0.0128,0.0173,0.0059,1,ACTIVE,4,6,6
1458,14232,18:35:30,0,395.00,0,0.0700,0.0292,0.0000,0.0059,1,ACTIVE,4,6,6
1458,14233,18:36:00,0,295.00,0,0.1400,0.0128,0.0125,0.0000,1,ACTIVE,4,6,6
1458,14234,18:36:30,0,235.00,0,0.1700,0.0042,0.0173,0.0059,1,ACTIVE,4,6,6
1458,14235,18:37:00,0,268.00,0,0.1900,0.0128,0.0173,0.0059,1,ACTIVE,4,6,6
1458,14236,18:37:30,0,251.00,0,0.1900,0.0128,0.0173,0.0059,1,ACTIVE,4,6,6
1458,14237,18:38:00,0,421.00,0,0.1400,0.0128,0.0125,0.0000,1,ACTIVE,4,6,6
1458,14238,18:38:30,0,464.00,0,0.2100,0.0256,0.0173,0.0059,1,ACTIVE,4,6,6
1458,14239,18:39:00,0,479.00,0,0.1700,0.0256,0.0125,0.0000,1,ACTIVE,4,6,6
1458,14240,18:39:30,0,581.00,0,0.2100,0.0256,0.0173,0.0059,1,ACTIVE,4,6,6
1458,14241,18:40:00,0,581.00,0,0.1700,0.0256,0.0125,0.0000,1,ACTIVE,4,6,6
1458,14242,18:40:30,0,494.00,0,1.7300,0.1720,0.1510,0.0206,1,ACTIVE,4,6,6
1458,14243,18:41:00,0,408.00,0,11.9500,0.9330,1.1100,0.1550,1,ACTIVE,4,6,6
1458,14244,18:41:30,0,243.00,0,7.5900,0.4190,0.7350,0.2090,1,ACTIVE,4,6,6
1458,14245,18:42:00,0,53.00,0,34.0100,1.8300,3.2800,1.1600,1,ACTIVE,4,6,6
1458,14246,18:42:30,0,61.00,0,36.9900,1.9500,3.5700,1.2600,1,ACTIVE,4,6,6
1458,14247,18:43:00,0,23.00,0,41.4800,2.6400,3.9000,1.3800,1,ACTIVE,4,6,6
1458,14248,18:43:30,0,9.00,0,46.6500,2.7600,4.4400,1.5400,1,ACTIVE,4,6,6
1458,14249,18:44:00,0,83.00,0,48.0500,2.1300,4.7400,1.7100,1,ACTIVE,4,6,6
1458,14250,18:44:30,0,86.00,0,40.2000,2.4200,3.8100,1.3200,1,ACTIVE,4,6,6
1458,14251,18:45:00,0,21.00,0,40.4400,2.5300,3.8100,1.3200,1,ACTIVE,4,6,6
1458,14252,18:45:30,0,1.00,0,39.7200,2.5300,3.7300,1.3200,0,ACTIVE,4,6,6
1458,14253,18:46:00,0,0.00,0,40.6800,2.6400,3.8100,1.3200,0,ACTIVE,4,6,6
1458,14254,18:46:30,0,3.00,0,38.2400,2.5300,3.5700,1.2400,1,ACTIVE,4,6,6
1458,14255,18:47:00,0,66.00,0,36.2100,2.2200,3.4200,1.2100,1,ACTIVE,4,6,6
1458,14256,18:47:30,0,80.00,0,40.4400,2.5300,3.8100,1.3200,1,ACTIVE,4,6,6
1458,14257,18:48:00,0,14.00,0,39.3700,2.3700,3.7300,1.3200,1,ACTIVE,4,6,6
1458,14258,18:48:30,0,59.00,0,45.7500,2.3700,4.4400,1.5000,1,ACTIVE,4,6,6
1458,14259,18:49:00,0,9.00,0,41.5000,2.3700,3.9800,1.2600,1,ACTIVE,4,6,6
1458,14260,18:49:30,0,8.00,0,40.0500,2.3700,3.8100,1.2900,1,ACTIVE,4,6,6
1458,14261,18:50:00,0,37.00,0,38.5800,2.3700,3.6500,1.2400,1,ACTIVE,4,6,6
1458,14262,18:50:30,0,1.00,0,37.8900,2.3700,3.5700,1.2400,0,ACTIVE,4,6,6
1458,14263,18:51:00,0,23.00,0,37.9200,2.3700,3.5700,1.2600,1,ACTIVE,4,6,6
1458,14264,18:51:30,0,53.00,0,30.2500,1.7900,2.8800,0.9960,1,ACTIVE,4,6,6
1458,14265,18:52:00,0,0.00,0,26.1200,1.3800,2.5300,0.8560,1,ACTIVE,4,6,6
1458,14266,18:52:30,0,115.00,0,25.5800,1.3500,2.4700,0.8560,1,ACTIVE,4,6,6
1458,14267,18:53:00,0,1.00,0,13.5700,0.6890,1.3200,0.4470,1,ACTIVE,4,6,6
1458,14268,18:53:30,0,33.00,0,15.1100,0.7680,1.4700,0.4870,1,ACTIVE,4,6,6
1458,14269,18:54:00,0,152.00,0,9.3500,0.5550,0.8940,0.2720,1,ACTIVE,4,6,6
1458,14270,18:54:30,0,305.00,0,22.7400,1.9100,2.0800,0.2840,1,ACTIVE,4,6,6
1458,14271,18:55:00,0,395.00,0,45.4500,5.1700,3.8100,0.5670,1,ACTIVE,4,6,6
1458,14272,18:55:30,0,228.00,0,82.8300,10.1000,6.8500,0.4770,1,ACTIVE,4,6,6
1458,14273,18:56:00,0,243.00,0,315.9400,59.7000,20.7000,2.7000,1,ACTIVE,4,6,6
1458,14274,18:56:30,0,132.00,0,81.6700,5.8800,7.8000,0.3450,1,ACTIVE,4,6,6
1458,14275,18:57:00,0,220.00,0,18.0400,2.6400,1.3800,0.1270,1,ACTIVE,4,6,6
1458,14276,18:57:30,0,305.00,0,184.3700,24.6000,14.6000,1.9100,1,ACTIVE,4,6,6
1458,14277,18:58:00,0,277.00,0,352.7800,34.8000,30.5000,7.9700,1,ACTIVE,4,6,6
1458,14278,18:58:30,0,141.00,0,129.0000,7.8000,12.3000,3.8100,1,ACTIVE,4,6,6
1458,14279,18:59:00,0,295.00,0,81.6900,11.3000,6.4200,0.5430,1,ACTIVE,4,6,6
1458,14280,18:59:30,0,286.00,0,286.0400,26.2000,25.1000,7.4700,1,ACTIVE,4,6,6
1458,14281,19:00:00,0,464.00,0,199.1100,23.0000,16.6000,2.2700,1,ACTIVE,4,6,6
1458,14282,19:00:30,0,479.00,0,89.7100,9.8900,7.6300,0.9330,1,ACTIVE,4,6,6
1458,14283,19:01:00,0,268.00,0,83.6000,9.0700,7.1500,0.8560,1,ACTIVE,4,6,6
1458,14284,19:01:30,0,315.00,0,188.2500,26.2000,14.3000,4.6400,1,ACTIVE,4,6,6
1458,14285,19:02:00,0,408.00,0,98.9800,11.3000,8.3200,1.1100,1,ACTIVE,4,6,6
1458,14286,19:02:30,0,479.00,0,173.5600,22.1000,14.0000,2.0800,1,ACTIVE,4,6,6
1458,14287,19:03:00,0,383.00,0,133.5100,14.0000,11.3000,3.5700,1,ACTIVE,4,6,6
1458,14288,19:03:30,0,464.00,0,114.3400,4.3400,11.5000,3.5700,1,ACTIVE,4,6,6
1458,14289,19:04:00,0,359.00,0,53.2400,4.6400,4.7400,1.3800,1,ACTIVE,4,6,6
1458,14290,19:04:30,0,110.00,0,102.2300,12.0000,8.5000,1.0900,1,ACTIVE,4,6,6
1458,14291,19:05:00,0,259.00,0,24.6000,2.3700,2.1700,0.3160,1,ACTIVE,4,6,6
1458,14292,19:05:30,0,100.00,0,118.6900,8.3200,11.0000,3.4200,1,ACTIVE,4,6,6
1458,14293,19:06:00,0,179.00,0,138.0300,9.6800,12.8000,3.9000,1,ACTIVE,4,6,6
1458,14294,19:06:30,0,115.00,0,198.5800,13.4000,18.5000,6.0100,1,ACTIVE,4,6,6
1458,14295,19:07:00,0,193.00,0,86.3800,7.0000,7.9700,1.0400,1,ACTIVE,4,6,6
1458,14296,19:07:30,0,124.00,0,278.0400,25.1000,24.6000,6.7000,1,ACTIVE,4,6,6
1458,14297,19:08:00,0,73.00,0,165.0300,24.0000,12.6000,1.7500,1,ACTIVE,4,6,6
1458,14298,19:08:30,0,193.00,0,122.9200,18.9000,8.8800,3.0100,1,ACTIVE,4,6,6
1458,14299,19:09:00,0,163.00,0,52.1400,6.5600,4.2500,0.3840,1,ACTIVE,4,6,6
1458,14300,19:09:30,0,220.00,0,132.8800,16.6000,10.8000,1.4700,1,ACTIVE,4,6,6
1458,14301,19:10:00,0,259.00,0,239.4100,44.1000,15.9000,2.1700,1,ACTIVE,4,6,6
1458,14302,19:10:30,0,235.00,0,217.1400,18.5000,19.4000,6.0100,1,ACTIVE,4,6,6
1458,14303,19:11:00,0,186.00,0,121.0000,16.6000,9.4700,1.1300,1,ACTIVE,4,6,6
1458,14304,19:11:30,0,220.00,0,132.5600,17.4000,10.6000,1.5400,1,ACTIVE,4,6,6
1458,14305,19:12:00,0,152.00,0,323.5900,26.2000,29.2000,8.8800,1,ACTIVE,4,6,6
1458,14306,19:12:30,0,128.00,0,388.8100,29.9000,35.5000,10.8000,1,ACTIVE,4,6,6
1458,14307,19:13:00,0,212.00,0,158.5600,14.9000,13.7000,5.1700,1,ACTIVE,4,6,6
1458,14308,19:13:30,0,295.00,0,67.9900,6.1400,6.1400,0.5550,1,ACTIVE,4,6,6
1458,14309,19:14:00,0,158.00,0,146.1600,14.6000,12.6000,3.5700,1,ACTIVE,4,6,6
1458,14310,19:14:30,0,174.00,0,108.3900,8.3200,9.8900,3.0700,1,ACTIVE,4,6,6
1458,14311,19:15:00,0,305.00,0,268.4800,9.2700,27.4000,7.4700,1,ACTIVE,4,6,6
1458,14312,19:15:30,0,235.00,0,96.0600,9.0700,8.3200,2.8800,1,ACTIVE,4,6,6
1458,14313,19:16:00,0,305.00,0,191.0600,16.3000,17.0000,5.6300,1,ACTIVE,4,6,6
1458,14314,19:16:30,0,137.00,0,226.5100,23.0000,19.4000,5.5100,1,ACTIVE,4,6,6
1458,14315,19:17:00,0,147.00,0,238.1600,23.0000,20.7000,5.7600,1,ACTIVE,4,6,6
1458,14316,19:17:30,0,220.00,0,95.9900,12.0000,7.8000,1.0400,1,ACTIVE,4,6,6
1458,14317,19:18:00,0,152.00,0,136.7900,12.6000,12.0000,3.4200,1,ACTIVE,4,6,6
1458,14318,19:18:30,0,168.00,0,217.6500,20.7000,18.9000,5.5100,1,ACTIVE,4,6,6
1458,14319,19:19:00,0,277.00,0,98.1000,10.1000,8.5000,1.1800,1,ACTIVE,4,6,6
1458,14320,19:19:30,0,251.00,0,183.3500,26.8000,14.0000,1.4400,1,ACTIVE,4,6,6
1458,14321,19:20:00,0,315.00,0,64.6200,7.9700,5.2800,0.7040,1,ACTIVE,4,6,6
1458,14322,19:20:30,0,46.00,0,7.2700,0.6890,0.6460,0.0880,1,ACTIVE,4,6,6
1458,14323,19:21:00,0,103.00,0,9.0800,0.8750,0.8020,0.1140,1,ACTIVE,4,6,6
1458,14324,19:21:30,0,235.00,0,18.5100,2.5800,1.4400,0.1800,1,ACTIVE,4,6,6
1458,14325,19:22:00,0,1.00,0,201.9800,16.6000,18.1000,5.7600,1,ACTIVE,4,6,6
1458,14326,19:22:30,0,59.00,0,196.3500,17.4000,17.4000,5.2800,1,ACTIVE,4,6,6
1458,14327,19:23:00,0,35.00,0,38.5400,3.4200,3.4200,0.9130,1,ACTIVE,4,6,6
1458,14328,19:23:30,0,14.00,0,332.0900,21.6000,31.2000,10.3000,1,ACTIVE,4,6,6
1458,14329,19:24:00,0,124.00,0,143.5700,13.4000,12.6000,3.6500,1,ACTIVE,4,6,6
1458,14330,19:24:30,0,228.00,0,139.5500,14.9000,11.8000,3.2100,1,ACTIVE,4,6,6
1458,14331,19:25:00,0,243.00,0,117.2800,9.6800,10.8000,1.2600,1,ACTIVE,4,6,6
1458,14332,19:25:30,0,277.00,0,270.5900,23.5000,24.0000,7.3100,1,ACTIVE,4,6,6
1458,14333,19:26:00,0,326.00,0,173.2900,21.1000,14.3000,1.2600,1,ACTIVE,4,6,6
1458,14334,19:26:30,0,251.00,0,45.4100,4.8400,3.9000,0.5200,1,ACTIVE,4,6,6
1458,14335,19:27:00,0,235.00,0,129.4500,18.1000,10.1000,0.7200,1,ACTIVE,4,6,6
1458,14336,19:27:30,0,243.00,0,21.9400,5.2800,0.4570,5.7600,1,ACTIVE,4,6,6
1458,14337,19:28:00,0,268.00,0,148.3200,14.3000,12.8000,3.9800,1,ACTIVE,4,6,6
1458,14338,19:28:30,0,348.00,0,184.5000,18.1000,15.9000,4.4400,1,ACTIVE,4,6,6
1458,14339,19:29:00,0,259.00,0,45.6800,3.5700,4.1600,1.2400,1,ACTIVE,4,6,6
1458,14340,19:29:30,0,259.00,0,230.0600,19.4000,20.7000,5.7600,1,ACTIVE,4,6,6
1458,14341,19:30:00,0,220.00,0,65.6300,5.6300,6.0100,0.4770,1,ACTIVE,4,6,6
1458,14342,19:30:30,0,193.00,0,27.4800,3.2800,2.2700,0.3370,1,ACTIVE,4,6,6
1458,14343,19:31:00,0,212.00,0,106.6600,7.4700,10.1000,1.4700,1,ACTIVE,4,6,6
1458,14344,19:31:30,0,348.00,0,16.2200,2.1300,1.2900,0.1920,1,ACTIVE,4,6,6
1458,14345,19:32:00,0,450.00,0,30.1800,2.6400,2.7600,0.1880,1,ACTIVE,4,6,6
1458,14346,19:32:30,0,206.00,0,43.1300,4.1600,3.8100,0.4770,1,ACTIVE,4,6,6
1458,14347,19:33:00,0,435.00,0,28.0300,4.1600,2.1300,0.2000,1,ACTIVE,4,6,6
1458,14348,19:33:30,0,408.00,0,43.4900,5.2800,3.5700,0.4670,1,ACTIVE,4,6,6
1458,14349,19:34:00,0,193.00,0,52.2400,3.2100,4.9500,1.6700,1,ACTIVE,4,6,6
1458,14350,19:34:30,0,158.00,0,25.5600,1.9900,2.3200,0.7850,1,ACTIVE,4,6,6
1458,14351,19:35:00,0,158.00,0,8.7600,0.5200,0.8370,0.2490,1,ACTIVE,4,6,6
1458,14352,19:35:30,0,193.00,0,11.9000,0.6180,1.1600,0.3520,1,ACTIVE,4,6,6
1458,14353,19:36:00,0,315.00,0,7.6200,0.4190,0.7350,0.2280,1,ACTIVE,4,6,6
1458,14354,19:36:30,0,220.00,0,7.2600,0.3920,0.7040,0.2090,1,ACTIVE,4,6,6
1458,14355,19:37:00,0,106.00,0,8.8900,0.4100,0.8750,0.2960,1,ACTIVE,4,6,6
1458,14356,19:37:30,0,80.00,0,13.1800,0.6180,1.2900,0.4570,1,ACTIVE,4,6,6
1458,14357,19:38:00,0,66.00,0,3.6200,0.1800,0.3520,0.1300,1,ACTIVE,4,6,6
1458,14358,19:38:30,0,7.00,0,1.3000,0.0861,0.1220,0.0412,1,ACTIVE,4,6,6
1458,14359,19:39:00,0,44.00,0,1.6700,0.1020,0.1580,0.0523,1,ACTIVE,4,6,6
1458,14360,19:39:30,0,13.00,0,1.2800,0.0773,0.1220,0.0412,1,ACTIVE,4,6,6
1458,14361,19:40:00,0,5.00,0,2.1400,0.1020,0.2090,0.0756,0,ACTIVE,4,6,6
1458,14362,19:40:30,0,1.00,0,2.1900,0.1190,0.2090,0.0880,0,ACTIVE,4,6,6
1458,14363,19:41:00,0,7.00,0,1.2000,0.0939,0.1120,0.0162,0,ACTIVE,4,6,6
1458,14364,19:41:30,0,4.00,0,0.9700,0.0861,0.0880,0.0115,0,ACTIVE,4,6,6
1458,14365,19:42:00,0,0.00,0,0.9700,0.0773,0.0880,0.0292,0,ACTIVE,4,6,6
1458,14366,19:42:30,0,3.00,0,0.9700,0.0773,0.0880,0.0292,0,ACTIVE,4,6,6
1458,14367,19:43:00,0,0.00,0,0.9500,0.0679,0.0880,0.0292,0,ACTIVE,4,6,6
1458,14368,19:43:30,0,0.00,0,0.9500,0.0679,0.0880,0.0292,0,ACTIVE,4,6,6
1458,14369,19:44:00,0,1.00,0,1.3000,0.0861,0.1220,0.0412,0,ACTIVE,4,6,6
1458,14370,19:44:30,0,0.00,0,0.9500,0.0679,0.0880,0.0292,0,ACTIVE,4,6,6
1458,14371,19:45:00,0,0.00,0,0.9700,0.0861,0.0880,0.0115,0,ACTIVE,4,6,6
1458,14372,19:45:30,0,0.00,0,0.9700,0.0773,0.0880,0.0292,0,ACTIVE,4,6,6
1458,14373,19:46:00,0,0.00,0,0.9700,0.0773,0.0880,0.0292,0,ACTIVE,4,6,6
1458,14374,19:46:30,0,0.00,0,0.9500,0.0679,0.0880,0.0292,0,ACTIVE,4,6,6
1458,14375,19:47:00,0,0.00,0,0.7000,0.0679,0.0622,0.0070,0,ACTIVE,4,6,6
1458,14376,19:47:30,0,4.00,0,0.9700,0.0773,0.0880,0.0292,0,ACTIVE,4,6,6
1458,14377,19:48:00,0,26.00,0,0.7000,0.0679,0.0622,0.0070,1,ACTIVE,4,6,6
1458,14378,19:48:30,0,0.00,0,0.7000,0.0679,0.0622,0.0070,0,ACTIVE,4,6,6
1458,14379,19:49:00,0,0.00,0,0.6300,0.0679,0.0523,0.0173,0,ACTIVE,4,6,6
1458,14380,19:49:30,0,1.00,0,0.9500,0.0679,0.0880,0.0292,0,ACTIVE,4,6,6
1458,14381,19:50:00,0,0.00,0,0.6100,0.0596,0.0523,0.0173,0,ACTIVE,4,6,6
1458,14382,19:50:30,0,115.00,0,3.6200,0.1800,0.3520,0.1300,1,ACTIVE,4,6,6
1458,14383,19:51:00,0,11.00,0,9.8100,0.4980,0.9540,0.3300,1,ACTIVE,4,6,6
1458,14384,19:51:30,0,174.00,0,3.7000,0.2280,0.3520,0.0981,1,ACTIVE,4,6,6
1458,14385,19:52:00,0,132.00,0,1.0300,0.1120,0.0880,0.0115,1,ACTIVE,4,6,6
1458,14386,19:52:30,0,22.00,0,0.0100,0.0049,0.0000,0.0000,1,ACTIVE,4,6,6
1458,14387,19:53:00,0,7.00,0,0.0100,0.0049,0.0000,0.0000,1,ACTIVE,4,6,6
1458,14388,19:53:30,0,5.00,0,0.0100,0.0049,0.0000,0.0000,0,ACTIVE,4,6,6
1458,14389,19:54:00,0,0.00,0,0.2300,0.0339,0.0173,0.0059,0,ACTIVE,4,6,6
1458,14390,19:54:30,0,22.00,0,0.2700,0.0512,0.0173,0.0059,1,ACTIVE,4,6,6
1458,14391,19:55:00,0,0.00,0,0.0100,0.0049,0.0000,0.0000,0,ACTIVE,4,6,6
1458,14392,19:55:30,0,0.00,0,0.0200,0.0049,0.0000,0.0059,0,ACTIVE,4,6,6
1458,14393,19:56:00,0,0.00,0,0.1700,0.0042,0.0173,0.0059,0,ACTIVE,4,6,6
1458,14394,19:56:30,0,0.00,0,0.1200,0.0042,0.0125,0.0000,0,ACTIVE,4,6,6
1458,14395,19:57:00,0,4.00,0,0.0100,0.0049,0.0000,0.0000,0,ACTIVE,4,6,6
1458,14396,19:57:30,0,11.00,0,0.1700,0.0042,0.0173,0.0059,0,ACTIVE,4,6,6
1458,14397,19:58:00,0,0.00,0,0.0200,0.0049,0.0000,0.0059,0,ACTIVE,4,6,6
1458,14398,19:58:30,0,0.00,0,0.1200,0.0042,0.0125,0.0000,0,ACTIVE,4,6,6
1458,14399,19:59:00,0,0.00,0,0.1200,0.0042,0.0125,0.0000,0,ACTIVE,4,6,6
1458,14400,19:59:30,0,1.00,0,0.1700,0.0042,0.0173,0.0059,0,ACTIVE,4,6,6
1458,14401,20:00:00,0,8.00,0,2.4900,0.1190,0.2440,0.0880,0,ACTIVE,4,6,6
1458,14402,20:00:30,0,50.00,0,6.2700,0.2900,0.6180,0.1960,1,ACTIVE,4,6,6
1458,14403,20:01:00,0,1.00,0,3.6300,0.1880,0.3520,0.1170,0,ACTIVE,4,6,6
1458,14404,20:01:30,0,37.00,0,5.8800,0.2660,0.5790,0.1960,1,ACTIVE,4,6,6
1458,14405,20:02:00,0,0.00,0,3.9300,0.1880,0.3840,0.1390,0,ACTIVE,4,6,6
1458,14406,20:02:30,0,3.00,0,4.0900,0.1800,0.4010,0.1650,0,ACTIVE,4,6,6
1458,14407,20:03:00,0,0.00,0,5.3400,0.1450,0.5430,0.2380,0,ACTIVE,4,6,6
1458,14408,20:03:30,0,1.00,0,6.6100,0.1800,0.6740,0.2840,0,ACTIVE,4,6,6
1458,14409,20:04:00,0,3.00,0,5.0200,0.1450,0.5090,0.2230,0,ACTIVE,4,6,6
1458,14410,20:04:30,0,8.00,0,3.8100,0.1190,0.3840,0.1650,1,ACTIVE,4,6,6
1458,14411,20:05:00,0,21.00,0,2.4900,0.1120,0.2440,0.0981,1,ACTIVE,4,6,6
1458,14412,20:05:30,0,137.00,0,2.5200,0.1300,0.2440,0.0880,1,ACTIVE,4,6,6
1458,14413,20:06:00,0,77.00,0,0.1200,0.0042,0.0125,0.0000,1,ACTIVE,4,6,6
1458,14414,20:06:30,0,0.00,0,0.0200,0.0049,0.0000,0.0059,1,ACTIVE,4,6,6
1458,14415,20:07:00,0,0.00,0,0.1200,0.0042,0.0125,0.0000,0,ACTIVE,4,6,6
1458,14416,20:07:30,0,0.00,0,0.0200,0.0049,0.0000,0.0059,0,ACTIVE,4,6,6
1458,14417,20:08:00,0,0.00,0,0.1700,0.0042,0.0173,0.0059,0,ACTIVE,4,6,6
1458,14418,20:08:30,0,0.00,0,0.1200,0.0042,0.0125,0.0000,0,ACTIVE,4,6,6
1458,14419,20:09:00,0,0.00,0,0.1200,0.0042,0.0125,0.0000,0,ACTIVE,4,6,6
1458,14420,20:09:30,0,0.00,0,0.1200,0.0042,0.0125,0.0000,0,ACTIVE,4,6,6
1458,14421,20:10:00,0,0.00,0,0.1700,0.0042,0.0173,0.0059,0,ACTIVE,4,6,6
1458,14422,20:10:30,0,0.00,0,0.1700,0.0042,0.0173,0.0059,0,ACTIVE,4,6,6
1458,14423,20:11:00,0,0.00,0,0.1700,0.0042,0.0173,0.0059,0,ACTIVE,4,6,6
1458,14424,20:11:30,0,0.00,0,0.1700,0.0042,0.0173,0.0059,0,ACTIVE,4,6,6
1458,14425,20:12:00,0,0.00,0,0.1700,0.0042,0.0173,0.0059,0,ACTIVE,4,6,6
1458,14426,20:12:30,0,0.00,0,0.1700,0.0042,0.0173,0.0059,0,ACTIVE,4,6,6
1458,14427,20:13:00,0,0.00,0,0.1700,0.0042,0.0173,0.0059,0,ACTIVE,4,6,6
1458,14428,20:13:30,0,0.00,0,0.1700,0.0042,0.0173,0.0059,0,ACTIVE,4,6,6
1458,14429,20:14:00,0,18.00,0,0.1700,0.0042,0.0173,0.0059,1,ACTIVE,4,6,6
1458,14430,20:14:30,0,48.00,0,6.7100,0.4470,0.6320,0.1760,1,ACTIVE,4,6,6
1458,14431,20:15:00,0,7.00,0,10.3600,0.4190,1.0400,0.2960,0,ACTIVE,4,6,6
1458,14432,20:15:30,0,1.00,0,3.2500,0.1960,0.3160,0.0460,0,ACTIVE,4,6,6
1458,14433,20:16:00,0,15.00,0,3.5800,0.1720,0.3520,0.1050,0,ACTIVE,4,6,6
1458,14434,20:16:30,0,0.00,0,3.2200,0.1550,0.3160,0.0981,0,ACTIVE,4,6,6
1458,14435,20:17:00,0,0.00,0,2.1800,0.1190,0.2090,0.0756,0,ACTIVE,4,6,6
1458,14436,20:17:30,0,0.00,0,3.2200,0.1550,0.3160,0.1050,0,ACTIVE,4,6,6
1458,14437,20:18:00,0,0.00,0,3.1900,0.1450,0.3160,0.0981,0,ACTIVE,4,6,6
1458,14438,20:18:30,0,2.00,0,1.6300,0.0861,0.1580,0.0523,0,ACTIVE,4,6,6
1458,14439,20:19:00,0,15.00,0,1.6900,0.1120,0.1580,0.0523,1,ACTIVE,4,6,6
1458,14440,20:19:30,0,1.00,0,4.0700,0.1960,0.4010,0.1170,1,ACTIVE,4,6,6
1458,14441,20:20:00,0,24.00,0,4.4800,0.2660,0.4370,0.0559,1,ACTIVE,4,6,6
1458,14442,20:20:30,0,243.00,0,1.4500,0.0939,0.1390,0.0206,1,REST,4,6,6
1458,14443,20:21:00,0,44.00,0,0.1200,0.0042,0.0125,0.0000,1,REST,4,6,6
1458,14444,20:21:30,0,66.00,0,0.0200,0.0049,0.0000,0.0059,1,REST,4,6,6
1458,14445,20:22:00,0,450.00,0,0.9300,0.0679,0.0880,0.0115,1,REST,4,6,6
1458,14446,20:22:30,0,315.00,0,0.1900,0.0128,0.0173,0.0059,1,REST,4,6,6
1458,14447,20:23:00,0,295.00,0,0.1200,0.0042,0.0125,0.0000,1,REST,4,6,6
1458,14448,20:23:30,0,14.00,0,0.1700,0.0042,0.0173,0.0059,1,REST,4,6,6
1458,14449,20:24:00,0,0.00,0,0.1700,0.0042,0.0173,0.0059,1,REST-S,4,6,6
1458,14450,20:24:30,0,0.00,0,0.1700,0.0042,0.0173,0.0059,0,REST-S,4,6,6
1458,14451,20:25:00,0,0.00,0,0.1700,0.0042,0.0173,0.0059,0,REST-S,4,6,6
1458,14452,20:25:30,0,0.00,0,0.1700,0.0042,0.0173,0.0059,0,REST-S,4,6,6
1458,14453,20:26:00,0,0.00,0,0.1200,0.0042,0.0125,0.0000,0,REST-S,4,6,6
1458,14454,20:26:30,0,0.00,0,0.1700,0.0042,0.0173,0.0059,0,REST-S,4,6,6
1458,14455,20:27:00,0,2.00,0,0.1700,0.0042,0.0173,0.0059,0,REST-S,4,6,6
1458,14456,20:27:30,0,0.00,0,0.1700,0.0042,0.0173,0.0059,0,REST-S,4,6,6
1458,14457,20:28:00,0,0.00,0,0.1700,0.0042,0.0173,0.0059,0,REST-S,4,6,6
1458,14458,20:28:30,0,0.00,0,0.1700,0.0042,0.0173,0.0059,0,REST-S,4,6,6
1458,14459,20:29:00,0,0.00,0,0.1200,0.0042,0.0125,0.0000,0,REST-S,4,6,6
1458,14460,20:29:30,0,0.00,0,0.1700,0.0042,0.0173,0.0059,0,REST-S,4,6,6
1458,14461,20:30:00,0,0.00,0,0.1700,0.0042,0.0173,0.0059,0,REST-S,4,6,6
1458,14462,20:30:30,0,0.00,0,0.1700,0.0042,0.0173,0.0059,0,REST-S,4,6,6
1458,14463,20:31:00,0,0.00,0,0.1700,0.0042,0.0173,0.0059,0,REST-S,4,6,6
1458,14464,20:31:30,0,0.00,0,0.1700,0.0042,0.0173,0.0059,0,REST-S,4,6,6
1458,14465,20:32:00,0,0.00,0,0.1700,0.0042,0.0173,0.0059,0,REST-S,4,6,6
1458,14466,20:32:30,0,0.00,0,0.1700,0.0042,0.0173,0.0059,0,REST-S,4,6,6
1458,14467,20:33:00,0,0.00,0,0.1700,0.0042,0.0173,0.0059,0,REST-S,4,6,6
1458,14468,20:33:30,0,0.00,0,0.1700,0.0042,0.0173,0.0059,0,REST-S,4,6,6
1458,14469,20:34:00,0,0.00,0,0.1700,0.0042,0.0173,0.0059,0,REST-S,4,6,6
1458,14470,20:34:30,0,0.00,0,0.1700,0.0042,0.0173,0.0059,0,REST-S,4,6,6
1458,14471,20:35:00,0,0.00,0,0.1700,0.0042,0.0173,0.0059,0,REST-S,4,6,6
1458,14472,20:35:30,0,0.00,0,0.1700,0.0042,0.0173,0.0059,0,REST-S,4,6,6
1458,14473,20:36:00,0,0.00,0,0.1700,0.0042,0.0173,0.0059,0,REST-S,4,6,6
1458,14474,20:36:30,0,0.00,0,0.1700,0.0042,0.0173,0.0059,0,REST-S,4,6,6
1458,14475,20:37:00,0,0.00,0,0.1700,0.0042,0.0173,0.0059,0,REST-S,4,6,6
1458,14476,20:37:30,0,0.00,0,0.1700,0.0042,0.0173,0.0059,0,REST-S,4,6,6
1458,14477,20:38:00,0,0.00,0,0.1700,0.0042,0.0173,0.0059,0,REST-S,4,6,6
1458,14478,20:38:30,0,0.00,0,0.1900,0.0128,0.0173,0.0059,0,REST-S,4,6,6
1458,14479,20:39:00,0,0.00,0,0.1900,0.0128,0.0173,0.0059,0,REST-S,4,6,6
1458,14480,20:39:30,0,0.00,0,0.1700,0.0042,0.0173,0.0059,0,REST-S,4,6,6
1458,14481,20:40:00,0,0.00,0,0.1900,0.0128,0.0173,0.0059,0,REST-S,4,6,6
1458,14482,20:40:30,0,0.00,0,0.1700,0.0042,0.0173,0.0059,0,REST-S,4,6,6
1458,14483,20:41:00,0,0.00,0,0.1700,0.0042,0.0173,0.0059,0,REST-S,4,6,6
1458,14484,20:41:30,0,0.00,0,0.1700,0.0042,0.0173,0.0059,0,REST-S,4,6,6
1458,14485,20:42:00,0,0.00,0,0.1700,0.0042,0.0173,0.0059,0,REST-S,4,6,6
1458,14486,20:42:30,0,0.00,0,0.1700,0.0042,0.0173,0.0059,0,REST-S,4,6,6
1458,14487,20:43:00,0,0.00,0,0.1700,0.0042,0.0173,0.0059,0,REST-S,4,6,6
1458,14488,20:43:30,0,0.00,0,0.1700,0.0042,0.0173,0.0059,0,REST-S,4,6,6
1458,14489,20:44:00,0,0.00,0,0.1700,0.0042,0.0173,0.0059,0,REST-S,4,6,6
1458,14490,20:44:30,0,0.00,0,0.1700,0.0042,0.0173,0.0059,0,REST-S,4,6,6
1458,14491,20:45:00,0,0.00,0,0.1700,0.0042,0.0173,0.0059,0,REST-S,4,6,6
1458,14492,20:45:30,0,0.00,0,0.1700,0.0042,0.0173,0.0059,0,REST-S,4,6,6
1458,14493,20:46:00,0,0.00,0,0.1700,0.0042,0.0173,0.0059,0,REST-S,4,6,6
1458,14494,20:46:30,0,0.00,0,0.1700,0.0042,0.0173,0.0059,0,REST-S,4,6,6
1458,14495,20:47:00,0,0.00,0,0.1700,0.0042,0.0173,0.0059,0,REST-S,4,6,6
1458,14496,20:47:30,0,0.00,0,0.1700,0.0042,0.0173,0.0059,0,REST-S,4,6,6
1458,14497,20:48:00,0,0.00,0,0.1700,0.0042,0.0173,0.0059,0,REST-S,4,6,6
1458,14498,20:48:30,0,14.00,0,0.1700,0.0042,0.0173,0.0059,0,REST-S,4,6,6
1458,14499,20:49:00,0,0.00,0,0.1700,0.0042,0.0173,0.0059,0,REST-S,4,6,6
1458,14500,20:49:30,0,0.00,0,0.1900,0.0128,0.0173,0.0059,0,REST-S,4,6,6
1458,14501,20:50:00,0,19.00,0,0.1700,0.0042,0.0173,0.0059,0,REST-S,4,6,6
1458,14502,20:50:30,0,0.00,0,0.1700,0.0042,0.0173,0.0059,0,REST-S,4,6,6
1458,14503,20:51:00,0,0.00,0,0.1900,0.0128,0.0173,0.0059,0,REST-S,4,6,6
1458,14504,20:51:30,0,0.00,0,0.1700,0.0042,0.0173,0.0059,0,REST-S,4,6,6
1458,14505,20:52:00,0,0.00,0,0.1700,0.0042,0.0173,0.0059,0,REST-S,4,6,6
1458,14506,20:52:30,0,0.00,0,0.1700,0.0042,0.0173,0.0059,0,REST-S,4,6,6
1458,14507,20:53:00,0,0.00,0,0.1700,0.0042,0.0173,0.0059,0,REST-S,4,6,6
1458,14508,20:53:30,0,0.00,0,0.1700,0.0042,0.0173,0.0059,0,REST-S,4,6,6
1458,14509,20:54:00,0,0.00,0,0.1700,0.0042,0.0173,0.0059,0,REST-S,4,6,6
1458,14510,20:54:30,0,0.00,0,0.1900,0.0128,0.0173,0.0059,0,REST-S,4,6,6
1458,14511,20:55:00,0,0.00,0,0.1700,0.0042,0.0173,0.0059,0,REST-S,4,6,6
1458,14512,20:55:30,0,3.00,0,0.1700,0.0042,0.0173,0.0059,0,REST-S,4,6,6
1458,14513,20:56:00,0,0.00,0,0.1700,0.0042,0.0173,0.0059,0,REST-S,4,6,6
1458,14514,20:56:30,0,0.00,0,0.1700,0.0042,0.0173,0.0059,0,REST-S,4,6,6
1458,14515,20:57:00,0,13.00,0,0.1700,0.0042,0.0173,0.0059,0,REST-S,4,6,6
1458,14516,20:57:30,0,0.00,0,0.1900,0.0128,0.0173,0.0059,0,REST-S,4,6,6
1458,14517,20:58:00,0,0.00,0,0.1700,0.0042,0.0173,0.0059,0,REST-S,4,6,6
1458,14518,20:58:30,0,0.00,0,0.1700,0.0042,0.0173,0.0059,0,REST-S,4,6,6
1458,14519,20:59:00,0,18.00,0,0.1700,0.0042,0.0173,0.0059,0,REST-S,4,6,6
1458,14520,20:59:30,0,0.00,0,0.1700,0.0042,0.0173,0.0059,0,REST-S,4,6,6
1458,14521,21:00:00,0,1.00,0,0.1700,0.0042,0.0173,0.0059,0,REST-S,4,6,6
1458,14522,21:00:30,0,0.00,0,0.1700,0.0042,0.0173,0.0059,0,REST-S,4,6,6
1458,14523,21:01:00,0,0.00,0,0.1700,0.0042,0.0173,0.0059,0,REST-S,4,6,6
1458,14524,21:01:30,0,0.00,0,0.1700,0.0042,0.0173,0.0059,0,REST-S,4,6,6
1458,14525,21:02:00,0,0.00,0,0.1700,0.0042,0.0173,0.0059,0,REST-S,4,6,6
1458,14526,21:02:30,0,0.00,0,0.1700,0.0042,0.0173,0.0059,0,REST-S,4,6,6
1458,14527,21:03:00,0,0.00,0,0.1700,0.0042,0.0173,0.0059,0,REST-S,4,6,6
1458,14528,21:03:30,0,0.00,0,0.1700,0.0042,0.0173,0.0059,0,REST-S,4,6,6
1458,14529,21:04:00,0,0.00,0,0.1700,0.0042,0.0173,0.0059,0,REST-S,4,6,6
1458,14530,21:04:30,0,0.00,0,0.1700,0.0042,0.0173,0.0059,0,REST-S,4,6,6
1458,14531,21:05:00,0,0.00,0,0.1700,0.0042,0.0173,0.0059,0,REST-S,4,6,6
1458,14532,21:05:30,0,0.00,0,0.1700,0.0042,0.0173,0.0059,0,REST-S,4,6,6
1458,14533,21:06:00,0,0.00,0,0.1700,0.0042,0.0173,0.0059,0,REST-S,4,6,6
1458,14534,21:06:30,0,1.00,0,0.1700,0.0042,0.0173,0.0059,0,REST-S,4,6,6
1458,14535,21:07:00,0,0.00,0,0.1700,0.0042,0.0173,0.0059,1,REST-S,4,6,6
1458,14536,21:07:30,0,0.00,0,0.1700,0.0042,0.0173,0.0059,1,REST-S,4,6,6
1458,14537,21:08:00,0,199.00,0,0.1700,0.0042,0.0173,0.0059,1,REST-S,4,6,6
1458,14538,21:08:30,0,93.00,0,0.1700,0.0042,0.0173,0.0059,1,REST-S,4,6,6
1458,14539,21:09:00,0,0.00,0,0.1700,0.0042,0.0173,0.0059,1,REST-S,4,6,6
1458,14540,21:09:30,0,93.00,0,0.1700,0.0042,0.0173,0.0059,1,REST-S,4,6,6
1458,14541,21:10:00,0,20.00,0,0.1700,0.0042,0.0173,0.0059,1,REST-S,4,6,6
1458,14542,21:10:30,0,0.00,0,0.1700,0.0042,0.0173,0.0059,0,REST-S,4,6,6
1458,14543,21:11:00,0,0.00,0,0.1700,0.0042,0.0173,0.0059,0,REST-S,4,6,6
1458,14544,21:11:30,0,0.00,0,0.1700,0.0042,0.0173,0.0059,0,REST-S,4,6,6
1458,14545,21:12:00,0,0.00,0,0.1700,0.0042,0.0173,0.0059,0,REST-S,4,6,6
1458,14546,21:12:30,0,0.00,0,0.1700,0.0042,0.0173,0.0059,0,REST-S,4,6,6
1458,14547,21:13:00,0,0.00,0,0.1700,0.0042,0.0173,0.0059,0,REST-S,4,6,6
1458,14548,21:13:30,0,0.00,0,0.1900,0.0128,0.0173,0.0059,0,REST-S,4,6,6
1458,14549,21:14:00,0,0.00,0,0.1700,0.0042,0.0173,0.0059,0,REST-S,4,6,6
1458,14550,21:14:30,0,0.00,0,0.1700,0.0042,0.0173,0.0059,0,REST-S,4,6,6
1458,14551,21:15:00,0,0.00,0,0.1900,0.0128,0.0173,0.0059,0,REST-S,4,6,6
1458,14552,21:15:30,0,0.00,0,0.1700,0.0042,0.0173,0.0059,0,REST-S,4,6,6
1458,14553,21:16:00,0,0.00,0,0.1900,0.0128,0.0173,0.0059,0,REST-S,4,6,6
1458,14554,21:16:30,0,0.00,0,0.1700,0.0042,0.0173,0.0059,0,REST-S,4,6,6
1458,14555,21:17:00,0,0.00,0,0.1900,0.0128,0.0173,0.0059,0,REST-S,4,6,6
1458,14556,21:17:30,0,0.00,0,0.1700,0.0042,0.0173,0.0059,0,REST-S,4,6,6
1458,14557,21:18:00,0,0.00,0,0.1700,0.0042,0.0173,0.0059,0,REST-S,4,6,6
1458,14558,21:18:30,0,0.00,0,0.1900,0.0128,0.0173,0.0059,0,REST-S,4,6,6
1458,14559,21:19:00,0,0.00,0,0.1900,0.0128,0.0173,0.0059,0,REST-S,4,6,6
1458,14560,21:19:30,0,0.00,0,0.1900,0.0128,0.0173,0.0059,0,REST-S,4,6,6
1458,14561,21:20:00,0,0.00,0,0.1900,0.0128,0.0173,0.0059,0,REST-S,4,6,6
1458,14562,21:20:30,0,0.00,0,0.1900,0.0128,0.0173,0.0059,0,REST-S,4,6,6
1458,14563,21:21:00,0,0.00,0,0.1900,0.0128,0.0173,0.0059,0,REST-S,4,6,6
1458,14564,21:21:30,0,0.00,0,0.1900,0.0128,0.0173,0.0059,0,REST-S,4,6,6
1458,14565,21:22:00,0,0.00,0,0.1900,0.0128,0.0173,0.0059,0,REST-S,4,6,6
1458,14566,21:22:30,0,0.00,0,0.1900,0.0128,0.0173,0.0059,0,REST-S,4,6,6
1458,14567,21:23:00,0,1.00,0,0.1900,0.0128,0.0173,0.0059,0,REST-S,4,6,6
1458,14568,21:23:30,0,0.00,0,0.1900,0.0128,0.0173,0.0059,0,REST-S,4,6,6
1458,14569,21:24:00,0,0.00,0,0.1700,0.0042,0.0173,0.0059,0,REST-S,4,6,6
1458,14570,21:24:30,0,0.00,0,0.1900,0.0128,0.0173,0.0059,0,REST-S,4,6,6
1458,14571,21:25:00,0,0.00,0,0.1900,0.0128,0.0173,0.0059,0,REST-S,4,6,6
1458,14572,21:25:30,0,0.00,0,0.1900,0.0128,0.0173,0.0059,0,REST-S,4,6,6
1458,14573,21:26:00,0,0.00,0,0.1900,0.0128,0.0173,0.0059,0,REST-S,4,6,6
1458,14574,21:26:30,0,0.00,0,0.1900,0.0128,0.0173,0.0059,0,REST-S,4,6,6
1458,14575,21:27:00,0,0.00,0,0.1900,0.0128,0.0173,0.0059,0,REST-S,4,6,6
1458,14576,21:27:30,0,0.00,0,0.1900,0.0128,0.0173,0.0059,0,REST-S,4,6,6
1458,14577,21:28:00,0,0.00,0,0.1900,0.0128,0.0173,0.0059,0,REST-S,4,6,6
1458,14578,21:28:30,0,0.00,0,0.1900,0.0128,0.0173,0.0059,0,REST-S,4,6,6
1458,14579,21:29:00,0,0.00,0,0.1900,0.0128,0.0173,0.0059,0,REST-S,4,6,6
1458,14580,21:29:30,0,0.00,0,0.1900,0.0128,0.0173,0.0059,0,REST-S,4,6,6
1458,14581,21:30:00,0,0.00,0,0.1900,0.0128,0.0173,0.0059,0,REST-S,4,6,6
1458,14582,21:30:30,0,0.00,0,0.1900,0.0128,0.0173,0.0059,0,REST-S,4,6,6
1458,14583,21:31:00,0,0.00,0,0.1900,0.0128,0.0173,0.0059,0,REST-S,4,6,6
1458,14584,21:31:30,0,0.00,0,0.1900,0.0128,0.0173,0.0059,0,REST-S,4,6,6
1458,14585,21:32:00,0,0.00,0,0.1900,0.0128,0.0173,0.0059,0,REST-S,4,6,6
1458,14586,21:32:30,0,0.00,0,0.1900,0.0128,0.0173,0.0059,0,REST-S,4,6,6
1458,14587,21:33:00,0,0.00,0,0.1900,0.0128,0.0173,0.0059,0,REST-S,4,6,6
1458,14588,21:33:30,0,0.00,0,0.1900,0.0128,0.0173,0.0059,0,REST-S,4,6,6
1458,14589,21:34:00,0,0.00,0,0.1900,0.0128,0.0173,0.0059,0,REST-S,4,6,6
1458,14590,21:34:30,0,0.00,0,0.1900,0.0128,0.0173,0.0059,0,REST-S,4,6,6
1458,14591,21:35:00,0,0.00,0,0.1900,0.0128,0.0173,0.0059,0,REST-S,4,6,6
1458,14592,21:35:30,0,0.00,0,0.1900,0.0128,0.0173,0.0059,0,REST-S,4,6,6
1458,14593,21:36:00,0,48.00,0,0.1700,0.0042,0.0173,0.0059,1,REST-S,4,6,6
1458,14594,21:36:30,0,61.00,0,0.1700,0.0042,0.0173,0.0059,1,REST-S,4,6,6
1458,14595,21:37:00,0,90.00,0,0.1900,0.0128,0.0173,0.0059,1,REST-S,4,6,6
1458,14596,21:37:30,0,1.00,0,0.1900,0.0128,0.0173,0.0059,0,REST-S,4,6,6
1458,14597,21:38:00,0,0.00,0,0.1900,0.0128,0.0173,0.0059,0,REST-S,4,6,6
1458,14598,21:38:30,0,0.00,0,0.1900,0.0128,0.0173,0.0059,0,REST-S,4,6,6
1458,14599,21:39:00,0,13.00,0,0.1900,0.0128,0.0173,0.0059,0,REST-S,4,6,6
1458,14600,21:39:30,0,22.00,0,0.1900,0.0128,0.0173,0.0059,1,REST-S,4,6,6
1458,14601,21:40:00,0,2.00,0,0.1900,0.0128,0.0173,0.0059,0,REST-S,4,6,6
1458,14602,21:40:30,0,0.00,0,0.1700,0.0042,0.0173,0.0059,0,REST-S,4,6,6
1458,14603,21:41:00,0,0.00,0,0.1700,0.0042,0.0173,0.0059,0,REST-S,4,6,6
1458,14604,21:41:30,0,0.00,0,0.1700,0.0042,0.0173,0.0059,0,REST-S,4,6,6
1458,14605,21:42:00,0,1.00,0,0.1700,0.0042,0.0173,0.0059,0,REST-S,4,6,6
1458,14606,21:42:30,0,0.00,0,0.1700,0.0042,0.0173,0.0059,0,REST-S,4,6,6
1458,14607,21:43:00,0,0.00,0,0.1900,0.0128,0.0173,0.0059,0,REST-S,4,6,6
1458,14608,21:43:30,0,0.00,0,0.1700,0.0042,0.0173,0.0059,0,REST-S,4,6,6
1458,14609,21:44:00,0,0.00,0,0.1700,0.0042,0.0173,0.0059,0,REST-S,4,6,6
1458,14610,21:44:30,0,0.00,0,0.1700,0.0042,0.0173,0.0059,0,REST-S,4,6,6
1458,14611,21:45:00,0,0.00,0,0.1700,0.0042,0.0173,0.0059,0,REST-S,4,6,6
1458,14612,21:45:30,0,0.00,0,0.1700,0.0042,0.0173,0.0059,0,REST-S,4,6,6
1458,14613,21:46:00,0,0.00,0,0.1700,0.0042,0.0173,0.0059,0,REST-S,4,6,6
1458,14614,21:46:30,0,0.00,0,0.1700,0.0042,0.0173,0.0059,0,REST-S,4,6,6
1458,14615,21:47:00,0,0.00,0,0.1700,0.0042,0.0173,0.0059,0,REST-S,4,6,6
1458,14616,21:47:30,0,0.00,0,0.1700,0.0042,0.0173,0.0059,0,REST-S,4,6,6
1458,14617,21:48:00,0,0.00,0,0.1700,0.0042,0.0173,0.0059,0,REST-S,4,6,6
1458,14618,21:48:30,0,0.00,0,0.1700,0.0042,0.0173,0.0059,0,REST-S,4,6,6
1458,14619,21:49:00,0,0.00,0,0.1700,0.0042,0.0173,0.0059,0,REST-S,4,6,6
1458,14620,21:49:30,0,0.00,0,0.1700,0.0042,0.0173,0.0059,0,REST-S,4,6,6
1458,14621,21:50:00,0,0.00,0,0.1700,0.0042,0.0173,0.0059,0,REST-S,4,6,6
1458,14622,21:50:30,0,179.00,0,0.1700,0.0042,0.0173,0.0059,1,REST-S,4,6,6
1458,14623,21:51:00,0,0.00,0,0.1700,0.0042,0.0173,0.0059,0,REST-S,4,6,6
1458,14624,21:51:30,0,0.00,0,0.1700,0.0042,0.0173,0.0059,1,REST-S,4,6,6
1458,14625,21:52:00,0,0.00,0,0.1700,0.0042,0.0173,0.0059,0,REST-S,4,6,6
1458,14626,21:52:30,0,34.00,0,0.1200,0.0042,0.0125,0.0000,1,REST-S,4,6,6
1458,14627,21:53:00,0,4.00,0,0.1700,0.0042,0.0173,0.0059,0,REST-S,4,6,6
1458,14628,21:53:30,0,0.00,0,0.1900,0.0128,0.0173,0.0059,0,REST-S,4,6,6
1458,14629,21:54:00,0,3.00,0,0.1700,0.0042,0.0173,0.0059,0,REST-S,4,6,6
1458,14630,21:54:30,0,0.00,0,0.1700,0.0042,0.0173,0.0059,0,REST-S,4,6,6
1458,14631,21:55:00,0,0.00,0,0.1900,0.0128,0.0173,0.0059,0,REST-S,4,6,6
1458,14632,21:55:30,0,0.00,0,0.1700,0.0042,0.0173,0.0059,0,REST-S,4,6,6
1458,14633,21:56:00,0,0.00,0,0.1700,0.0042,0.0173,0.0059,0,REST-S,4,6,6
1458,14634,21:56:30,0,0.00,0,0.1700,0.0042,0.0173,0.0059,0,REST-S,4,6,6
1458,14635,21:57:00,0,0.00,0,0.1900,0.0128,0.0173,0.0059,0,REST-S,4,6,6
1458,14636,21:57:30,0,0.00,0,0.1900,0.0128,0.0173,0.0059,0,REST-S,4,6,6
1458,14637,21:58:00,0,0.00,0,0.1700,0.0042,0.0173,0.0059,0,REST-S,4,6,6
1458,14638,21:58:30,0,0.00,0,0.1900,0.0128,0.0173,0.0059,0,REST-S,4,6,6
1458,14639,21:59:00,0,0.00,0,0.1700,0.0042,0.0173,0.0059,0,REST-S,4,6,6
1458,14640,21:59:30,0,1.00,0,0.1900,0.0128,0.0173,0.0059,0,REST-S,4,6,6
1458,14641,22:00:00,0,0.00,0,0.1700,0.0042,0.0173,0.0059,0,REST-S,4,6,6
1458,14642,22:00:30,0,0.00,0,0.1900,0.0128,0.0173,0.0059,0,REST-S,4,6,6
1458,14643,22:01:00,0,3.00,0,0.1900,0.0128,0.0173,0.0059,0,REST-S,4,6,6
1458,14644,22:01:30,0,0.00,0,0.1900,0.0128,0.0173,0.0059,0,REST-S,4,6,6
1458,14645,22:02:00,0,12.00,0,0.1900,0.0128,0.0173,0.0059,0,REST-S,4,6,6
1458,14646,22:02:30,0,0.00,0,0.1900,0.0128,0.0173,0.0059,0,REST-S,4,6,6
1458,14647,22:03:00,0,0.00,0,0.1700,0.0042,0.0173,0.0059,0,REST-S,4,6,6
1458,14648,22:03:30,0,0.00,0,0.1900,0.0128,0.0173,0.0059,0,REST-S,4,6,6
1458,14649,22:04:00,0,0.00,0,0.1700,0.0042,0.0173,0.0059,0,REST-S,4,6,6
1458,14650,22:04:30,0,0.00,0,0.1700,0.0042,0.0173,0.0059,0,REST-S,4,6,6
1458,14651,22:05:00,0,0.00,0,0.1900,0.0128,0.0173,0.0059,0,REST-S,4,6,6
1458,14652,22:05:30,0,0.00,0,0.1900,0.0128,0.0173,0.0059,0,REST-S,4,6,6
1458,14653,22:06:00,0,0.00,0,0.1900,0.0128,0.0173,0.0059,0,REST-S,4,6,6
1458,14654,22:06:30,0,0.00,0,0.1700,0.0042,0.0173,0.0059,0,REST-S,4,6,6
1458,14655,22:07:00,0,0.00,0,0.1900,0.0128,0.0173,0.0059,0,REST-S,4,6,6
1458,14656,22:07:30,0,0.00,0,0.1900,0.0128,0.0173,0.0059,0,REST-S,4,6,6
1458,14657,22:08:00,0,0.00,0,0.1900,0.0128,0.0173,0.0059,0,REST-S,4,6,6
1458,14658,22:08:30,0,0.00,0,0.1900,0.0128,0.0173,0.0059,0,REST-S,4,6,6
1458,14659,22:09:00,0,1.00,0,0.1900,0.0128,0.0173,0.0059,0,REST-S,4,6,6
1458,14660,22:09:30,0,0.00,0,0.1700,0.0042,0.0173,0.0059,0,REST-S,4,6,6
1458,14661,22:10:00,0,0.00,0,0.1900,0.0128,0.0173,0.0059,0,REST-S,4,6,6
1458,14662,22:10:30,0,1.00,0,0.1900,0.0128,0.0173,0.0059,0,REST-S,4,6,6
1458,14663,22:11:00,0,0.00,0,0.1900,0.0128,0.0173,0.0059,0,REST-S,4,6,6
1458,14664,22:11:30,0,0.00,0,0.1900,0.0128,0.0173,0.0059,0,REST-S,4,6,6
1458,14665,22:12:00,0,0.00,0,0.1700,0.0042,0.0173,0.0059,0,REST-S,4,6,6
1458,14666,22:12:30,0,0.00,0,0.1900,0.0128,0.0173,0.0059,0,REST-S,4,6,6
1458,14667,22:13:00,0,19.00,0,0.1900,0.0128,0.0173,0.0059,1,REST-S,4,6,6
1458,14668,22:13:30,0,35.00,0,0.1700,0.0042,0.0173,0.0059,1,REST-S,4,6,6
1458,14669,22:14:00,0,0.00,0,0.1900,0.0128,0.0173,0.0059,0,REST-S,4,6,6
1458,14670,22:14:30,0,15.00,0,0.1900,0.0128,0.0173,0.0059,0,REST-S,4,6,6
1458,14671,22:15:00,0,0.00,0,0.1900,0.0128,0.0173,0.0059,0,REST-S,4,6,6
1458,14672,22:15:30,0,0.00,0,0.1900,0.0128,0.0173,0.0059,0,REST-S,4,6,6
1458,14673,22:16:00,0,0.00,0,0.1900,0.0128,0.0173,0.0059,0,REST-S,4,6,6
1458,14674,22:16:30,0,0.00,0,0.1700,0.0042,0.0173,0.0059,0,REST-S,4,6,6
1458,14675,22:17:00,0,0.00,0,0.1900,0.0128,0.0173,0.0059,0,REST-S,4,6,6
1458,14676,22:17:30,0,19.00,0,0.1900,0.0128,0.0173,0.0059,0,REST-S,4,6,6
1458,14677,22:18:00,0,0.00,0,0.1900,0.0128,0.0173,0.0059,0,REST-S,4,6,6
1458,14678,22:18:30,0,4.00,0,0.1900,0.0128,0.0173,0.0059,0,REST-S,4,6,6
1458,14679,22:19:00,0,4.00,0,0.1700,0.0042,0.0173,0.0059,0,REST-S,4,6,6
1458,14680,22:19:30,0,7.00,0,0.1700,0.0042,0.0173,0.0059,0,REST-S,4,6,6
1458,14681,22:20:00,0,8.00,0,0.1900,0.0128,0.0173,0.0059,0,REST-S,4,6,6
1458,14682,22:20:30,0,0.00,0,0.1900,0.0128,0.0173,0.0059,0,REST-S,4,6,6
1458,14683,22:21:00,0,3.00,0,0.1700,0.0042,0.0173,0.0059,0,REST-S,4,6,6
1458,14684,22:21:30,0,5.00,0,0.1900,0.0128,0.0173,0.0059,0,REST-S,4,6,6
1458,14685,22:22:00,0,0.00,0,0.1900,0.0128,0.0173,0.0059,0,REST-S,4,6,6
1458,14686,22:22:30,0,8.00,0,0.1900,0.0128,0.0173,0.0059,0,REST-S,4,6,6
1458,14687,22:23:00,0,0.00,0,0.1900,0.0128,0.0173,0.0059,0,REST-S,4,6,6
1458,14688,22:23:30,0,5.00,0,0.1700,0.0042,0.0173,0.0059,0,REST-S,4,6,6
1458,14689,22:24:00,0,0.00,0,0.1900,0.0128,0.0173,0.0059,0,REST-S,4,6,6
1458,14690,22:24:30,0,4.00,0,0.1900,0.0128,0.0173,0.0059,0,REST-S,4,6,6
1458,14691,22:25:00,0,0.00,0,0.1700,0.0042,0.0173,0.0059,0,REST-S,4,6,6
1458,14692,22:25:30,0,9.00,0,0.1900,0.0128,0.0173,0.0059,0,REST-S,4,6,6
1458,14693,22:26:00,0,4.00,0,0.1900,0.0128,0.0173,0.0059,0,REST-S,4,6,6
1458,14694,22:26:30,0,0.00,0,0.1900,0.0128,0.0173,0.0059,0,REST-S,4,6,6
1458,14695,22:27:00,0,0.00,0,0.1900,0.0128,0.0173,0.0059,0,REST-S,4,6,6
1458,14696,22:27:30,0,0.00,0,0.1900,0.0128,0.0173,0.0059,0,REST-S,4,6,6
1458,14697,22:28:00,0,11.00,0,0.1900,0.0128,0.0173,0.0059,0,REST-S,4,6,6
1458,14698,22:28:30,0,1.00,0,0.1900,0.0128,0.0173,0.0059,0,REST-S,4,6,6
1458,14699,22:29:00,0,0.00,0,0.1900,0.0128,0.0173,0.0059,0,REST-S,4,6,6
1458,14700,22:29:30,0,1.00,0,0.1900,0.0128,0.0173,0.0059,0,REST-S,4,6,6
1458,14701,22:30:00,0,0.00,0,0.1900,0.0128,0.0173,0.0059,0,REST-S,4,6,6
1458,14702,22:30:30,0,5.00,0,0.1900,0.0128,0.0173,0.0059,0,REST-S,4,6,6
1458,14703,22:31:00,0,0.00,0,0.1900,0.0128,0.0173,0.0059,0,REST-S,4,6,6
1458,14704,22:31:30,0,5.00,0,0.1900,0.0128,0.0173,0.0059,0,REST-S,4,6,6
1458,14705,22:32:00,0,0.00,0,0.1900,0.0128,0.0173,0.0059,0,REST-S,4,6,6
1458,14706,22:32:30,0,1.00,0,0.1900,0.0128,0.0173,0.0059,0,REST-S,4,6,6
1458,14707,22:33:00,0,0.00,0,0.1900,0.0128,0.0173,0.0059,0,REST-S,4,6,6
1458,14708,22:33:30,0,20.00,0,0.1700,0.0042,0.0173,0.0059,1,REST-S,4,6,6
1458,14709,22:34:00,0,0.00,0,0.1900,0.0128,0.0173,0.0059,0,REST-S,4,6,6
1458,14710,22:34:30,0,1.00,0,0.1900,0.0128,0.0173,0.0059,0,REST-S,4,6,6
1458,14711,22:35:00,0,24.00,0,0.1900,0.0128,0.0173,0.0059,1,REST-S,4,6,6
1458,14712,22:35:30,0,1.00,0,0.1900,0.0128,0.0173,0.0059,0,REST-S,4,6,6
1458,14713,22:36:00,0,0.00,0,0.1900,0.0128,0.0173,0.0059,0,REST-S,4,6,6
1458,14714,22:36:30,0,20.00,0,0.1900,0.0128,0.0173,0.0059,1,REST-S,4,6,6
1458,14715,22:37:00,0,48.00,0,0.1900,0.0128,0.0173,0.0059,1,REST-S,4,6,6
1458,14716,22:37:30,0,119.00,0,0.1700,0.0042,0.0173,0.0059,1,REST-S,4,6,6
1458,14717,22:38:00,0,0.00,0,0.1900,0.0128,0.0173,0.0059,0,REST-S,4,6,6
1458,14718,22:38:30,0,0.00,0,0.1700,0.0042,0.0173,0.0059,0,REST-S,4,6,6
1458,14719,22:39:00,0,0.00,0,0.1700,0.0042,0.0173,0.0059,0,REST-S,4,6,6
1458,14720,22:39:30,0,0.00,0,0.1900,0.0128,0.0173,0.0059,0,REST-S,4,6,6
1458,14721,22:40:00,0,0.00,0,0.1700,0.0042,0.0173,0.0059,0,REST-S,4,6,6
1458,14722,22:40:30,0,0.00,0,0.1700,0.0042,0.0173,0.0059,0,REST-S,4,6,6
1458,14723,22:41:00,0,0.00,0,0.1900,0.0128,0.0173,0.0059,0,REST-S,4,6,6
1458,14724,22:41:30,0,0.00,0,0.1900,0.0128,0.0173,0.0059,0,REST-S,4,6,6
1458,14725,22:42:00,0,0.00,0,0.1700,0.0042,0.0173,0.0059,0,REST-S,4,6,6
1458,14726,22:42:30,0,0.00,0,0.1700,0.0042,0.0173,0.0059,0,REST-S,4,6,6
1458,14727,22:43:00,0,0.00,0,0.1900,0.0128,0.0173,0.0059,0,REST-S,4,6,6
1458,14728,22:43:30,0,0.00,0,0.1700,0.0042,0.0173,0.0059,0,REST-S,4,6,6
1458,14729,22:44:00,0,0.00,0,0.1700,0.0042,0.0173,0.0059,0,REST-S,4,6,6
1458,14730,22:44:30,0,0.00,0,0.1700,0.0042,0.0173,0.0059,0,REST-S,4,6,6
1458,14731,22:45:00,0,0.00,0,0.1900,0.0128,0.0173,0.0059,0,REST-S,4,6,6
1458,14732,22:45:30,0,0.00,0,0.1700,0.0042,0.0173,0.0059,0,REST-S,4,6,6
1458,14733,22:46:00,0,55.00,0,0.0200,0.0049,0.0000,0.0059,1,REST-S,4,6,6
1458,14734,22:46:30,0,0.00,0,0.1700,0.0042,0.0173,0.0059,1,REST-S,4,6,6
1458,14735,22:47:00,0,0.00,0,0.1700,0.0042,0.0173,0.0059,1,REST-S,4,6,6
1458,14736,22:47:30,0,199.00,0,0.1700,0.0042,0.0173,0.0059,1,REST-S,4,6,6
1458,14737,22:48:00,0,0.00,0,0.1700,0.0042,0.0173,0.0059,1,REST-S,4,6,6
1458,14738,22:48:30,0,0.00,0,0.1700,0.0042,0.0173,0.0059,0,REST-S,4,6,6
1458,14739,22:49:00,0,0.00,0,0.1700,0.0042,0.0173,0.0059,0,REST-S,4,6,6
1458,14740,22:49:30,0,0.00,0,0.1900,0.0128,0.0173,0.0059,0,REST-S,4,6,6
1458,14741,22:50:00,0,0.00,0,0.1700,0.0042,0.0173,0.0059,0,REST-S,4,6,6
1458,14742,22:50:30,0,0.00,0,0.1900,0.0128,0.0173,0.0059,0,REST-S,4,6,6
1458,14743,22:51:00,0,0.00,0,0.1900,0.0128,0.0173,0.0059,0,REST-S,4,6,6
1458,14744,22:51:30,0,0.00,0,0.1900,0.0128,0.0173,0.0059,0,REST-S,4,6,6
1458,14745,22:52:00,0,0.00,0,0.1700,0.0042,0.0173,0.0059,0,REST-S,4,6,6
1458,14746,22:52:30,0,0.00,0,0.1700,0.0042,0.0173,0.0059,0,REST-S,4,6,6
1458,14747,22:53:00,0,0.00,0,0.1700,0.0042,0.0173,0.0059,0,REST-S,4,6,6
1458,14748,22:53:30,0,0.00,0,0.1700,0.0042,0.0173,0.0059,0,REST-S,4,6,6
1458,14749,22:54:00,0,1.00,0,0.1700,0.0042,0.0173,0.0059,0,REST-S,4,6,6
1458,14750,22:54:30,0,0.00,0,0.1700,0.0042,0.0173,0.0059,0,REST-S,4,6,6
1458,14751,22:55:00,0,0.00,0,0.1700,0.0042,0.0173,0.0059,0,REST-S,4,6,6
1458,14752,22:55:30,0,0.00,0,0.1700,0.0042,0.0173,0.0059,0,REST-S,4,6,6
1458,14753,22:56:00,0,0.00,0,0.1700,0.0042,0.0173,0.0059,0,REST-S,4,6,6
1458,14754,22:56:30,0,0.00,0,0.1700,0.0042,0.0173,0.0059,0,REST-S,4,6,6
1458,14755,22:57:00,0,0.00,0,0.1700,0.0042,0.0173,0.0059,0,REST-S,4,6,6
1458,14756,22:57:30,0,0.00,0,0.1700,0.0042,0.0173,0.0059,0,REST-S,4,6,6
1458,14757,22:58:00,0,0.00,0,0.1700,0.0042,0.0173,0.0059,0,REST-S,4,6,6
1458,14758,22:58:30,0,0.00,0,0.1700,0.0042,0.0173,0.0059,0,REST-S,4,6,6
1458,14759,22:59:00,0,0.00,0,0.1700,0.0042,0.0173,0.0059,0,REST-S,4,6,6
1458,14760,22:59:30,0,0.00,0,0.1700,0.0042,0.0173,0.0059,0,REST-S,4,6,6
1458,14761,23:00:00,0,0.00,0,0.1700,0.0042,0.0173,0.0059,0,REST-S,4,6,6
1458,14762,23:00:30,0,0.00,0,0.1700,0.0042,0.0173,0.0059,0,REST-S,4,6,6
1458,14763,23:01:00,0,0.00,0,0.1700,0.0042,0.0173,0.0059,0,REST-S,4,6,6
1458,14764,23:01:30,0,0.00,0,0.1700,0.0042,0.0173,0.0059,0,REST-S,4,6,6
1458,14765,23:02:00,0,0.00,0,0.1700,0.0042,0.0173,0.0059,0,REST-S,4,6,6
1458,14766,23:02:30,0,0.00,0,0.1700,0.0042,0.0173,0.0059,0,REST-S,4,6,6
1458,14767,23:03:00,0,0.00,0,0.1700,0.0042,0.0173,0.0059,0,REST-S,4,6,6
1458,14768,23:03:30,0,0.00,0,0.1700,0.0042,0.0173,0.0059,0,REST-S,4,6,6
1458,14769,23:04:00,0,1.00,0,0.1700,0.0042,0.0173,0.0059,0,REST-S,4,6,6
1458,14770,23:04:30,0,0.00,0,0.1700,0.0042,0.0173,0.0059,0,REST-S,4,6,6
1458,14771,23:05:00,0,0.00,0,0.1700,0.0042,0.0173,0.0059,0,REST-S,4,6,6
1458,14772,23:05:30,0,0.00,0,0.1700,0.0042,0.0173,0.0059,0,REST-S,4,6,6
1458,14773,23:06:00,0,106.00,0,0.1700,0.0042,0.0173,0.0059,1,REST-S,4,6,6
1458,14774,23:06:30,0,0.00,0,0.1700,0.0042,0.0173,0.0059,0,REST-S,4,6,6
1458,14775,23:07:00,0,0.00,0,0.1700,0.0042,0.0173,0.0059,0,REST-S,4,6,6
1458,14776,23:07:30,0,0.00,0,0.1700,0.0042,0.0173,0.0059,0,REST-S,4,6,6
1458,14777,23:08:00,0,0.00,0,0.1700,0.0042,0.0173,0.0059,0,REST-S,4,6,6
1458,14778,23:08:30,0,0.00,0,0.1700,0.0042,0.0173,0.0059,0,REST-S,4,6,6
1458,14779,23:09:00,0,0.00,0,0.1700,0.0042,0.0173,0.0059,0,REST-S,4,6,6
1458,14780,23:09:30,0,0.00,0,0.1700,0.0042,0.0173,0.0059,0,REST-S,4,6,6
1458,14781,23:10:00,0,0.00,0,0.1700,0.0042,0.0173,0.0059,0,REST-S,4,6,6
1458,14782,23:10:30,0,0.00,0,0.1700,0.0042,0.0173,0.0059,0,REST-S,4,6,6
1458,14783,23:11:00,0,0.00,0,0.1700,0.0042,0.0173,0.0059,0,REST-S,4,6,6
1458,14784,23:11:30,0,0.00,0,0.1700,0.0042,0.0173,0.0059,0,REST-S,4,6,6
1458,14785,23:12:00,0,0.00,0,0.1700,0.0042,0.0173,0.0059,0,REST-S,4,6,6
1458,14786,23:12:30,0,0.00,0,0.1700,0.0042,0.0173,0.0059,0,REST-S,4,6,6
1458,14787,23:13:00,0,0.00,0,0.1700,0.0042,0.0173,0.0059,0,REST-S,4,6,6
1458,14788,23:13:30,0,0.00,0,0.1700,0.0042,0.0173,0.0059,0,REST-S,4,6,6
1458,14789,23:14:00,0,0.00,0,0.1700,0.0042,0.0173,0.0059,0,REST-S,4,6,6
1458,14790,23:14:30,0,0.00,0,0.1700,0.0042,0.0173,0.0059,0,REST-S,4,6,6
1458,14791,23:15:00,0,0.00,0,0.1700,0.0042,0.0173,0.0059,0,REST-S,4,6,6
1458,14792,23:15:30,0,0.00,0,0.1700,0.0042,0.0173,0.0059,0,REST-S,4,6,6
1458,14793,23:16:00,0,0.00,0,0.1700,0.0042,0.0173,0.0059,0,REST-S,4,6,6
1458,14794,23:16:30,0,1.00,0,0.1700,0.0042,0.0173,0.0059,0,REST-S,4,6,6
1458,14795,23:17:00,0,0.00,0,0.1700,0.0042,0.0173,0.0059,0,REST-S,4,6,6
1458,14796,23:17:30,0,0.00,0,0.1700,0.0042,0.0173,0.0059,0,REST-S,4,6,6
1458,14797,23:18:00,0,0.00,0,0.1700,0.0042,0.0173,0.0059,0,REST-S,4,6,6
1458,14798,23:18:30,0,0.00,0,0.1700,0.0042,0.0173,0.0059,0,REST-S,4,6,6
1458,14799,23:19:00,0,0.00,0,0.1700,0.0042,0.0173,0.0059,0,REST-S,4,6,6
1458,14800,23:19:30,0,0.00,0,0.1700,0.0042,0.0173,0.0059,0,REST-S,4,6,6
1458,14801,23:20:00,0,0.00,0,0.1700,0.0042,0.0173,0.0059,0,REST-S,4,6,6
1458,14802,23:20:30,0,0.00,0,0.1700,0.0042,0.0173,0.0059,0,REST-S,4,6,6
1458,14803,23:21:00,0,0.00,0,0.1700,0.0042,0.0173,0.0059,0,REST-S,4,6,6
1458,14804,23:21:30,0,0.00,0,0.1700,0.0042,0.0173,0.0059,0,REST-S,4,6,6
1458,14805,23:22:00,0,0.00,0,0.1700,0.0042,0.0173,0.0059,0,REST-S,4,6,6
1458,14806,23:22:30,0,0.00,0,0.1700,0.0042,0.0173,0.0059,0,REST-S,4,6,6
1458,14807,23:23:00,0,0.00,0,0.1700,0.0042,0.0173,0.0059,0,REST-S,4,6,6
1458,14808,23:23:30,0,0.00,0,0.1700,0.0042,0.0173,0.0059,0,REST-S,4,6,6
1458,14809,23:24:00,0,0.00,0,0.1700,0.0042,0.0173,0.0059,0,REST-S,4,6,6
1458,14810,23:24:30,0,27.00,0,0.1700,0.0042,0.0173,0.0059,1,REST-S,4,6,6
1458,14811,23:25:00,0,68.00,0,0.1700,0.0042,0.0173,0.0059,1,REST-S,4,6,6
1458,14812,23:25:30,0,0.00,0,0.1700,0.0042,0.0173,0.0059,0,REST-S,4,6,6
1458,14813,23:26:00,0,0.00,0,0.1700,0.0042,0.0173,0.0059,0,REST-S,4,6,6
1458,14814,23:26:30,0,0.00,0,0.1700,0.0042,0.0173,0.0059,0,REST-S,4,6,6
1458,14815,23:27:00,0,0.00,0,0.1700,0.0042,0.0173,0.0059,0,REST-S,4,6,6
1458,14816,23:27:30,0,0.00,0,0.1700,0.0042,0.0173,0.0059,0,REST-S,4,6,6
1458,14817,23:28:00,0,0.00,0,0.1700,0.0042,0.0173,0.0059,0,REST-S,4,6,6
1458,14818,23:28:30,0,0.00,0,0.1700,0.0042,0.0173,0.0059,0,REST-S,4,6,6
1458,14819,23:29:00,0,0.00,0,0.1700,0.0042,0.0173,0.0059,0,REST-S,4,6,6
1458,14820,23:29:30,0,0.00,0,0.1700,0.0042,0.0173,0.0059,0,REST-S,4,6,6
1458,14821,23:30:00,0,0.00,0,0.1700,0.0042,0.0173,0.0059,1,REST-S,4,6,6
1458,14822,23:30:30,0,0.00,0,0.1700,0.0042,0.0173,0.0059,1,REST-S,4,6,6
1458,14823,23:31:00,0,286.00,0,0.0200,0.0049,0.0000,0.0059,1,REST-S,4,6,6
1458,14824,23:31:30,0,22.00,0,0.1700,0.0042,0.0173,0.0059,1,REST-S,4,6,6
1458,14825,23:32:00,0,0.00,0,0.1700,0.0042,0.0173,0.0059,1,REST-S,4,6,6
1458,14826,23:32:30,0,0.00,0,0.1700,0.0042,0.0173,0.0059,0,REST-S,4,6,6
1458,14827,23:33:00,0,0.00,0,0.1700,0.0042,0.0173,0.0059,0,REST-S,4,6,6
1458,14828,23:33:30,0,0.00,0,0.1700,0.0042,0.0173,0.0059,0,REST-S,4,6,6
1458,14829,23:34:00,0,0.00,0,0.1700,0.0042,0.0173,0.0059,0,REST-S,4,6,6
1458,14830,23:34:30,0,0.00,0,0.1700,0.0042,0.0173,0.0059,0,REST-S,4,6,6
1458,14831,23:35:00,0,0.00,0,0.1700,0.0042,0.0173,0.0059,0,REST-S,4,6,6
1458,14832,23:35:30,0,0.00,0,0.1700,0.0042,0.0173,0.0059,0,REST-S,4,6,6
1458,14833,23:36:00,0,0.00,0,0.1900,0.0128,0.0173,0.0059,0,REST-S,4,6,6
1458,14834,23:36:30,0,0.00,0,0.1700,0.0042,0.0173,0.0059,0,REST-S,4,6,6
1458,14835,23:37:00,0,0.00,0,0.1700,0.0042,0.0173,0.0059,0,REST-S,4,6,6
1458,14836,23:37:30,0,0.00,0,0.1700,0.0042,0.0173,0.0059,0,REST-S,4,6,6
1458,14837,23:38:00,0,0.00,0,0.1700,0.0042,0.0173,0.0059,0,REST-S,4,6,6
1458,14838,23:38:30,0,0.00,0,0.1700,0.0042,0.0173,0.0059,0,REST-S,4,6,6
1458,14839,23:39:00,0,0.00,0,0.1700,0.0042,0.0173,0.0059,0,REST-S,4,6,6
1458,14840,23:39:30,0,0.00,0,0.1700,0.0042,0.0173,0.0059,0,REST-S,4,6,6
1458,14841,23:40:00,0,0.00,0,0.1700,0.0042,0.0173,0.0059,0,REST-S,4,6,6
1458,14842,23:40:30,0,0.00,0,0.1700,0.0042,0.0173,0.0059,0,REST-S,4,6,6
1458,14843,23:41:00,0,0.00,0,0.1700,0.0042,0.0173,0.0059,0,REST-S,4,6,6
1458,14844,23:41:30,0,0.00,0,0.1700,0.0042,0.0173,0.0059,0,REST-S,4,6,6
1458,14845,23:42:00,0,0.00,0,0.1700,0.0042,0.0173,0.0059,0,REST-S,4,6,6
1458,14846,23:42:30,0,0.00,0,0.1700,0.0042,0.0173,0.0059,0,REST-S,4,6,6
1458,14847,23:43:00,0,0.00,0,0.1700,0.0042,0.0173,0.0059,0,REST-S,4,6,6
1458,14848,23:43:30,0,0.00,0,0.1700,0.0042,0.0173,0.0059,0,REST-S,4,6,6
1458,14849,23:44:00,0,0.00,0,0.1700,0.0042,0.0173,0.0059,0,REST-S,4,6,6
1458,14850,23:44:30,0,0.00,0,0.1700,0.0042,0.0173,0.0059,0,REST-S,4,6,6
1458,14851,23:45:00,0,0.00,0,0.1700,0.0042,0.0173,0.0059,0,REST-S,4,6,6
1458,14852,23:45:30,0,0.00,0,0.1700,0.0042,0.0173,0.0059,0,REST-S,4,6,6
1458,14853,23:46:00,0,0.00,0,0.1700,0.0042,0.0173,0.0059,0,REST-S,4,6,6
1458,14854,23:46:30,0,0.00,0,0.1700,0.0042,0.0173,0.0059,0,REST-S,4,6,6
1458,14855,23:47:00,0,0.00,0,0.1700,0.0042,0.0173,0.0059,0,REST-S,4,6,6
1458,14856,23:47:30,0,77.00,0,0.0200,0.0049,0.0000,0.0059,1,REST-S,4,6,6
1458,14857,23:48:00,0,0.00,0,0.1900,0.0128,0.0173,0.0059,0,REST-S,4,6,6
1458,14858,23:48:30,0,0.00,0,0.1700,0.0042,0.0173,0.0059,0,REST-S,4,6,6
1458,14859,23:49:00,0,0.00,0,0.1700,0.0042,0.0173,0.0059,0,REST-S,4,6,6
1458,14860,23:49:30,0,0.00,0,0.1700,0.0042,0.0173,0.0059,0,REST-S,4,6,6
1458,14861,23:50:00,0,0.00,0,0.1700,0.0042,0.0173,0.0059,0,REST-S,4,6,6
1458,14862,23:50:30,0,0.00,0,0.1700,0.0042,0.0173,0.0059,0,REST-S,4,6,6
1458,14863,23:51:00,0,0.00,0,0.1900,0.0128,0.0173,0.0059,0,REST-S,4,6,6
1458,14864,23:51:30,0,0.00,0,0.1700,0.0042,0.0173,0.0059,0,REST-S,4,6,6
1458,14865,23:52:00,0,0.00,0,0.1700,0.0042,0.0173,0.0059,0,REST-S,4,6,6
1458,14866,23:52:30,0,0.00,0,0.1700,0.0042,0.0173,0.0059,0,REST-S,4,6,6
1458,14867,23:53:00,0,0.00,0,0.1700,0.0042,0.0173,0.0059,0,REST-S,4,6,6
1458,14868,23:53:30,0,0.00,0,0.1700,0.0042,0.0173,0.0059,0,REST-S,4,6,6
1458,14869,23:54:00,0,0.00,0,0.1700,0.0042,0.0173,0.0059,0,REST-S,4,6,6
1458,14870,23:54:30,0,0.00,0,0.1700,0.0042,0.0173,0.0059,0,REST-S,4,6,6
1458,14871,23:55:00,0,0.00,0,0.1700,0.0042,0.0173,0.0059,0,REST-S,4,6,6
1458,14872,23:55:30,0,0.00,0,0.1700,0.0042,0.0173,0.0059,0,REST-S,4,6,6
1458,14873,23:56:00,0,1.00,0,0.1900,0.0128,0.0173,0.0059,0,REST-S,4,6,6
1458,14874,23:56:30,0,0.00,0,0.1900,0.0128,0.0173,0.0059,0,REST-S,4,6,6
1458,14875,23:57:00,0,0.00,0,0.1700,0.0042,0.0173,0.0059,0,REST-S,4,6,6
1458,14876,23:57:30,0,0.00,0,0.1900,0.0128,0.0173,0.0059,0,REST-S,4,6,6
1458,14877,23:58:00,0,0.00,0,0.1700,0.0042,0.0173,0.0059,0,REST-S,4,6,6
1458,14878,23:58:30,0,0.00,0,0.1700,0.0042,0.0173,0.0059,0,REST-S,4,6,6
1458,14879,23:59:00,0,0.00,0,0.1900,0.0128,0.0173,0.0059,0,REST-S,4,6,6
1458,14880,23:59:30,0,0.00,0,0.1700,0.0042,0.0173,0.0059,0,REST-S,4,6,6
1458,14881,0:00:00,0,0.00,0,0.1700,0.0042,0.0173,0.0059,0,REST-S,5,7,6
1458,14882,0:00:30,0,0.00,0,0.1700,0.0042,0.0173,0.0059,0,REST-S,5,7,6
1458,14883,0:01:00,0,0.00,0,0.1900,0.0128,0.0173,0.0059,0,REST-S,5,7,6
1458,14884,0:01:30,0,0.00,0,0.1900,0.0128,0.0173,0.0059,0,REST-S,5,7,6
1458,14885,0:02:00,0,0.00,0,0.1900,0.0128,0.0173,0.0059,0,REST-S,5,7,6
1458,14886,0:02:30,0,0.00,0,0.1700,0.0042,0.0173,0.0059,0,REST-S,5,7,6
1458,14887,0:03:00,0,0.00,0,0.1900,0.0128,0.0173,0.0059,0,REST-S,5,7,6
1458,14888,0:03:30,0,0.00,0,0.1900,0.0128,0.0173,0.0059,0,REST-S,5,7,6
1458,14889,0:04:00,0,0.00,0,0.1900,0.0128,0.0173,0.0059,0,REST-S,5,7,6
1458,14890,0:04:30,0,0.00,0,0.1900,0.0128,0.0173,0.0059,0,REST-S,5,7,6
1458,14891,0:05:00,0,0.00,0,0.1900,0.0128,0.0173,0.0059,0,REST-S,5,7,6
1458,14892,0:05:30,0,0.00,0,0.1900,0.0128,0.0173,0.0059,0,REST-S,5,7,6
1458,14893,0:06:00,0,0.00,0,0.1700,0.0042,0.0173,0.0059,0,REST-S,5,7,6
1458,14894,0:06:30,0,0.00,0,0.1900,0.0128,0.0173,0.0059,0,REST-S,5,7,6
1458,14895,0:07:00,0,0.00,0,0.1900,0.0128,0.0173,0.0059,0,REST-S,5,7,6
1458,14896,0:07:30,0,0.00,0,0.1700,0.0042,0.0173,0.0059,0,REST-S,5,7,6
1458,14897,0:08:00,0,0.00,0,0.1700,0.0042,0.0173,0.0059,0,REST-S,5,7,6
1458,14898,0:08:30,0,0.00,0,0.1700,0.0042,0.0173,0.0059,0,REST-S,5,7,6
1458,14899,0:09:00,0,0.00,0,0.1900,0.0128,0.0173,0.0059,0,REST-S,5,7,6
1458,14900,0:09:30,0,0.00,0,0.1900,0.0128,0.0173,0.0059,0,REST-S,5,7,6
1458,14901,0:10:00,0,0.00,0,0.1900,0.0128,0.0173,0.0059,0,REST-S,5,7,6
1458,14902,0:10:30,0,0.00,0,0.1900,0.0128,0.0173,0.0059,0,REST-S,5,7,6
1458,14903,0:11:00,0,0.00,0,0.1900,0.0128,0.0173,0.0059,0,REST-S,5,7,6
1458,14904,0:11:30,0,0.00,0,0.1900,0.0128,0.0173,0.0059,0,REST-S,5,7,6
1458,14905,0:12:00,0,0.00,0,0.1700,0.0042,0.0173,0.0059,0,REST-S,5,7,6
1458,14906,0:12:30,0,0.00,0,0.1900,0.0128,0.0173,0.0059,0,REST-S,5,7,6
1458,14907,0:13:00,0,0.00,0,0.1900,0.0128,0.0173,0.0059,0,REST-S,5,7,6
1458,14908,0:13:30,0,0.00,0,0.1900,0.0128,0.0173,0.0059,0,REST-S,5,7,6
1458,14909,0:14:00,0,110.00,0,0.0200,0.0049,0.0000,0.0059,1,REST-S,5,7,6
1458,14910,0:14:30,0,0.00,0,0.1900,0.0128,0.0173,0.0059,0,REST-S,5,7,6
1458,14911,0:15:00,0,0.00,0,0.1900,0.0128,0.0173,0.0059,0,REST-S,5,7,6
1458,14912,0:15:30,0,0.00,0,0.1900,0.0128,0.0173,0.0059,0,REST-S,5,7,6
1458,14913,0:16:00,0,0.00,0,0.1900,0.0128,0.0173,0.0059,0,REST-S,5,7,6
1458,14914,0:16:30,0,0.00,0,0.1900,0.0128,0.0173,0.0059,0,REST-S,5,7,6
1458,14915,0:17:00,0,0.00,0,0.1900,0.0128,0.0173,0.0059,0,REST-S,5,7,6
1458,14916,0:17:30,0,0.00,0,0.1900,0.0128,0.0173,0.0059,0,REST-S,5,7,6
1458,14917,0:18:00,0,0.00,0,0.1900,0.0128,0.0173,0.0059,0,REST-S,5,7,6
1458,14918,0:18:30,0,0.00,0,0.1900,0.0128,0.0173,0.0059,0,REST-S,5,7,6
1458,14919,0:19:00,0,0.00,0,0.1700,0.0042,0.0173,0.0059,0,REST-S,5,7,6
1458,14920,0:19:30,0,0.00,0,0.1700,0.0042,0.0173,0.0059,0,REST-S,5,7,6
1458,14921,0:20:00,0,0.00,0,0.1700,0.0042,0.0173,0.0059,0,REST-S,5,7,6
1458,14922,0:20:30,0,0.00,0,0.1900,0.0128,0.0173,0.0059,0,REST-S,5,7,6
1458,14923,0:21:00,0,0.00,0,0.1700,0.0042,0.0173,0.0059,0,REST-S,5,7,6
1458,14924,0:21:30,0,0.00,0,0.1900,0.0128,0.0173,0.0059,0,REST-S,5,7,6
1458,14925,0:22:00,0,0.00,0,0.1700,0.0042,0.0173,0.0059,0,REST-S,5,7,6
1458,14926,0:22:30,0,0.00,0,0.1700,0.0042,0.0173,0.0059,0,REST-S,5,7,6
1458,14927,0:23:00,0,0.00,0,0.1700,0.0042,0.0173,0.0059,0,REST-S,5,7,6
1458,14928,0:23:30,0,0.00,0,0.1700,0.0042,0.0173,0.0059,0,REST-S,5,7,6
1458,14929,0:24:00,0,0.00,0,0.1900,0.0128,0.0173,0.0059,0,REST-S,5,7,6
1458,14930,0:24:30,0,0.00,0,0.1700,0.0042,0.0173,0.0059,0,REST-S,5,7,6
1458,14931,0:25:00,0,0.00,0,0.1700,0.0042,0.0173,0.0059,0,REST-S,5,7,6
1458,14932,0:25:30,0,0.00,0,0.1700,0.0042,0.0173,0.0059,0,REST-S,5,7,6
1458,14933,0:26:00,0,0.00,0,0.1700,0.0042,0.0173,0.0059,0,REST-S,5,7,6
1458,14934,0:26:30,0,0.00,0,0.1700,0.0042,0.0173,0.0059,0,REST-S,5,7,6
1458,14935,0:27:00,0,0.00,0,0.1700,0.0042,0.0173,0.0059,0,REST-S,5,7,6
1458,14936,0:27:30,0,61.00,0,0.1700,0.0042,0.0173,0.0059,1,REST-S,5,7,6
1458,14937,0:28:00,0,3.00,0,0.1700,0.0042,0.0173,0.0059,1,REST-S,5,7,6
1458,14938,0:28:30,0,90.00,0,0.1700,0.0042,0.0173,0.0059,1,REST-S,5,7,6
1458,14939,0:29:00,0,7.00,0,0.1700,0.0042,0.0173,0.0059,1,REST-S,5,7,6
1458,14940,0:29:30,0,103.00,0,0.1700,0.0042,0.0173,0.0059,1,REST-S,5,7,6
1458,14941,0:30:00,0,0.00,0,0.1700,0.0042,0.0173,0.0059,0,REST-S,5,7,6
1458,14942,0:30:30,0,0.00,0,0.1700,0.0042,0.0173,0.0059,0,REST-S,5,7,6
1458,14943,0:31:00,0,0.00,0,0.1700,0.0042,0.0173,0.0059,0,REST-S,5,7,6
1458,14944,0:31:30,0,0.00,0,0.1700,0.0042,0.0173,0.0059,0,REST-S,5,7,6
1458,14945,0:32:00,0,0.00,0,0.1700,0.0042,0.0173,0.0059,0,REST-S,5,7,6
1458,14946,0:32:30,0,0.00,0,0.1900,0.0128,0.0173,0.0059,0,REST-S,5,7,6
1458,14947,0:33:00,0,0.00,0,0.1700,0.0042,0.0173,0.0059,0,REST-S,5,7,6
1458,14948,0:33:30,0,0.00,0,0.1700,0.0042,0.0173,0.0059,0,REST-S,5,7,6
1458,14949,0:34:00,0,0.00,0,0.1700,0.0042,0.0173,0.0059,0,REST-S,5,7,6
1458,14950,0:34:30,0,0.00,0,0.1700,0.0042,0.0173,0.0059,0,REST-S,5,7,6
1458,14951,0:35:00,0,0.00,0,0.1700,0.0042,0.0173,0.0059,0,REST-S,5,7,6
1458,14952,0:35:30,0,0.00,0,0.1700,0.0042,0.0173,0.0059,0,REST-S,5,7,6
1458,14953,0:36:00,0,0.00,0,0.1700,0.0042,0.0173,0.0059,0,REST-S,5,7,6
1458,14954,0:36:30,0,0.00,0,0.1700,0.0042,0.0173,0.0059,0,REST-S,5,7,6
1458,14955,0:37:00,0,0.00,0,0.1700,0.0042,0.0173,0.0059,0,REST-S,5,7,6
1458,14956,0:37:30,0,0.00,0,0.1700,0.0042,0.0173,0.0059,0,REST-S,5,7,6
1458,14957,0:38:00,0,0.00,0,0.1700,0.0042,0.0173,0.0059,0,REST-S,5,7,6
1458,14958,0:38:30,0,0.00,0,0.1700,0.0042,0.0173,0.0059,0,REST-S,5,7,6
1458,14959,0:39:00,0,0.00,0,0.1900,0.0128,0.0173,0.0059,0,REST-S,5,7,6
1458,14960,0:39:30,0,0.00,0,0.1700,0.0042,0.0173,0.0059,0,REST-S,5,7,6
1458,14961,0:40:00,0,0.00,0,0.1700,0.0042,0.0173,0.0059,0,REST-S,5,7,6
1458,14962,0:40:30,0,0.00,0,0.1700,0.0042,0.0173,0.0059,0,REST-S,5,7,6
1458,14963,0:41:00,0,0.00,0,0.1700,0.0042,0.0173,0.0059,0,REST-S,5,7,6
1458,14964,0:41:30,0,0.00,0,0.1700,0.0042,0.0173,0.0059,0,REST-S,5,7,6
1458,14965,0:42:00,0,0.00,0,0.1900,0.0128,0.0173,0.0059,0,REST-S,5,7,6
1458,14966,0:42:30,0,0.00,0,0.1700,0.0042,0.0173,0.0059,0,REST-S,5,7,6
1458,14967,0:43:00,0,0.00,0,0.1900,0.0128,0.0173,0.0059,0,REST-S,5,7,6
1458,14968,0:43:30,0,0.00,0,0.1700,0.0042,0.0173,0.0059,0,REST-S,5,7,6
1458,14969,0:44:00,0,0.00,0,0.1900,0.0128,0.0173,0.0059,0,REST-S,5,7,6
1458,14970,0:44:30,0,0.00,0,0.1700,0.0042,0.0173,0.0059,0,REST-S,5,7,6
1458,14971,0:45:00,0,0.00,0,0.1900,0.0128,0.0173,0.0059,0,REST-S,5,7,6
1458,14972,0:45:30,0,0.00,0,0.1900,0.0128,0.0173,0.0059,0,REST-S,5,7,6
1458,14973,0:46:00,0,0.00,0,0.1700,0.0042,0.0173,0.0059,0,REST-S,5,7,6
1458,14974,0:46:30,0,0.00,0,0.1900,0.0128,0.0173,0.0059,0,REST-S,5,7,6
1458,14975,0:47:00,0,0.00,0,0.1700,0.0042,0.0173,0.0059,0,REST-S,5,7,6
1458,14976,0:47:30,0,0.00,0,0.1900,0.0128,0.0173,0.0059,0,REST-S,5,7,6
1458,14977,0:48:00,0,1.00,0,0.1700,0.0042,0.0173,0.0059,0,REST-S,5,7,6
1458,14978,0:48:30,0,0.00,0,0.1900,0.0128,0.0173,0.0059,0,REST-S,5,7,6
1458,14979,0:49:00,0,0.00,0,0.1700,0.0042,0.0173,0.0059,0,REST-S,5,7,6
1458,14980,0:49:30,0,0.00,0,0.1900,0.0128,0.0173,0.0059,0,REST-S,5,7,6
1458,14981,0:50:00,0,0.00,0,0.1700,0.0042,0.0173,0.0059,0,REST-S,5,7,6
1458,14982,0:50:30,0,0.00,0,0.1700,0.0042,0.0173,0.0059,0,REST-S,5,7,6
1458,14983,0:51:00,0,0.00,0,0.1700,0.0042,0.0173,0.0059,0,REST-S,5,7,6
1458,14984,0:51:30,0,0.00,0,0.1700,0.0042,0.0173,0.0059,0,REST-S,5,7,6
1458,14985,0:52:00,0,0.00,0,0.1700,0.0042,0.0173,0.0059,0,REST-S,5,7,6
1458,14986,0:52:30,0,0.00,0,0.1700,0.0042,0.0173,0.0059,0,REST-S,5,7,6
1458,14987,0:53:00,0,0.00,0,0.1900,0.0128,0.0173,0.0059,0,REST-S,5,7,6
1458,14988,0:53:30,0,0.00,0,0.1900,0.0128,0.0173,0.0059,0,REST-S,5,7,6
1458,14989,0:54:00,0,0.00,0,0.1700,0.0042,0.0173,0.0059,0,REST-S,5,7,6
1458,14990,0:54:30,0,0.00,0,0.1700,0.0042,0.0173,0.0059,0,REST-S,5,7,6
1458,14991,0:55:00,0,0.00,0,0.1700,0.0042,0.0173,0.0059,0,REST-S,5,7,6
1458,14992,0:55:30,0,0.00,0,0.1700,0.0042,0.0173,0.0059,0,REST-S,5,7,6
1458,14993,0:56:00,0,0.00,0,0.1700,0.0042,0.0173,0.0059,0,REST-S,5,7,6
1458,14994,0:56:30,0,0.00,0,0.1900,0.0128,0.0173,0.0059,0,REST-S,5,7,6
1458,14995,0:57:00,0,0.00,0,0.1700,0.0042,0.0173,0.0059,0,REST-S,5,7,6
1458,14996,0:57:30,0,0.00,0,0.1900,0.0128,0.0173,0.0059,0,REST-S,5,7,6
1458,14997,0:58:00,0,0.00,0,0.1700,0.0042,0.0173,0.0059,0,REST-S,5,7,6
1458,14998,0:58:30,0,0.00,0,0.1700,0.0042,0.0173,0.0059,0,REST-S,5,7,6
1458,14999,0:59:00,0,0.00,0,0.1700,0.0042,0.0173,0.0059,0,REST-S,5,7,6
1458,15000,0:59:30,0,0.00,0,0.1900,0.0128,0.0173,0.0059,0,REST-S,5,7,6
1458,15001,1:00:00,0,0.00,0,0.1700,0.0042,0.0173,0.0059,0,REST-S,5,7,6
1458,15002,1:00:30,0,0.00,0,0.1900,0.0128,0.0173,0.0059,0,REST-S,5,7,6
1458,15003,1:01:00,0,0.00,0,0.1700,0.0042,0.0173,0.0059,0,REST-S,5,7,6
1458,15004,1:01:30,0,0.00,0,0.1700,0.0042,0.0173,0.0059,0,REST-S,5,7,6
1458,15005,1:02:00,0,0.00,0,0.1700,0.0042,0.0173,0.0059,0,REST-S,5,7,6
1458,15006,1:02:30,0,0.00,0,0.1900,0.0128,0.0173,0.0059,0,REST-S,5,7,6
1458,15007,1:03:00,0,0.00,0,0.1700,0.0042,0.0173,0.0059,0,REST-S,5,7,6
1458,15008,1:03:30,0,0.00,0,0.1900,0.0128,0.0173,0.0059,0,REST-S,5,7,6
1458,15009,1:04:00,0,0.00,0,0.1700,0.0042,0.0173,0.0059,0,REST-S,5,7,6
1458,15010,1:04:30,0,0.00,0,0.1700,0.0042,0.0173,0.0059,0,REST-S,5,7,6
1458,15011,1:05:00,0,0.00,0,0.1700,0.0042,0.0173,0.0059,0,REST-S,5,7,6
1458,15012,1:05:30,0,0.00,0,0.1900,0.0128,0.0173,0.0059,0,REST-S,5,7,6
1458,15013,1:06:00,0,0.00,0,0.1700,0.0042,0.0173,0.0059,0,REST-S,5,7,6
1458,15014,1:06:30,0,0.00,0,0.1700,0.0042,0.0173,0.0059,0,REST-S,5,7,6
1458,15015,1:07:00,0,0.00,0,0.1700,0.0042,0.0173,0.0059,0,REST-S,5,7,6
1458,15016,1:07:30,0,0.00,0,0.1700,0.0042,0.0173,0.0059,1,REST-S,5,7,6
1458,15017,1:08:00,0,0.00,0,0.1700,0.0042,0.0173,0.0059,1,REST-S,5,7,6
1458,15018,1:08:30,0,268.00,0,0.1900,0.0128,0.0173,0.0059,1,REST-S,5,7,6
1458,15019,1:09:00,0,5.00,0,0.1700,0.0042,0.0173,0.0059,1,REST-S,5,7,6
1458,15020,1:09:30,0,0.00,0,0.1700,0.0042,0.0173,0.0059,1,REST-S,5,7,6
1458,15021,1:10:00,0,0.00,0,0.1700,0.0042,0.0173,0.0059,0,REST-S,5,7,6
1458,15022,1:10:30,0,0.00,0,0.1700,0.0042,0.0173,0.0059,0,REST-S,5,7,6
1458,15023,1:11:00,0,0.00,0,0.1700,0.0042,0.0173,0.0059,0,REST-S,5,7,6
1458,15024,1:11:30,0,42.00,0,0.1700,0.0042,0.0173,0.0059,1,REST-S,5,7,6
1458,15025,1:12:00,0,0.00,0,0.1700,0.0042,0.0173,0.0059,0,REST-S,5,7,6
1458,15026,1:12:30,0,0.00,0,0.1900,0.0128,0.0173,0.0059,0,REST-S,5,7,6
1458,15027,1:13:00,0,63.00,0,0.1700,0.0042,0.0173,0.0059,1,REST-S,5,7,6
1458,15028,1:13:30,0,13.00,0,0.1700,0.0042,0.0173,0.0059,1,REST-S,5,7,6
1458,15029,1:14:00,0,0.00,0,0.1900,0.0128,0.0173,0.0059,0,REST-S,5,7,6
1458,15030,1:14:30,0,0.00,0,0.1700,0.0042,0.0173,0.0059,0,REST-S,5,7,6
1458,15031,1:15:00,0,0.00,0,0.1700,0.0042,0.0173,0.0059,0,REST-S,5,7,6
1458,15032,1:15:30,0,0.00,0,0.1700,0.0042,0.0173,0.0059,0,REST-S,5,7,6
1458,15033,1:16:00,0,0.00,0,0.1700,0.0042,0.0173,0.0059,0,REST-S,5,7,6
1458,15034,1:16:30,0,0.00,0,0.1700,0.0042,0.0173,0.0059,0,REST-S,5,7,6
1458,15035,1:17:00,0,0.00,0,0.1700,0.0042,0.0173,0.0059,0,REST-S,5,7,6
1458,15036,1:17:30,0,0.00,0,0.1900,0.0128,0.0173,0.0059,0,REST-S,5,7,6
1458,15037,1:18:00,0,0.00,0,0.1700,0.0042,0.0173,0.0059,0,REST-S,5,7,6
1458,15038,1:18:30,0,0.00,0,0.1700,0.0042,0.0173,0.0059,0,REST-S,5,7,6
1458,15039,1:19:00,0,0.00,0,0.1700,0.0042,0.0173,0.0059,0,REST-S,5,7,6
1458,15040,1:19:30,0,39.00,0,0.1900,0.0128,0.0173,0.0059,1,REST-S,5,7,6
1458,15041,1:20:00,0,137.00,0,0.1900,0.0128,0.0173,0.0059,1,REST-S,5,7,6
1458,15042,1:20:30,0,66.00,0,0.1900,0.0128,0.0173,0.0059,1,REST-S,5,7,6
1458,15043,1:21:00,0,42.00,0,0.1900,0.0128,0.0173,0.0059,1,REST-S,5,7,6
1458,15044,1:21:30,0,0.00,0,0.1700,0.0042,0.0173,0.0059,0,REST-S,5,7,6
1458,15045,1:22:00,0,0.00,0,0.1900,0.0128,0.0173,0.0059,0,REST-S,5,7,6
1458,15046,1:22:30,0,0.00,0,0.1700,0.0042,0.0173,0.0059,0,REST-S,5,7,6
1458,15047,1:23:00,0,0.00,0,0.1700,0.0042,0.0173,0.0059,0,REST-S,5,7,6
1458,15048,1:23:30,0,1.00,0,0.1900,0.0128,0.0173,0.0059,0,REST-S,5,7,6
1458,15049,1:24:00,0,0.00,0,0.1700,0.0042,0.0173,0.0059,0,REST-S,5,7,6
1458,15050,1:24:30,0,0.00,0,0.1900,0.0128,0.0173,0.0059,0,REST-S,5,7,6
1458,15051,1:25:00,0,0.00,0,0.1700,0.0042,0.0173,0.0059,0,REST-S,5,7,6
1458,15052,1:25:30,0,0.00,0,0.1700,0.0042,0.0173,0.0059,0,REST-S,5,7,6
1458,15053,1:26:00,0,0.00,0,0.1900,0.0128,0.0173,0.0059,0,REST-S,5,7,6
1458,15054,1:26:30,0,0.00,0,0.1700,0.0042,0.0173,0.0059,0,REST-S,5,7,6
1458,15055,1:27:00,0,5.00,0,0.1700,0.0042,0.0173,0.0059,1,REST-S,5,7,6
1458,15056,1:27:30,0,163.00,0,0.0100,0.0049,0.0000,0.0000,1,REST-S,5,7,6
1458,15057,1:28:00,0,0.00,0,0.1700,0.0042,0.0173,0.0059,0,REST-S,5,7,6
1458,15058,1:28:30,0,0.00,0,0.1700,0.0042,0.0173,0.0059,0,REST-S,5,7,6
1458,15059,1:29:00,0,0.00,0,0.1700,0.0042,0.0173,0.0059,0,REST-S,5,7,6
1458,15060,1:29:30,0,0.00,0,0.1700,0.0042,0.0173,0.0059,0,REST-S,5,7,6
1458,15061,1:30:00,0,0.00,0,0.1700,0.0042,0.0173,0.0059,0,REST-S,5,7,6
1458,15062,1:30:30,0,0.00,0,0.1700,0.0042,0.0173,0.0059,0,REST-S,5,7,6
1458,15063,1:31:00,0,0.00,0,0.1700,0.0042,0.0173,0.0059,0,REST-S,5,7,6
1458,15064,1:31:30,0,0.00,0,0.1700,0.0042,0.0173,0.0059,0,REST-S,5,7,6
1458,15065,1:32:00,0,0.00,0,0.1900,0.0128,0.0173,0.0059,0,REST-S,5,7,6
1458,15066,1:32:30,0,0.00,0,0.1700,0.0042,0.0173,0.0059,0,REST-S,5,7,6
1458,15067,1:33:00,0,0.00,0,0.1700,0.0042,0.0173,0.0059,0,REST-S,5,7,6
1458,15068,1:33:30,0,0.00,0,0.1700,0.0042,0.0173,0.0059,0,REST-S,5,7,6
1458,15069,1:34:00,0,0.00,0,0.1900,0.0128,0.0173,0.0059,0,REST-S,5,7,6
1458,15070,1:34:30,0,0.00,0,0.1700,0.0042,0.0173,0.0059,0,REST-S,5,7,6
1458,15071,1:35:00,0,0.00,0,0.1700,0.0042,0.0173,0.0059,0,REST-S,5,7,6
1458,15072,1:35:30,0,0.00,0,0.1700,0.0042,0.0173,0.0059,0,REST-S,5,7,6
1458,15073,1:36:00,0,0.00,0,0.1900,0.0128,0.0173,0.0059,0,REST-S,5,7,6
1458,15074,1:36:30,0,0.00,0,0.1900,0.0128,0.0173,0.0059,0,REST-S,5,7,6
1458,15075,1:37:00,0,0.00,0,0.1700,0.0042,0.0173,0.0059,0,REST-S,5,7,6
1458,15076,1:37:30,0,0.00,0,0.1700,0.0042,0.0173,0.0059,0,REST-S,5,7,6
1458,15077,1:38:00,0,0.00,0,0.1700,0.0042,0.0173,0.0059,0,REST-S,5,7,6
1458,15078,1:38:30,0,0.00,0,0.1900,0.0128,0.0173,0.0059,0,REST-S,5,7,6
1458,15079,1:39:00,0,0.00,0,0.1700,0.0042,0.0173,0.0059,0,REST-S,5,7,6
1458,15080,1:39:30,0,0.00,0,0.1900,0.0128,0.0173,0.0059,0,REST-S,5,7,6
1458,15081,1:40:00,0,0.00,0,0.1700,0.0042,0.0173,0.0059,0,REST-S,5,7,6
1458,15082,1:40:30,0,0.00,0,0.1700,0.0042,0.0173,0.0059,0,REST-S,5,7,6
1458,15083,1:41:00,0,0.00,0,0.1700,0.0042,0.0173,0.0059,0,REST-S,5,7,6
1458,15084,1:41:30,0,0.00,0,0.1700,0.0042,0.0173,0.0059,0,REST-S,5,7,6
1458,15085,1:42:00,0,0.00,0,0.1900,0.0128,0.0173,0.0059,0,REST-S,5,7,6
1458,15086,1:42:30,0,0.00,0,0.1700,0.0042,0.0173,0.0059,0,REST-S,5,7,6
1458,15087,1:43:00,0,0.00,0,0.1900,0.0128,0.0173,0.0059,0,REST-S,5,7,6
1458,15088,1:43:30,0,0.00,0,0.1700,0.0042,0.0173,0.0059,0,REST-S,5,7,6
1458,15089,1:44:00,0,0.00,0,0.1900,0.0128,0.0173,0.0059,0,REST-S,5,7,6
1458,15090,1:44:30,0,0.00,0,0.1900,0.0128,0.0173,0.0059,0,REST-S,5,7,6
1458,15091,1:45:00,0,0.00,0,0.1700,0.0042,0.0173,0.0059,0,REST-S,5,7,6
1458,15092,1:45:30,0,0.00,0,0.1900,0.0128,0.0173,0.0059,0,REST-S,5,7,6
1458,15093,1:46:00,0,0.00,0,0.1900,0.0128,0.0173,0.0059,0,REST-S,5,7,6
1458,15094,1:46:30,0,0.00,0,0.1900,0.0128,0.0173,0.0059,0,REST-S,5,7,6
1458,15095,1:47:00,0,0.00,0,0.1900,0.0128,0.0173,0.0059,0,REST-S,5,7,6
1458,15096,1:47:30,0,0.00,0,0.1900,0.0128,0.0173,0.0059,0,REST-S,5,7,6
1458,15097,1:48:00,0,0.00,0,0.1900,0.0128,0.0173,0.0059,0,REST-S,5,7,6
1458,15098,1:48:30,0,0.00,0,0.1900,0.0128,0.0173,0.0059,0,REST-S,5,7,6
1458,15099,1:49:00,0,0.00,0,0.1700,0.0042,0.0173,0.0059,0,REST-S,5,7,6
1458,15100,1:49:30,0,0.00,0,0.1900,0.0128,0.0173,0.0059,0,REST-S,5,7,6
1458,15101,1:50:00,0,0.00,0,0.1900,0.0128,0.0173,0.0059,0,REST-S,5,7,6
1458,15102,1:50:30,0,0.00,0,0.1900,0.0128,0.0173,0.0059,0,REST-S,5,7,6
1458,15103,1:51:00,0,0.00,0,0.1700,0.0042,0.0173,0.0059,0,REST-S,5,7,6
1458,15104,1:51:30,0,0.00,0,0.1900,0.0128,0.0173,0.0059,0,REST-S,5,7,6
1458,15105,1:52:00,0,0.00,0,0.1900,0.0128,0.0173,0.0059,0,REST-S,5,7,6
1458,15106,1:52:30,0,0.00,0,0.1900,0.0128,0.0173,0.0059,0,REST-S,5,7,6
1458,15107,1:53:00,0,0.00,0,0.1900,0.0128,0.0173,0.0059,0,REST-S,5,7,6
1458,15108,1:53:30,0,0.00,0,0.1900,0.0128,0.0173,0.0059,0,REST-S,5,7,6
1458,15109,1:54:00,0,0.00,0,0.1900,0.0128,0.0173,0.0059,0,REST-S,5,7,6
1458,15110,1:54:30,0,0.00,0,0.1700,0.0042,0.0173,0.0059,0,REST-S,5,7,6
1458,15111,1:55:00,0,0.00,0,0.1700,0.0042,0.0173,0.0059,0,REST-S,5,7,6
1458,15112,1:55:30,0,0.00,0,0.1900,0.0128,0.0173,0.0059,0,REST-S,5,7,6
1458,15113,1:56:00,0,0.00,0,0.1900,0.0128,0.0173,0.0059,0,REST-S,5,7,6
1458,15114,1:56:30,0,0.00,0,0.1900,0.0128,0.0173,0.0059,0,REST-S,5,7,6
1458,15115,1:57:00,0,0.00,0,0.1900,0.0128,0.0173,0.0059,0,REST-S,5,7,6
1458,15116,1:57:30,0,0.00,0,0.1700,0.0042,0.0173,0.0059,0,REST-S,5,7,6
1458,15117,1:58:00,0,0.00,0,0.1900,0.0128,0.0173,0.0059,0,REST-S,5,7,6
1458,15118,1:58:30,0,0.00,0,0.1900,0.0128,0.0173,0.0059,0,REST-S,5,7,6
1458,15119,1:59:00,0,0.00,0,0.1900,0.0128,0.0173,0.0059,0,REST-S,5,7,6
1458,15120,1:59:30,0,0.00,0,0.1700,0.0042,0.0173,0.0059,0,REST-S,5,7,6
1458,15121,2:00:00,0,0.00,0,0.1900,0.0128,0.0173,0.0059,0,REST-S,5,7,6
1458,15122,2:00:30,0,0.00,0,0.1900,0.0128,0.0173,0.0059,0,REST-S,5,7,6
1458,15123,2:01:00,0,0.00,0,0.1900,0.0128,0.0173,0.0059,0,REST-S,5,7,6
1458,15124,2:01:30,0,0.00,0,0.1900,0.0128,0.0173,0.0059,0,REST-S,5,7,6
1458,15125,2:02:00,0,0.00,0,0.1900,0.0128,0.0173,0.0059,0,REST-S,5,7,6
1458,15126,2:02:30,0,0.00,0,0.1900,0.0128,0.0173,0.0059,0,REST-S,5,7,6
1458,15127,2:03:00,0,0.00,0,0.1900,0.0128,0.0173,0.0059,0,REST-S,5,7,6
1458,15128,2:03:30,0,0.00,0,0.1900,0.0128,0.0173,0.0059,0,REST-S,5,7,6
1458,15129,2:04:00,0,0.00,0,0.1900,0.0128,0.0173,0.0059,0,REST-S,5,7,6
1458,15130,2:04:30,0,0.00,0,0.1900,0.0128,0.0173,0.0059,0,REST-S,5,7,6
1458,15131,2:05:00,0,0.00,0,0.1900,0.0128,0.0173,0.0059,0,REST-S,5,7,6
1458,15132,2:05:30,0,0.00,0,0.1900,0.0128,0.0173,0.0059,0,REST-S,5,7,6
1458,15133,2:06:00,0,0.00,0,0.1900,0.0128,0.0173,0.0059,0,REST-S,5,7,6
1458,15134,2:06:30,0,0.00,0,0.1900,0.0128,0.0173,0.0059,0,REST-S,5,7,6
1458,15135,2:07:00,0,0.00,0,0.1900,0.0128,0.0173,0.0059,0,REST-S,5,7,6
1458,15136,2:07:30,0,0.00,0,0.1900,0.0128,0.0173,0.0059,0,REST-S,5,7,6
1458,15137,2:08:00,0,0.00,0,0.1900,0.0128,0.0173,0.0059,0,REST-S,5,7,6
1458,15138,2:08:30,0,0.00,0,0.1900,0.0128,0.0173,0.0059,0,REST-S,5,7,6
1458,15139,2:09:00,0,0.00,0,0.1900,0.0128,0.0173,0.0059,0,REST-S,5,7,6
1458,15140,2:09:30,0,0.00,0,0.1900,0.0128,0.0173,0.0059,0,REST-S,5,7,6
1458,15141,2:10:00,0,0.00,0,0.1900,0.0128,0.0173,0.0059,0,REST-S,5,7,6
1458,15142,2:10:30,0,0.00,0,0.1900,0.0128,0.0173,0.0059,0,REST-S,5,7,6
1458,15143,2:11:00,0,0.00,0,0.1900,0.0128,0.0173,0.0059,0,REST-S,5,7,6
1458,15144,2:11:30,0,0.00,0,0.1900,0.0128,0.0173,0.0059,0,REST-S,5,7,6
1458,15145,2:12:00,0,0.00,0,0.1900,0.0128,0.0173,0.0059,0,REST-S,5,7,6
1458,15146,2:12:30,0,0.00,0,0.1900,0.0128,0.0173,0.0059,0,REST-S,5,7,6
1458,15147,2:13:00,0,0.00,0,0.1900,0.0128,0.0173,0.0059,0,REST-S,5,7,6
1458,15148,2:13:30,0,0.00,0,0.1900,0.0128,0.0173,0.0059,0,REST-S,5,7,6
1458,15149,2:14:00,0,0.00,0,0.1900,0.0128,0.0173,0.0059,0,REST-S,5,7,6
1458,15150,2:14:30,0,0.00,0,0.1900,0.0128,0.0173,0.0059,0,REST-S,5,7,6
1458,15151,2:15:00,0,0.00,0,0.1900,0.0128,0.0173,0.0059,0,REST-S,5,7,6
1458,15152,2:15:30,0,0.00,0,0.1900,0.0128,0.0173,0.0059,0,REST-S,5,7,6
1458,15153,2:16:00,0,0.00,0,0.1900,0.0128,0.0173,0.0059,0,REST-S,5,7,6
1458,15154,2:16:30,0,0.00,0,0.1900,0.0128,0.0173,0.0059,0,REST-S,5,7,6
1458,15155,2:17:00,0,0.00,0,0.1900,0.0128,0.0173,0.0059,0,REST-S,5,7,6
1458,15156,2:17:30,0,0.00,0,0.1900,0.0128,0.0173,0.0059,0,REST-S,5,7,6
1458,15157,2:18:00,0,0.00,0,0.1900,0.0128,0.0173,0.0059,0,REST-S,5,7,6
1458,15158,2:18:30,0,0.00,0,0.1900,0.0128,0.0173,0.0059,0,REST-S,5,7,6
1458,15159,2:19:00,0,0.00,0,0.1900,0.0128,0.0173,0.0059,0,REST-S,5,7,6
1458,15160,2:19:30,0,0.00,0,0.1900,0.0128,0.0173,0.0059,0,REST-S,5,7,6
1458,15161,2:20:00,0,0.00,0,0.1900,0.0128,0.0173,0.0059,0,REST-S,5,7,6
1458,15162,2:20:30,0,0.00,0,0.1900,0.0128,0.0173,0.0059,0,REST-S,5,7,6
1458,15163,2:21:00,0,0.00,0,0.1900,0.0128,0.0173,0.0059,0,REST-S,5,7,6
1458,15164,2:21:30,0,0.00,0,0.1900,0.0128,0.0173,0.0059,0,REST-S,5,7,6
1458,15165,2:22:00,0,0.00,0,0.1900,0.0128,0.0173,0.0059,0,REST-S,5,7,6
1458,15166,2:22:30,0,0.00,0,0.1900,0.0128,0.0173,0.0059,0,REST-S,5,7,6
1458,15167,2:23:00,0,0.00,0,0.1900,0.0128,0.0173,0.0059,0,REST-S,5,7,6
1458,15168,2:23:30,0,0.00,0,0.1900,0.0128,0.0173,0.0059,0,REST-S,5,7,6
1458,15169,2:24:00,0,0.00,0,0.1900,0.0128,0.0173,0.0059,0,REST-S,5,7,6
1458,15170,2:24:30,0,0.00,0,0.1900,0.0128,0.0173,0.0059,0,REST-S,5,7,6
1458,15171,2:25:00,0,0.00,0,0.1900,0.0128,0.0173,0.0059,0,REST-S,5,7,6
1458,15172,2:25:30,0,16.00,0,0.1900,0.0128,0.0173,0.0059,0,REST-S,5,7,6
1458,15173,2:26:00,0,3.00,0,0.1900,0.0128,0.0173,0.0059,0,REST-S,5,7,6
1458,15174,2:26:30,0,0.00,0,0.1900,0.0128,0.0173,0.0059,0,REST-S,5,7,6
1458,15175,2:27:00,0,0.00,0,0.1900,0.0128,0.0173,0.0059,0,REST-S,5,7,6
1458,15176,2:27:30,0,0.00,0,0.1900,0.0128,0.0173,0.0059,0,REST-S,5,7,6
1458,15177,2:28:00,0,0.00,0,0.1900,0.0128,0.0173,0.0059,0,REST-S,5,7,6
1458,15178,2:28:30,0,0.00,0,0.1900,0.0128,0.0173,0.0059,0,REST-S,5,7,6
1458,15179,2:29:00,0,0.00,0,0.1900,0.0128,0.0173,0.0059,0,REST-S,5,7,6
1458,15180,2:29:30,0,0.00,0,0.1900,0.0128,0.0173,0.0059,0,REST-S,5,7,6
1458,15181,2:30:00,0,0.00,0,0.1900,0.0128,0.0173,0.0059,0,REST-S,5,7,6
1458,15182,2:30:30,0,0.00,0,0.1900,0.0128,0.0173,0.0059,0,REST-S,5,7,6
1458,15183,2:31:00,0,25.00,0,0.1900,0.0128,0.0173,0.0059,1,REST-S,5,7,6
1458,15184,2:31:30,0,0.00,0,0.1900,0.0128,0.0173,0.0059,0,REST-S,5,7,6
1458,15185,2:32:00,0,0.00,0,0.1900,0.0128,0.0173,0.0059,0,REST-S,5,7,6
1458,15186,2:32:30,0,0.00,0,0.1900,0.0128,0.0173,0.0059,0,REST-S,5,7,6
1458,15187,2:33:00,0,0.00,0,0.1900,0.0128,0.0173,0.0059,0,REST-S,5,7,6
1458,15188,2:33:30,0,106.00,0,0.1900,0.0128,0.0173,0.0059,1,REST-S,5,7,6
1458,15189,2:34:00,0,0.00,0,0.1900,0.0128,0.0173,0.0059,0,REST-S,5,7,6
1458,15190,2:34:30,0,0.00,0,0.1900,0.0128,0.0173,0.0059,0,REST-S,5,7,6
1458,15191,2:35:00,0,0.00,0,0.1900,0.0128,0.0173,0.0059,0,REST-S,5,7,6
1458,15192,2:35:30,0,0.00,0,0.1900,0.0128,0.0173,0.0059,0,REST-S,5,7,6
1458,15193,2:36:00,0,0.00,0,0.1900,0.0128,0.0173,0.0059,0,REST-S,5,7,6
1458,15194,2:36:30,0,0.00,0,0.1900,0.0128,0.0173,0.0059,0,REST-S,5,7,6
1458,15195,2:37:00,0,0.00,0,0.1900,0.0128,0.0173,0.0059,0,REST-S,5,7,6
1458,15196,2:37:30,0,0.00,0,0.1900,0.0128,0.0173,0.0059,0,REST-S,5,7,6
1458,15197,2:38:00,0,0.00,0,0.1900,0.0128,0.0173,0.0059,0,REST-S,5,7,6
1458,15198,2:38:30,0,0.00,0,0.1900,0.0128,0.0173,0.0059,0,REST-S,5,7,6
1458,15199,2:39:00,0,0.00,0,0.1700,0.0042,0.0173,0.0059,0,REST-S,5,7,6
1458,15200,2:39:30,0,0.00,0,0.1700,0.0042,0.0173,0.0059,0,REST-S,5,7,6
1458,15201,2:40:00,0,0.00,0,0.1900,0.0128,0.0173,0.0059,0,REST-S,5,7,6
1458,15202,2:40:30,0,0.00,0,0.1700,0.0042,0.0173,0.0059,0,REST-S,5,7,6
1458,15203,2:41:00,0,0.00,0,0.1900,0.0128,0.0173,0.0059,0,REST-S,5,7,6
1458,15204,2:41:30,0,0.00,0,0.1900,0.0128,0.0173,0.0059,0,REST-S,5,7,6
1458,15205,2:42:00,0,0.00,0,0.1900,0.0128,0.0173,0.0059,0,REST-S,5,7,6
1458,15206,2:42:30,0,0.00,0,0.1900,0.0128,0.0173,0.0059,0,REST-S,5,7,6
1458,15207,2:43:00,0,0.00,0,0.1700,0.0042,0.0173,0.0059,0,REST-S,5,7,6
1458,15208,2:43:30,0,0.00,0,0.1700,0.0042,0.0173,0.0059,0,REST-S,5,7,6
1458,15209,2:44:00,0,0.00,0,0.1700,0.0042,0.0173,0.0059,0,REST-S,5,7,6
1458,15210,2:44:30,0,0.00,0,0.1700,0.0042,0.0173,0.0059,0,REST-S,5,7,6
1458,15211,2:45:00,0,0.00,0,0.1700,0.0042,0.0173,0.0059,0,REST-S,5,7,6
1458,15212,2:45:30,0,0.00,0,0.1900,0.0128,0.0173,0.0059,0,REST-S,5,7,6
1458,15213,2:46:00,0,0.00,0,0.1700,0.0042,0.0173,0.0059,0,REST-S,5,7,6
1458,15214,2:46:30,0,0.00,0,0.1700,0.0042,0.0173,0.0059,0,REST-S,5,7,6
1458,15215,2:47:00,0,0.00,0,0.1700,0.0042,0.0173,0.0059,0,REST-S,5,7,6
1458,15216,2:47:30,0,0.00,0,0.1700,0.0042,0.0173,0.0059,0,REST-S,5,7,6
1458,15217,2:48:00,0,0.00,0,0.1700,0.0042,0.0173,0.0059,0,REST-S,5,7,6
1458,15218,2:48:30,0,0.00,0,0.1700,0.0042,0.0173,0.0059,0,REST-S,5,7,6
1458,15219,2:49:00,0,0.00,0,0.1900,0.0128,0.0173,0.0059,0,REST-S,5,7,6
1458,15220,2:49:30,0,0.00,0,0.1700,0.0042,0.0173,0.0059,0,REST-S,5,7,6
1458,15221,2:50:00,0,0.00,0,0.1700,0.0042,0.0173,0.0059,0,REST-S,5,7,6
1458,15222,2:50:30,0,0.00,0,0.1700,0.0042,0.0173,0.0059,0,REST-S,5,7,6
1458,15223,2:51:00,0,0.00,0,0.1700,0.0042,0.0173,0.0059,0,REST-S,5,7,6
1458,15224,2:51:30,0,0.00,0,0.1700,0.0042,0.0173,0.0059,0,REST-S,5,7,6
1458,15225,2:52:00,0,0.00,0,0.1700,0.0042,0.0173,0.0059,0,REST-S,5,7,6
1458,15226,2:52:30,0,0.00,0,0.1700,0.0042,0.0173,0.0059,0,REST-S,5,7,6
1458,15227,2:53:00,0,0.00,0,0.1700,0.0042,0.0173,0.0059,0,REST-S,5,7,6
1458,15228,2:53:30,0,0.00,0,0.1700,0.0042,0.0173,0.0059,0,REST-S,5,7,6
1458,15229,2:54:00,0,0.00,0,0.1700,0.0042,0.0173,0.0059,0,REST-S,5,7,6
1458,15230,2:54:30,0,0.00,0,0.1700,0.0042,0.0173,0.0059,0,REST-S,5,7,6
1458,15231,2:55:00,0,0.00,0,0.1700,0.0042,0.0173,0.0059,0,REST-S,5,7,6
1458,15232,2:55:30,0,0.00,0,0.1700,0.0042,0.0173,0.0059,0,REST-S,5,7,6
1458,15233,2:56:00,0,0.00,0,0.1700,0.0042,0.0173,0.0059,0,REST-S,5,7,6
1458,15234,2:56:30,0,0.00,0,0.1700,0.0042,0.0173,0.0059,0,REST-S,5,7,6
1458,15235,2:57:00,0,0.00,0,0.1700,0.0042,0.0173,0.0059,0,REST-S,5,7,6
1458,15236,2:57:30,0,0.00,0,0.1700,0.0042,0.0173,0.0059,0,REST-S,5,7,6
1458,15237,2:58:00,0,0.00,0,0.1700,0.0042,0.0173,0.0059,0,REST-S,5,7,6
1458,15238,2:58:30,0,0.00,0,0.1700,0.0042,0.0173,0.0059,0,REST-S,5,7,6
1458,15239,2:59:00,0,0.00,0,0.1700,0.0042,0.0173,0.0059,0,REST-S,5,7,6
1458,15240,2:59:30,0,0.00,0,0.1900,0.0128,0.0173,0.0059,0,REST-S,5,7,6
1458,15241,3:00:00,0,0.00,0,0.1700,0.0042,0.0173,0.0059,0,REST-S,5,7,6
1458,15242,3:00:30,0,0.00,0,0.1700,0.0042,0.0173,0.0059,0,REST-S,5,7,6
1458,15243,3:01:00,0,0.00,0,0.1700,0.0042,0.0173,0.0059,0,REST-S,5,7,6
1458,15244,3:01:30,0,0.00,0,0.1700,0.0042,0.0173,0.0059,0,REST-S,5,7,6
1458,15245,3:02:00,0,0.00,0,0.1700,0.0042,0.0173,0.0059,0,REST-S,5,7,6
1458,15246,3:02:30,0,0.00,0,0.1700,0.0042,0.0173,0.0059,0,REST-S,5,7,6
1458,15247,3:03:00,0,0.00,0,0.1700,0.0042,0.0173,0.0059,0,REST-S,5,7,6
1458,15248,3:03:30,0,0.00,0,0.1900,0.0128,0.0173,0.0059,0,REST-S,5,7,6
1458,15249,3:04:00,0,0.00,0,0.1700,0.0042,0.0173,0.0059,0,REST-S,5,7,6
1458,15250,3:04:30,0,0.00,0,0.1700,0.0042,0.0173,0.0059,0,REST-S,5,7,6
1458,15251,3:05:00,0,0.00,0,0.1700,0.0042,0.0173,0.0059,0,REST-S,5,7,6
1458,15252,3:05:30,0,48.00,0,0.1700,0.0042,0.0173,0.0059,1,REST-S,5,7,6
1458,15253,3:06:00,0,0.00,0,0.1700,0.0042,0.0173,0.0059,0,REST-S,5,7,6
1458,15254,3:06:30,0,0.00,0,0.1700,0.0042,0.0173,0.0059,0,REST-S,5,7,6
1458,15255,3:07:00,0,0.00,0,0.1700,0.0042,0.0173,0.0059,0,REST-S,5,7,6
1458,15256,3:07:30,0,0.00,0,0.1900,0.0128,0.0173,0.0059,0,REST-S,5,7,6
1458,15257,3:08:00,0,0.00,0,0.1900,0.0128,0.0173,0.0059,0,REST-S,5,7,6
1458,15258,3:08:30,0,0.00,0,0.1700,0.0042,0.0173,0.0059,0,REST-S,5,7,6
1458,15259,3:09:00,0,0.00,0,0.1900,0.0128,0.0173,0.0059,0,REST-S,5,7,6
1458,15260,3:09:30,0,0.00,0,0.1900,0.0128,0.0173,0.0059,1,REST-S,5,7,6
1458,15261,3:10:00,0,11.00,0,0.1900,0.0128,0.0173,0.0059,1,REST-S,5,7,6
1458,15262,3:10:30,0,315.00,0,0.1700,0.0042,0.0173,0.0059,1,REST-S,5,7,6
1458,15263,3:11:00,0,132.00,0,0.1900,0.0128,0.0173,0.0059,1,REST-S,5,7,6
1458,15264,3:11:30,0,0.00,0,0.1700,0.0042,0.0173,0.0059,1,REST-S,5,7,6
1458,15265,3:12:00,0,0.00,0,0.1900,0.0128,0.0173,0.0059,1,REST-S,5,7,6
1458,15266,3:12:30,0,0.00,0,0.1700,0.0042,0.0173,0.0059,1,REST-S,5,7,6
1458,15267,3:13:00,0,10.00,0,0.1900,0.0128,0.0173,0.0059,1,REST-S,5,7,6
1458,15268,3:13:30,0,206.00,0,0.3600,0.0128,0.0378,0.0023,1,REST-S,5,7,6
1458,15269,3:14:00,0,53.00,0,0.1700,0.0042,0.0173,0.0059,1,REST-S,5,7,6
1458,15270,3:14:30,0,251.00,0,0.0200,0.0049,0.0000,0.0059,1,REST-S,5,7,6
1458,15271,3:15:00,0,243.00,0,0.1700,0.0042,0.0173,0.0059,1,REST-S,5,7,6
1458,15272,3:15:30,0,73.00,0,6.2700,1.5700,0.3160,0.0298,1,REST-S,5,7,6
1458,15273,3:16:00,0,93.00,0,13.4700,3.2100,0.7200,0.0740,1,REST-S,5,7,6
1458,15274,3:16:30,0,147.00,0,57.2800,6.5600,4.8400,0.3600,1,REST-S,5,7,6
1458,15275,3:17:00,0,158.00,0,55.7000,8.8800,4.0700,0.3840,1,REST-S,5,7,6
1458,15276,3:17:30,0,286.00,0,0.1900,0.0128,0.0173,0.0059,1,REST-S,5,7,6
1458,15277,3:18:00,0,243.00,0,0.1700,0.0042,0.0173,0.0059,1,REST-S,5,7,6
1458,15278,3:18:30,0,3.00,0,0.1700,0.0042,0.0173,0.0059,1,REST-S,5,7,6
1458,15279,3:19:00,0,12.00,0,0.1700,0.0042,0.0173,0.0059,1,REST-S,5,7,6
1458,15280,3:19:30,0,0.00,0,0.1700,0.0042,0.0173,0.0059,0,REST-S,5,7,6
1458,15281,3:20:00,0,0.00,0,0.1700,0.0042,0.0173,0.0059,0,REST-S,5,7,6
1458,15282,3:20:30,0,0.00,0,0.1700,0.0042,0.0173,0.0059,0,REST-S,5,7,6
1458,15283,3:21:00,0,0.00,0,0.1700,0.0042,0.0173,0.0059,0,REST-S,5,7,6
1458,15284,3:21:30,0,3.00,0,0.1700,0.0042,0.0173,0.0059,0,REST-S,5,7,6
1458,15285,3:22:00,0,53.00,0,0.1700,0.0042,0.0173,0.0059,1,REST-S,5,7,6
1458,15286,3:22:30,0,0.00,0,0.1700,0.0042,0.0173,0.0059,0,REST-S,5,7,6
1458,15287,3:23:00,0,0.00,0,0.1700,0.0042,0.0173,0.0059,0,REST-S,5,7,6
1458,15288,3:23:30,0,0.00,0,0.1700,0.0042,0.0173,0.0059,0,REST-S,5,7,6
1458,15289,3:24:00,0,0.00,0,0.1700,0.0042,0.0173,0.0059,0,REST-S,5,7,6
1458,15290,3:24:30,0,35.00,0,0.1200,0.0042,0.0125,0.0000,1,REST-S,5,7,6
1458,15291,3:25:00,0,0.00,0,0.1700,0.0042,0.0173,0.0059,1,REST-S,5,7,6
1458,15292,3:25:30,0,0.00,0,0.1700,0.0042,0.0173,0.0059,1,REST-S,5,7,6
1458,15293,3:26:00,0,132.00,0,0.0200,0.0049,0.0000,0.0059,1,REST-S,5,7,6
1458,15294,3:26:30,0,206.00,0,0.1700,0.0042,0.0173,0.0059,1,REST-S,5,7,6
1458,15295,3:27:00,0,408.00,0,0.1700,0.0042,0.0173,0.0059,1,REST-S,5,7,6
1458,15296,3:27:30,0,15.00,0,0.1700,0.0042,0.0173,0.0059,1,REST-S,5,7,6
1458,15297,3:28:00,0,13.00,0,0.1900,0.0128,0.0173,0.0059,1,REST-S,5,7,6
1458,15298,3:28:30,0,22.00,0,0.1900,0.0128,0.0173,0.0059,1,REST-S,5,7,6
1458,15299,3:29:00,0,35.00,0,0.1900,0.0128,0.0173,0.0059,1,REST-S,5,7,6
1458,15300,3:29:30,0,15.00,0,0.1700,0.0042,0.0173,0.0059,1,REST-S,5,7,6
1458,15301,3:30:00,0,0.00,0,0.1700,0.0042,0.0173,0.0059,0,REST-S,5,7,6
1458,15302,3:30:30,0,0.00,0,0.1700,0.0042,0.0173,0.0059,0,REST-S,5,7,6
1458,15303,3:31:00,0,0.00,0,0.1700,0.0042,0.0173,0.0059,0,REST-S,5,7,6
1458,15304,3:31:30,0,0.00,0,0.1700,0.0042,0.0173,0.0059,0,REST-S,5,7,6
1458,15305,3:32:00,0,0.00,0,0.1700,0.0042,0.0173,0.0059,0,REST-S,5,7,6
1458,15306,3:32:30,0,0.00,0,0.1700,0.0042,0.0173,0.0059,0,REST-S,5,7,6
1458,15307,3:33:00,0,0.00,0,0.1700,0.0042,0.0173,0.0059,0,REST-S,5,7,6
1458,15308,3:33:30,0,0.00,0,0.1700,0.0042,0.0173,0.0059,0,REST-S,5,7,6
1458,15309,3:34:00,0,0.00,0,0.1700,0.0042,0.0173,0.0059,0,REST-S,5,7,6
1458,15310,3:34:30,0,0.00,0,0.1700,0.0042,0.0173,0.0059,0,REST-S,5,7,6
1458,15311,3:35:00,0,0.00,0,0.1700,0.0042,0.0173,0.0059,0,REST-S,5,7,6
1458,15312,3:35:30,0,0.00,0,0.1700,0.0042,0.0173,0.0059,0,REST-S,5,7,6
1458,15313,3:36:00,0,0.00,0,0.1700,0.0042,0.0173,0.0059,0,REST-S,5,7,6
1458,15314,3:36:30,0,0.00,0,0.1700,0.0042,0.0173,0.0059,1,REST-S,5,7,6
1458,15315,3:37:00,0,168.00,0,0.0100,0.0049,0.0000,0.0000,1,REST-S,5,7,6
1458,15316,3:37:30,0,90.00,0,0.1700,0.0042,0.0173,0.0059,1,REST-S,5,7,6
1458,15317,3:38:00,0,0.00,0,0.1700,0.0042,0.0173,0.0059,1,REST-S,5,7,6
1458,15318,3:38:30,0,0.00,0,0.1700,0.0042,0.0173,0.0059,0,REST-S,5,7,6
1458,15319,3:39:00,0,0.00,0,0.1700,0.0042,0.0173,0.0059,0,REST-S,5,7,6
1458,15320,3:39:30,0,0.00,0,0.1700,0.0042,0.0173,0.0059,0,REST-S,5,7,6
1458,15321,3:40:00,0,0.00,0,0.1700,0.0042,0.0173,0.0059,0,REST-S,5,7,6
1458,15322,3:40:30,0,0.00,0,0.1700,0.0042,0.0173,0.0059,0,REST-S,5,7,6
1458,15323,3:41:00,0,46.00,0,0.1700,0.0042,0.0173,0.0059,1,REST-S,5,7,6
1458,15324,3:41:30,0,0.00,0,0.1700,0.0042,0.0173,0.0059,0,REST-S,5,7,6
1458,15325,3:42:00,0,0.00,0,0.1700,0.0042,0.0173,0.0059,0,REST-S,5,7,6
1458,15326,3:42:30,0,0.00,0,0.1700,0.0042,0.0173,0.0059,0,REST-S,5,7,6
1458,15327,3:43:00,0,0.00,0,0.1700,0.0042,0.0173,0.0059,0,REST-S,5,7,6
1458,15328,3:43:30,0,0.00,0,0.1700,0.0042,0.0173,0.0059,0,REST-S,5,7,6
1458,15329,3:44:00,0,0.00,0,0.1900,0.0128,0.0173,0.0059,0,REST-S,5,7,6
1458,15330,3:44:30,0,0.00,0,0.1700,0.0042,0.0173,0.0059,0,REST-S,5,7,6
1458,15331,3:45:00,0,0.00,0,0.1700,0.0042,0.0173,0.0059,0,REST-S,5,7,6
1458,15332,3:45:30,0,0.00,0,0.1700,0.0042,0.0173,0.0059,0,REST-S,5,7,6
1458,15333,3:46:00,0,0.00,0,0.1700,0.0042,0.0173,0.0059,0,REST-S,5,7,6
1458,15334,3:46:30,0,0.00,0,0.1700,0.0042,0.0173,0.0059,0,REST-S,5,7,6
1458,15335,3:47:00,0,0.00,0,0.1700,0.0042,0.0173,0.0059,0,REST-S,5,7,6
1458,15336,3:47:30,0,0.00,0,0.1700,0.0042,0.0173,0.0059,0,REST-S,5,7,6
1458,15337,3:48:00,0,0.00,0,0.1900,0.0128,0.0173,0.0059,0,REST-S,5,7,6
1458,15338,3:48:30,0,0.00,0,0.1700,0.0042,0.0173,0.0059,0,REST-S,5,7,6
1458,15339,3:49:00,0,0.00,0,0.1700,0.0042,0.0173,0.0059,0,REST-S,5,7,6
1458,15340,3:49:30,0,0.00,0,0.1700,0.0042,0.0173,0.0059,0,REST-S,5,7,6
1458,15341,3:50:00,0,103.00,0,0.1900,0.0128,0.0173,0.0059,1,REST-S,5,7,6
1458,15342,3:50:30,0,3.00,0,0.1900,0.0128,0.0173,0.0059,0,REST-S,5,7,6
1458,15343,3:51:00,0,63.00,0,0.1900,0.0128,0.0173,0.0059,1,REST-S,5,7,6
1458,15344,3:51:30,0,0.00,0,0.1700,0.0042,0.0173,0.0059,0,REST-S,5,7,6
1458,15345,3:52:00,0,5.00,0,0.1700,0.0042,0.0173,0.0059,0,REST-S,5,7,6
1458,15346,3:52:30,0,0.00,0,0.1700,0.0042,0.0173,0.0059,0,REST-S,5,7,6
1458,15347,3:53:00,0,0.00,0,0.1900,0.0128,0.0173,0.0059,1,REST-S,5,7,6
1458,15348,3:53:30,0,132.00,0,0.1700,0.0042,0.0173,0.0059,1,REST-S,5,7,6
1458,15349,3:54:00,0,70.00,0,0.1700,0.0042,0.0173,0.0059,1,REST-S,5,7,6
1458,15350,3:54:30,0,32.00,0,0.1700,0.0042,0.0173,0.0059,1,REST-S,5,7,6
1458,15351,3:55:00,0,4.00,0,0.1700,0.0042,0.0173,0.0059,1,REST-S,5,7,6
1458,15352,3:55:30,0,90.00,0,0.1700,0.0042,0.0173,0.0059,1,REST-S,5,7,6
1458,15353,3:56:00,0,0.00,0,0.1700,0.0042,0.0173,0.0059,0,REST-S,5,7,6
1458,15354,3:56:30,0,0.00,0,0.1700,0.0042,0.0173,0.0059,0,REST-S,5,7,6
1458,15355,3:57:00,0,0.00,0,0.1700,0.0042,0.0173,0.0059,0,REST-S,5,7,6
1458,15356,3:57:30,0,0.00,0,0.1900,0.0128,0.0173,0.0059,0,REST-S,5,7,6
1458,15357,3:58:00,0,0.00,0,0.1700,0.0042,0.0173,0.0059,0,REST-S,5,7,6
1458,15358,3:58:30,0,0.00,0,0.1700,0.0042,0.0173,0.0059,0,REST-S,5,7,6
1458,15359,3:59:00,0,0.00,0,0.1900,0.0128,0.0173,0.0059,0,REST-S,5,7,6
1458,15360,3:59:30,0,0.00,0,0.1700,0.0042,0.0173,0.0059,0,REST-S,5,7,6
1458,15361,4:00:00,0,0.00,0,0.1900,0.0128,0.0173,0.0059,0,REST-S,5,7,6
1458,15362,4:00:30,0,0.00,0,0.1700,0.0042,0.0173,0.0059,0,REST-S,5,7,6
1458,15363,4:01:00,0,0.00,0,0.1900,0.0128,0.0173,0.0059,0,REST-S,5,7,6
1458,15364,4:01:30,0,0.00,0,0.1700,0.0042,0.0173,0.0059,0,REST-S,5,7,6
1458,15365,4:02:00,0,0.00,0,0.1700,0.0042,0.0173,0.0059,0,REST-S,5,7,6
1458,15366,4:02:30,0,0.00,0,0.1700,0.0042,0.0173,0.0059,0,REST-S,5,7,6
1458,15367,4:03:00,0,0.00,0,0.1700,0.0042,0.0173,0.0059,0,REST-S,5,7,6
1458,15368,4:03:30,0,0.00,0,0.1700,0.0042,0.0173,0.0059,0,REST-S,5,7,6
1458,15369,4:04:00,0,0.00,0,0.1700,0.0042,0.0173,0.0059,0,REST-S,5,7,6
1458,15370,4:04:30,0,0.00,0,0.1700,0.0042,0.0173,0.0059,0,REST-S,5,7,6
1458,15371,4:05:00,0,0.00,0,0.1700,0.0042,0.0173,0.0059,0,REST-S,5,7,6
1458,15372,4:05:30,0,0.00,0,0.1700,0.0042,0.0173,0.0059,0,REST-S,5,7,6
1458,15373,4:06:00,0,0.00,0,0.1700,0.0042,0.0173,0.0059,0,REST-S,5,7,6
1458,15374,4:06:30,0,0.00,0,0.1700,0.0042,0.0173,0.0059,0,REST-S,5,7,6
1458,15375,4:07:00,0,0.00,0,0.1900,0.0128,0.0173,0.0059,0,REST-S,5,7,6
1458,15376,4:07:30,0,0.00,0,0.1700,0.0042,0.0173,0.0059,0,REST-S,5,7,6
1458,15377,4:08:00,0,0.00,0,0.1700,0.0042,0.0173,0.0059,0,REST-S,5,7,6
1458,15378,4:08:30,0,0.00,0,0.1700,0.0042,0.0173,0.0059,0,REST-S,5,7,6
1458,15379,4:09:00,0,0.00,0,0.1700,0.0042,0.0173,0.0059,0,REST-S,5,7,6
1458,15380,4:09:30,0,0.00,0,0.1700,0.0042,0.0173,0.0059,0,REST-S,5,7,6
1458,15381,4:10:00,0,0.00,0,0.1700,0.0042,0.0173,0.0059,0,REST-S,5,7,6
1458,15382,4:10:30,0,0.00,0,0.1900,0.0128,0.0173,0.0059,0,REST-S,5,7,6
1458,15383,4:11:00,0,0.00,0,0.1900,0.0128,0.0173,0.0059,0,REST-S,5,7,6
1458,15384,4:11:30,0,0.00,0,0.1700,0.0042,0.0173,0.0059,0,REST-S,5,7,6
1458,15385,4:12:00,0,0.00,0,0.1700,0.0042,0.0173,0.0059,0,REST-S,5,7,6
1458,15386,4:12:30,0,0.00,0,0.1700,0.0042,0.0173,0.0059,0,REST-S,5,7,6
1458,15387,4:13:00,0,0.00,0,0.1700,0.0042,0.0173,0.0059,0,REST-S,5,7,6
1458,15388,4:13:30,0,0.00,0,0.1700,0.0042,0.0173,0.0059,0,REST-S,5,7,6
1458,15389,4:14:00,0,0.00,0,0.1900,0.0128,0.0173,0.0059,0,REST-S,5,7,6
1458,15390,4:14:30,0,0.00,0,0.1700,0.0042,0.0173,0.0059,0,REST-S,5,7,6
1458,15391,4:15:00,0,0.00,0,0.1700,0.0042,0.0173,0.0059,0,REST-S,5,7,6
1458,15392,4:15:30,0,0.00,0,0.1700,0.0042,0.0173,0.0059,0,REST-S,5,7,6
1458,15393,4:16:00,0,0.00,0,0.1700,0.0042,0.0173,0.0059,0,REST-S,5,7,6
1458,15394,4:16:30,0,0.00,0,0.1700,0.0042,0.0173,0.0059,0,REST-S,5,7,6
1458,15395,4:17:00,0,0.00,0,0.1700,0.0042,0.0173,0.0059,0,REST-S,5,7,6
1458,15396,4:17:30,0,0.00,0,0.1900,0.0128,0.0173,0.0059,0,REST-S,5,7,6
1458,15397,4:18:00,0,0.00,0,0.1700,0.0042,0.0173,0.0059,0,REST-S,5,7,6
1458,15398,4:18:30,0,0.00,0,0.1900,0.0128,0.0173,0.0059,0,REST-S,5,7,6
1458,15399,4:19:00,0,0.00,0,0.1700,0.0042,0.0173,0.0059,0,REST-S,5,7,6
1458,15400,4:19:30,0,0.00,0,0.1700,0.0042,0.0173,0.0059,0,REST-S,5,7,6
1458,15401,4:20:00,0,0.00,0,0.1700,0.0042,0.0173,0.0059,0,REST-S,5,7,6
1458,15402,4:20:30,0,0.00,0,0.1700,0.0042,0.0173,0.0059,0,REST-S,5,7,6
1458,15403,4:21:00,0,0.00,0,0.1700,0.0042,0.0173,0.0059,0,REST-S,5,7,6
1458,15404,4:21:30,0,0.00,0,0.1700,0.0042,0.0173,0.0059,0,REST-S,5,7,6
1458,15405,4:22:00,0,0.00,0,0.1900,0.0128,0.0173,0.0059,0,REST-S,5,7,6
1458,15406,4:22:30,0,0.00,0,0.1700,0.0042,0.0173,0.0059,1,REST-S,5,7,6
1458,15407,4:23:00,0,77.00,0,0.1900,0.0128,0.0173,0.0059,1,REST-S,5,7,6
1458,15408,4:23:30,0,168.00,0,0.1700,0.0042,0.0173,0.0059,1,REST-S,5,7,6
1458,15409,4:24:00,0,0.00,0,0.1700,0.0042,0.0173,0.0059,1,REST-S,5,7,6
1458,15410,4:24:30,0,0.00,0,0.1700,0.0042,0.0173,0.0059,0,REST-S,5,7,6
1458,15411,4:25:00,0,0.00,0,0.1700,0.0042,0.0173,0.0059,0,REST-S,5,7,6
1458,15412,4:25:30,0,0.00,0,0.1700,0.0042,0.0173,0.0059,0,REST-S,5,7,6
1458,15413,4:26:00,0,0.00,0,0.1900,0.0128,0.0173,0.0059,0,REST-S,5,7,6
1458,15414,4:26:30,0,0.00,0,0.1700,0.0042,0.0173,0.0059,0,REST-S,5,7,6
1458,15415,4:27:00,0,110.00,0,0.0200,0.0049,0.0000,0.0059,1,REST-S,5,7,6
1458,15416,4:27:30,0,0.00,0,0.1700,0.0042,0.0173,0.0059,0,REST-S,5,7,6
1458,15417,4:28:00,0,0.00,0,0.1900,0.0128,0.0173,0.0059,0,REST-S,5,7,6
1458,15418,4:28:30,0,0.00,0,0.1700,0.0042,0.0173,0.0059,0,REST-S,5,7,6
1458,15419,4:29:00,0,0.00,0,0.1700,0.0042,0.0173,0.0059,0,REST-S,5,7,6
1458,15420,4:29:30,0,0.00,0,0.1700,0.0042,0.0173,0.0059,0,REST-S,5,7,6
1458,15421,4:30:00,0,68.00,0,0.0400,0.0146,0.0000,0.0059,1,REST-S,5,7,6
1458,15422,4:30:30,0,0.00,0,0.1900,0.0128,0.0173,0.0059,0,REST-S,5,7,6
1458,15423,4:31:00,0,0.00,0,0.1700,0.0042,0.0173,0.0059,0,REST-S,5,7,6
1458,15424,4:31:30,0,0.00,0,0.1700,0.0042,0.0173,0.0059,0,REST-S,5,7,6
1458,15425,4:32:00,0,0.00,0,0.1900,0.0128,0.0173,0.0059,0,REST-S,5,7,6
1458,15426,4:32:30,0,0.00,0,0.1900,0.0128,0.0173,0.0059,0,REST-S,5,7,6
1458,15427,4:33:00,0,0.00,0,0.1900,0.0128,0.0173,0.0059,0,REST-S,5,7,6
1458,15428,4:33:30,0,0.00,0,0.1700,0.0042,0.0173,0.0059,0,REST-S,5,7,6
1458,15429,4:34:00,0,0.00,0,0.1700,0.0042,0.0173,0.0059,0,REST-S,5,7,6
1458,15430,4:34:30,0,0.00,0,0.1700,0.0042,0.0173,0.0059,0,REST-S,5,7,6
1458,15431,4:35:00,0,0.00,0,0.1900,0.0128,0.0173,0.0059,0,REST-S,5,7,6
1458,15432,4:35:30,0,0.00,0,0.1700,0.0042,0.0173,0.0059,0,REST-S,5,7,6
1458,15433,4:36:00,0,0.00,0,0.1900,0.0128,0.0173,0.0059,0,REST-S,5,7,6
1458,15434,4:36:30,0,0.00,0,0.1900,0.0128,0.0173,0.0059,0,REST-S,5,7,6
1458,15435,4:37:00,0,0.00,0,0.1900,0.0128,0.0173,0.0059,0,REST-S,5,7,6
1458,15436,4:37:30,0,21.00,0,0.1900,0.0128,0.0173,0.0059,1,REST-S,5,7,6
1458,15437,4:38:00,0,13.00,0,0.1900,0.0128,0.0173,0.0059,1,REST-S,5,7,6
1458,15438,4:38:30,0,163.00,0,0.1900,0.0128,0.0173,0.0059,1,REST-S,5,7,6
1458,15439,4:39:00,0,93.00,0,0.1400,0.0128,0.0125,0.0000,1,REST-S,5,7,6
1458,15440,4:39:30,0,0.00,0,0.1900,0.0128,0.0173,0.0059,1,REST-S,5,7,6
1458,15441,4:40:00,0,0.00,0,0.1700,0.0042,0.0173,0.0059,0,REST-S,5,7,6
1458,15442,4:40:30,0,0.00,0,0.1900,0.0128,0.0173,0.0059,0,REST-S,5,7,6
1458,15443,4:41:00,0,0.00,0,0.1700,0.0042,0.0173,0.0059,0,REST-S,5,7,6
1458,15444,4:41:30,0,0.00,0,0.1700,0.0042,0.0173,0.0059,0,REST-S,5,7,6
1458,15445,4:42:00,0,0.00,0,0.1700,0.0042,0.0173,0.0059,0,REST-S,5,7,6
1458,15446,4:42:30,0,0.00,0,0.1700,0.0042,0.0173,0.0059,0,REST-S,5,7,6
1458,15447,4:43:00,0,0.00,0,0.1700,0.0042,0.0173,0.0059,0,REST-S,5,7,6
1458,15448,4:43:30,0,0.00,0,0.1700,0.0042,0.0173,0.0059,0,REST-S,5,7,6
1458,15449,4:44:00,0,0.00,0,0.1700,0.0042,0.0173,0.0059,0,REST-S,5,7,6
1458,15450,4:44:30,0,0.00,0,0.1700,0.0042,0.0173,0.0059,0,REST-S,5,7,6
1458,15451,4:45:00,0,0.00,0,0.1700,0.0042,0.0173,0.0059,0,REST-S,5,7,6
1458,15452,4:45:30,0,0.00,0,0.1700,0.0042,0.0173,0.0059,0,REST-S,5,7,6
1458,15453,4:46:00,0,0.00,0,0.1700,0.0042,0.0173,0.0059,0,REST-S,5,7,6
1458,15454,4:46:30,0,0.00,0,0.1700,0.0042,0.0173,0.0059,0,REST-S,5,7,6
1458,15455,4:47:00,0,0.00,0,0.1700,0.0042,0.0173,0.0059,0,REST-S,5,7,6
1458,15456,4:47:30,0,0.00,0,0.1700,0.0042,0.0173,0.0059,0,REST-S,5,7,6
1458,15457,4:48:00,0,0.00,0,0.1700,0.0042,0.0173,0.0059,0,REST-S,5,7,6
1458,15458,4:48:30,0,0.00,0,0.1700,0.0042,0.0173,0.0059,0,REST-S,5,7,6
1458,15459,4:49:00,0,0.00,0,0.1700,0.0042,0.0173,0.0059,0,REST-S,5,7,6
1458,15460,4:49:30,0,0.00,0,0.1700,0.0042,0.0173,0.0059,0,REST-S,5,7,6
1458,15461,4:50:00,0,0.00,0,0.1700,0.0042,0.0173,0.0059,0,REST-S,5,7,6
1458,15462,4:50:30,0,0.00,0,0.1700,0.0042,0.0173,0.0059,0,REST-S,5,7,6
1458,15463,4:51:00,0,0.00,0,0.1700,0.0042,0.0173,0.0059,0,REST-S,5,7,6
1458,15464,4:51:30,0,0.00,0,0.1700,0.0042,0.0173,0.0059,0,REST-S,5,7,6
1458,15465,4:52:00,0,0.00,0,0.1700,0.0042,0.0173,0.0059,0,REST-S,5,7,6
1458,15466,4:52:30,0,0.00,0,0.1700,0.0042,0.0173,0.0059,0,REST-S,5,7,6
1458,15467,4:53:00,0,0.00,0,0.1700,0.0042,0.0173,0.0059,0,REST-S,5,7,6
1458,15468,4:53:30,0,0.00,0,0.1700,0.0042,0.0173,0.0059,0,REST-S,5,7,6
1458,15469,4:54:00,0,0.00,0,0.1700,0.0042,0.0173,0.0059,0,REST-S,5,7,6
1458,15470,4:54:30,0,0.00,0,0.1700,0.0042,0.0173,0.0059,0,REST-S,5,7,6
1458,15471,4:55:00,0,0.00,0,0.1900,0.0128,0.0173,0.0059,0,REST-S,5,7,6
1458,15472,4:55:30,0,0.00,0,0.1700,0.0042,0.0173,0.0059,0,REST-S,5,7,6
1458,15473,4:56:00,0,0.00,0,0.1700,0.0042,0.0173,0.0059,0,REST-S,5,7,6
1458,15474,4:56:30,0,0.00,0,0.1700,0.0042,0.0173,0.0059,0,REST-S,5,7,6
1458,15475,4:57:00,0,0.00,0,0.1700,0.0042,0.0173,0.0059,0,REST-S,5,7,6
1458,15476,4:57:30,0,0.00,0,0.1700,0.0042,0.0173,0.0059,0,REST-S,5,7,6
1458,15477,4:58:00,0,0.00,0,0.1700,0.0042,0.0173,0.0059,0,REST-S,5,7,6
1458,15478,4:58:30,0,0.00,0,0.1700,0.0042,0.0173,0.0059,0,REST-S,5,7,6
1458,15479,4:59:00,0,0.00,0,0.1700,0.0042,0.0173,0.0059,0,REST-S,5,7,6
1458,15480,4:59:30,0,0.00,0,0.1700,0.0042,0.0173,0.0059,0,REST-S,5,7,6
1458,15481,5:00:00,0,0.00,0,0.1700,0.0042,0.0173,0.0059,0,REST-S,5,7,6
1458,15482,5:00:30,0,0.00,0,0.1700,0.0042,0.0173,0.0059,0,REST-S,5,7,6
1458,15483,5:01:00,0,0.00,0,0.1700,0.0042,0.0173,0.0059,0,REST-S,5,7,6
1458,15484,5:01:30,0,0.00,0,0.1700,0.0042,0.0173,0.0059,0,REST-S,5,7,6
1458,15485,5:02:00,0,0.00,0,0.1700,0.0042,0.0173,0.0059,0,REST-S,5,7,6
1458,15486,5:02:30,0,0.00,0,0.1700,0.0042,0.0173,0.0059,0,REST-S,5,7,6
1458,15487,5:03:00,0,0.00,0,0.1700,0.0042,0.0173,0.0059,0,REST-S,5,7,6
1458,15488,5:03:30,0,132.00,0,0.3400,0.0042,0.0378,0.0023,1,REST-S,5,7,6
1458,15489,5:04:00,0,0.00,0,0.1700,0.0042,0.0173,0.0059,0,REST-S,5,7,6
1458,15490,5:04:30,0,14.00,0,0.1700,0.0042,0.0173,0.0059,1,REST-S,5,7,6
1458,15491,5:05:00,0,0.00,0,0.1700,0.0042,0.0173,0.0059,0,REST-S,5,7,6
1458,15492,5:05:30,0,0.00,0,0.1700,0.0042,0.0173,0.0059,0,REST-S,5,7,6
1458,15493,5:06:00,0,0.00,0,0.1700,0.0042,0.0173,0.0059,0,REST-S,5,7,6
1458,15494,5:06:30,0,0.00,0,0.1700,0.0042,0.0173,0.0059,1,REST-S,5,7,6
1458,15495,5:07:00,0,0.00,0,0.1700,0.0042,0.0173,0.0059,1,REST-S,5,7,6
1458,15496,5:07:30,0,235.00,0,0.1200,0.0042,0.0125,0.0000,1,REST-S,5,7,6
1458,15497,5:08:00,0,37.00,0,0.1900,0.0128,0.0173,0.0059,1,REST-S,5,7,6
1458,15498,5:08:30,0,20.00,0,0.1700,0.0042,0.0173,0.0059,1,REST-S,5,7,6
1458,15499,5:09:00,0,8.00,0,0.1700,0.0042,0.0173,0.0059,1,REST-S,5,7,6
1458,15500,5:09:30,0,0.00,0,0.1700,0.0042,0.0173,0.0059,0,REST-S,5,7,6
1458,15501,5:10:00,0,0.00,0,0.1700,0.0042,0.0173,0.0059,0,REST-S,5,7,6
1458,15502,5:10:30,0,90.00,0,0.1200,0.0042,0.0125,0.0000,1,REST-S,5,7,6
1458,15503,5:11:00,0,16.00,0,0.1700,0.0042,0.0173,0.0059,1,REST-S,5,7,6
1458,15504,5:11:30,0,0.00,0,0.1700,0.0042,0.0173,0.0059,0,REST-S,5,7,6
1458,15505,5:12:00,0,0.00,0,0.1700,0.0042,0.0173,0.0059,0,REST-S,5,7,6
1458,15506,5:12:30,0,0.00,0,0.1700,0.0042,0.0173,0.0059,0,REST-S,5,7,6
1458,15507,5:13:00,0,0.00,0,0.1700,0.0042,0.0173,0.0059,0,REST-S,5,7,6
1458,15508,5:13:30,0,0.00,0,0.1700,0.0042,0.0173,0.0059,0,REST-S,5,7,6
1458,15509,5:14:00,0,0.00,0,0.1700,0.0042,0.0173,0.0059,0,REST-S,5,7,6
1458,15510,5:14:30,0,1.00,0,0.1700,0.0042,0.0173,0.0059,1,REST,5,7,6
1458,15511,5:15:00,0,124.00,0,0.1700,0.0042,0.0173,0.0059,1,ACTIVE,5,7,6
1458,15512,5:15:30,0,90.00,0,0.0200,0.0049,0.0000,0.0059,1,ACTIVE,5,7,6
1458,15513,5:16:00,0,5.00,0,0.1700,0.0042,0.0173,0.0059,1,ACTIVE,5,7,6
1458,15514,5:16:30,0,80.00,0,0.0200,0.0049,0.0000,0.0059,1,ACTIVE,5,7,6
1458,15515,5:17:00,0,96.00,0,0.1700,0.0042,0.0173,0.0059,1,ACTIVE,5,7,6
1458,15516,5:17:30,0,0.00,0,0.1700,0.0042,0.0173,0.0059,0,ACTIVE,5,7,6
1458,15517,5:18:00,0,0.00,0,0.1700,0.0042,0.0173,0.0059,0,ACTIVE,5,7,6
1458,15518,5:18:30,0,0.00,0,0.1700,0.0042,0.0173,0.0059,0,ACTIVE,5,7,6
1458,15519,5:19:00,0,0.00,0,0.1700,0.0042,0.0173,0.0059,0,ACTIVE,5,7,6
1458,15520,5:19:30,0,0.00,0,0.1700,0.0042,0.0173,0.0059,0,ACTIVE,5,7,6
1458,15521,5:20:00,0,0.00,0,0.1700,0.0042,0.0173,0.0059,0,ACTIVE,5,7,6
1458,15522,5:20:30,0,0.00,0,0.1700,0.0042,0.0173,0.0059,0,ACTIVE,5,7,6
1458,15523,5:21:00,0,0.00,0,0.1700,0.0042,0.0173,0.0059,0,ACTIVE,5,7,6
1458,15524,5:21:30,0,0.00,0,0.1700,0.0042,0.0173,0.0059,0,ACTIVE,5,7,6
1458,15525,5:22:00,0,0.00,0,0.1700,0.0042,0.0173,0.0059,0,ACTIVE,5,7,6
1458,15526,5:22:30,0,0.00,0,0.1700,0.0042,0.0173,0.0059,0,ACTIVE,5,7,6
1458,15527,5:23:00,0,0.00,0,0.1700,0.0042,0.0173,0.0059,0,ACTIVE,5,7,6
1458,15528,5:23:30,0,0.00,0,0.1700,0.0042,0.0173,0.0059,0,ACTIVE,5,7,6
1458,15529,5:24:00,0,0.00,0,0.1700,0.0042,0.0173,0.0059,0,ACTIVE,5,7,6
1458,15530,5:24:30,0,0.00,0,0.1200,0.0042,0.0125,0.0000,0,ACTIVE,5,7,6
1458,15531,5:25:00,0,0.00,0,0.1700,0.0042,0.0173,0.0059,0,ACTIVE,5,7,6
1458,15532,5:25:30,0,0.00,0,0.1200,0.0042,0.0125,0.0000,0,ACTIVE,5,7,6
1458,15533,5:26:00,0,0.00,0,0.1700,0.0042,0.0173,0.0059,0,ACTIVE,5,7,6
1458,15534,5:26:30,0,61.00,0,0.1700,0.0042,0.0173,0.0059,1,ACTIVE,5,7,6
1458,15535,5:27:00,0,93.00,0,0.3400,0.0042,0.0378,0.0023,1,ACTIVE,5,7,6
1458,15536,5:27:30,0,0.00,0,0.1700,0.0042,0.0173,0.0059,1,ACTIVE,5,7,6
1458,15537,5:28:00,0,0.00,0,0.1700,0.0042,0.0173,0.0059,1,ACTIVE,5,7,6
1458,15538,5:28:30,0,147.00,0,0.1700,0.0042,0.0173,0.0059,1,ACTIVE,5,7,6
1458,15539,5:29:00,0,0.00,0,0.1700,0.0042,0.0173,0.0059,0,ACTIVE,5,7,6
1458,15540,5:29:30,0,0.00,0,0.1700,0.0042,0.0173,0.0059,0,ACTIVE,5,7,6
1458,15541,5:30:00,0,21.00,0,30.7500,0.9130,3.1400,1.1300,1,ACTIVE,5,7,6
1458,15542,5:30:30,0,3.00,0,29.6200,0.9540,3.0100,1.0900,0,ACTIVE,5,7,6
1458,15543,5:31:00,0,1.00,0,24.9600,0.8370,2.5300,0.8940,0,ACTIVE,5,7,6
1458,15544,5:31:30,0,0.00,0,27.3600,0.9750,2.7600,0.9750,0,ACTIVE,5,7,6
1458,15545,5:32:00,0,0.00,0,25.1800,0.9330,2.5300,0.8940,0,ACTIVE,5,7,6
1458,15546,5:32:30,0,28.00,0,17.5200,0.6890,1.7500,0.6180,1,ACTIVE,5,7,6
1458,15547,5:33:00,0,1.00,0,0.1900,0.0128,0.0173,0.0059,0,ACTIVE,5,7,6
1458,15548,5:33:30,0,0.00,0,0.1900,0.0128,0.0173,0.0059,0,ACTIVE,5,7,6
1458,15549,5:34:00,0,0.00,0,0.2100,0.0256,0.0173,0.0059,1,ACTIVE,5,7,6
1458,15550,5:34:30,0,8.00,0,0.3900,0.0256,0.0378,0.0023,1,ACTIVE,5,7,6
1458,15551,5:35:00,0,220.00,0,0.5500,0.0339,0.0523,0.0173,1,ACTIVE,5,7,6
1458,15552,5:35:30,0,277.00,0,0.1700,0.0042,0.0173,0.0059,1,ACTIVE,5,7,6
1458,15553,5:36:00,0,179.00,0,1.1000,0.1450,0.0880,0.0070,1,ACTIVE,5,7,6
1458,15554,5:36:30,0,158.00,0,18.0700,3.4200,1.1800,0.1190,1,ACTIVE,5,7,6
1458,15555,5:37:00,0,179.00,0,12.3200,1.9100,0.9130,0.0939,1,ACTIVE,5,7,6
1458,15556,5:37:30,0,228.00,0,171.0400,24.6000,12.8000,3.9800,1,ACTIVE,5,7,6
1458,15557,5:38:00,0,93.00,0,10.8000,1.9900,0.7200,0.0825,1,ACTIVE,5,7,6
1458,15558,5:38:30,0,220.00,0,23.9600,3.8100,1.7500,0.1880,1,ACTIVE,5,7,6
1458,15559,5:39:00,0,103.00,0,27.9100,4.0700,2.1300,0.2720,1,ACTIVE,5,7,6
1458,15560,5:39:30,0,115.00,0,29.1100,4.6400,2.1300,0.2230,1,ACTIVE,5,7,6
1458,15561,5:40:00,0,66.00,0,26.1600,4.3400,1.8700,0.1920,1,ACTIVE,5,7,6
1458,15562,5:40:30,0,174.00,0,30.8600,4.6400,2.3200,0.2840,1,ACTIVE,5,7,6
1458,15563,5:41:00,0,286.00,0,28.3200,2.8800,2.4700,0.2720,1,ACTIVE,5,7,6
1458,15564,5:41:30,0,179.00,0,28.0700,4.1600,2.1300,0.2380,1,ACTIVE,5,7,6
1458,15565,5:42:00,0,220.00,0,43.3000,4.6400,3.6500,0.9750,1,ACTIVE,5,7,6
1458,15566,5:42:30,0,77.00,0,37.2300,5.2800,2.8800,0.3230,1,ACTIVE,5,7,6
1458,15567,5:43:00,0,106.00,0,94.4000,5.5100,9.0700,2.5300,1,ACTIVE,5,7,6
1458,15568,5:43:30,0,59.00,0,101.9700,12.0000,8.3200,2.3200,1,ACTIVE,5,7,6
1458,15569,5:44:00,0,168.00,0,27.4200,3.6500,2.1700,0.2960,1,ACTIVE,5,7,6
1458,15570,5:44:30,0,103.00,0,32.9200,4.7400,2.5300,0.2840,1,ACTIVE,5,7,6
1458,15571,5:45:00,0,96.00,0,95.9800,11.3000,7.9700,1.1800,1,ACTIVE,5,7,6
1458,15572,5:45:30,0,103.00,0,46.6000,3.2100,4.4400,0.5790,1,ACTIVE,5,7,6
1458,15573,5:46:00,0,73.00,0,17.1700,2.2200,1.3800,0.1760,1,ACTIVE,5,7,6
1458,15574,5:46:30,0,90.00,0,31.5200,4.7400,2.3700,0.2770,1,ACTIVE,5,7,6
1458,15575,5:47:00,0,179.00,0,17.2300,1.7500,1.5000,0.1880,1,ACTIVE,5,7,6
1458,15576,5:47:30,0,186.00,0,11.5200,2.1300,0.7680,0.0900,1,ACTIVE,5,7,6
1458,15577,5:48:00,0,193.00,0,112.1700,11.0000,9.6800,2.7600,1,ACTIVE,5,7,6
1458,15578,5:48:30,0,371.00,0,11.9900,1.5000,0.9750,0.1190,1,ACTIVE,5,7,6
1458,15579,5:49:00,0,748.00,0,32.7900,3.0100,2.8800,0.8560,1,ACTIVE,5,7,6
1458,15580,5:49:30,0,286.00,0,12.4800,1.9100,0.9330,0.0790,1,ACTIVE,5,7,6
1458,15581,5:50:00,0,435.00,0,63.4300,11.3000,4.3400,0.4370,1,ACTIVE,5,7,6
1458,15582,5:50:30,0,371.00,0,25.5600,3.9000,1.9100,0.2190,1,ACTIVE,5,7,6
1458,15583,5:51:00,0,619.00,0,23.7200,2.1700,2.1300,0.2770,1,ACTIVE,5,7,6
1458,15584,5:51:30,0,748.00,0,17.4500,2.7000,1.2900,0.1580,1,ACTIVE,5,7,6
1458,15585,5:52:00,0,581.00,0,12.7200,2.3200,0.8560,0.0939,1,ACTIVE,5,7,6
1458,15586,5:52:30,0,408.00,0,3.3900,0.5310,0.2490,0.0347,1,ACTIVE,5,7,6
1458,15587,5:53:00,0,199.00,0,6.2200,0.8940,0.4770,0.0596,1,ACTIVE,5,7,6
1458,15588,5:53:30,0,115.00,0,17.3800,2.0800,1.4400,0.1650,1,ACTIVE,5,7,6
1458,15589,5:54:00,0,212.00,0,0.6500,0.2230,0.0173,0.0059,1,ACTIVE,5,7,6
1458,15590,5:54:30,0,147.00,0,9.3600,0.9330,0.8020,0.2490,1,ACTIVE,5,7,6
1458,15591,5:55:00,0,295.00,0,1.6700,0.1960,0.1390,0.0162,1,ACTIVE,5,7,6
1458,15592,5:55:30,0,12.00,0,10.3000,1.4400,0.8020,0.0900,1,ACTIVE,5,7,6
1458,15593,5:56:00,0,243.00,0,1.6600,0.5430,0.0523,0.0059,1,ACTIVE,5,7,6
1458,15594,5:56:30,0,174.00,0,56.1100,8.3200,4.2500,0.4470,1,ACTIVE,5,7,6
1458,15595,5:57:00,0,57.00,0,200.6900,28.0000,15.6000,2.0800,1,ACTIVE,5,7,6
1458,15596,5:57:30,0,137.00,0,202.3000,23.0000,17.0000,2.2700,1,ACTIVE,5,7,6
1458,15597,5:58:00,0,243.00,0,108.6700,13.4000,8.8800,1.1800,1,ACTIVE,5,7,6
1458,15598,5:58:30,0,277.00,0,172.1000,20.2000,14.3000,1.9900,1,ACTIVE,5,7,6
1458,15599,5:59:00,0,383.00,0,3.1600,0.6320,0.2000,0.0023,1,ACTIVE,5,7,6
1458,15600,5:59:30,0,494.00,0,22.7600,2.6400,1.9100,0.2000,1,ACTIVE,5,7,6
1458,15601,6:00:00,0,186.00,0,0.6000,0.1190,0.0378,0.0023,1,ACTIVE,5,7,6
1458,15602,6:00:30,0,212.00,0,4.0900,0.5790,0.3160,0.0347,1,ACTIVE,5,7,6
1458,15603,6:01:00,0,315.00,0,2.1100,0.4010,0.1390,0.0115,1,ACTIVE,5,7,6
1458,15604,6:01:30,0,220.00,0,2.4200,0.4870,0.1510,0.0162,1,ACTIVE,5,7,6
1458,15605,6:02:00,0,286.00,0,16.6100,3.1400,1.0900,0.1450,1,ACTIVE,5,7,6
1458,15606,6:02:30,0,106.00,0,3.1900,0.7350,0.1760,0.0162,1,ACTIVE,5,7,6
1458,15607,6:03:00,0,408.00,0,13.3300,1.4700,1.1300,0.1330,1,ACTIVE,5,7,6
1458,15608,6:03:30,0,702.00,0,1.1800,0.1800,0.0880,0.0115,1,ACTIVE,5,7,6
1458,15609,6:04:00,0,277.00,0,1.3900,0.1800,0.1120,0.0115,1,ACTIVE,5,7,6
1458,15610,6:04:30,0,186.00,0,0.1800,0.0339,0.0125,0.0000,1,ACTIVE,5,7,6
1458,15611,6:05:00,0,259.00,0,0.1800,0.0339,0.0125,0.0000,1,ACTIVE,5,7,6
1458,15612,6:05:30,0,158.00,0,0.1700,0.0256,0.0125,0.0000,1,ACTIVE,5,7,6
1458,15613,6:06:00,0,295.00,0,2.2500,0.3090,0.1760,0.0206,1,ACTIVE,5,7,6
1458,15614,6:06:30,0,220.00,0,1.1200,0.1550,0.0880,0.0070,1,ACTIVE,5,7,6
1458,15615,6:07:00,0,193.00,0,0.0100,0.0049,0.0000,0.0000,1,ACTIVE,5,7,6
1458,15616,6:07:30,0,337.00,0,1.0700,0.1300,0.0880,0.0115,1,ACTIVE,5,7,6
1458,15617,6:08:00,0,286.00,0,1.3700,0.1720,0.1120,0.0115,1,ACTIVE,5,7,6
1458,15618,6:08:30,0,259.00,0,0.2100,0.0256,0.0173,0.0059,1,ACTIVE,5,7,6
1458,15619,6:09:00,0,371.00,0,0.1900,0.0128,0.0173,0.0059,1,ACTIVE,5,7,6
1458,15620,6:09:30,0,464.00,0,0.0400,0.0146,0.0000,0.0059,1,ACTIVE,5,7,6
1458,15621,6:10:00,0,199.00,0,0.1400,0.0128,0.0125,0.0000,1,ACTIVE,5,7,6
1458,15622,6:10:30,0,124.00,0,0.0100,0.0049,0.0000,0.0000,1,ACTIVE,5,7,6
1458,15623,6:11:00,0,96.00,0,0.0100,0.0049,0.0000,0.0000,1,ACTIVE,5,7,6
1458,15624,6:11:30,0,115.00,0,0.1200,0.0042,0.0125,0.0000,1,ACTIVE,5,7,6
1458,15625,6:12:00,0,163.00,0,0.1200,0.0042,0.0125,0.0000,1,ACTIVE,5,7,6
1458,15626,6:12:30,0,115.00,0,0.0400,0.0146,0.0000,0.0059,1,ACTIVE,5,7,6
1458,15627,6:13:00,0,158.00,0,0.2100,0.0256,0.0173,0.0059,1,ACTIVE,5,7,6
1458,15628,6:13:30,0,152.00,0,0.2100,0.0256,0.0173,0.0059,1,ACTIVE,5,7,6
1458,15629,6:14:00,0,141.00,0,0.1700,0.0042,0.0173,0.0059,1,ACTIVE,5,7,6
1458,15630,6:14:30,0,152.00,0,0.2100,0.0256,0.0173,0.0059,1,ACTIVE,5,7,6
1458,15631,6:15:00,0,73.00,0,0.1900,0.0128,0.0173,0.0059,1,ACTIVE,5,7,6
1458,15632,6:15:30,0,55.00,0,0.2300,0.0339,0.0173,0.0059,1,ACTIVE,5,7,6
1458,15633,6:16:00,0,305.00,0,2.2200,0.1360,0.2090,0.0756,1,ACTIVE,5,7,6
1458,15634,6:16:30,0,163.00,0,0.9500,0.0679,0.0880,0.0292,1,ACTIVE,5,7,6
1458,15635,6:17:00,0,77.00,0,1.2000,0.0939,0.1120,0.0162,1,ACTIVE,5,7,6
1458,15636,6:17:30,0,20.00,0,1.3000,0.0861,0.1220,0.0412,1,ACTIVE,5,7,6
1458,15637,6:18:00,0,16.00,0,2.2700,0.1550,0.2090,0.0880,1,ACTIVE,5,7,6
1458,15638,6:18:30,0,243.00,0,2.2700,0.1550,0.2090,0.0880,1,ACTIVE,5,7,6
1458,15639,6:19:00,0,199.00,0,2.4200,0.2280,0.2090,0.0756,1,ACTIVE,5,7,6
1458,15640,6:19:30,0,152.00,0,1.3100,0.1450,0.1120,0.0115,1,ACTIVE,5,7,6
1458,15641,6:20:00,0,295.00,0,1.5700,0.1550,0.1390,0.0162,1,ACTIVE,5,7,6
1458,15642,6:20:30,0,277.00,0,1.6300,0.1800,0.1390,0.0162,1,ACTIVE,5,7,6
1458,15643,6:21:00,0,103.00,0,1.2600,0.1190,0.1120,0.0162,1,ACTIVE,5,7,6
1458,15644,6:21:30,0,32.00,0,1.6500,0.1880,0.1390,0.0162,1,ACTIVE,5,7,6
1458,15645,6:22:00,0,220.00,0,1.3800,0.1720,0.1120,0.0162,1,ACTIVE,5,7,6
1458,15646,6:22:30,0,235.00,0,0.2900,0.0596,0.0173,0.0059,1,ACTIVE,5,7,6
1458,15647,6:23:00,0,268.00,0,0.6500,0.0773,0.0523,0.0173,1,ACTIVE,5,7,6
1458,15648,6:23:30,0,137.00,0,1.3000,0.1360,0.1120,0.0162,1,ACTIVE,5,7,6
1458,15649,6:24:00,0,179.00,0,2.5800,0.2660,0.2230,0.0298,1,ACTIVE,5,7,6
1458,15650,6:24:30,0,124.00,0,0.4800,0.0679,0.0378,0.0023,1,ACTIVE,5,7,6
1458,15651,6:25:00,0,152.00,0,0.4800,0.0679,0.0378,0.0023,1,ACTIVE,5,7,6
1458,15652,6:25:30,0,158.00,0,0.6500,0.0773,0.0523,0.0173,1,ACTIVE,5,7,6
1458,15653,6:26:00,0,212.00,0,0.0400,0.0146,0.0000,0.0059,1,ACTIVE,5,7,6
1458,15654,6:26:30,0,259.00,0,2.2000,0.2840,0.1760,0.0256,1,ACTIVE,5,7,6
1458,15655,6:27:00,0,86.00,0,3.1600,0.3090,0.2770,0.0395,1,ACTIVE,5,7,6
1458,15656,6:27:30,0,199.00,0,4.3900,0.4370,0.3840,0.0559,1,ACTIVE,5,7,6
1458,15657,6:28:00,0,193.00,0,3.1700,0.3160,0.2770,0.0395,1,ACTIVE,5,7,6
1458,15658,6:28:30,0,124.00,0,1.1300,0.1550,0.0880,0.0115,1,ACTIVE,5,7,6
1458,15659,6:29:00,0,3.00,0,1.4100,0.1880,0.1120,0.0115,1,ACTIVE,5,7,6
1458,15660,6:29:30,0,4.00,0,0.5400,0.0939,0.0378,0.0023,1,ACTIVE,5,7,6
1458,15661,6:30:00,0,3.00,0,0.2000,0.0431,0.0125,0.0000,1,ACTIVE,5,7,6
1458,15662,6:30:30,0,96.00,0,3.6100,0.3600,0.3160,0.0460,1,ACTIVE,5,7,6
1458,15663,6:31:00,0,86.00,0,3.8400,0.3760,0.3370,0.0512,1,ACTIVE,5,7,6
1458,15664,6:31:30,0,90.00,0,4.7600,0.4670,0.4190,0.0559,1,ACTIVE,5,7,6
1458,15665,6:32:00,0,8.00,0,3.8600,0.4770,0.3160,0.0395,1,ACTIVE,5,7,6
1458,15666,6:32:30,0,5.00,0,4.8300,0.4980,0.4190,0.0596,1,ACTIVE,5,7,6
1458,15667,6:33:00,0,77.00,0,3.6500,0.3760,0.3160,0.0460,1,ACTIVE,5,7,6
1458,15668,6:33:30,0,7.00,0,5.5100,0.4100,0.5090,0.1390,1,ACTIVE,5,7,6
1458,15669,6:34:00,0,1.00,0,3.8200,0.3680,0.3370,0.0512,0,ACTIVE,5,7,6
1458,15670,6:34:30,0,59.00,0,5.4000,0.5200,0.4770,0.0694,1,ACTIVE,5,7,6
1458,15671,6:35:00,0,1.00,0,6.8000,0.4870,0.6320,0.1760,1,ACTIVE,5,7,6
1458,15672,6:35:30,0,77.00,0,4.9300,0.4670,0.4370,0.0650,1,ACTIVE,5,7,6
1458,15673,6:36:00,0,50.00,0,5.0600,0.4870,0.4470,0.0650,1,ACTIVE,5,7,6
1458,15674,6:36:30,0,13.00,0,5.0400,0.4770,0.4470,0.0650,1,ACTIVE,5,7,6
1458,15675,6:37:00,0,42.00,0,5.5100,0.4100,0.5090,0.1390,1,ACTIVE,5,7,6
1458,15676,6:37:30,0,59.00,0,4.8700,0.4370,0.4370,0.0650,1,ACTIVE,5,7,6
1458,15677,6:38:00,0,18.00,0,5.8400,0.5430,0.5200,0.0790,1,ACTIVE,5,7,6
1458,15678,6:38:30,0,0.00,0,5.6200,0.5310,0.4980,0.0740,0,ACTIVE,5,7,6
1458,15679,6:39:00,0,0.00,0,6.7400,0.4570,0.6320,0.1760,0,ACTIVE,5,7,6
1458,15680,6:39:30,0,59.00,0,6.6400,0.4670,0.6180,0.1760,1,ACTIVE,5,7,6
1458,15681,6:40:00,0,28.00,0,4.9100,0.4570,0.4370,0.0650,1,ACTIVE,5,7,6
1458,15682,6:40:30,0,31.00,0,7.2100,0.4980,0.6740,0.1880,1,ACTIVE,5,7,6
1458,15683,6:41:00,0,0.00,0,6.6800,0.6320,0.5920,0.0880,0,ACTIVE,5,7,6
1458,15684,6:41:30,0,37.00,0,8.5500,0.5790,0.8020,0.2230,1,ACTIVE,5,7,6
1458,15685,6:42:00,0,27.00,0,8.2300,0.5790,0.7680,0.2090,1,ACTIVE,5,7,6
1458,15686,6:42:30,0,59.00,0,7.8800,0.5430,0.7350,0.2230,1,ACTIVE,5,7,6
1458,15687,6:43:00,0,5.00,0,7.8200,0.5200,0.7350,0.2090,1,ACTIVE,5,7,6
1458,15688,6:43:30,0,39.00,0,6.1200,0.3920,0.5790,0.1650,1,ACTIVE,5,7,6
1458,15689,6:44:00,0,30.00,0,6.1000,0.3840,0.5790,0.1650,1,ACTIVE,5,7,6
1458,15690,6:44:30,0,96.00,0,8.4700,0.5430,0.8020,0.2230,1,ACTIVE,5,7,6
1458,15691,6:45:00,0,23.00,0,8.1200,0.5200,0.7680,0.2230,1,ACTIVE,5,7,6
1458,15692,6:45:30,0,23.00,0,6.1400,0.4010,0.5790,0.1650,1,ACTIVE,5,7,6
1458,15693,6:46:00,0,19.00,0,3.5600,0.3370,0.3160,0.0460,1,ACTIVE,5,7,6
1458,15694,6:46:30,0,83.00,0,4.8300,0.4190,0.4370,0.0650,1,ACTIVE,5,7,6
1458,15695,6:47:00,0,5.00,0,7.5300,0.5200,0.7040,0.1960,1,ACTIVE,5,7,6
1458,15696,6:47:30,0,53.00,0,8.8100,0.5550,0.8370,0.2280,1,ACTIVE,5,7,6
1458,15697,6:48:00,0,15.00,0,5.7700,0.3840,0.5430,0.1510,1,ACTIVE,5,7,6
1458,15698,6:48:30,0,11.00,0,1.5500,0.1450,0.1390,0.0162,1,ACTIVE,5,7,6
1458,15699,6:49:00,0,42.00,0,1.6100,0.1720,0.1390,0.0162,1,ACTIVE,5,7,6
1458,15700,6:49:30,0,19.00,0,7.1400,0.4670,0.6740,0.1880,1,ACTIVE,5,7,6
1458,15701,6:50:00,0,10.00,0,0.4700,0.0596,0.0378,0.0023,1,ACTIVE,5,7,6
1458,15702,6:50:30,0,73.00,0,4.8300,0.4190,0.4370,0.0650,1,ACTIVE,5,7,6
1458,15703,6:51:00,0,124.00,0,9.1700,0.5670,0.8750,0.2380,1,ACTIVE,5,7,6
1458,15704,6:51:30,0,33.00,0,9.2300,0.5920,0.8750,0.2380,1,ACTIVE,5,7,6
1458,15705,6:52:00,0,4.00,0,6.4800,0.5430,0.5920,0.0880,1,ACTIVE,5,7,6
1458,15706,6:52:30,0,103.00,0,11.1200,0.6740,1.0600,0.2960,1,ACTIVE,5,7,6
1458,15707,6:53:00,0,30.00,0,11.4600,0.7350,1.0900,0.2960,1,ACTIVE,5,7,6
1458,15708,6:53:30,0,57.00,0,11.6000,0.6890,1.1100,0.3230,1,ACTIVE,5,7,6
1458,15709,6:54:00,0,48.00,0,8.7300,0.5200,0.8370,0.2280,1,ACTIVE,5,7,6
1458,15710,6:54:30,0,32.00,0,4.2700,0.2840,0.4010,0.1170,1,ACTIVE,5,7,6
1458,15711,6:55:00,0,46.00,0,5.3500,0.4980,0.4770,0.0694,1,ACTIVE,5,7,6
1458,15712,6:55:30,0,14.00,0,6.5600,0.5790,0.5920,0.0880,1,ACTIVE,5,7,6
1458,15713,6:56:00,0,44.00,0,9.7400,0.5790,0.9330,0.2600,1,ACTIVE,5,7,6
1458,15714,6:56:30,0,0.00,0,10.3800,0.6050,0.9960,0.2960,0,ACTIVE,5,7,6
1458,15715,6:57:00,0,7.00,0,10.4100,0.6180,0.9960,0.2960,1,ACTIVE,5,7,6
1458,15716,6:57:30,0,46.00,0,10.3800,0.6050,0.9960,0.2960,1,ACTIVE,5,7,6
1458,15717,6:58:00,0,48.00,0,9.1100,0.5310,0.8750,0.2490,1,ACTIVE,5,7,6
1458,15718,6:58:30,0,44.00,0,9.1300,0.5430,0.8750,0.2490,1,ACTIVE,5,7,6
1458,15719,6:59:00,0,55.00,0,9.1500,0.5550,0.8750,0.2380,1,ACTIVE,5,7,6
1458,15720,6:59:30,0,28.00,0,11.2400,0.6180,1.0900,0.3300,1,ACTIVE,5,7,6
1458,15721,7:00:00,0,128.00,0,11.5500,0.6600,1.1100,0.3370,1,ACTIVE,5,7,6
1458,15722,7:00:30,0,158.00,0,3.7000,0.2280,0.3520,0.1050,1,ACTIVE,5,7,6
1458,15723,7:01:00,0,10.00,0,15.8000,0.8370,1.5400,0.4570,1,ACTIVE,5,7,6
1458,15724,7:01:30,0,0.00,0,16.1600,0.8560,1.5700,0.4770,1,ACTIVE,5,7,6
1458,15725,7:02:00,0,30.00,0,10.7500,0.5920,1.0400,0.3090,1,ACTIVE,5,7,6
1458,15726,7:02:30,0,37.00,0,6.5100,0.4100,0.6180,0.1760,1,ACTIVE,5,7,6
1458,15727,7:03:00,0,63.00,0,11.6000,0.6890,1.1100,0.3300,1,ACTIVE,5,7,6
1458,15728,7:03:30,0,35.00,0,13.5300,0.6890,1.3200,0.4100,1,ACTIVE,5,7,6
1458,15729,7:04:00,0,0.00,0,14.6600,0.7200,1.4400,0.4280,0,ACTIVE,5,7,6
1458,15730,7:04:30,0,63.00,0,12.7000,0.6600,1.2400,0.3760,1,ACTIVE,5,7,6
1458,15731,7:05:00,0,12.00,0,6.4900,0.4010,0.6180,0.1760,1,ACTIVE,5,7,6
1458,15732,7:05:30,0,7.00,0,6.1200,0.3920,0.5790,0.1650,0,ACTIVE,5,7,6
1458,15733,7:06:00,0,23.00,0,6.1700,0.4100,0.5790,0.1760,1,ACTIVE,5,7,6
1458,15734,7:06:30,0,1.00,0,6.1100,0.3760,0.5790,0.1880,0,ACTIVE,5,7,6
1458,15735,7:07:00,0,0.00,0,5.7400,0.3600,0.5430,0.1760,0,ACTIVE,5,7,6
1458,15736,7:07:30,0,0.00,0,5.7400,0.3600,0.5430,0.1760,0,ACTIVE,5,7,6
1458,15737,7:08:00,0,22.00,0,8.0800,0.4980,0.7680,0.2280,1,ACTIVE,5,7,6
1458,15738,7:08:30,0,22.00,0,7.4500,0.4770,0.7040,0.2090,1,ACTIVE,5,7,6
1458,15739,7:09:00,0,11.00,0,6.0900,0.3680,0.5790,0.1880,1,ACTIVE,5,7,6
1458,15740,7:09:30,0,66.00,0,5.7600,0.3680,0.5430,0.1760,1,ACTIVE,5,7,6
1458,15741,7:10:00,0,106.00,0,11.2300,0.6050,1.0900,0.3520,1,ACTIVE,5,7,6
1458,15742,7:10:30,0,24.00,0,9.3600,0.5430,0.8940,0.3090,1,ACTIVE,5,7,6
1458,15743,7:11:00,0,33.00,0,11.3300,0.6600,1.0900,0.3300,1,ACTIVE,5,7,6
1458,15744,7:11:30,0,57.00,0,15.8700,0.8750,1.5400,0.4470,1,ACTIVE,5,7,6
1458,15745,7:12:00,0,46.00,0,12.8100,0.7200,1.2400,0.3600,1,ACTIVE,5,7,6
1458,15746,7:12:30,0,3.00,0,12.5700,0.7200,1.2100,0.3520,1,ACTIVE,5,7,6
1458,15747,7:13:00,0,13.00,0,13.6500,0.7510,1.3200,0.3920,1,ACTIVE,5,7,6
1458,15748,7:13:30,0,57.00,0,15.7800,0.8200,1.5400,0.4770,1,ACTIVE,5,7,6
1458,15749,7:14:00,0,14.00,0,16.2000,0.8750,1.5700,0.4770,1,ACTIVE,5,7,6
1458,15750,7:14:30,0,23.00,0,16.4700,0.8560,1.6000,0.4870,1,ACTIVE,5,7,6
1458,15751,7:15:00,0,119.00,0,15.0700,0.7680,1.4700,0.4470,1,ACTIVE,5,7,6
1458,15752,7:15:30,0,128.00,0,11.9300,0.6180,1.1600,0.3760,1,ACTIVE,5,7,6
1458,15753,7:16:00,0,73.00,0,6.0300,0.3450,0.5790,0.1760,1,ACTIVE,5,7,6
1458,15754,7:16:30,0,37.00,0,7.2700,0.3840,0.7040,0.2280,1,ACTIVE,5,7,6
1458,15755,7:17:00,0,7.00,0,6.4200,0.3520,0.6180,0.2090,1,ACTIVE,5,7,6
1458,15756,7:17:30,0,8.00,0,7.0000,0.3840,0.6740,0.2230,1,ACTIVE,5,7,6
1458,15757,7:18:00,0,39.00,0,6.9800,0.3760,0.6740,0.2230,1,ACTIVE,5,7,6
1458,15758,7:18:30,0,48.00,0,7.6100,0.4100,0.7350,0.2380,1,ACTIVE,5,7,6
1458,15759,7:19:00,0,16.00,0,7.9200,0.4190,0.7680,0.2490,1,ACTIVE,5,7,6
1458,15760,7:19:30,0,42.00,0,9.6100,0.4980,0.9330,0.3090,1,ACTIVE,5,7,6
1458,15761,7:20:00,0,2.00,0,17.9400,0.9130,1.7500,0.5550,1,ACTIVE,5,7,6
1458,15762,7:20:30,0,77.00,0,11.4700,0.6180,1.1100,0.3520,1,ACTIVE,5,7,6
1458,15763,7:21:00,0,80.00,0,8.0000,0.4570,0.7680,0.2380,1,ACTIVE,5,7,6
1458,15764,7:21:30,0,77.00,0,8.3700,0.4870,0.8020,0.2490,1,ACTIVE,5,7,6
1458,15765,7:22:00,0,268.00,0,6.0900,0.3760,0.5790,0.1650,1,ACTIVE,5,7,6
1458,15766,7:22:30,0,124.00,0,2.6300,0.1880,0.2440,0.0756,1,ACTIVE,5,7,6
1458,15767,7:23:00,0,86.00,0,7.0000,0.3920,0.6740,0.2090,1,ACTIVE,5,7,6
1458,15768,7:23:30,0,59.00,0,7.1200,0.4470,0.6740,0.2090,1,ACTIVE,5,7,6
1458,15769,7:24:00,0,73.00,0,14.1100,0.7040,1.3800,0.4470,1,ACTIVE,5,7,6
1458,15770,7:24:30,0,70.00,0,15.1400,0.7850,1.4700,0.4770,1,ACTIVE,5,7,6
1458,15771,7:25:00,0,55.00,0,13.6300,0.7350,1.3200,0.4100,1,ACTIVE,5,7,6
1458,15772,7:25:30,0,42.00,0,2.5700,0.1610,0.2440,0.0756,1,ACTIVE,5,7,6
1458,15773,7:26:00,0,23.00,0,2.9300,0.1800,0.2770,0.0981,1,ACTIVE,5,7,6
1458,15774,7:26:30,0,39.00,0,3.6600,0.2050,0.3520,0.1170,1,ACTIVE,5,7,6
1458,15775,7:27:00,0,48.00,0,1.9900,0.1880,0.1760,0.0256,1,ACTIVE,5,7,6
1458,15776,7:27:30,0,26.00,0,4.6000,0.2840,0.4370,0.1300,1,ACTIVE,5,7,6
1458,15777,7:28:00,0,174.00,0,4.2300,0.2660,0.4010,0.1170,1,ACTIVE,5,7,6
1458,15778,7:28:30,0,103.00,0,2.9300,0.2050,0.2770,0.0412,1,ACTIVE,5,7,6
1458,15779,7:29:00,0,174.00,0,5.2900,0.3030,0.5090,0.1510,1,ACTIVE,5,7,6
1458,15780,7:29:30,0,268.00,0,1.2800,0.1300,0.1120,0.0162,1,ACTIVE,5,7,6
1458,15781,7:30:00,0,73.00,0,10.1800,0.4980,0.9960,0.3300,1,ACTIVE,5,7,6
1458,15782,7:30:30,0,8.00,0,5.7200,0.3600,0.5430,0.1510,1,ACTIVE,5,7,6
1458,15783,7:31:00,0,0.00,0,5.3700,0.3450,0.5090,0.1390,1,ACTIVE,5,7,6
1458,15784,7:31:30,0,13.00,0,5.3700,0.3450,0.5090,0.1390,1,ACTIVE,5,7,6
1458,15785,7:32:00,0,21.00,0,3.5300,0.3230,0.3160,0.0460,1,ACTIVE,5,7,6
1458,15786,7:32:30,0,39.00,0,1.1000,0.1450,0.0880,0.0115,1,ACTIVE,5,7,6
1458,15787,7:33:00,0,20.00,0,1.1300,0.1550,0.0880,0.0115,1,ACTIVE,5,7,6
1458,15788,7:33:30,0,295.00,0,8.6100,0.4370,0.8370,0.2840,1,ACTIVE,5,7,6
1458,15789,7:34:00,0,10.00,0,16.2500,0.7350,1.6000,0.5310,1,ACTIVE,5,7,6
1458,15790,7:34:30,0,9.00,0,16.2400,0.7350,1.6000,0.5200,1,ACTIVE,5,7,6
1458,15791,7:35:00,0,37.00,0,16.2900,0.7680,1.6000,0.4980,1,ACTIVE,5,7,6
1458,15792,7:35:30,0,44.00,0,17.7200,0.8020,1.7500,0.5790,1,ACTIVE,5,7,6
1458,15793,7:36:00,0,27.00,0,18.4500,0.8370,1.8300,0.5550,1,ACTIVE,5,7,6
1458,15794,7:36:30,0,96.00,0,13.7900,0.6890,1.3500,0.4190,1,ACTIVE,5,7,6
1458,15795,7:37:00,0,0.00,0,11.1400,0.5790,1.0900,0.3230,1,ACTIVE,5,7,6
1458,15796,7:37:30,0,0.00,0,10.6200,0.5310,1.0400,0.3090,1,ACTIVE,5,7,6
1458,15797,7:38:00,0,33.00,0,11.8700,0.5920,1.1600,0.3760,1,ACTIVE,5,7,6
1458,15798,7:38:30,0,110.00,0,8.2100,0.4190,0.8020,0.2380,1,ACTIVE,5,7,6
1458,15799,7:39:00,0,44.00,0,12.8300,0.6050,1.2600,0.3920,1,ACTIVE,5,7,6
1458,15800,7:39:30,0,9.00,0,17.3300,0.7850,1.7100,0.5550,1,ACTIVE,5,7,6
1458,15801,7:40:00,0,2.00,0,15.9000,0.7200,1.5700,0.5200,1,ACTIVE,5,7,6
1458,15802,7:40:30,0,212.00,0,6.0100,0.3370,0.5790,0.1760,1,ACTIVE,5,7,6
1458,15803,7:41:00,0,228.00,0,1.2800,0.1300,0.1120,0.0162,1,ACTIVE,5,7,6
1458,15804,7:41:30,0,228.00,0,0.2700,0.0512,0.0173,0.0059,1,ACTIVE,5,7,6
1458,15805,7:42:00,0,70.00,0,9.3900,0.3840,0.9330,0.3370,1,ACTIVE,5,7,6
1458,15806,7:42:30,0,14.00,0,4.4600,0.2050,0.4370,0.1650,1,ACTIVE,5,7,6
1458,15807,7:43:00,0,66.00,0,0.5500,0.0339,0.0523,0.0173,1,ACTIVE,5,7,6
1458,15808,7:43:30,0,11.00,0,1.6100,0.0773,0.1580,0.0523,1,ACTIVE,5,7,6
1458,15809,7:44:00,0,14.00,0,0.5900,0.0431,0.0523,0.0292,1,ACTIVE,5,7,6
1458,15810,7:44:30,0,46.00,0,0.9200,0.0512,0.0880,0.0292,1,ACTIVE,5,7,6
1458,15811,7:45:00,0,57.00,0,1.2400,0.0596,0.1220,0.0412,1,ACTIVE,5,7,6
1458,15812,7:45:30,0,26.00,0,1.1500,0.0679,0.1120,0.0162,1,ACTIVE,5,7,6
1458,15813,7:46:00,0,27.00,0,0.9200,0.0512,0.0880,0.0292,1,ACTIVE,5,7,6
1458,15814,7:46:30,0,10.00,0,0.9200,0.0512,0.0880,0.0292,1,ACTIVE,5,7,6
1458,15815,7:47:00,0,35.00,0,0.6500,0.0431,0.0622,0.0070,1,ACTIVE,5,7,6
1458,15816,7:47:30,0,106.00,0,0.6100,0.0596,0.0523,0.0173,1,ACTIVE,5,7,6
1458,15817,7:48:00,0,106.00,0,2.5500,0.1450,0.2440,0.0880,1,ACTIVE,5,7,6
1458,15818,7:48:30,0,93.00,0,8.9900,0.3760,0.8940,0.3090,1,ACTIVE,5,7,6
1458,15819,7:49:00,0,147.00,0,3.5800,0.1550,0.3520,0.1390,1,ACTIVE,5,7,6
1458,15820,7:49:30,0,80.00,0,1.4600,0.1020,0.1390,0.0206,1,ACTIVE,5,7,6
1458,15821,7:50:00,0,193.00,0,4.1400,0.2140,0.4010,0.1390,1,ACTIVE,5,7,6
1458,15822,7:50:30,0,106.00,0,2.0000,0.0939,0.1920,0.0981,1,ACTIVE,5,7,6
1458,15823,7:51:00,0,86.00,0,0.3100,0.0679,0.0173,0.0059,1,ACTIVE,5,7,6
1458,15824,7:51:30,0,3.00,0,0.2000,0.0880,0.0000,0.0059,1,ACTIVE,5,7,6
1458,15825,7:52:00,0,25.00,0,0.1100,0.0490,0.0000,0.0059,1,ACTIVE,5,7,6
1458,15826,7:52:30,0,96.00,0,0.2900,0.0596,0.0173,0.0059,1,ACTIVE,5,7,6
1458,15827,7:53:00,0,93.00,0,2.3000,0.1720,0.2090,0.0756,1,ACTIVE,5,7,6
1458,15828,7:53:30,0,220.00,0,6.4900,0.3230,0.6320,0.2230,1,ACTIVE,5,7,6
1458,15829,7:54:00,0,174.00,0,7.5100,0.3760,0.7350,0.2230,1,ACTIVE,5,7,6
1458,15830,7:54:30,0,179.00,0,4.5600,0.2660,0.4370,0.1300,1,ACTIVE,5,7,6
1458,15831,7:55:00,0,86.00,0,1.7800,0.1550,0.1580,0.0523,1,ACTIVE,5,7,6
1458,15832,7:55:30,0,168.00,0,3.3300,0.2050,0.3160,0.0981,1,ACTIVE,5,7,6
1458,15833,7:56:00,0,100.00,0,0.6700,0.0861,0.0523,0.0173,1,ACTIVE,5,7,6
1458,15834,7:56:30,0,186.00,0,3.3800,0.2280,0.3160,0.0981,1,ACTIVE,5,7,6
1458,15835,7:57:00,0,46.00,0,3.2300,0.1610,0.3160,0.0981,1,ACTIVE,5,7,6
1458,15836,7:57:30,0,80.00,0,2.0700,0.1450,0.1920,0.0650,1,ACTIVE,5,7,6
1458,15837,7:58:00,0,115.00,0,2.5900,0.1610,0.2440,0.0880,1,ACTIVE,5,7,6
1458,15838,7:58:30,0,106.00,0,2.5700,0.1550,0.2440,0.0880,1,ACTIVE,5,7,6
1458,15839,7:59:00,0,137.00,0,299.8100,7.9700,30.5000,13.7000,1,ACTIVE,5,7,6
1458,15840,7:59:30,0,115.00,0,711.3000,18.1000,72.6000,32.6000,1,ACTIVE,5,7,6
1458,15841,8:00:00,0,251.00,0,867.4100,17.8000,90.1000,35.5000,1,ACTIVE,5,7,6
1458,15842,8:00:30,0,128.00,0,959.1600,20.2000,98.3000,49.1000,1,ACTIVE,5,7,6
1458,15843,8:01:00,0,220.00,0,12.9500,0.5200,1.2900,0.4470,1,ACTIVE,5,7,6
1458,15844,8:01:30,0,212.00,0,5.5600,0.2720,0.5430,0.1880,1,ACTIVE,5,7,6
1458,15845,8:02:00,0,315.00,0,13.3200,0.4470,1.3500,0.4770,1,ACTIVE,5,7,6
1458,15846,8:02:30,0,228.00,0,5.3100,0.1550,0.5430,0.1960,1,ACTIVE,5,7,6
1458,15847,8:03:00,0,179.00,0,16.5500,0.5670,1.6700,0.5790,1,ACTIVE,5,7,6
1458,15848,8:03:30,0,158.00,0,29.6100,0.9750,3.0100,1.0400,1,ACTIVE,5,7,6
1458,15849,8:04:00,0,93.00,0,4.9500,0.2840,0.4770,0.1390,1,ACTIVE,5,7,6
1458,15850,8:04:30,0,286.00,0,6.3400,0.3230,0.6180,0.1960,1,ACTIVE,5,7,6
1458,15851,8:05:00,0,80.00,0,7.6100,0.4190,0.7350,0.2230,1,ACTIVE,5,7,6
1458,15852,8:05:30,0,46.00,0,10.3300,0.5790,0.9960,0.2960,1,ACTIVE,5,7,6
1458,15853,8:06:00,0,103.00,0,12.8100,0.5790,1.2600,0.4190,1,ACTIVE,5,7,6
1458,15854,8:06:30,0,132.00,0,4.6100,0.3230,0.4370,0.0650,1,ACTIVE,5,7,6
1458,15855,8:07:00,0,286.00,0,8.3600,0.3230,0.8370,0.2840,1,ACTIVE,5,7,6
1458,15856,8:07:30,0,193.00,0,14.3200,0.5550,1.4400,0.4470,1,ACTIVE,5,7,6
1458,15857,8:08:00,0,206.00,0,14.5500,0.5310,1.4700,0.4570,1,ACTIVE,5,7,6
1458,15858,8:08:30,0,268.00,0,1.6700,0.1020,0.1580,0.0523,1,ACTIVE,5,7,6
1458,15859,8:09:00,0,93.00,0,0.2500,0.0431,0.0173,0.0059,1,ACTIVE,5,7,6
1458,15860,8:09:30,0,26.00,0,5.9500,0.3030,0.5790,0.1880,1,ACTIVE,5,7,6
1458,15861,8:10:00,0,119.00,0,1.2400,0.1120,0.1120,0.0162,1,ACTIVE,5,7,6
1458,15862,8:10:30,0,220.00,0,0.1900,0.0880,0.0000,0.0000,1,ACTIVE,5,7,6
1458,15863,8:11:00,0,103.00,0,0.2700,0.0512,0.0173,0.0059,1,ACTIVE,5,7,6
1458,15864,8:11:30,0,199.00,0,0.3100,0.0679,0.0173,0.0059,1,ACTIVE,5,7,6
1458,15865,8:12:00,0,464.00,0,2.8800,0.1550,0.2770,0.0981,1,ACTIVE,5,7,6
1458,15866,8:12:30,0,408.00,0,4.8700,0.2440,0.4770,0.1390,1,ACTIVE,5,7,6
1458,15867,8:13:00,0,212.00,0,8.0600,0.3450,0.8020,0.2490,1,ACTIVE,5,7,6
1458,15868,8:13:30,0,168.00,0,11.5600,0.4190,1.1600,0.4470,1,ACTIVE,5,7,6
1458,15869,8:14:00,0,152.00,0,2.5000,0.1300,0.2440,0.0756,1,ACTIVE,5,7,6
1458,15870,8:14:30,0,68.00,0,8.8000,0.3760,0.8750,0.2840,1,ACTIVE,5,7,6
1458,15871,8:15:00,0,53.00,0,9.9900,0.4280,0.9960,0.2960,1,ACTIVE,5,7,6
1458,15872,8:15:30,0,163.00,0,5.4500,0.2230,0.5430,0.1880,1,ACTIVE,5,7,6
1458,15873,8:16:00,0,124.00,0,2.0900,0.0773,0.2090,0.0756,1,ACTIVE,5,7,6
1458,15874,8:16:30,0,103.00,0,1.3400,0.1020,0.1220,0.0412,1,ACTIVE,5,7,6
1458,15875,8:17:00,0,96.00,0,1.5000,0.1190,0.1390,0.0162,1,ACTIVE,5,7,6
1458,15876,8:17:30,0,193.00,0,7.1100,0.3160,0.7040,0.2230,1,ACTIVE,5,7,6
1458,15877,8:18:00,0,132.00,0,2.2200,0.1450,0.2090,0.0650,1,ACTIVE,5,7,6
1458,15878,8:18:30,0,199.00,0,7.1400,0.3230,0.7040,0.2380,1,ACTIVE,5,7,6
1458,15879,8:19:00,0,141.00,0,0.6700,0.0861,0.0523,0.0173,1,ACTIVE,5,7,6
1458,15880,8:19:30,0,163.00,0,5.8900,0.2840,0.5790,0.1760,1,ACTIVE,5,7,6
1458,15881,8:20:00,0,220.00,0,12.0900,0.4870,1.2100,0.3760,1,ACTIVE,5,7,6
1458,15882,8:20:30,0,235.00,0,79.2400,3.8100,7.8000,2.3200,1,ACTIVE,5,7,6
1458,15883,8:21:00,0,55.00,0,155.3100,7.4700,15.3000,4.7400,1,ACTIVE,5,7,6
1458,15884,8:21:30,0,137.00,0,79.5300,3.8100,7.8000,2.5800,1,ACTIVE,5,7,6
1458,15885,8:22:00,0,115.00,0,18.6200,0.7850,1.8700,0.4980,1,ACTIVE,5,7,6
1458,15886,8:22:30,0,119.00,0,6.8200,0.3090,0.6740,0.2090,1,ACTIVE,5,7,6
1458,15887,8:23:00,0,57.00,0,12.6700,0.5310,1.2600,0.3920,1,ACTIVE,5,7,6
1458,15888,8:23:30,0,132.00,0,15.7500,0.6320,1.5700,0.5550,1,ACTIVE,5,7,6
1458,15889,8:24:00,0,63.00,0,4.4500,0.2140,0.4370,0.1390,1,ACTIVE,5,7,6
1458,15890,8:24:30,0,93.00,0,3.2000,0.1450,0.3160,0.1050,1,ACTIVE,5,7,6
1458,15891,8:25:00,0,53.00,0,1.2400,0.0596,0.1220,0.0412,1,ACTIVE,5,7,6
1458,15892,8:25:30,0,137.00,0,10.5000,0.3370,1.0600,0.4100,1,ACTIVE,5,7,6
1458,15893,8:26:00,0,110.00,0,3.6100,0.1880,0.3520,0.1050,1,ACTIVE,5,7,6
1458,15894,8:26:30,0,90.00,0,3.2800,0.1800,0.3160,0.1050,1,ACTIVE,5,7,6
1458,15895,8:27:00,0,132.00,0,1.5400,0.1360,0.1390,0.0206,1,ACTIVE,5,7,6
1458,15896,8:27:30,0,77.00,0,0.1800,0.0339,0.0125,0.0000,1,ACTIVE,5,7,6
1458,15897,8:28:00,0,73.00,0,0.0900,0.0395,0.0000,0.0059,1,ACTIVE,5,7,6
1458,15898,8:28:30,0,66.00,0,0.2100,0.0256,0.0173,0.0059,1,ACTIVE,5,7,6
1458,15899,8:29:00,0,141.00,0,0.2500,0.0431,0.0173,0.0059,1,ACTIVE,5,7,6
1458,15900,8:29:30,0,55.00,0,0.2100,0.0256,0.0173,0.0059,1,ACTIVE,5,7,6
1458,15901,8:30:00,0,86.00,0,0.9900,0.0861,0.0880,0.0292,1,ACTIVE,5,7,6
1458,15902,8:30:30,0,90.00,0,1.7300,0.1300,0.1580,0.0523,1,ACTIVE,5,7,6
1458,15903,8:31:00,0,132.00,0,5.2900,0.3030,0.5090,0.1510,1,ACTIVE,5,7,6
1458,15904,8:31:30,0,141.00,0,2.8800,0.1610,0.2770,0.0880,1,ACTIVE,5,7,6
1458,15905,8:32:00,0,93.00,0,0.5900,0.0512,0.0523,0.0173,1,ACTIVE,5,7,6
1458,15906,8:32:30,0,66.00,0,0.2300,0.0339,0.0173,0.0059,1,ACTIVE,5,7,6
1458,15907,8:33:00,0,110.00,0,0.2700,0.0512,0.0173,0.0059,1,ACTIVE,5,7,6
1458,15908,8:33:30,0,141.00,0,0.6100,0.0596,0.0523,0.0173,1,ACTIVE,5,7,6
1458,15909,8:34:00,0,193.00,0,0.9500,0.0679,0.0880,0.0292,1,ACTIVE,5,7,6
1458,15910,8:34:30,0,70.00,0,0.2700,0.0512,0.0173,0.0059,1,ACTIVE,5,7,6
1458,15911,8:35:00,0,106.00,0,2.0400,0.1300,0.1920,0.0650,1,ACTIVE,5,7,6
1458,15912,8:35:30,0,124.00,0,0.6300,0.0679,0.0523,0.0173,1,ACTIVE,5,7,6
1458,15913,8:36:00,0,119.00,0,0.2100,0.0256,0.0173,0.0059,1,ACTIVE,5,7,6
1458,15914,8:36:30,0,93.00,0,0.2700,0.0512,0.0173,0.0059,1,ACTIVE,5,7,6
1458,15915,8:37:00,0,251.00,0,0.9500,0.0679,0.0880,0.0292,1,ACTIVE,5,7,6
1458,15916,8:37:30,0,77.00,0,0.2100,0.0256,0.0173,0.0059,1,ACTIVE,5,7,6
1458,15917,8:38:00,0,206.00,0,1.5000,0.1190,0.1390,0.0206,1,ACTIVE,5,7,6
1458,15918,8:38:30,0,103.00,0,0.2100,0.0256,0.0173,0.0059,1,ACTIVE,5,7,6
1458,15919,8:39:00,0,337.00,0,0.2700,0.0512,0.0173,0.0059,1,ACTIVE,5,7,6
1458,15920,8:39:30,0,259.00,0,0.6300,0.0679,0.0523,0.0173,1,ACTIVE,5,7,6
1458,15921,8:40:00,0,359.00,0,138.6000,3.2100,14.3000,5.7600,1,ACTIVE,5,7,6
1458,15922,8:40:30,0,295.00,0,385.1200,12.0000,38.7000,17.8000,1,ACTIVE,5,7,6
1458,15923,8:41:00,0,212.00,0,361.6400,16.3000,35.5000,13.4000,1,ACTIVE,5,7,6
1458,15924,8:41:30,0,235.00,0,162.8900,6.1400,16.3000,6.1400,1,ACTIVE,5,7,6
1458,15925,8:42:00,0,527.00,0,6.1300,0.3920,0.5790,0.1760,1,ACTIVE,5,7,6
1458,15926,8:42:30,0,527.00,0,178.3900,7.6300,17.8000,5.5100,1,ACTIVE,5,7,6
1458,15927,8:43:00,0,24.00,0,148.6600,8.5000,14.3000,4.2500,1,ACTIVE,5,7,6
1458,15928,8:43:30,0,174.00,0,296.4200,10.8000,29.9000,10.1000,1,ACTIVE,5,7,6
1458,15929,8:44:00,0,348.00,0,142.8300,9.4700,13.4000,4.1600,1,ACTIVE,5,7,6
1458,15930,8:44:30,0,259.00,0,513.5100,18.5000,51.3000,21.1000,1,ACTIVE,5,7,6
1458,15931,8:45:00,0,295.00,0,337.0000,14.0000,33.3000,13.4000,1,ACTIVE,5,7,6
1458,15932,8:45:30,0,220.00,0,451.9800,15.9000,45.1000,20.2000,1,ACTIVE,5,7,6
1458,15933,8:46:00,0,408.00,0,346.0900,14.3000,34.0000,15.3000,1,ACTIVE,5,7,6
1458,15934,8:46:30,0,348.00,0,351.9100,14.3000,34.8000,14.6000,1,ACTIVE,5,7,6
1458,15935,8:47:00,0,212.00,0,324.6500,13.4000,31.9000,14.6000,1,ACTIVE,5,7,6
1458,15936,8:47:30,0,174.00,0,351.9100,14.3000,34.8000,14.6000,1,ACTIVE,5,7,6
1458,15937,8:48:00,0,206.00,0,392.1900,15.6000,38.7000,17.0000,1,ACTIVE,5,7,6
1458,15938,8:48:30,0,268.00,0,347.3100,14.0000,34.0000,17.0000,1,ACTIVE,5,7,6
1458,15939,8:49:00,0,168.00,0,270.9300,14.0000,26.2000,9.4700,1,ACTIVE,5,7,6
1458,15940,8:49:30,0,371.00,0,312.2800,14.3000,30.5000,12.3000,1,ACTIVE,5,7,6
1458,15941,8:50:00,0,421.00,0,441.3100,14.9000,44.1000,20.2000,1,ACTIVE,5,7,6
1458,15942,8:50:30,0,286.00,0,355.0800,14.0000,34.8000,18.1000,1,ACTIVE,5,7,6
1458,15943,8:51:00,0,163.00,0,343.7400,13.4000,34.0000,14.9000,1,ACTIVE,5,7,6
1458,15944,8:51:30,0,179.00,0,292.5100,12.6000,28.6000,13.1000,1,ACTIVE,5,7,6
1458,15945,8:52:00,0,220.00,0,248.4500,12.8000,24.0000,8.6900,1,ACTIVE,5,7,6
1458,15946,8:52:30,0,305.00,0,238.8100,13.1000,23.0000,7.4700,1,ACTIVE,5,7,6
1458,15947,8:53:00,0,228.00,0,240.0900,13.7000,23.0000,7.4700,1,ACTIVE,5,7,6
1458,15948,8:53:30,0,163.00,0,283.7300,14.3000,27.4000,11.3000,1,ACTIVE,5,7,6
1458,15949,8:54:00,0,137.00,0,251.0100,14.0000,24.0000,8.6900,1,ACTIVE,5,7,6
1458,15950,8:54:30,0,220.00,0,312.8700,14.3000,30.5000,12.8000,1,ACTIVE,5,7,6
1458,15951,8:55:00,0,277.00,0,314.3000,15.6000,30.5000,11.5000,1,ACTIVE,5,7,6
1458,15952,8:55:30,0,206.00,0,359.2600,14.6000,35.5000,14.6000,1,ACTIVE,5,7,6
1458,15953,8:56:00,0,163.00,0,173.0700,9.2700,16.6000,6.2800,1,ACTIVE,5,7,6
1458,15954,8:56:30,0,359.00,0,363.7900,18.5000,35.5000,10.8000,1,ACTIVE,5,7,6
1458,15955,8:57:00,0,168.00,0,193.8800,10.6000,18.5000,7.4700,1,ACTIVE,5,7,6
1458,15956,8:57:30,0,326.00,0,205.9100,11.5000,19.8000,6.5600,1,ACTIVE,5,7,6
1458,15957,8:58:00,0,206.00,0,223.8300,13.4000,21.1000,8.5000,1,ACTIVE,5,7,6
1458,15958,8:58:30,0,251.00,0,251.2500,9.0700,25.1000,10.3000,1,ACTIVE,5,7,6
1458,15959,8:59:00,0,16.00,0,322.3400,15.9000,31.2000,12.8000,1,ACTIVE,5,7,6
1458,15960,8:59:30,0,326.00,0,373.7400,14.9000,37.1000,14.6000,1,ACTIVE,5,7,6
1458,15961,9:00:00,0,141.00,0,214.7300,14.0000,20.7000,2.5800,1,ACTIVE,5,7,6
1458,15962,9:00:30,0,212.00,0,308.1200,12.3000,30.5000,12.6000,1,ACTIVE,5,7,6
1458,15963,9:01:00,0,199.00,0,250.8300,10.8000,24.6000,10.8000,1,ACTIVE,5,7,6
1458,15964,9:01:30,0,259.00,0,210.2200,10.8000,20.2000,8.5000,1,ACTIVE,5,7,6
1458,15965,9:02:00,0,286.00,0,332.7700,14.6000,32.6000,14.0000,1,ACTIVE,5,7,6
1458,15966,9:02:30,0,119.00,0,568.7000,18.5000,57.2000,24.6000,1,ACTIVE,5,7,6
1458,15967,9:03:00,0,100.00,0,229.6900,11.8000,22.1000,9.6800,1,ACTIVE,5,7,6
1458,15968,9:03:30,0,55.00,0,450.0200,15.3000,45.1000,19.8000,1,ACTIVE,5,7,6
1458,15969,9:04:00,0,70.00,0,636.1800,20.2000,63.7000,30.5000,1,ACTIVE,5,7,6
1458,15970,9:04:30,0,27.00,0,738.2000,25.7000,74.2000,29.2000,1,ACTIVE,5,7,6
1458,15971,9:05:00,0,80.00,0,812.4500,22.5000,82.7000,35.5000,1,ACTIVE,5,7,6
1458,15972,9:05:30,0,68.00,0,1004.860,25.7000,103.0000,45.1000,1,ACTIVE,5,7,6
1458,15973,9:06:00,0,37.00,0,885.3900,23.0000,90.1000,41.3000,1,ACTIVE,5,7,6
1458,15974,9:06:30,0,37.00,0,532.4500,15.6000,53.6000,26.2000,1,ACTIVE,5,7,6
1458,15975,9:07:00,0,22.00,0,697.5600,16.6000,71.0000,35.5000,1,ACTIVE,5,7,6
1458,15976,9:07:30,0,9.00,0,656.7900,17.0000,66.6000,33.3000,1,ACTIVE,5,7,6
1458,15977,9:08:00,0,18.00,0,532.1800,16.3000,53.6000,24.6000,1,ACTIVE,5,7,6
1458,15978,9:08:30,0,93.00,0,489.9600,16.3000,49.1000,21.6000,1,ACTIVE,5,7,6
1458,15979,9:09:00,0,158.00,0,375.1800,14.9000,37.1000,15.9000,1,ACTIVE,5,7,6
1458,15980,9:09:30,0,80.00,0,625.4900,19.8000,62.4000,32.6000,1,ACTIVE,5,7,6
1458,15981,9:10:00,0,33.00,0,847.8600,22.1000,86.3000,39.6000,1,ACTIVE,5,7,6
1458,15982,9:10:30,0,100.00,0,51.6300,7.1500,1.4100,21.6000,1,ACTIVE,5,7,6
1458,15983,9:11:00,0,152.00,0,235.7100,7.4700,23.5000,12.0000,1,ACTIVE,5,7,6
1458,15984,9:11:30,0,168.00,0,979.2500,28.6000,100.0000,33.3000,1,ACTIVE,5,7,6
1458,15985,9:12:00,0,11.00,0,817.3200,25.1000,82.7000,34.8000,1,ACTIVE,5,7,6
1458,15986,9:12:30,0,115.00,0,811.5200,24.6000,82.7000,30.5000,1,ACTIVE,5,7,6
1458,15987,9:13:00,0,44.00,0,822.3100,26.2000,82.7000,37.1000,1,ACTIVE,5,7,6
1458,15988,9:13:30,0,96.00,0,964.0700,28.0000,98.3000,37.9000,1,ACTIVE,5,7,6
1458,15989,9:14:00,0,96.00,0,458.6800,14.6000,46.1000,21.1000,1,ACTIVE,5,7,6
1458,15990,9:14:30,0,128.00,0,564.8400,16.6000,56.0000,34.8000,1,ACTIVE,5,7,6
1458,15991,9:15:00,0,147.00,0,467.0100,20.2000,46.1000,17.4000,1,ACTIVE,5,7,6
1458,15992,9:15:30,0,124.00,0,486.5700,17.0000,49.1000,17.0000,1,ACTIVE,5,7,6
1458,15993,9:16:00,0,220.00,0,343.4800,18.5000,33.3000,10.1000,1,ACTIVE,5,7,6
1458,15994,9:16:30,0,147.00,0,246.4600,12.3000,24.0000,7.9700,1,ACTIVE,5,7,6
1458,15995,9:17:00,0,186.00,0,115.3800,7.8000,10.8000,3.3500,1,ACTIVE,5,7,6
1458,15996,9:17:30,0,243.00,0,69.9100,6.8500,6.1400,0.8940,1,ACTIVE,5,7,6
1458,15997,9:18:00,0,186.00,0,840.5500,23.5000,86.3000,29.9000,1,ACTIVE,5,7,6
1458,15998,9:18:30,0,128.00,0,346.9200,16.6000,34.0000,11.3000,1,ACTIVE,5,7,6
1458,15999,9:19:00,0,186.00,0,349.4700,18.1000,34.0000,10.6000,1,ACTIVE,5,7,6
1458,16000,9:19:30,0,199.00,0,385.7200,14.3000,38.7000,13.7000,1,ACTIVE,5,7,6
1458,16001,9:20:00,0,206.00,0,713.5500,21.1000,72.6000,28.6000,1,ACTIVE,5,7,6
1458,16002,9:20:30,0,168.00,0,285.3900,11.0000,28.6000,9.6800,1,ACTIVE,5,7,6
1458,16003,9:21:00,0,479.00,0,335.3600,14.3000,33.3000,11.3000,1,ACTIVE,5,7,6
1458,16004,9:21:30,0,228.00,0,286.5800,11.8000,28.6000,9.2700,1,ACTIVE,5,7,6
1458,16005,9:22:00,0,124.00,0,458.8000,15.9000,46.1000,18.5000,1,ACTIVE,5,7,6
1458,16006,9:22:30,0,268.00,0,286.5200,16.6000,27.4000,9.0700,1,ACTIVE,5,7,6
1458,16007,9:23:00,0,511.00,0,180.9000,6.4200,18.1000,7.1500,1,ACTIVE,5,7,6
1458,16008,9:23:30,0,268.00,0,152.4700,4.5400,15.6000,5.3900,1,ACTIVE,5,7,6
1458,16009,9:24:00,0,383.00,0,65.9700,3.4200,6.4200,2.0400,1,ACTIVE,5,7,6
1458,16010,9:24:30,0,286.00,0,76.3700,3.0700,7.6300,2.5300,1,ACTIVE,5,7,6
1458,16011,9:25:00,0,55.00,0,234.2800,13.4000,22.5000,6.7000,1,ACTIVE,5,7,6
1458,16012,9:25:30,0,42.00,0,220.6100,12.8000,21.1000,6.7000,1,ACTIVE,5,7,6
1458,16013,9:26:00,0,228.00,0,229.1000,7.6300,23.0000,9.6800,1,ACTIVE,5,7,6
1458,16014,9:26:30,0,179.00,0,73.6200,4.5400,7.0000,2.1300,1,ACTIVE,5,7,6
1458,16015,9:27:00,0,168.00,0,124.8000,5.6300,12.3000,4.3400,1,ACTIVE,5,7,6
1458,16016,9:27:30,0,68.00,0,232.7600,9.6800,23.0000,8.8800,1,ACTIVE,5,7,6
1458,16017,9:28:00,0,73.00,0,225.2200,8.3200,22.5000,8.6900,1,ACTIVE,5,7,6
1458,16018,9:28:30,0,128.00,0,209.3500,9.0700,20.7000,7.6300,1,ACTIVE,5,7,6
1458,16019,9:29:00,0,70.00,0,90.7800,4.4400,8.8800,2.9400,1,ACTIVE,5,7,6
1458,16020,9:29:30,0,50.00,0,12.0600,0.6740,1.1600,0.3840,1,ACTIVE,5,7,6
1458,16021,9:30:00,0,115.00,0,90.5300,4.1600,8.8800,3.2800,1,ACTIVE,5,7,6
1458,16022,9:30:30,0,39.00,0,59.6200,2.9400,5.7600,2.4700,1,ACTIVE,5,7,6
1458,16023,9:31:00,0,163.00,0,7.2600,0.7040,0.6180,0.2600,1,ACTIVE,5,7,6
1458,16024,9:31:30,0,73.00,0,119.4500,5.2800,11.8000,4.3400,1,ACTIVE,5,7,6
1458,16025,9:32:00,0,57.00,0,64.3100,4.8400,6.0100,0.8750,1,ACTIVE,5,7,6
1458,16026,9:32:30,0,106.00,0,35.0000,1.6000,3.5700,0.1330,1,ACTIVE,5,7,6
1458,16027,9:33:00,0,174.00,0,195.6300,6.4200,19.8000,7.4700,1,ACTIVE,5,7,6
1458,16028,9:33:30,0,235.00,0,121.1200,5.5100,11.8000,5.3900,1,ACTIVE,5,7,6
1458,16029,9:34:00,0,235.00,0,267.4100,9.4700,26.8000,10.8000,1,ACTIVE,5,7,6
1458,16030,9:34:30,0,600.00,0,258.8000,6.2800,26.2000,14.0000,1,ACTIVE,5,7,6
1458,16031,9:35:00,0,408.00,0,24.7500,3.2800,1.9100,0.7350,1,ACTIVE,5,7,6
1458,16032,9:35:30,0,450.00,0,0.3700,0.0939,0.0173,0.0059,1,ACTIVE,5,7,6
1458,16033,9:36:00,0,337.00,0,0.2400,0.0596,0.0125,0.0000,1,ACTIVE,5,7,6
1458,16034,9:36:30,0,34.00,0,0.2500,0.0431,0.0173,0.0059,1,ACTIVE,5,7,6
1458,16035,9:37:00,0,15.00,0,0.0600,0.0292,0.0000,0.0000,1,ACTIVE,5,7,6
1458,16036,9:37:30,0,268.00,0,1.2400,0.3450,0.0523,0.0173,1,ACTIVE,5,7,6
1458,16037,9:38:00,0,337.00,0,8.3700,3.2800,0.1220,0.0523,1,ACTIVE,5,7,6
1458,16038,9:38:30,0,581.00,0,99.1500,37.9000,1.7100,0.3600,1,ACTIVE,5,7,6
1458,16039,9:39:00,0,277.00,0,46.3100,18.1000,0.6740,0.2720,1,ACTIVE,5,7,6
1458,16040,9:39:30,0,220.00,0,7.9200,1.7900,0.4370,0.1300,1,ACTIVE,5,7,6
1458,16041,9:40:00,0,110.00,0,7.1600,2.5800,0.1580,0.0650,1,ACTIVE,5,7,6
1458,16042,9:40:30,0,251.00,0,13.7300,4.5400,0.4010,0.1760,1,ACTIVE,5,7,6
1458,16043,9:41:00,0,124.00,0,14.3800,4.8400,0.4010,0.1510,1,ACTIVE,5,7,6
1458,16044,9:41:30,0,96.00,0,22.1600,6.2800,0.8940,0.4190,1,ACTIVE,5,7,6
1458,16045,9:42:00,0,93.00,0,51.1500,17.0000,1.4700,0.6320,1,ACTIVE,5,7,6
1458,16046,9:42:30,0,220.00,0,96.3200,34.0000,2.3200,0.7850,1,ACTIVE,5,7,6
1458,16047,9:43:00,0,147.00,0,84.6300,30.5000,1.8700,0.7680,1,ACTIVE,5,7,6
1458,16048,9:43:30,0,90.00,0,87.2700,31.9000,1.8300,0.7680,1,ACTIVE,5,7,6
1458,16049,9:44:00,0,174.00,0,5.1500,1.8300,0.1220,0.0412,1,ACTIVE,5,7,6
1458,16050,9:44:30,0,174.00,0,1.4700,0.3030,0.0880,0.0292,1,ACTIVE,5,7,6
1458,16051,9:45:00,0,77.00,0,1.1000,0.4280,0.0173,0.0059,1,ACTIVE,5,7,6
1458,16052,9:45:30,0,30.00,0,0.3500,0.0861,0.0173,0.0059,1,ACTIVE,5,7,6
1458,16053,9:46:00,0,268.00,0,0.5900,0.1960,0.0173,0.0059,1,ACTIVE,5,7,6
1458,16054,9:46:30,0,259.00,0,0.1900,0.0128,0.0173,0.0059,1,ACTIVE,5,7,6
1458,16055,9:47:00,0,348.00,0,0.1800,0.0790,0.0000,0.0059,1,ACTIVE,5,7,6
1458,16056,9:47:30,0,295.00,0,0.4100,0.1120,0.0173,0.0059,1,ACTIVE,5,7,6
1458,16057,9:48:00,0,163.00,0,0.3700,0.0939,0.0173,0.0059,1,ACTIVE,5,7,6
1458,16058,9:48:30,0,464.00,0,0.7000,0.2440,0.0173,0.0059,1,ACTIVE,5,7,6
1458,16059,9:49:00,0,511.00,0,0.3700,0.0939,0.0173,0.0059,1,ACTIVE,5,7,6
1458,16060,9:49:30,0,464.00,0,183.3700,46.1000,8.8800,3.5000,1,ACTIVE,5,7,6
1458,16061,9:50:00,0,494.00,0,502.4300,165.0000,14.9000,5.7600,1,ACTIVE,5,7,6
1458,16062,9:50:30,0,450.00,0,241.6700,77.5000,7.6300,3.3500,1,ACTIVE,5,7,6
1458,16063,9:51:00,0,315.00,0,31.3100,12.6000,0.3840,0.1760,1,ACTIVE,5,7,6
1458,16064,9:51:30,0,359.00,0,0.3300,0.0773,0.0173,0.0059,1,ACTIVE,5,7,6
1458,16065,9:52:00,0,337.00,0,0.3300,0.0773,0.0173,0.0059,1,ACTIVE,5,7,6
1458,16066,9:52:30,0,243.00,0,0.4500,0.1300,0.0173,0.0059,1,ACTIVE,5,7,6
1458,16067,9:53:00,0,235.00,0,0.5200,0.1650,0.0173,0.0059,1,ACTIVE,5,7,6
1458,16068,9:53:30,0,119.00,0,1.3100,0.3760,0.0523,0.0173,1,ACTIVE,5,7,6
1458,16069,9:54:00,0,100.00,0,0.5200,0.1650,0.0173,0.0059,1,ACTIVE,5,7,6
1458,16070,9:54:30,0,77.00,0,0.3700,0.0939,0.0173,0.0059,1,ACTIVE,5,7,6
1458,16071,9:55:00,0,63.00,0,0.4500,0.1300,0.0173,0.0059,1,ACTIVE,5,7,6
1458,16072,9:55:30,0,68.00,0,0.4200,0.1190,0.0173,0.0059,1,ACTIVE,5,7,6
1458,16073,9:56:00,0,37.00,0,0.4200,0.1190,0.0173,0.0059,1,ACTIVE,5,7,6
1458,16074,9:56:30,0,110.00,0,0.3800,0.1020,0.0173,0.0059,1,ACTIVE,5,7,6
1458,16075,9:57:00,0,141.00,0,0.3800,0.1020,0.0173,0.0059,1,ACTIVE,5,7,6
1458,16076,9:57:30,0,115.00,0,0.3800,0.1020,0.0173,0.0059,1,ACTIVE,5,7,6
1458,16077,9:58:00,0,86.00,0,0.3700,0.0939,0.0173,0.0059,1,ACTIVE,5,7,6
1458,16078,9:58:30,0,106.00,0,0.3800,0.1020,0.0173,0.0059,1,ACTIVE,5,7,6
1458,16079,9:59:00,0,80.00,0,0.4200,0.1190,0.0173,0.0059,1,ACTIVE,5,7,6
1458,16080,9:59:30,0,5.00,0,0.5200,0.1650,0.0173,0.0059,1,ACTIVE,5,7,6
1458,16081,10:00:00,0,53.00,0,0.3500,0.0861,0.0173,0.0059,1,ACTIVE,5,7,6
1458,16082,10:00:30,0,77.00,0,0.2400,0.0596,0.0125,0.0000,1,ACTIVE,5,7,6
1458,16083,10:01:00,0,61.00,0,0.1900,0.0880,0.0000,0.0000,1,ACTIVE,5,7,6
1458,16084,10:01:30,0,277.00,0,0.3800,0.1020,0.0173,0.0059,1,ACTIVE,5,7,6
1458,16085,10:02:00,0,106.00,0,0.4100,0.1120,0.0173,0.0059,1,ACTIVE,5,7,6
1458,16086,10:02:30,0,152.00,0,0.5100,0.1580,0.0173,0.0059,1,ACTIVE,5,7,6
1458,16087,10:03:00,0,96.00,0,0.3800,0.1020,0.0173,0.0059,1,ACTIVE,5,7,6
1458,16088,10:03:30,0,106.00,0,0.3300,0.0773,0.0173,0.0059,1,ACTIVE,5,7,6
1458,16089,10:04:00,0,42.00,0,0.3500,0.0861,0.0173,0.0059,1,ACTIVE,5,7,6
1458,16090,10:04:30,0,73.00,0,0.4500,0.1300,0.0173,0.0059,1,ACTIVE,5,7,6
1458,16091,10:05:00,0,46.00,0,0.4200,0.1190,0.0173,0.0059,1,ACTIVE,5,7,6
1458,16092,10:05:30,0,193.00,0,0.3300,0.0773,0.0173,0.0059,1,ACTIVE,5,7,6
1458,16093,10:06:00,0,137.00,0,0.4500,0.1300,0.0173,0.0059,1,ACTIVE,5,7,6
1458,16094,10:06:30,0,86.00,0,0.2000,0.0880,0.0000,0.0059,1,ACTIVE,5,7,6
1458,16095,10:07:00,0,100.00,0,0.3100,0.0679,0.0173,0.0059,1,ACTIVE,5,7,6
1458,16096,10:07:30,0,90.00,0,0.4500,0.1300,0.0173,0.0059,1,ACTIVE,5,7,6
1458,16097,10:08:00,0,141.00,0,0.5100,0.1580,0.0173,0.0059,1,ACTIVE,5,7,6
1458,16098,10:08:30,0,90.00,0,0.7300,0.2600,0.0173,0.0059,1,ACTIVE,5,7,6
1458,16099,10:09:00,0,152.00,0,0.7600,0.2720,0.0173,0.0059,1,ACTIVE,5,7,6
1458,16100,10:09:30,0,128.00,0,1.6300,0.5200,0.0523,0.0173,1,ACTIVE,5,7,6
1458,16101,10:10:00,0,124.00,0,0.3800,0.1020,0.0173,0.0059,1,ACTIVE,5,7,6
1458,16102,10:10:30,0,193.00,0,0.7200,0.2540,0.0173,0.0059,1,ACTIVE,5,7,6
1458,16103,10:11:00,0,163.00,0,0.3700,0.0939,0.0173,0.0059,1,ACTIVE,5,7,6
1458,16104,10:11:30,0,93.00,0,0.3700,0.0939,0.0173,0.0059,1,ACTIVE,5,7,6
1458,16105,10:12:00,0,193.00,0,0.3800,0.1020,0.0173,0.0059,1,ACTIVE,5,7,6
1458,16106,10:12:30,0,57.00,0,0.2700,0.0512,0.0173,0.0059,1,ACTIVE,5,7,6
1458,16107,10:13:00,0,34.00,0,0.2400,0.0596,0.0125,0.0000,1,ACTIVE,5,7,6
1458,16108,10:13:30,0,57.00,0,0.5600,0.1840,0.0173,0.0059,1,ACTIVE,5,7,6
1458,16109,10:14:00,0,14.00,0,0.3300,0.0773,0.0173,0.0059,1,ACTIVE,5,7,6
1458,16110,10:14:30,0,19.00,0,0.2900,0.0596,0.0173,0.0059,1,ACTIVE,5,7,6
1458,16111,10:15:00,0,53.00,0,0.7800,0.2840,0.0173,0.0059,1,ACTIVE,5,7,6
1458,16112,10:15:30,0,18.00,0,0.0700,0.0292,0.0000,0.0059,1,ACTIVE,5,7,6
1458,16113,10:16:00,0,21.00,0,0.2400,0.0596,0.0125,0.0000,1,ACTIVE,5,7,6
1458,16114,10:16:30,0,61.00,0,0.2300,0.0339,0.0173,0.0059,1,ACTIVE,5,7,6
1458,16115,10:17:00,0,494.00,0,20.1200,7.1500,0.4770,0.1300,1,ACTIVE,5,7,6
1458,16116,10:17:30,0,96.00,0,3.2800,0.3760,0.2770,0.0206,1,ACTIVE,5,7,6
1458,16117,10:18:00,0,147.00,0,8.6000,1.4100,0.6180,0.0694,1,ACTIVE,5,7,6
1458,16118,10:18:30,0,86.00,0,71.3000,6.4200,6.4200,0.8560,1,ACTIVE,5,7,6
1458,16119,10:19:00,0,55.00,0,57.2000,2.9400,5.5100,2.2200,1,ACTIVE,5,7,6
1458,16120,10:19:30,0,106.00,0,63.2200,6.0100,5.6300,0.5430,1,ACTIVE,5,7,6
1458,16121,10:20:00,0,124.00,0,95.2200,12.3000,7.6300,1.1300,1,ACTIVE,5,7,6
1458,16122,10:20:30,0,73.00,0,109.1800,11.3000,9.4700,1.1800,1,ACTIVE,5,7,6
1458,16123,10:21:00,0,90.00,0,150.1100,6.5600,14.9000,4.4400,1,ACTIVE,5,7,6
1458,16124,10:21:30,0,168.00,0,27.3100,2.2200,2.4700,0.6740,1,ACTIVE,5,7,6
1458,16125,10:22:00,0,277.00,0,61.0600,5.0600,5.3900,2.4200,1,ACTIVE,5,7,6
1458,16126,10:22:30,0,174.00,0,51.0400,4.0700,4.6400,1.3200,1,ACTIVE,5,7,6
1458,16127,10:23:00,0,110.00,0,22.0300,2.7600,1.7900,0.2600,1,ACTIVE,5,7,6
1458,16128,10:23:30,0,326.00,0,98.2700,7.8000,8.8800,3.0100,1,ACTIVE,5,7,6
1458,16129,10:24:00,0,326.00,0,124.7900,9.0700,11.5000,3.5700,1,ACTIVE,5,7,6
1458,16130,10:24:30,0,115.00,0,3.8500,1.1800,0.1390,0.0115,1,ACTIVE,5,7,6
1458,16131,10:25:00,0,199.00,0,30.5600,3.9000,2.4700,0.2540,1,ACTIVE,5,7,6
1458,16132,10:25:30,0,348.00,0,49.2800,7.9700,3.5700,0.3300,1,ACTIVE,5,7,6
1458,16133,10:26:00,0,337.00,0,279.5700,25.7000,24.6000,7.0000,1,ACTIVE,5,7,6
1458,16134,10:26:30,0,168.00,0,0.2100,0.0256,0.0173,0.0059,1,ACTIVE,5,7,6
1458,16135,10:27:00,0,77.00,0,117.4100,7.6300,11.0000,3.6500,1,ACTIVE,5,7,6
1458,16136,10:27:30,0,55.00,0,358.7200,37.1000,30.5000,8.6900,1,ACTIVE,5,7,6
1458,16137,10:28:00,0,2.00,0,826.1400,56.0000,77.5000,22.1000,1,ACTIVE,5,7,6
1458,16138,10:28:30,0,23.00,0,594.7000,33.3000,57.2000,18.5000,1,ACTIVE,5,7,6
1458,16139,10:29:00,0,37.00,0,419.8400,26.8000,39.6000,12.8000,1,ACTIVE,5,7,6
1458,16140,10:29:30,0,63.00,0,315.0100,29.9000,28.0000,3.5700,1,ACTIVE,5,7,6
1458,16141,10:30:00,0,25.00,0,423.4200,27.4000,39.6000,14.9000,1,ACTIVE,5,7,6
1458,16142,10:30:30,0,119.00,0,431.7500,24.0000,41.3000,15.3000,1,ACTIVE,5,7,6
1458,16143,10:31:00,0,44.00,0,507.7900,21.6000,50.2000,18.5000,1,ACTIVE,5,7,6
1458,16144,10:31:30,0,251.00,0,190.0200,17.4000,16.6000,5.3900,1,ACTIVE,5,7,6
1458,16145,10:32:00,0,128.00,0,103.3900,4.2500,10.3000,3.2100,1,ACTIVE,5,7,6
1458,16146,10:32:30,0,179.00,0,80.2200,4.8400,7.6300,2.4700,1,ACTIVE,5,7,6
1458,16147,10:33:00,0,174.00,0,153.2900,7.4700,14.9000,5.5100,1,ACTIVE,5,7,6
1458,16148,10:33:30,0,137.00,0,75.6300,4.8400,7.1500,2.1300,1,ACTIVE,5,7,6
1458,16149,10:34:00,0,305.00,0,73.3500,5.7600,6.7000,1.7900,1,ACTIVE,5,7,6
1458,16150,10:34:30,0,137.00,0,92.9300,10.3000,7.6300,3.0100,1,ACTIVE,5,7,6
1458,16151,10:35:00,0,70.00,0,157.0200,12.3000,14.3000,4.2500,1,ACTIVE,5,7,6
1458,16152,10:35:30,0,199.00,0,124.7300,7.9700,11.8000,3.7300,1,ACTIVE,5,7,6
1458,16153,10:36:00,0,50.00,0,28.1500,2.7600,2.4700,0.3600,1,ACTIVE,5,7,6
1458,16154,10:36:30,0,163.00,0,43.3500,3.6500,3.9000,1.0400,1,ACTIVE,5,7,6
1458,16155,10:37:00,0,147.00,0,63.4200,6.5600,5.5100,0.5920,1,ACTIVE,5,7,6
1458,16156,10:37:30,0,305.00,0,22.3900,2.2700,1.9500,0.2770,1,ACTIVE,5,7,6
1458,16157,10:38:00,0,119.00,0,99.9300,11.0000,8.3200,2.4700,1,ACTIVE,5,7,6
1458,16158,10:38:30,0,141.00,0,104.9000,9.4700,9.2700,2.5300,1,ACTIVE,5,7,6
1458,16159,10:39:00,0,103.00,0,93.7900,11.0000,7.8000,1.0400,1,ACTIVE,5,7,6
1458,16160,10:39:30,0,80.00,0,22.6100,2.3700,1.9500,0.2770,1,ACTIVE,5,7,6
1458,16161,10:40:00,0,96.00,0,13.2000,1.4100,1.1300,0.1390,1,ACTIVE,5,7,6
1458,16162,10:40:30,0,44.00,0,12.3700,1.4100,1.0400,0.1330,1,ACTIVE,5,7,6
1458,16163,10:41:00,0,235.00,0,94.3100,7.4700,8.5000,3.0700,1,ACTIVE,5,7,6
1458,16164,10:41:30,0,103.00,0,127.6600,10.3000,11.5000,3.6500,1,ACTIVE,5,7,6
1458,16165,10:42:00,0,100.00,0,50.2000,4.8400,4.4400,0.5670,1,ACTIVE,5,7,6
1458,16166,10:42:30,0,163.00,0,54.4200,5.6300,4.7400,0.4370,1,ACTIVE,5,7,6
1458,16167,10:43:00,0,268.00,0,40.8700,3.1400,3.7300,1.1300,1,ACTIVE,5,7,6
1458,16168,10:43:30,0,259.00,0,215.2600,10.1000,21.1000,7.3100,1,ACTIVE,5,7,6
1458,16169,10:44:00,0,206.00,0,39.1900,2.7600,3.7300,0.3680,1,ACTIVE,5,7,6
1458,16170,10:44:30,0,63.00,0,0.2100,0.0256,0.0173,0.0059,1,ACTIVE,5,7,6
1458,16171,10:45:00,0,106.00,0,288.7000,20.7000,26.8000,7.6300,1,ACTIVE,5,7,6
1458,16172,10:45:30,0,61.00,0,133.2400,12.8000,11.8000,1.6700,1,ACTIVE,5,7,6
1458,16173,10:46:00,0,124.00,0,94.0000,9.6800,8.1400,1.1800,1,ACTIVE,5,7,6
1458,16174,10:46:30,0,106.00,0,129.5900,7.1500,12.6000,3.5000,1,ACTIVE,5,7,6
1458,16175,10:47:00,0,0.00,0,31.9700,3.8100,2.6400,0.3840,1,ACTIVE,5,7,6
1458,16176,10:47:30,0,0.00,0,41.4900,3.8100,3.6500,0.9750,0,ACTIVE,5,7,6
1458,16177,10:48:00,0,0.00,0,31.4700,3.8100,2.5800,0.3840,0,ACTIVE,5,7,6
1458,16178,10:48:30,0,0.00,0,31.9700,3.8100,2.6400,0.3840,0,ACTIVE,5,7,6
1458,16179,10:49:00,0,0.00,0,31.9700,3.8100,2.6400,0.3840,0,ACTIVE,5,7,6
1458,16180,10:49:30,0,0.00,0,31.4700,3.8100,2.5800,0.3840,0,ACTIVE,5,7,6
1458,16181,10:50:00,0,0.00,0,40.7800,3.8100,3.5700,0.9540,0,ACTIVE,5,7,6
1458,16182,10:50:30,0,1.00,0,31.4600,3.8100,2.5800,0.3760,0,ACTIVE,5,7,6
1458,16183,10:51:00,0,0.00,0,40.7800,3.8100,3.5700,0.9540,0,ACTIVE,5,7,6
1458,16184,10:51:30,0,0.00,0,31.9700,3.8100,2.6400,0.3840,0,ACTIVE,5,7,6
1458,16185,10:52:00,0,0.00,0,35.6500,3.2800,3.1400,0.8370,1,ACTIVE,5,7,6
1458,16186,10:52:30,0,193.00,0,158.1200,8.6900,15.3000,4.8400,1,ACTIVE,5,7,6
1458,16187,10:53:00,0,15.00,0,1181.970,122.0000,103.0000,12.0000,1,ACTIVE,5,7,6
1458,16188,10:53:30,0,11.00,0,1211.560,79.2000,114.0000,31.9000,1,ACTIVE,5,7,6
1458,16189,10:54:00,0,0.00,0,1159.820,80.9000,107.0000,38.7000,0,ACTIVE,5,7,6
1458,16190,10:54:30,0,48.00,0,527.9900,40.4000,48.1000,15.9000,1,ACTIVE,5,7,6
1458,16191,10:55:00,0,0.00,0,388.3500,26.8000,36.3000,10.3000,0,ACTIVE,5,7,6
1458,16192,10:55:30,0,0.00,0,381.3000,26.8000,35.5000,10.1000,0,ACTIVE,5,7,6
1458,16193,10:56:00,0,0.00,0,381.3000,26.8000,35.5000,10.1000,0,ACTIVE,5,7,6
1458,16194,10:56:30,0,70.00,0,349.1600,24.0000,32.6000,9.8900,1,ACTIVE,5,7,6
1458,16195,10:57:00,0,0.00,0,268.7300,18.1000,25.1000,7.9700,0,ACTIVE,5,7,6
1458,16196,10:57:30,0,0.00,0,258.3600,17.8000,24.0000,7.8000,1,ACTIVE,5,7,6
1458,16197,10:58:00,0,18.00,0,221.4500,14.9000,20.7000,6.8500,1,ACTIVE,5,7,6
1458,16198,10:58:30,0,115.00,0,225.9100,14.9000,21.1000,7.3100,1,ACTIVE,5,7,6
1458,16199,10:59:00,0,158.00,0,88.4700,5.5100,8.3200,3.1400,1,ACTIVE,5,7,6
1458,16200,10:59:30,0,83.00,0,139.1400,13.4000,12.3000,1.7500,1,ACTIVE,5,7,6
1458,16201,11:00:00,0,59.00,0,266.5600,25.7000,23.5000,3.4200,1,ACTIVE,5,7,6
1458,16202,11:00:30,0,19.00,0,342.9000,24.6000,31.9000,8.6900,1,ACTIVE,5,7,6
1458,16203,11:01:00,0,8.00,0,336.7200,24.6000,31.2000,8.5000,1,ACTIVE,5,7,6
1458,16204,11:01:30,0,16.00,0,336.7200,24.6000,31.2000,8.5000,1,ACTIVE,5,7,6
1458,16205,11:02:00,0,0.00,0,336.7200,24.6000,31.2000,8.5000,1,ACTIVE,5,7,6
1458,16206,11:02:30,0,124.00,0,336.7200,24.6000,31.2000,8.5000,1,ACTIVE,5,7,6
1458,16207,11:03:00,0,408.00,0,121.1700,12.3000,10.6000,1.4100,1,ACTIVE,5,7,6
1458,16208,11:03:30,0,511.00,0,50.0300,5.8800,4.1600,0.5430,1,ACTIVE,5,7,6
1458,16209,11:04:00,0,772.00,0,123.8000,5.6300,12.3000,3.4200,1,ACTIVE,5,7,6
1458,16210,11:04:30,0,562.00,0,54.0300,5.3900,4.6400,1.3800,1,ACTIVE,5,7,6
1458,16211,11:05:00,0,268.00,0,9.6300,2.1300,0.5430,0.1650,1,ACTIVE,5,7,6
1458,16212,11:05:30,0,286.00,0,1.6100,0.3760,0.0880,0.0115,1,ACTIVE,5,7,6
1458,16213,11:06:00,0,220.00,0,6.7400,1.9100,0.2770,0.0880,1,ACTIVE,5,7,6
1458,16214,11:06:30,0,96.00,0,10.1900,2.5300,0.5090,0.1390,1,ACTIVE,5,7,6
1458,16215,11:07:00,0,228.00,0,9.2300,2.2200,0.4770,0.1390,1,ACTIVE,5,7,6
1458,16216,11:07:30,0,315.00,0,4.5100,1.0400,0.2440,0.0756,1,ACTIVE,5,7,6
1458,16217,11:08:00,0,174.00,0,2.7000,0.6600,0.1390,0.0206,1,ACTIVE,5,7,6
1458,16218,11:08:30,0,70.00,0,1.6900,0.4010,0.0880,0.0292,1,ACTIVE,5,7,6
1458,16219,11:09:00,0,158.00,0,1.9800,0.5430,0.0880,0.0115,1,ACTIVE,5,7,6
1458,16220,11:09:30,0,186.00,0,9.2500,2.2200,0.4770,0.1510,1,ACTIVE,5,7,6
1458,16221,11:10:00,0,228.00,0,33.9200,8.1400,1.7500,0.5550,1,ACTIVE,5,7,6
1458,16222,11:10:30,0,243.00,0,6.2100,1.9100,0.2230,0.0347,1,ACTIVE,5,7,6
1458,16223,11:11:00,0,193.00,0,13.0700,3.1400,0.6740,0.2090,1,ACTIVE,5,7,6
1458,16224,11:11:30,0,119.00,0,8.5600,2.4200,0.3600,0.0512,1,ACTIVE,5,7,6
1458,16225,11:12:00,0,20.00,0,4.7500,1.7900,0.0880,0.0292,1,ACTIVE,5,7,6
1458,16226,11:12:30,0,31.00,0,3.8000,1.5000,0.0523,0.0173,1,ACTIVE,5,7,6
1458,16227,11:13:00,0,21.00,0,3.6600,1.4400,0.0523,0.0173,1,ACTIVE,5,7,6
1458,16228,11:13:30,0,61.00,0,2.8500,1.2100,0.0173,0.0173,1,ACTIVE,5,7,6
1458,16229,11:14:00,0,86.00,0,3.6600,1.4400,0.0523,0.0173,1,ACTIVE,5,7,6
1458,16230,11:14:30,0,55.00,0,6.6400,2.6400,0.0880,0.0292,1,ACTIVE,5,7,6
1458,16231,11:15:00,0,0.00,0,10.5400,3.9800,0.1920,0.0523,1,ACTIVE,5,7,6
1458,16232,11:15:30,0,0.00,0,11.8100,4.3400,0.2440,0.0650,1,ACTIVE,5,7,6
1458,16233,11:16:00,0,0.00,0,12.0300,4.4400,0.2440,0.0756,1,ACTIVE,5,7,6
1458,16234,11:16:30,0,93.00,0,12.6800,4.1600,0.3840,0.1170,1,ACTIVE,5,7,6
1458,16235,11:17:00,0,186.00,0,258.3600,17.8000,24.0000,7.8000,1,ACTIVE,5,7,6
1458,16236,11:17:30,0,15.00,0,331.9100,20.7000,31.2000,12.0000,1,ACTIVE,5,7,6
1458,16237,11:18:00,0,63.00,0,354.6700,22.5000,33.3000,12.3000,1,ACTIVE,5,7,6
1458,16238,11:18:30,0,35.00,0,411.8200,26.8000,38.7000,12.3000,1,ACTIVE,5,7,6
1458,16239,11:19:00,0,0.00,0,364.1600,23.5000,34.0000,13.1000,1,ACTIVE,5,7,6
1458,16240,11:19:30,0,12.00,0,356.1300,24.0000,33.3000,10.6000,1,ACTIVE,5,7,6
1458,16241,11:20:00,0,16.00,0,402.6700,26.8000,37.9000,10.6000,1,ACTIVE,5,7,6
1458,16242,11:20:30,0,115.00,0,217.3900,15.3000,20.2000,6.0100,1,ACTIVE,5,7,6
1458,16243,11:21:00,0,119.00,0,319.9900,21.1000,29.9000,10.8000,1,ACTIVE,5,7,6
1458,16244,11:21:30,0,1.00,0,380.2300,25.1000,35.5000,12.6000,1,ACTIVE,5,7,6
1458,16245,11:22:00,0,1.00,0,380.5300,25.1000,35.5000,12.8000,0,ACTIVE,5,7,6
1458,16246,11:22:30,0,3.00,0,379.9400,25.1000,35.5000,12.3000,0,ACTIVE,5,7,6
1458,16247,11:23:00,0,0.00,0,378.1800,24.6000,35.5000,11.8000,0,ACTIVE,5,7,6
1458,16248,11:23:30,0,8.00,0,379.6500,25.1000,35.5000,12.0000,0,ACTIVE,5,7,6
1458,16249,11:24:00,0,0.00,0,380.8700,25.7000,35.5000,12.0000,0,ACTIVE,5,7,6
1458,16250,11:24:30,0,8.00,0,356.6400,24.0000,33.3000,11.0000,0,ACTIVE,5,7,6
1458,16251,11:25:00,0,0.00,0,364.7200,24.6000,34.0000,11.5000,1,ACTIVE,5,7,6
1458,16252,11:25:30,0,2.00,0,372.4300,25.1000,34.8000,11.5000,1,ACTIVE,5,7,6
1458,16253,11:26:00,0,295.00,0,263.1000,17.4000,24.6000,8.6900,1,ACTIVE,5,7,6
1458,16254,11:26:30,0,53.00,0,315.2400,22.1000,29.2000,9.6800,1,ACTIVE,5,7,6
1458,16255,11:27:00,0,37.00,0,306.6700,20.2000,28.6000,10.6000,1,ACTIVE,5,7,6
1458,16256,11:27:30,0,228.00,0,43.7500,5.3900,3.5700,0.4770,1,ACTIVE,5,7,6
1458,16257,11:28:00,0,110.00,0,38.1300,4.4400,3.2100,0.2050,1,ACTIVE,5,7,6
1458,16258,11:28:30,0,193.00,0,111.2600,6.7000,10.6000,3.6500,1,ACTIVE,5,7,6
1458,16259,11:29:00,0,90.00,0,11.3500,2.5300,0.6460,0.0939,1,ACTIVE,5,7,6
1458,16260,11:29:30,0,68.00,0,72.7400,7.1500,6.2800,1.7900,1,ACTIVE,5,7,6
1458,16261,11:30:00,0,44.00,0,11.3500,4.3400,0.1920,0.0650,1,ACTIVE,5,7,6
1458,16262,11:30:30,0,119.00,0,11.6300,3.5700,0.4190,0.0596,1,ACTIVE,5,7,6
1458,16263,11:31:00,0,48.00,0,16.5800,3.6500,0.9540,0.1450,1,ACTIVE,5,7,6
1458,16264,11:31:30,0,35.00,0,13.6000,3.0100,0.7680,0.2090,1,ACTIVE,5,7,6
1458,16265,11:32:00,0,50.00,0,75.3300,6.4200,6.7000,2.2700,1,ACTIVE,5,7,6
1458,16266,11:32:30,0,35.00,0,93.4500,8.1400,8.3200,2.3700,1,ACTIVE,5,7,6
1458,16267,11:33:00,0,22.00,0,94.3900,7.8000,8.5000,2.4700,1,ACTIVE,5,7,6
1458,16268,11:33:30,0,23.00,0,13.7500,3.5700,0.6600,0.0596,1,ACTIVE,5,7,6
1458,16269,11:34:00,0,103.00,0,89.1100,9.6800,7.4700,2.1300,1,ACTIVE,5,7,6
1458,16270,11:34:30,0,50.00,0,94.8400,6.1400,8.8800,3.2100,1,ACTIVE,5,7,6
1458,16271,11:35:00,0,110.00,0,280.9500,21.6000,25.7000,7.8000,1,ACTIVE,5,7,6
1458,16272,11:35:30,0,46.00,0,295.9900,21.1000,27.4000,8.6900,1,ACTIVE,5,7,6
1458,16273,11:36:00,0,53.00,0,163.9700,17.8000,14.0000,1.9900,1,ACTIVE,5,7,6
1458,16274,11:36:30,0,26.00,0,41.7200,4.6400,3.5700,0.1550,1,ACTIVE,5,7,6
1458,16275,11:37:00,0,53.00,0,221.5200,17.4000,20.2000,5.5100,1,ACTIVE,5,7,6
1458,16276,11:37:30,0,53.00,0,211.2300,14.0000,19.8000,6.4200,1,ACTIVE,5,7,6
1458,16277,11:38:00,0,55.00,0,152.2500,18.5000,12.3000,3.3500,1,ACTIVE,5,7,6
1458,16278,11:38:30,0,63.00,0,65.0200,7.4700,5.5100,0.2090,1,ACTIVE,5,7,6
1458,16279,11:39:00,0,106.00,0,25.3100,4.7400,1.6700,0.1580,1,ACTIVE,5,7,6
1458,16280,11:39:30,0,0.00,0,116.9600,13.1000,9.8900,1.2100,1,ACTIVE,5,7,6
1458,16281,11:40:00,0,4.00,0,142.6100,14.9000,12.3000,1.8300,1,ACTIVE,5,7,6
1458,16282,11:40:30,0,1.00,0,194.0400,14.9000,17.8000,5.0600,1,ACTIVE,5,7,6
1458,16283,11:41:00,0,124.00,0,82.1100,7.1500,7.3100,2.1300,1,ACTIVE,5,7,6
1458,16284,11:41:30,0,50.00,0,12.5000,3.4200,0.5430,0.1650,1,ACTIVE,5,7,6
1458,16285,11:42:00,0,0.00,0,9.6900,3.7300,0.1580,0.0523,1,ACTIVE,5,7,6
1458,16286,11:42:30,0,90.00,0,7.7600,3.0100,0.1220,0.0412,1,ACTIVE,5,7,6
1458,16287,11:43:00,0,32.00,0,19.3400,3.5700,1.2600,0.3370,1,ACTIVE,5,7,6
1458,16288,11:43:30,0,33.00,0,7.7100,2.3700,0.2770,0.0412,1,ACTIVE,5,7,6
1458,16289,11:44:00,0,44.00,0,10.1700,3.7300,0.2090,0.0756,1,ACTIVE,5,7,6
1458,16290,11:44:30,0,27.00,0,11.0200,3.9800,0.2440,0.0756,1,ACTIVE,5,7,6
1458,16291,11:45:00,0,9.00,0,9.1700,3.1400,0.2440,0.0880,1,ACTIVE,5,7,6
1458,16292,11:45:30,0,22.00,0,9.1500,3.1400,0.2440,0.0756,1,ACTIVE,5,7,6
1458,16293,11:46:00,0,35.00,0,9.0100,2.5300,0.3840,0.0559,1,ACTIVE,5,7,6
1458,16294,11:46:30,0,31.00,0,15.0700,3.1400,0.9130,0.1220,1,ACTIVE,5,7,6
1458,16295,11:47:00,0,80.00,0,9.3200,3.4200,0.1920,0.0650,1,ACTIVE,5,7,6
1458,16296,11:47:30,0,57.00,0,9.8200,2.7600,0.4190,0.0596,1,ACTIVE,5,7,6
1458,16297,11:48:00,0,48.00,0,14.2400,3.0100,0.8560,0.0900,1,ACTIVE,5,7,6
1458,16298,11:48:30,0,44.00,0,9.9900,3.7300,0.1920,0.0523,1,ACTIVE,5,7,6
1458,16299,11:49:00,0,57.00,0,10.8300,3.9000,0.2440,0.0756,1,ACTIVE,5,7,6
1458,16300,11:49:30,0,220.00,0,13.6400,3.0100,0.7680,0.2490,1,ACTIVE,5,7,6
1458,16301,11:50:00,0,25.00,0,167.7100,14.0000,14.9000,5.5100,1,ACTIVE,5,7,6
1458,16302,11:50:30,0,70.00,0,164.0600,11.3000,15.3000,5.0600,1,ACTIVE,5,7,6
1458,16303,11:51:00,0,0.00,0,68.8500,6.0100,6.2800,0.5310,0,ACTIVE,5,7,6
1458,16304,11:51:30,0,0.00,0,73.7400,6.5600,6.7000,0.5200,0,ACTIVE,5,7,6
1458,16305,11:52:00,0,10.00,0,54.3700,4.8400,4.9500,0.3090,0,ACTIVE,5,7,6
1458,16306,11:52:30,0,7.00,0,67.8200,7.1500,5.8800,0.4470,0,ACTIVE,5,7,6
1458,16307,11:53:00,0,57.00,0,111.0000,10.3000,9.8900,1.3800,1,ACTIVE,5,7,6
1458,16308,11:53:30,0,15.00,0,219.1000,13.4000,20.7000,7.8000,1,ACTIVE,5,7,6
1458,16309,11:54:00,0,8.00,0,267.8500,17.0000,25.1000,9.4700,1,ACTIVE,5,7,6
1458,16310,11:54:30,0,57.00,0,258.5500,17.8000,24.0000,7.9700,1,ACTIVE,5,7,6
1458,16311,11:55:00,0,11.00,0,75.7200,11.8000,5.6300,0.3370,1,ACTIVE,5,7,6
1458,16312,11:55:30,0,0.00,0,59.3200,9.4700,4.3400,0.3030,0,ACTIVE,5,7,6
1458,16313,11:56:00,0,1.00,0,24.6400,5.3900,1.4400,0.1050,0,ACTIVE,5,7,6
1458,16314,11:56:30,0,30.00,0,131.5500,9.6800,12.0000,4.4400,1,ACTIVE,5,7,6
1458,16315,11:57:00,0,50.00,0,279.7100,17.8000,26.2000,9.8900,1,ACTIVE,5,7,6
1458,16316,11:57:30,0,100.00,0,174.1800,14.3000,15.6000,5.5100,1,ACTIVE,5,7,6
1458,16317,11:58:00,0,30.00,0,50.3000,7.1500,3.9000,0.3300,1,ACTIVE,5,7,6
1458,16318,11:58:30,0,21.00,0,145.7400,14.0000,12.6000,4.4400,1,ACTIVE,5,7,6
1458,16319,11:59:00,0,2.00,0,9.2900,1.8300,0.5920,0.0596,0,ACTIVE,5,7,6
1458,16320,11:59:30,0,18.00,0,4.6700,1.4700,0.1580,0.0292,1,ACTIVE,5,7,6
1458,16321,12:00:00,0,19.00,0,5.3100,1.9100,0.1220,0.0292,1,ACTIVE,5,7,7
1458,16322,12:00:30,0,70.00,0,115.0300,8.6900,10.6000,3.0700,1,ACTIVE,5,7,7
1458,16323,12:01:00,0,14.00,0,225.9800,15.3000,21.1000,6.7000,1,ACTIVE,5,7,7
1458,16324,12:01:30,0,27.00,0,201.6300,12.8000,18.9000,6.7000,1,ACTIVE,5,7,7
1458,16325,12:02:00,0,44.00,0,247.7700,17.0000,23.0000,7.8000,1,ACTIVE,5,7,7
1458,16326,12:02:30,0,73.00,0,129.8200,12.3000,11.3000,3.6500,1,ACTIVE,5,7,7
1458,16327,12:03:00,0,46.00,0,3.5500,1.5400,0.0173,0.0059,1,ACTIVE,5,7,7
1458,16328,12:03:30,0,3.00,0,2.0900,0.8750,0.0173,0.0059,1,ACTIVE,5,7,7
1458,16329,12:04:00,0,63.00,0,6.0000,2.2200,0.1220,0.0292,1,ACTIVE,5,7,7
1458,16330,12:04:30,0,158.00,0,5.2400,1.8700,0.1220,0.0412,1,ACTIVE,5,7,7
1458,16331,12:05:00,0,86.00,0,3.6600,1.2900,0.0880,0.0292,1,ACTIVE,5,7,7
1458,16332,12:05:30,0,27.00,0,3.8700,1.5400,0.0523,0.0173,1,ACTIVE,5,7,7
1458,16333,12:06:00,0,42.00,0,7.3800,2.4700,0.2090,0.0756,1,ACTIVE,5,7,7
1458,16334,12:06:30,0,24.00,0,6.9200,2.2700,0.2090,0.0650,1,ACTIVE,5,7,7
1458,16335,12:07:00,0,30.00,0,6.0300,2.3700,0.0880,0.0173,1,ACTIVE,5,7,7
1458,16336,12:07:30,0,42.00,0,9.2500,2.5300,0.4010,0.1390,1,ACTIVE,5,7,7
1458,16337,12:08:00,0,57.00,0,7.1900,1.9500,0.3160,0.1050,1,ACTIVE,5,7,7
1458,16338,12:08:30,0,63.00,0,5.6000,2.1700,0.0880,0.0292,1,ACTIVE,5,7,7
1458,16339,12:09:00,0,83.00,0,7.4700,2.8800,0.1220,0.0412,1,ACTIVE,5,7,7
1458,16340,12:09:30,0,73.00,0,8.2800,2.8800,0.2090,0.0756,1,ACTIVE,5,7,7
1458,16341,12:10:00,0,37.00,0,6.3900,2.5300,0.0880,0.0292,1,ACTIVE,5,7,7
1458,16342,12:10:30,0,128.00,0,8.1100,2.8800,0.1920,0.0650,1,ACTIVE,5,7,7
1458,16343,12:11:00,0,34.00,0,6.3900,2.5300,0.0880,0.0292,1,ACTIVE,5,7,7
1458,16344,12:11:30,0,9.00,0,6.4400,2.7000,0.0523,0.0173,1,ACTIVE,5,7,7
1458,16345,12:12:00,0,31.00,0,7.0200,2.5300,0.1580,0.0412,1,ACTIVE,5,7,7
1458,16346,12:12:30,0,55.00,0,7.7000,2.7000,0.1920,0.0523,1,ACTIVE,5,7,7
1458,16347,12:13:00,0,46.00,0,6.6900,2.5300,0.1220,0.0292,1,ACTIVE,5,7,7
1458,16348,12:13:30,0,50.00,0,6.0300,2.3700,0.0880,0.0173,1,ACTIVE,5,7,7
1458,16349,12:14:00,0,11.00,0,5.7000,2.2200,0.0880,0.0173,1,ACTIVE,5,7,7
1458,16350,12:14:30,0,0.00,0,5.5900,2.1700,0.0880,0.0173,0,ACTIVE,5,7,7
1458,16351,12:15:00,0,10.00,0,5.5000,2.1300,0.0880,0.0292,1,ACTIVE,5,7,7
1458,16352,12:15:30,0,59.00,0,5.9700,1.9100,0.1920,0.0650,1,ACTIVE,5,7,7
1458,16353,12:16:00,0,8.00,0,4.6000,1.8700,0.0523,0.0173,1,ACTIVE,5,7,7
1458,16354,12:16:30,0,48.00,0,4.7100,1.9100,0.0523,0.0292,1,ACTIVE,5,7,7
1458,16355,12:17:00,0,23.00,0,4.3400,1.7500,0.0523,0.0173,1,ACTIVE,5,7,7
1458,16356,12:17:30,0,132.00,0,5.9800,1.9100,0.1920,0.0756,1,ACTIVE,5,7,7
1458,16357,12:18:00,0,268.00,0,6.5400,2.1700,0.1920,0.0523,1,ACTIVE,5,7,7
1458,16358,12:18:30,0,53.00,0,2.2700,0.9540,0.0173,0.0059,1,ACTIVE,5,7,7
1458,16359,12:19:00,0,70.00,0,2.6200,0.9750,0.0523,0.0059,1,ACTIVE,5,7,7
1458,16360,12:19:30,0,63.00,0,1.8800,0.4870,0.0880,0.0292,1,ACTIVE,5,7,7
1458,16361,12:20:00,0,119.00,0,1.2600,0.3520,0.0523,0.0173,1,ACTIVE,5,7,7
1458,16362,12:20:30,0,11.00,0,0.5100,0.1580,0.0173,0.0059,1,ACTIVE,5,7,7
1458,16363,12:21:00,0,61.00,0,1.5800,0.2660,0.1120,0.0115,1,ACTIVE,5,7,7
1458,16364,12:21:30,0,28.00,0,0.3700,0.0939,0.0173,0.0059,1,ACTIVE,5,7,7
1458,16365,12:22:00,0,0.00,0,0.2300,0.0339,0.0173,0.0059,0,ACTIVE,5,7,7
1458,16366,12:22:30,0,7.00,0,0.2100,0.0256,0.0173,0.0059,1,ACTIVE,5,7,7
1458,16367,12:23:00,0,1.00,0,0.2100,0.0256,0.0173,0.0059,1,ACTIVE,5,7,7
1458,16368,12:23:30,0,163.00,0,0.8900,0.3300,0.0173,0.0059,1,ACTIVE,5,7,7
1458,16369,12:24:00,0,0.00,0,1.3400,0.3920,0.0523,0.0173,0,ACTIVE,5,7,7
1458,16370,12:24:30,0,0.00,0,1.3600,0.4010,0.0523,0.0173,1,ACTIVE,5,7,7
1458,16371,12:25:00,0,28.00,0,1.5500,0.4870,0.0523,0.0173,1,ACTIVE,5,7,7
1458,16372,12:25:30,0,7.00,0,1.3600,0.5430,0.0173,0.0059,0,ACTIVE,5,7,7
1458,16373,12:26:00,0,20.00,0,1.1700,0.4570,0.0173,0.0059,1,ACTIVE,5,7,7
1458,16374,12:26:30,0,13.00,0,1.3700,0.5430,0.0173,0.0173,0,ACTIVE,5,7,7
1458,16375,12:27:00,0,1.00,0,1.8700,0.6320,0.0523,0.0173,0,ACTIVE,5,7,7
1458,16376,12:27:30,0,1.00,0,1.9000,0.6460,0.0523,0.0173,0,ACTIVE,5,7,7
1458,16377,12:28:00,0,0.00,0,1.9700,0.6740,0.0523,0.0173,0,ACTIVE,5,7,7
1458,16378,12:28:30,0,20.00,0,2.0700,0.7200,0.0523,0.0173,1,ACTIVE,5,7,7
1458,16379,12:29:00,0,8.00,0,2.4100,0.8750,0.0523,0.0173,0,ACTIVE,5,7,7
1458,16380,12:29:30,0,9.00,0,1.7300,0.7040,0.0173,0.0173,0,ACTIVE,5,7,7
1458,16381,12:30:00,0,42.00,0,2.3300,0.8370,0.0523,0.0173,1,ACTIVE,5,7,7
1458,16382,12:30:30,0,4.00,0,2.8500,0.9330,0.0880,0.0173,0,ACTIVE,5,7,7
1458,16383,12:31:00,0,5.00,0,3.5000,1.0900,0.1220,0.0292,0,ACTIVE,5,7,7
1458,16384,12:31:30,0,2.00,0,3.5500,1.1100,0.1220,0.0292,0,ACTIVE,5,7,7
1458,16385,12:32:00,0,16.00,0,3.5600,1.1100,0.1220,0.0412,1,ACTIVE,5,7,7
1458,16386,12:32:30,0,21.00,0,2.6100,0.8200,0.0880,0.0292,1,ACTIVE,5,7,7
1458,16387,12:33:00,0,1.00,0,3.5100,1.0900,0.1220,0.0412,0,ACTIVE,5,7,7
1458,16388,12:33:30,0,1.00,0,3.6700,1.1600,0.1220,0.0412,0,ACTIVE,5,7,7
1458,16389,12:34:00,0,10.00,0,3.6200,1.1300,0.1220,0.0412,1,ACTIVE,5,7,7
1458,16390,12:34:30,0,0.00,0,3.5500,1.1100,0.1220,0.0292,1,ACTIVE,5,7,7
1458,16391,12:35:00,0,115.00,0,2.4100,0.8750,0.0523,0.0173,1,ACTIVE,5,7,7
1458,16392,12:35:30,0,28.00,0,1.6500,0.5310,0.0523,0.0173,1,ACTIVE,5,7,7
1458,16393,12:36:00,0,119.00,0,16.8900,3.2800,1.0900,0.1190,1,ACTIVE,5,7,7
1458,16394,12:36:30,0,110.00,0,2.0800,0.5790,0.0880,0.0292,1,ACTIVE,5,7,7
1458,16395,12:37:00,0,235.00,0,3.2700,0.6180,0.2090,0.0650,1,ACTIVE,5,7,7
1458,16396,12:37:30,0,295.00,0,1.0100,0.3840,0.0173,0.0059,1,ACTIVE,5,7,7
1458,16397,12:38:00,0,371.00,0,11.0200,3.0700,0.4770,0.0512,1,ACTIVE,5,7,7
1458,16398,12:38:30,0,251.00,0,6.1000,2.2700,0.1220,0.0173,1,ACTIVE,5,7,7
1458,16399,12:39:00,0,371.00,0,5.1400,1.8300,0.1220,0.0292,1,ACTIVE,5,7,7
1458,16400,12:39:30,0,206.00,0,19.0000,7.8000,0.1920,0.0756,1,ACTIVE,5,7,7
1458,16401,12:40:00,0,220.00,0,3.0700,0.7350,0.1580,0.0523,1,ACTIVE,5,7,7
1458,16402,12:40:30,0,251.00,0,35.2600,14.3000,0.4010,0.1300,1,ACTIVE,5,7,7
1458,16403,12:41:00,0,408.00,0,1.5300,0.4770,0.0523,0.0173,1,ACTIVE,5,7,7
1458,16404,12:41:30,0,562.00,0,1.8100,0.4570,0.0880,0.0292,1,ACTIVE,5,7,7
1458,16405,12:42:00,0,163.00,0,1.6400,0.5200,0.0523,0.0292,1,ACTIVE,5,7,7
1458,16406,12:42:30,0,137.00,0,4.3500,1.6000,0.0880,0.0292,1,ACTIVE,5,7,7
1458,16407,12:43:00,0,147.00,0,0.8700,0.3230,0.0173,0.0059,1,ACTIVE,5,7,7
1458,16408,12:43:30,0,24.00,0,1.0800,0.4190,0.0173,0.0059,1,ACTIVE,5,7,7
1458,16409,12:44:00,0,32.00,0,1.3100,0.3760,0.0523,0.0173,1,ACTIVE,5,7,7
1458,16410,12:44:30,0,22.00,0,1.2600,0.3520,0.0523,0.0173,1,ACTIVE,5,7,7
1458,16411,12:45:00,0,18.00,0,1.1000,0.4190,0.0173,0.0173,1,ACTIVE,5,7,7
1458,16412,12:45:30,0,21.00,0,1.0500,0.3230,0.0378,0.0023,1,ACTIVE,5,7,7
1458,16413,12:46:00,0,9.00,0,1.2900,0.3680,0.0523,0.0173,0,ACTIVE,5,7,7
1458,16414,12:46:30,0,27.00,0,1.0600,0.4010,0.0173,0.0173,1,ACTIVE,5,7,7
1458,16415,12:47:00,0,0.00,0,1.6000,0.5090,0.0523,0.0173,0,ACTIVE,5,7,7
1458,16416,12:47:30,0,24.00,0,1.7900,0.5920,0.0523,0.0173,1,ACTIVE,5,7,7
1458,16417,12:48:00,0,8.00,0,1.7600,0.5790,0.0523,0.0173,0,ACTIVE,5,7,7
1458,16418,12:48:30,0,7.00,0,1.7600,0.5790,0.0523,0.0173,0,ACTIVE,5,7,7
1458,16419,12:49:00,0,8.00,0,1.6500,0.5310,0.0523,0.0173,1,ACTIVE,5,7,7
1458,16420,12:49:30,0,15.00,0,1.5500,0.4870,0.0523,0.0173,1,ACTIVE,5,7,7
1458,16421,12:50:00,0,115.00,0,1.0100,0.3840,0.0173,0.0059,1,ACTIVE,5,7,7
1458,16422,12:50:30,0,110.00,0,0.5900,0.1960,0.0173,0.0059,1,ACTIVE,5,7,7
1458,16423,12:51:00,0,46.00,0,0.3800,0.1020,0.0173,0.0059,1,ACTIVE,5,7,7
1458,16424,12:51:30,0,32.00,0,0.8000,0.2900,0.0173,0.0059,1,ACTIVE,5,7,7
1458,16425,12:52:00,0,57.00,0,1.0800,0.4190,0.0173,0.0059,1,ACTIVE,5,7,7
1458,16426,12:52:30,0,57.00,0,0.8900,0.3300,0.0173,0.0059,1,ACTIVE,5,7,7
1458,16427,12:53:00,0,73.00,0,0.4500,0.1300,0.0173,0.0059,1,ACTIVE,5,7,7
1458,16428,12:53:30,0,39.00,0,1.0600,0.4100,0.0173,0.0059,1,ACTIVE,5,7,7
1458,16429,12:54:00,0,46.00,0,1.5500,0.6320,0.0173,0.0059,1,ACTIVE,5,7,7
1458,16430,12:54:30,0,119.00,0,0.4200,0.1190,0.0173,0.0059,1,ACTIVE,5,7,7
1458,16431,12:55:00,0,14.00,0,0.7800,0.2840,0.0173,0.0059,1,ACTIVE,5,7,7
1458,16432,12:55:30,0,59.00,0,0.5600,0.1840,0.0173,0.0059,1,ACTIVE,5,7,7
1458,16433,12:56:00,0,66.00,0,8.3900,3.4200,0.0880,0.0523,1,ACTIVE,5,7,7
1458,16434,12:56:30,0,42.00,0,0.7600,0.2720,0.0173,0.0059,1,ACTIVE,5,7,7
1458,16435,12:57:00,0,57.00,0,0.3000,0.1190,0.0012,0.0215,1,ACTIVE,5,7,7
1458,16436,12:57:30,0,18.00,0,0.5600,0.1760,0.0173,0.0173,1,ACTIVE,5,7,7
1458,16437,12:58:00,0,10.00,0,0.9100,0.1960,0.0523,0.0173,1,ACTIVE,5,7,7
1458,16438,12:58:30,0,22.00,0,2.4500,0.8940,0.0523,0.0173,1,ACTIVE,5,7,7
1458,16439,12:59:00,0,42.00,0,2.0000,0.6890,0.0523,0.0173,1,ACTIVE,5,7,7
1458,16440,12:59:30,0,19.00,0,3.1500,1.0600,0.0880,0.0292,1,ACTIVE,5,7,7
1458,16441,13:00:00,0,73.00,0,1.7600,0.5790,0.0523,0.0173,1,ACTIVE,5,7,7
1458,16442,13:00:30,0,124.00,0,0.5200,0.1650,0.0173,0.0059,1,ACTIVE,5,7,7
1458,16443,13:01:00,0,277.00,0,0.8000,0.2900,0.0173,0.0059,1,ACTIVE,5,7,7
1458,16444,13:01:30,0,228.00,0,3.1000,0.6050,0.1920,0.0756,1,ACTIVE,5,7,7
1458,16445,13:02:00,0,220.00,0,2.7100,0.7200,0.1220,0.0523,1,ACTIVE,5,7,7
1458,16446,13:02:30,0,527.00,0,3.8500,0.8750,0.2090,0.0756,1,ACTIVE,5,7,7
1458,16447,13:03:00,0,479.00,0,0.3800,0.1020,0.0173,0.0059,1,ACTIVE,5,7,7
1458,16448,13:03:30,0,206.00,0,0.2100,0.0256,0.0173,0.0059,1,ACTIVE,5,7,7
1458,16449,13:04:00,0,83.00,0,0.2300,0.0339,0.0173,0.0059,1,ACTIVE,5,7,7
1458,16450,13:04:30,0,96.00,0,0.2300,0.0339,0.0173,0.0059,1,ACTIVE,5,7,7
1458,16451,13:05:00,0,55.00,0,0.2300,0.0339,0.0173,0.0059,1,ACTIVE,5,7,7
1458,16452,13:05:30,0,24.00,0,0.2500,0.0431,0.0173,0.0059,1,ACTIVE,5,7,7
1458,16453,13:06:00,0,48.00,0,0.2500,0.0431,0.0173,0.0059,1,ACTIVE,5,7,7
1458,16454,13:06:30,0,37.00,0,0.2500,0.0431,0.0173,0.0059,1,ACTIVE,5,7,7
1458,16455,13:07:00,0,8.00,0,0.2300,0.0339,0.0173,0.0059,0,ACTIVE,5,7,7
1458,16456,13:07:30,0,12.00,0,0.0700,0.0292,0.0000,0.0059,0,ACTIVE,5,7,7
1458,16457,13:08:00,0,1.00,0,0.0700,0.0292,0.0000,0.0059,0,ACTIVE,5,7,7
1458,16458,13:08:30,0,3.00,0,0.2100,0.0256,0.0173,0.0059,0,ACTIVE,5,7,7
1458,16459,13:09:00,0,3.00,0,0.0400,0.0146,0.0000,0.0059,0,ACTIVE,5,7,7
1458,16460,13:09:30,0,10.00,0,0.0700,0.0292,0.0000,0.0059,1,ACTIVE,5,7,7
1458,16461,13:10:00,0,0.00,0,0.2100,0.0256,0.0173,0.0059,1,ACTIVE,5,7,7
1458,16462,13:10:30,0,110.00,0,0.2300,0.0339,0.0173,0.0059,1,ACTIVE,5,7,7
1458,16463,13:11:00,0,119.00,0,0.3100,0.0679,0.0173,0.0059,1,ACTIVE,5,7,7
1458,16464,13:11:30,0,163.00,0,0.3100,0.0679,0.0173,0.0059,1,ACTIVE,5,7,7
1458,16465,13:12:00,0,163.00,0,0.3300,0.0773,0.0173,0.0059,1,ACTIVE,5,7,7
1458,16466,13:12:30,0,106.00,0,0.1400,0.0583,0.0000,0.0059,1,ACTIVE,5,7,7
1458,16467,13:13:00,0,73.00,0,0.0700,0.0292,0.0000,0.0059,1,ACTIVE,5,7,7
1458,16468,13:13:30,0,73.00,0,0.5100,0.1580,0.0173,0.0059,1,ACTIVE,5,7,7
1458,16469,13:14:00,0,44.00,0,0.6100,0.2050,0.0173,0.0059,1,ACTIVE,5,7,7
1458,16470,13:14:30,0,20.00,0,0.4100,0.1120,0.0173,0.0059,1,ACTIVE,5,7,7
1458,16471,13:15:00,0,0.00,0,0.8100,0.2140,0.0378,0.0023,0,ACTIVE,5,7,7
1458,16472,13:15:30,0,1.00,0,0.8100,0.2140,0.0378,0.0023,1,ACTIVE,5,7,7
1458,16473,13:16:00,0,48.00,0,0.5900,0.1960,0.0173,0.0059,1,ACTIVE,5,7,7
1458,16474,13:16:30,0,83.00,0,0.4100,0.1120,0.0173,0.0059,1,ACTIVE,5,7,7
1458,16475,13:17:00,0,106.00,0,0.0300,0.0146,0.0000,0.0000,1,ACTIVE,5,7,7
1458,16476,13:17:30,0,163.00,0,0.2100,0.0256,0.0173,0.0059,1,ACTIVE,5,7,7
1458,16477,13:18:00,0,206.00,0,0.2900,0.0596,0.0173,0.0059,1,ACTIVE,5,7,7
1458,16478,13:18:30,0,152.00,0,0.2500,0.0431,0.0173,0.0059,1,ACTIVE,5,7,7
1458,16479,13:19:00,0,206.00,0,0.2300,0.0339,0.0173,0.0059,1,ACTIVE,5,7,7
1458,16480,13:19:30,0,152.00,0,0.2500,0.0431,0.0173,0.0059,1,ACTIVE,5,7,7
1458,16481,13:20:00,0,235.00,0,0.2100,0.0256,0.0173,0.0059,1,ACTIVE,5,7,7
1458,16482,13:20:30,0,163.00,0,0.2100,0.0256,0.0173,0.0059,1,ACTIVE,5,7,7
1458,16483,13:21:00,0,348.00,0,0.1400,0.0583,0.0000,0.0059,1,ACTIVE,5,7,7
1458,16484,13:21:30,0,383.00,0,0.5200,0.1650,0.0173,0.0059,1,ACTIVE,5,7,7
1458,16485,13:22:00,0,251.00,0,11.1900,2.8200,0.5430,0.1880,1,ACTIVE,5,7,7
1458,16486,13:22:30,0,186.00,0,12.8900,3.4200,0.5790,0.2280,1,ACTIVE,5,7,7
1458,16487,13:23:00,0,464.00,0,16.1500,4.7400,0.6180,0.2380,1,ACTIVE,5,7,7
1458,16488,13:23:30,0,383.00,0,20.5500,6.7000,0.6180,0.2960,1,ACTIVE,5,7,7
1458,16489,13:24:00,0,435.00,0,0.4500,0.1300,0.0173,0.0059,1,ACTIVE,5,7,7
1458,16490,13:24:30,0,337.00,0,0.4500,0.1300,0.0173,0.0059,1,ACTIVE,5,7,7
1458,16491,13:25:00,0,315.00,0,0.5400,0.1650,0.0173,0.0173,1,ACTIVE,5,7,7
1458,16492,13:25:30,0,395.00,0,0.2500,0.0431,0.0173,0.0059,1,ACTIVE,5,7,7
1458,16493,13:26:00,0,305.00,0,0.1300,0.0583,0.0000,0.0000,1,ACTIVE,5,7,7
1458,16494,13:26:30,0,147.00,0,83.3200,18.9000,4.5400,1.5700,1,ACTIVE,5,7,7
1458,16495,13:27:00,0,193.00,0,11.9800,2.8200,0.6460,0.0939,1,ACTIVE,5,7,7
1458,16496,13:27:30,0,119.00,0,28.4600,7.6300,1.2600,0.4870,1,ACTIVE,5,7,7
1458,16497,13:28:00,0,119.00,0,41.3600,13.1000,1.3500,0.5200,1,ACTIVE,5,7,7
1458,16498,13:28:30,0,137.00,0,52.0200,12.8000,2.5800,0.9540,1,ACTIVE,5,7,7
1458,16499,13:29:00,0,16.00,0,80.0100,21.1000,3.6500,1.2400,1,ACTIVE,5,7,7
1458,16500,13:29:30,0,163.00,0,41.2400,9.4700,2.2200,0.7850,1,ACTIVE,5,7,7
1458,16501,13:30:00,0,132.00,0,1444.050,148.0000,122.0000,43.2000,1,ACTIVE,5,7,7
1458,16502,13:30:30,0,168.00,0,219.5300,29.9000,16.6000,7.1500,1,ACTIVE,5,7,7
1458,16503,13:31:00,0,137.00,0,318.3400,19.4000,29.9000,12.8000,1,ACTIVE,5,7,7
1458,16504,13:31:30,0,158.00,0,75.3200,14.0000,4.8400,1.8300,1,ACTIVE,5,7,7
1458,16505,13:32:00,0,152.00,0,191.7400,9.8900,18.5000,6.8500,1,ACTIVE,5,7,7
1458,16506,13:32:30,0,100.00,0,69.8800,12.3000,4.6400,1.9500,1,ACTIVE,5,7,7
1458,16507,13:33:00,0,199.00,0,174.0900,20.7000,13.7000,7.8000,1,ACTIVE,5,7,7
1458,16508,13:33:30,0,106.00,0,59.3300,14.0000,3.1400,0.8370,1,ACTIVE,5,7,7
1458,16509,13:34:00,0,106.00,0,50.6200,12.3000,2.5800,0.7680,1,ACTIVE,5,7,7
1458,16510,13:34:30,0,128.00,0,74.9600,18.5000,3.8100,0.5200,1,ACTIVE,5,7,7
1458,16511,13:35:00,0,141.00,0,163.7900,41.3000,8.1400,1.0400,1,ACTIVE,5,7,7
1458,16512,13:35:30,0,132.00,0,123.4000,24.6000,7.6300,2.0800,1,ACTIVE,5,7,7
1458,16513,13:36:00,0,119.00,0,41.4900,9.0700,2.3700,0.6320,1,ACTIVE,5,7,7
1458,16514,13:36:30,0,66.00,0,65.8000,13.4000,3.9800,1.1800,1,ACTIVE,5,7,7
1458,16515,13:37:00,0,106.00,0,53.8800,12.0000,3.0100,0.8940,1,ACTIVE,5,7,7
1458,16516,13:37:30,0,44.00,0,15.8700,3.3500,0.9330,0.2720,1,ACTIVE,5,7,7
1458,16517,13:38:00,0,106.00,0,30.5100,9.4700,1.0400,0.4190,1,ACTIVE,5,7,7
1458,16518,13:38:30,0,206.00,0,15.3100,4.1600,0.6740,0.1960,1,ACTIVE,5,7,7
1458,16519,13:39:00,0,124.00,0,45.4700,9.6800,2.6400,0.8750,1,ACTIVE,5,7,7
1458,16520,13:39:30,0,152.00,0,132.4300,18.9000,9.6800,5.2800,1,ACTIVE,5,7,7
1458,16521,13:40:00,0,259.00,0,10.1600,3.7300,0.2090,0.0650,1,ACTIVE,5,7,7
1458,16522,13:40:30,0,152.00,0,16.2800,5.2800,0.5090,0.1390,1,ACTIVE,5,7,7
1458,16523,13:41:00,0,119.00,0,20.9700,5.1700,1.0400,0.4100,1,ACTIVE,5,7,7
1458,16524,13:41:30,0,199.00,0,57.4000,14.0000,2.8800,1.1600,1,ACTIVE,5,7,7
1458,16525,13:42:00,0,19.00,0,77.4700,16.3000,4.5400,1.6000,1,ACTIVE,5,7,7
1458,16526,13:42:30,0,0.00,0,71.9100,14.9000,4.2500,1.5400,1,ACTIVE,5,7,7
1458,16527,13:43:00,0,46.00,0,45.9300,10.6000,2.4700,0.8560,1,ACTIVE,5,7,7
1458,16528,13:43:30,0,31.00,0,1521.350,184.0000,122.0000,41.3000,1,ACTIVE,5,7,7
1458,16529,13:44:00,0,147.00,0,752.7300,114.0000,54.8000,18.5000,1,ACTIVE,5,7,7
1458,16530,13:44:30,0,93.00,0,24.2700,8.8800,0.5090,0.1760,1,ACTIVE,5,7,7
1458,16531,13:45:00,0,199.00,0,35.1100,7.6300,1.9900,0.7350,1,ACTIVE,5,7,7
1458,16532,13:45:30,0,61.00,0,38.4000,7.4700,2.3700,1.0600,1,ACTIVE,5,7,7
1458,16533,13:46:00,0,100.00,0,167.0700,37.1000,9.2700,3.5700,1,ACTIVE,5,7,7
1458,16534,13:46:30,0,35.00,0,58.1300,15.6000,2.5800,0.9540,1,ACTIVE,5,7,7
1458,16535,13:47:00,0,55.00,0,44.1100,9.8900,2.4200,0.9540,1,ACTIVE,5,7,7
1458,16536,13:47:30,0,66.00,0,36.4000,8.8800,1.8300,0.7200,1,ACTIVE,5,7,7
1458,16537,13:48:00,0,77.00,0,55.2900,14.3000,2.5800,0.9750,1,ACTIVE,5,7,7
1458,16538,13:48:30,0,14.00,0,334.8000,86.3000,15.6000,6.8500,1,ACTIVE,5,7,7
1458,16539,13:49:00,0,0.00,0,323.6300,82.7000,15.3000,6.7000,0,ACTIVE,5,7,7
1458,16540,13:49:30,0,0.00,0,280.6100,71.0000,13.4000,5.7600,0,ACTIVE,5,7,7
1458,16541,13:50:00,0,5.00,0,240.5700,59.7000,11.8000,5.0600,0,ACTIVE,5,7,7
1458,16542,13:50:30,0,0.00,0,200.0200,49.1000,9.8900,4.3400,0,ACTIVE,5,7,7
1458,16543,13:51:00,0,0.00,0,159.6500,39.6000,7.8000,3.5700,0,ACTIVE,5,7,7
1458,16544,13:51:30,0,14.00,0,103.3600,25.7000,5.0600,2.1700,1,ACTIVE,5,7,7
1458,16545,13:52:00,0,63.00,0,52.7700,12.8000,2.6400,1.1800,1,ACTIVE,5,7,7
1458,16546,13:52:30,0,16.00,0,58.1100,13.1000,3.1400,1.5000,1,ACTIVE,5,7,7
1458,16547,13:53:00,0,0.00,0,61.3800,14.0000,3.2800,1.6000,0,ACTIVE,5,7,7
1458,16548,13:53:30,0,20.00,0,52.0800,14.3000,2.2200,0.9540,1,ACTIVE,5,7,7
1458,16549,13:54:00,0,3.00,0,58.4200,18.5000,1.9100,0.6740,0,ACTIVE,5,7,7
1458,16550,13:54:30,0,0.00,0,58.0500,18.5000,1.8700,0.6600,0,ACTIVE,5,7,7
1458,16551,13:55:00,0,0.00,0,58.4200,18.5000,1.9100,0.6740,0,ACTIVE,5,7,7
1458,16552,13:55:30,0,0.00,0,57.6800,18.5000,1.8300,0.6460,0,ACTIVE,5,7,7
1458,16553,13:56:00,0,0.00,0,57.6800,18.5000,1.8300,0.6460,0,ACTIVE,5,7,7
1458,16554,13:56:30,0,0.00,0,58.0700,18.5000,1.8700,0.6740,0,ACTIVE,5,7,7
1458,16555,13:57:00,0,0.00,0,58.9600,18.9000,1.8700,0.6740,0,ACTIVE,5,7,7
1458,16556,13:57:30,0,30.00,0,54.3700,17.4000,1.7500,0.5920,1,ACTIVE,5,7,7
1458,16557,13:58:00,0,7.00,0,39.0500,12.6000,1.2400,0.4280,0,ACTIVE,5,7,7
1458,16558,13:58:30,0,15.00,0,88.7500,27.4000,3.0700,1.2100,1,ACTIVE,5,7,7
1458,16559,13:59:00,0,0.00,0,83.0700,24.6000,3.1400,1.1600,0,ACTIVE,5,7,7
1458,16560,13:59:30,0,35.00,0,84.3500,26.2000,2.8800,1.0900,1,ACTIVE,5,7,7
1458,16561,14:00:00,0,20.00,0,8.7600,2.3700,0.3840,0.1510,1,ACTIVE,5,7,7
1458,16562,14:00:30,0,70.00,0,134.4000,29.9000,7.4700,2.7600,1,ACTIVE,5,7,7
1458,16563,14:01:00,0,0.00,0,32.0700,6.5600,1.9100,0.8020,0,ACTIVE,5,7,7
1458,16564,14:01:30,0,44.00,0,30.8900,6.0100,1.9100,0.8200,1,ACTIVE,5,7,7
1458,16565,14:02:00,0,1.00,0,30.4800,5.6300,1.9500,0.8750,0,ACTIVE,5,7,7
1458,16566,14:02:30,0,10.00,0,30.0900,5.6300,1.9100,0.8560,0,ACTIVE,5,7,7
1458,16567,14:03:00,0,3.00,0,32.3100,5.7600,2.1300,0.8940,0,ACTIVE,5,7,7
1458,16568,14:03:30,0,1.00,0,33.0200,5.8800,2.1700,0.9130,0,ACTIVE,5,7,7
1458,16569,14:04:00,0,55.00,0,68.0800,16.6000,3.4200,1.2100,1,ACTIVE,5,7,7
1458,16570,14:04:30,0,30.00,0,90.0100,23.5000,4.1600,1.4400,1,ACTIVE,5,7,7
1458,16571,14:05:00,0,35.00,0,59.1000,16.3000,2.5300,0.8940,1,ACTIVE,5,7,7
1458,16572,14:05:30,0,19.00,0,60.2500,14.3000,3.1400,1.0600,1,ACTIVE,5,7,7
1458,16573,14:06:00,0,28.00,0,43.0900,11.8000,1.8700,0.6740,1,ACTIVE,5,7,7
1458,16574,14:06:30,0,31.00,0,47.1800,13.1000,1.9900,0.6890,1,ACTIVE,5,7,7
1458,16575,14:07:00,0,193.00,0,41.1900,11.0000,1.8300,0.7510,1,ACTIVE,5,7,7
1458,16576,14:07:30,0,199.00,0,27.8100,6.8500,1.3800,0.5550,1,ACTIVE,5,7,7
1458,16577,14:08:00,0,268.00,0,22.8400,7.8000,0.6180,0.1760,1,ACTIVE,5,7,7
1458,16578,14:08:30,0,158.00,0,38.3000,14.3000,0.7350,0.2380,1,ACTIVE,5,7,7
1458,16579,14:09:00,0,141.00,0,44.0200,17.0000,0.7040,0.2490,1,ACTIVE,5,7,7
1458,16580,14:09:30,0,152.00,0,56.2700,19.4000,1.4700,0.5430,1,ACTIVE,5,7,7
1458,16581,14:10:00,0,132.00,0,109.0000,26.8000,5.3900,2.3200,1,ACTIVE,5,7,7
1458,16582,14:10:30,0,77.00,0,9.1700,3.5000,0.1580,0.0523,1,ACTIVE,5,7,7
1458,16583,14:11:00,0,206.00,0,22.6600,8.8800,0.1090,1.9100,1,ACTIVE,5,7,7
1458,16584,14:11:30,0,68.00,0,22.4800,3.2100,1.6700,0.6600,1,ACTIVE,5,7,7
1458,16585,14:12:00,0,15.00,0,31.4700,5.3900,2.1300,0.8560,1,ACTIVE,5,7,7
1458,16586,14:12:30,0,77.00,0,101.1900,9.4700,8.6900,3.8100,1,ACTIVE,5,7,7
1458,16587,14:13:00,0,243.00,0,19.1300,2.7000,1.4400,0.5200,1,ACTIVE,5,7,7
1458,16588,14:13:30,0,199.00,0,6.9200,1.7900,0.3160,0.1880,1,ACTIVE,5,7,7
1458,16589,14:14:00,0,110.00,0,19.8300,8.3200,0.1580,0.0523,1,ACTIVE,5,7,7
1458,16590,14:14:30,0,119.00,0,8.3300,2.3200,0.3520,0.1170,1,ACTIVE,5,7,7
1458,16591,14:15:00,0,295.00,0,0.8800,0.3230,0.0173,0.0173,1,ACTIVE,5,7,7
1458,16592,14:15:30,0,186.00,0,4.0100,0.4870,0.3160,0.1510,1,ACTIVE,5,7,7
1458,16593,14:16:00,0,243.00,0,3.9000,0.7510,0.2440,0.0981,1,ACTIVE,5,7,7
1458,16594,14:16:30,0,235.00,0,23.3600,8.3200,0.5430,0.1960,1,ACTIVE,5,7,7
1458,16595,14:17:00,0,212.00,0,34.7200,7.8000,1.9100,0.7200,1,ACTIVE,5,7,7
1458,16596,14:17:30,0,16.00,0,54.8800,15.3000,2.3200,0.7850,1,ACTIVE,5,7,7
1458,16597,14:18:00,0,83.00,0,168.0100,16.6000,14.0000,7.9700,1,ACTIVE,5,7,7
1458,16598,14:18:30,0,119.00,0,6.9000,1.3200,0.4370,0.1390,1,ACTIVE,5,7,7
1458,16599,14:19:00,0,132.00,0,2.1400,0.4670,0.1220,0.0412,1,ACTIVE,5,7,7
1458,16600,14:19:30,0,70.00,0,2.8700,0.6460,0.1580,0.0523,1,ACTIVE,5,7,7
1458,16601,14:20:00,0,22.00,0,2.0300,0.4100,0.1220,0.0523,1,ACTIVE,5,7,7
1458,16602,14:20:30,0,46.00,0,2.3900,0.5790,0.1220,0.0412,1,ACTIVE,5,7,7
1458,16603,14:21:00,0,70.00,0,3.1200,0.6180,0.1920,0.0650,1,ACTIVE,5,7,7
1458,16604,14:21:30,0,103.00,0,5.0400,0.9750,0.3160,0.1050,1,ACTIVE,5,7,7
1458,16605,14:22:00,0,21.00,0,1.9100,0.3600,0.1220,0.0412,1,ACTIVE,5,7,7
1458,16606,14:22:30,0,19.00,0,0.8700,0.1800,0.0523,0.0173,1,ACTIVE,5,7,7
1458,16607,14:23:00,0,96.00,0,2.5200,0.5790,0.1390,0.0206,1,ACTIVE,5,7,7
1458,16608,14:23:30,0,147.00,0,2.7400,0.4470,0.1920,0.0650,1,ACTIVE,5,7,7
1458,16609,14:24:00,0,163.00,0,5.3000,0.9540,0.3600,0.0395,1,ACTIVE,5,7,7
1458,16610,14:24:30,0,73.00,0,2.9100,0.6600,0.1580,0.0650,1,ACTIVE,5,7,7
1458,16611,14:25:00,0,73.00,0,10.1500,1.7900,0.6740,0.2720,1,ACTIVE,5,7,7
1458,16612,14:25:30,0,124.00,0,5.4500,0.8750,0.3840,0.1390,1,ACTIVE,5,7,7
1458,16613,14:26:00,0,103.00,0,15.9700,3.2800,0.9540,0.3370,1,ACTIVE,5,7,7
1458,16614,14:26:30,0,48.00,0,14.6600,4.0700,0.6180,0.2230,1,ACTIVE,5,7,7
1458,16615,14:27:00,0,147.00,0,27.0600,7.1500,1.2400,0.3920,1,ACTIVE,5,7,7
1458,16616,14:27:30,0,152.00,0,20.9400,6.8500,0.6320,0.2490,1,ACTIVE,5,7,7
1458,16617,14:28:00,0,59.00,0,5.9800,1.1100,0.3840,0.1510,1,ACTIVE,5,7,7
1458,16618,14:28:30,0,163.00,0,18.1400,2.9400,1.2600,0.5200,1,ACTIVE,5,7,7
1458,16619,14:29:00,0,193.00,0,21.8300,6.0100,0.9330,0.3370,1,ACTIVE,5,7,7
1458,16620,14:29:30,0,421.00,0,16.8100,5.6300,0.4770,0.1650,1,ACTIVE,5,7,7
1458,16621,14:30:00,0,199.00,0,10.7100,4.3400,0.1220,0.0412,1,ACTIVE,5,7,7
1458,16622,14:30:30,0,147.00,0,317.2600,54.8000,21.1000,10.3000,1,ACTIVE,5,7,7
1458,16623,14:31:00,0,179.00,0,15.5300,1.9100,1.2100,0.6600,1,ACTIVE,5,7,7
1458,16624,14:31:30,0,152.00,0,6.6100,0.8560,0.5090,0.2380,1,ACTIVE,5,7,7
1458,16625,14:32:00,0,174.00,0,0.3100,0.0679,0.0173,0.0059,1,ACTIVE,5,7,7
1458,16626,14:32:30,0,168.00,0,0.2100,0.0256,0.0173,0.0059,1,ACTIVE,5,7,7
1458,16627,14:33:00,0,158.00,0,0.2100,0.0256,0.0173,0.0059,1,ACTIVE,5,7,7
1458,16628,14:33:30,0,73.00,0,0.2100,0.0256,0.0173,0.0059,1,ACTIVE,5,7,7
1458,16629,14:34:00,0,315.00,0,0.2400,0.0596,0.0125,0.0000,1,ACTIVE,5,7,7
1458,16630,14:34:30,0,163.00,0,0.2500,0.0431,0.0173,0.0059,1,ACTIVE,5,7,7
1458,16631,14:35:00,0,251.00,0,0.3500,0.0861,0.0173,0.0059,1,ACTIVE,5,7,7
1458,16632,14:35:30,0,152.00,0,0.3500,0.0861,0.0173,0.0059,1,ACTIVE,5,7,7
1458,16633,14:36:00,0,77.00,0,0.2500,0.0431,0.0173,0.0059,1,ACTIVE,5,7,7
1458,16634,14:36:30,0,228.00,0,0.5600,0.1840,0.0173,0.0059,1,ACTIVE,5,7,7
1458,16635,14:37:00,0,235.00,0,0.3300,0.0773,0.0173,0.0059,1,ACTIVE,5,7,7
1458,16636,14:37:30,0,206.00,0,0.2900,0.0596,0.0173,0.0059,1,ACTIVE,5,7,7
1458,16637,14:38:00,0,174.00,0,0.2500,0.0431,0.0173,0.0059,1,ACTIVE,5,7,7
1458,16638,14:38:30,0,259.00,0,0.2300,0.0339,0.0173,0.0059,1,ACTIVE,5,7,7
1458,16639,14:39:00,0,235.00,0,0.3700,0.0939,0.0173,0.0059,1,ACTIVE,5,7,7
1458,16640,14:39:30,0,212.00,0,0.2300,0.0339,0.0173,0.0059,1,ACTIVE,5,7,7
1458,16641,14:40:00,0,1.00,0,0.2300,0.0339,0.0173,0.0059,1,ACTIVE,5,7,7
1458,16642,14:40:30,0,2.00,0,0.2300,0.0339,0.0173,0.0059,1,ACTIVE,5,7,7
1458,16643,14:41:00,0,30.00,0,0.2100,0.0256,0.0173,0.0059,1,ACTIVE,5,7,7
1458,16644,14:41:30,0,132.00,0,0.2100,0.0256,0.0173,0.0059,1,ACTIVE,5,7,7
1458,16645,14:42:00,0,8.00,0,0.1900,0.0128,0.0173,0.0059,1,ACTIVE,5,7,7
1458,16646,14:42:30,0,12.00,0,0.1900,0.0128,0.0173,0.0059,1,ACTIVE,5,7,7
1458,16647,14:43:00,0,147.00,0,0.2300,0.0339,0.0173,0.0059,1,ACTIVE,5,7,7
1458,16648,14:43:30,0,1.00,0,0.2300,0.0339,0.0173,0.0059,1,ACTIVE,5,7,7
1458,16649,14:44:00,0,193.00,0,0.2300,0.0339,0.0173,0.0059,1,ACTIVE,5,7,7
1458,16650,14:44:30,0,25.00,0,0.2700,0.0512,0.0173,0.0059,1,ACTIVE,5,7,7
1458,16651,14:45:00,0,199.00,0,0.2700,0.0512,0.0173,0.0059,1,ACTIVE,5,7,7
1458,16652,14:45:30,0,220.00,0,0.3300,0.0773,0.0173,0.0059,1,ACTIVE,5,7,7
1458,16653,14:46:00,0,228.00,0,0.2900,0.0596,0.0173,0.0059,1,ACTIVE,5,7,7
1458,16654,14:46:30,0,268.00,0,0.2700,0.0512,0.0173,0.0059,1,ACTIVE,5,7,7
1458,16655,14:47:00,0,326.00,0,0.2500,0.0431,0.0173,0.0059,1,ACTIVE,5,7,7
1458,16656,14:47:30,0,12.00,0,0.2100,0.0256,0.0173,0.0059,1,ACTIVE,5,7,7
1458,16657,14:48:00,0,1.00,0,0.2300,0.0339,0.0173,0.0059,1,ACTIVE,5,7,7
1458,16658,14:48:30,0,1.00,0,0.2100,0.0256,0.0173,0.0059,1,ACTIVE,5,7,7
1458,16659,14:49:00,0,53.00,0,0.2100,0.0256,0.0173,0.0059,1,ACTIVE,5,7,7
1458,16660,14:49:30,0,86.00,0,0.2100,0.0256,0.0173,0.0059,1,ACTIVE,5,7,7
1458,16661,14:50:00,0,0.00,0,0.1900,0.0128,0.0173,0.0059,0,ACTIVE,5,7,7
1458,16662,14:50:30,0,3.00,0,0.1900,0.0128,0.0173,0.0059,0,ACTIVE,5,7,7
1458,16663,14:51:00,0,0.00,0,0.1900,0.0128,0.0173,0.0059,0,ACTIVE,5,7,7
1458,16664,14:51:30,0,0.00,0,0.1900,0.0128,0.0173,0.0059,0,ACTIVE,5,7,7
1458,16665,14:52:00,0,0.00,0,0.1900,0.0128,0.0173,0.0059,0,ACTIVE,5,7,7
1458,16666,14:52:30,0,0.00,0,0.1900,0.0128,0.0173,0.0059,0,ACTIVE,5,7,7
1458,16667,14:53:00,0,0.00,0,0.1900,0.0128,0.0173,0.0059,0,ACTIVE,5,7,7
1458,16668,14:53:30,0,0.00,0,0.1900,0.0128,0.0173,0.0059,0,ACTIVE,5,7,7
1458,16669,14:54:00,0,0.00,0,0.1900,0.0128,0.0173,0.0059,0,ACTIVE,5,7,7
1458,16670,14:54:30,0,9.00,0,0.1900,0.0128,0.0173,0.0059,0,ACTIVE,5,7,7
1458,16671,14:55:00,0,0.00,0,0.1900,0.0128,0.0173,0.0059,0,ACTIVE,5,7,7
1458,16672,14:55:30,0,0.00,0,0.1900,0.0128,0.0173,0.0059,0,ACTIVE,5,7,7
1458,16673,14:56:00,0,0.00,0,0.1900,0.0128,0.0173,0.0059,0,ACTIVE,5,7,7
1458,16674,14:56:30,0,7.00,0,0.1900,0.0128,0.0173,0.0059,0,ACTIVE,5,7,7
1458,16675,14:57:00,0,0.00,0,0.1900,0.0128,0.0173,0.0059,0,ACTIVE,5,7,7
1458,16676,14:57:30,0,0.00,0,0.1900,0.0128,0.0173,0.0059,0,ACTIVE,5,7,7
1458,16677,14:58:00,0,0.00,0,0.1900,0.0128,0.0173,0.0059,0,ACTIVE,5,7,7
1458,16678,14:58:30,0,103.00,0,0.1900,0.0128,0.0173,0.0059,1,ACTIVE,5,7,7
1458,16679,14:59:00,0,37.00,0,0.2300,0.0339,0.0173,0.0059,1,ACTIVE,5,7,7
1458,16680,14:59:30,0,37.00,0,0.2100,0.0256,0.0173,0.0059,1,ACTIVE,5,7,7
1458,16681,15:00:00,0,2.00,0,0.2100,0.0256,0.0173,0.0059,0,ACTIVE,5,7,7
1458,16682,15:00:30,0,0.00,0,0.1900,0.0128,0.0173,0.0059,0,ACTIVE,5,7,7
1458,16683,15:01:00,0,0.00,0,0.1900,0.0128,0.0173,0.0059,0,ACTIVE,5,7,7
1458,16684,15:01:30,0,0.00,0,0.1900,0.0128,0.0173,0.0059,0,ACTIVE,5,7,7
1458,16685,15:02:00,0,0.00,0,0.1900,0.0128,0.0173,0.0059,0,ACTIVE,5,7,7
1458,16686,15:02:30,0,5.00,0,0.1900,0.0128,0.0173,0.0059,0,ACTIVE,5,7,7
1458,16687,15:03:00,0,1.00,0,0.1900,0.0128,0.0173,0.0059,0,ACTIVE,5,7,7
1458,16688,15:03:30,0,4.00,0,0.1900,0.0128,0.0173,0.0059,0,ACTIVE,5,7,7
1458,16689,15:04:00,0,0.00,0,0.1900,0.0128,0.0173,0.0059,0,ACTIVE,5,7,7
1458,16690,15:04:30,0,1.00,0,0.1900,0.0128,0.0173,0.0059,0,ACTIVE,5,7,7
1458,16691,15:05:00,0,0.00,0,0.1900,0.0128,0.0173,0.0059,0,ACTIVE,5,7,7
1458,16692,15:05:30,0,0.00,0,0.1900,0.0128,0.0173,0.0059,0,ACTIVE,5,7,7
1458,16693,15:06:00,0,13.00,0,0.1900,0.0128,0.0173,0.0059,0,ACTIVE,5,7,7
1458,16694,15:06:30,0,0.00,0,0.2100,0.0256,0.0173,0.0059,0,ACTIVE,5,7,7
1458,16695,15:07:00,0,0.00,0,0.2300,0.0339,0.0173,0.0059,0,ACTIVE,5,7,7
1458,16696,15:07:30,0,4.00,0,0.1900,0.0128,0.0173,0.0059,0,ACTIVE,5,7,7
1458,16697,15:08:00,0,3.00,0,0.1900,0.0128,0.0173,0.0059,0,ACTIVE,5,7,7
1458,16698,15:08:30,0,0.00,0,0.1700,0.0042,0.0173,0.0059,0,ACTIVE,5,7,7
1458,16699,15:09:00,0,1.00,0,0.1900,0.0128,0.0173,0.0059,0,ACTIVE,5,7,7
1458,16700,15:09:30,0,0.00,0,0.2300,0.0339,0.0173,0.0059,0,ACTIVE,5,7,7
1458,16701,15:10:00,0,18.00,0,0.2100,0.0256,0.0173,0.0059,0,ACTIVE,5,7,7
1458,16702,15:10:30,0,0.00,0,0.2700,0.0512,0.0173,0.0059,0,ACTIVE,5,7,7
1458,16703,15:11:00,0,0.00,0,0.2700,0.0512,0.0173,0.0059,0,ACTIVE,5,7,7
1458,16704,15:11:30,0,0.00,0,0.2700,0.0512,0.0173,0.0059,0,ACTIVE,5,7,7
1458,16705,15:12:00,0,0.00,0,0.2100,0.0256,0.0173,0.0059,0,ACTIVE,5,7,7
1458,16706,15:12:30,0,0.00,0,0.2300,0.0339,0.0173,0.0059,0,ACTIVE,5,7,7
1458,16707,15:13:00,0,0.00,0,0.2100,0.0256,0.0173,0.0059,0,ACTIVE,5,7,7
1458,16708,15:13:30,0,0.00,0,0.2300,0.0339,0.0173,0.0059,0,ACTIVE,5,7,7
1458,16709,15:14:00,0,0.00,0,0.2300,0.0339,0.0173,0.0059,0,ACTIVE,5,7,7
1458,16710,15:14:30,0,0.00,0,0.2500,0.0431,0.0173,0.0059,0,ACTIVE,5,7,7
1458,16711,15:15:00,0,0.00,0,0.2500,0.0431,0.0173,0.0059,0,ACTIVE,5,7,7
1458,16712,15:15:30,0,0.00,0,0.2500,0.0431,0.0173,0.0059,0,ACTIVE,5,7,7
1458,16713,15:16:00,0,7.00,0,0.2500,0.0431,0.0173,0.0059,0,ACTIVE,5,7,7
1458,16714,15:16:30,0,0.00,0,0.2700,0.0512,0.0173,0.0059,0,ACTIVE,5,7,7
1458,16715,15:17:00,0,0.00,0,0.3100,0.0679,0.0173,0.0059,1,ACTIVE,5,7,7
1458,16716,15:17:30,0,8.00,0,0.2300,0.0339,0.0173,0.0059,1,ACTIVE,5,7,7
1458,16717,15:18:00,0,137.00,0,0.2100,0.0256,0.0173,0.0059,1,ACTIVE,5,7,7
1458,16718,15:18:30,0,259.00,0,0.2500,0.0431,0.0173,0.0059,1,ACTIVE,5,7,7
1458,16719,15:19:00,0,11.00,0,0.2100,0.0256,0.0173,0.0059,1,ACTIVE,5,7,7
1458,16720,15:19:30,0,70.00,0,0.2500,0.0431,0.0173,0.0059,1,ACTIVE,5,7,7
1458,16721,15:20:00,0,53.00,0,0.2300,0.0339,0.0173,0.0059,1,ACTIVE,5,7,7
1458,16722,15:20:30,0,55.00,0,0.2900,0.0596,0.0173,0.0059,1,ACTIVE,5,7,7
1458,16723,15:21:00,0,10.00,0,0.3300,0.0773,0.0173,0.0059,1,ACTIVE,5,7,7
1458,16724,15:21:30,0,37.00,0,0.3100,0.0679,0.0173,0.0059,1,ACTIVE,5,7,7
1458,16725,15:22:00,0,77.00,0,0.2500,0.0431,0.0173,0.0059,1,ACTIVE,5,7,7
1458,16726,15:22:30,0,44.00,0,0.2900,0.0596,0.0173,0.0059,1,ACTIVE,5,7,7
1458,16727,15:23:00,0,53.00,0,0.2100,0.0256,0.0173,0.0059,1,ACTIVE,5,7,7
1458,16728,15:23:30,0,35.00,0,0.2500,0.0431,0.0173,0.0059,1,ACTIVE,5,7,7
1458,16729,15:24:00,0,115.00,0,0.7400,0.1190,0.0523,0.0173,1,ACTIVE,5,7,7
1458,16730,15:24:30,0,18.00,0,0.2800,0.1120,0.0012,0.0215,1,ACTIVE,5,7,7
1458,16731,15:25:00,0,61.00,0,1.1600,0.1550,0.0880,0.0412,1,ACTIVE,5,7,7
1458,16732,15:25:30,0,37.00,0,0.7800,0.1360,0.0523,0.0173,1,ACTIVE,5,7,7
1458,16733,15:26:00,0,32.00,0,1.8000,0.1610,0.1580,0.0523,1,ACTIVE,5,7,7
1458,16734,15:26:30,0,66.00,0,1.8600,0.1880,0.1580,0.0523,1,ACTIVE,5,7,7
1458,16735,15:27:00,0,19.00,0,2.4900,0.2600,0.2090,0.0756,1,ACTIVE,5,7,7
1458,16736,15:27:30,0,61.00,0,0.7900,0.1360,0.0523,0.0292,1,ACTIVE,5,7,7
1458,16737,15:28:00,0,50.00,0,2.2800,0.2380,0.1920,0.0650,1,ACTIVE,5,7,7
1458,16738,15:28:30,0,39.00,0,1.1700,0.1610,0.0880,0.0412,1,ACTIVE,5,7,7
1458,16739,15:29:00,0,19.00,0,1.6000,0.2140,0.1220,0.0523,1,ACTIVE,5,7,7
1458,16740,15:29:30,0,28.00,0,2.4700,0.2440,0.2090,0.0880,1,ACTIVE,5,7,7
1458,16741,15:30:00,0,50.00,0,2.2400,0.2140,0.1920,0.0756,1,ACTIVE,5,7,7
1458,16742,15:30:30,0,20.00,0,0.2100,0.0256,0.0173,0.0059,1,ACTIVE,5,7,7
1458,16743,15:31:00,0,0.00,0,0.1700,0.0042,0.0173,0.0059,0,ACTIVE,5,7,7
1458,16744,15:31:30,0,53.00,0,0.1700,0.0042,0.0173,0.0059,1,ACTIVE,5,7,7
1458,16745,15:32:00,0,19.00,0,0.3700,0.0939,0.0173,0.0059,1,ACTIVE,5,7,7
1458,16746,15:32:30,0,77.00,0,0.3100,0.0679,0.0173,0.0059,1,ACTIVE,5,7,7
1458,16747,15:33:00,0,59.00,0,0.6700,0.0861,0.0523,0.0173,1,ACTIVE,5,7,7
1458,16748,15:33:30,0,66.00,0,1.8700,0.1960,0.1580,0.0523,1,ACTIVE,5,7,7
1458,16749,15:34:00,0,124.00,0,0.7500,0.1190,0.0523,0.0292,1,ACTIVE,5,7,7
1458,16750,15:34:30,0,24.00,0,1.1700,0.1610,0.0880,0.0412,1,ACTIVE,5,7,7
1458,16751,15:35:00,0,28.00,0,0.7400,0.1190,0.0523,0.0173,1,ACTIVE,5,7,7
1458,16752,15:35:30,0,55.00,0,1.1200,0.1450,0.0880,0.0292,1,ACTIVE,5,7,7
1458,16753,15:36:00,0,46.00,0,1.9100,0.2140,0.1580,0.0523,1,ACTIVE,5,7,7
1458,16754,15:36:30,0,10.00,0,1.8900,0.2050,0.1580,0.0523,1,ACTIVE,5,7,7
1458,16755,15:37:00,0,42.00,0,2.1500,0.1800,0.1920,0.0650,1,ACTIVE,5,7,7
1458,16756,15:37:30,0,66.00,0,1.5500,0.1960,0.1220,0.0412,1,ACTIVE,5,7,7
1458,16757,15:38:00,0,37.00,0,2.3000,0.2440,0.1920,0.0756,1,ACTIVE,5,7,7
1458,16758,15:38:30,0,48.00,0,1.2100,0.1800,0.0880,0.0412,1,ACTIVE,5,7,7
1458,16759,15:39:00,0,8.00,0,0.8200,0.1550,0.0523,0.0173,1,ACTIVE,5,7,7
1458,16760,15:39:30,0,20.00,0,2.2500,0.2230,0.1920,0.0650,1,ACTIVE,5,7,7
1458,16761,15:40:00,0,147.00,0,3.4800,0.2660,0.3160,0.1170,1,ACTIVE,5,7,7
1458,16762,15:40:30,0,83.00,0,6.0600,0.3520,0.5790,0.1880,1,ACTIVE,5,7,7
1458,16763,15:41:00,0,13.00,0,8.3000,0.4570,0.8020,0.2490,1,ACTIVE,5,7,7
1458,16764,15:41:30,0,35.00,0,5.3600,0.3230,0.5090,0.1760,1,ACTIVE,5,7,7
1458,16765,15:42:00,0,3.00,0,1.6900,0.2050,0.1390,0.0206,0,ACTIVE,5,7,7
1458,16766,15:42:30,0,16.00,0,1.6400,0.1800,0.1390,0.0206,1,ACTIVE,5,7,7
1458,16767,15:43:00,0,4.00,0,2.7100,0.2140,0.2440,0.0981,0,ACTIVE,5,7,7
1458,16768,15:43:30,0,7.00,0,4.1100,0.2720,0.3840,0.1390,0,ACTIVE,5,7,7
1458,16769,15:44:00,0,14.00,0,4.1400,0.2840,0.3840,0.1390,0,ACTIVE,5,7,7
1458,16770,15:44:30,0,3.00,0,0.3000,0.1190,0.0012,0.0215,0,ACTIVE,5,7,7
1458,16771,15:45:00,0,1.00,0,0.7800,0.1360,0.0523,0.0173,0,ACTIVE,5,7,7
1458,16772,15:45:30,0,10.00,0,0.7800,0.1360,0.0523,0.0173,0,ACTIVE,5,7,7
1458,16773,15:46:00,0,2.00,0,0.7800,0.1360,0.0523,0.0173,0,ACTIVE,5,7,7
1458,16774,15:46:30,0,9.00,0,0.8000,0.1450,0.0523,0.0173,0,ACTIVE,5,7,7
1458,16775,15:47:00,0,0.00,0,0.8000,0.1450,0.0523,0.0173,0,ACTIVE,5,7,7
1458,16776,15:47:30,0,0.00,0,0.8000,0.1450,0.0523,0.0173,0,ACTIVE,5,7,7
1458,16777,15:48:00,0,0.00,0,1.1800,0.1720,0.0880,0.0292,0,ACTIVE,5,7,7
1458,16778,15:48:30,0,10.00,0,0.7600,0.1300,0.0523,0.0173,0,ACTIVE,5,7,7
1458,16779,15:49:00,0,59.00,0,0.3300,0.0773,0.0173,0.0059,1,ACTIVE,5,7,7
1458,16780,15:49:30,0,10.00,0,0.1900,0.0128,0.0173,0.0059,1,ACTIVE,5,7,7
1458,16781,15:50:00,0,57.00,0,0.2700,0.0512,0.0173,0.0059,1,ACTIVE,5,7,7
1458,16782,15:50:30,0,34.00,0,1.1600,0.1550,0.0880,0.0412,1,ACTIVE,5,7,7
1458,16783,15:51:00,0,1.00,0,0.6000,0.1190,0.0378,0.0023,1,ACTIVE,5,7,7
1458,16784,15:51:30,0,0.00,0,0.2700,0.0512,0.0173,0.0059,1,ACTIVE,5,7,7
1458,16785,15:52:00,0,39.00,0,0.2200,0.0861,0.0012,0.0215,1,ACTIVE,5,7,7
1458,16786,15:52:30,0,174.00,0,1.1400,0.1450,0.0880,0.0412,1,ACTIVE,5,7,7
1458,16787,15:53:00,0,199.00,0,0.2700,0.0512,0.0173,0.0059,1,ACTIVE,5,7,7
1458,16788,15:53:30,0,235.00,0,0.3500,0.0861,0.0173,0.0059,1,ACTIVE,5,7,7
1458,16789,15:54:00,0,53.00,0,0.4500,0.1300,0.0173,0.0059,1,ACTIVE,5,7,7
1458,16790,15:54:30,0,115.00,0,0.2500,0.0431,0.0173,0.0059,1,ACTIVE,5,7,7
1458,16791,15:55:00,0,20.00,0,0.2500,0.0431,0.0173,0.0059,1,ACTIVE,5,7,7
1458,16792,15:55:30,0,7.00,0,0.2500,0.0431,0.0173,0.0059,1,ACTIVE,5,7,7
1458,16793,15:56:00,0,1.00,0,0.2100,0.0256,0.0173,0.0059,1,ACTIVE,5,7,7
1458,16794,15:56:30,0,1.00,0,0.2100,0.0256,0.0173,0.0059,1,ACTIVE,5,7,7
1458,16795,15:57:00,0,128.00,0,0.2300,0.0339,0.0173,0.0059,1,ACTIVE,5,7,7
1458,16796,15:57:30,0,286.00,0,0.2700,0.0512,0.0173,0.0059,1,ACTIVE,5,7,7
1458,16797,15:58:00,0,119.00,0,0.2300,0.0339,0.0173,0.0059,1,ACTIVE,5,7,7
1458,16798,15:58:30,0,220.00,0,0.2500,0.0431,0.0173,0.0059,1,ACTIVE,5,7,7
1458,16799,15:59:00,0,337.00,0,0.3500,0.0861,0.0173,0.0059,1,ACTIVE,5,7,7
1458,16800,15:59:30,0,186.00,0,0.6300,0.2140,0.0173,0.0059,1,ACTIVE,5,7,7
1458,16801,16:00:00,0,137.00,0,0.3300,0.0773,0.0173,0.0059,1,ACTIVE,5,7,7
1458,16802,16:00:30,0,93.00,0,0.3100,0.0679,0.0173,0.0059,1,ACTIVE,5,7,7
1458,16803,16:01:00,0,186.00,0,0.3300,0.0773,0.0173,0.0059,1,ACTIVE,5,7,7
1458,16804,16:01:30,0,132.00,0,0.2700,0.0512,0.0173,0.0059,1,ACTIVE,5,7,7
1458,16805,16:02:00,0,168.00,0,0.2500,0.0431,0.0173,0.0059,1,ACTIVE,5,7,7
1458,16806,16:02:30,0,235.00,0,0.2700,0.0512,0.0173,0.0059,1,ACTIVE,5,7,7
1458,16807,16:03:00,0,80.00,0,0.1900,0.0128,0.0173,0.0059,1,ACTIVE,5,7,7
1458,16808,16:03:30,0,50.00,0,0.2100,0.0256,0.0173,0.0059,1,ACTIVE,5,7,7
1458,16809,16:04:00,0,5.00,0,0.2300,0.0339,0.0173,0.0059,1,ACTIVE,5,7,7
1458,16810,16:04:30,0,5.00,0,0.2500,0.0431,0.0173,0.0059,0,ACTIVE,5,7,7
1458,16811,16:05:00,0,0.00,0,0.2300,0.0339,0.0173,0.0059,0,ACTIVE,5,7,7
1458,16812,16:05:30,0,8.00,0,0.2300,0.0339,0.0173,0.0059,0,ACTIVE,5,7,7
1458,16813,16:06:00,0,19.00,0,0.2100,0.0256,0.0173,0.0059,1,ACTIVE,5,7,7
1458,16814,16:06:30,0,63.00,0,0.0700,0.0292,0.0000,0.0059,1,ACTIVE,5,7,7
1458,16815,16:07:00,0,3.00,0,0.1900,0.0128,0.0173,0.0059,1,ACTIVE,5,7,7
1458,16816,16:07:30,0,68.00,0,0.2100,0.0256,0.0173,0.0059,1,ACTIVE,5,7,7
1458,16817,16:08:00,0,212.00,0,0.0400,0.0146,0.0000,0.0059,1,ACTIVE,5,7,7
1458,16818,16:08:30,0,0.00,0,0.1900,0.0128,0.0173,0.0059,1,ACTIVE,5,7,7
1458,16819,16:09:00,0,0.00,0,0.1900,0.0128,0.0173,0.0059,1,ACTIVE,5,7,7
1458,16820,16:09:30,0,77.00,0,0.0400,0.0146,0.0000,0.0059,1,ACTIVE,5,7,7
1458,16821,16:10:00,0,0.00,0,0.1700,0.0042,0.0173,0.0059,0,ACTIVE,5,7,7
1458,16822,16:10:30,0,0.00,0,0.1700,0.0042,0.0173,0.0059,0,ACTIVE,5,7,7
1458,16823,16:11:00,0,0.00,0,0.0200,0.0049,0.0000,0.0059,0,ACTIVE,5,7,7
1458,16824,16:11:30,0,0.00,0,0.1900,0.0128,0.0173,0.0059,0,ACTIVE,5,7,7
1458,16825,16:12:00,0,0.00,0,0.1900,0.0128,0.0173,0.0059,0,ACTIVE,5,7,7
1458,16826,16:12:30,0,35.00,0,0.1900,0.0128,0.0173,0.0059,1,ACTIVE,5,7,7
1458,16827,16:13:00,0,28.00,0,0.2100,0.0256,0.0173,0.0059,1,ACTIVE,5,7,7
1458,16828,16:13:30,0,13.00,0,0.2100,0.0256,0.0173,0.0059,1,ACTIVE,5,7,7
1458,16829,16:14:00,0,59.00,0,0.2100,0.0256,0.0173,0.0059,1,ACTIVE,5,7,7
1458,16830,16:14:30,0,42.00,0,0.2300,0.0339,0.0173,0.0059,1,ACTIVE,5,7,7
1458,16831,16:15:00,0,103.00,0,0.2700,0.0512,0.0173,0.0059,1,ACTIVE,5,7,7
1458,16832,16:15:30,0,24.00,0,0.2700,0.0512,0.0173,0.0059,1,ACTIVE,5,7,7
1458,16833,16:16:00,0,10.00,0,0.2700,0.0512,0.0173,0.0059,1,ACTIVE,5,7,7
1458,16834,16:16:30,0,73.00,0,0.2300,0.0339,0.0173,0.0059,1,ACTIVE,5,7,7
1458,16835,16:17:00,0,0.00,0,0.1700,0.0042,0.0173,0.0059,1,ACTIVE,5,7,7
1458,16836,16:17:30,0,86.00,0,0.2100,0.0256,0.0173,0.0059,1,ACTIVE,5,7,7
1458,16837,16:18:00,0,11.00,0,0.2700,0.0512,0.0173,0.0059,1,ACTIVE,5,7,7
1458,16838,16:18:30,0,35.00,0,0.2900,0.0596,0.0173,0.0059,1,ACTIVE,5,7,7
1458,16839,16:19:00,0,21.00,0,0.2700,0.0512,0.0173,0.0059,1,ACTIVE,5,7,7
1458,16840,16:19:30,0,8.00,0,0.2900,0.0596,0.0173,0.0059,1,ACTIVE,5,7,7
1458,16841,16:20:00,0,48.00,0,0.2900,0.0596,0.0173,0.0059,1,ACTIVE,5,7,7
1458,16842,16:20:30,0,70.00,0,0.2500,0.0431,0.0173,0.0059,1,ACTIVE,5,7,7
1458,16843,16:21:00,0,2.00,0,0.2700,0.0512,0.0173,0.0059,0,ACTIVE,5,7,7
1458,16844,16:21:30,0,33.00,0,0.2700,0.0512,0.0173,0.0059,1,ACTIVE,5,7,7
1458,16845,16:22:00,0,11.00,0,0.2900,0.0596,0.0173,0.0059,0,ACTIVE,5,7,7
1458,16846,16:22:30,0,8.00,0,0.2700,0.0512,0.0173,0.0059,0,ACTIVE,5,7,7
1458,16847,16:23:00,0,5.00,0,0.2900,0.0596,0.0173,0.0059,0,ACTIVE,5,7,7
1458,16848,16:23:30,0,14.00,0,0.2900,0.0596,0.0173,0.0059,1,ACTIVE,5,7,7
1458,16849,16:24:00,0,16.00,0,0.2500,0.0431,0.0173,0.0059,1,ACTIVE,5,7,7
1458,16850,16:24:30,0,7.00,0,0.2700,0.0512,0.0173,0.0059,1,ACTIVE,5,7,7
1458,16851,16:25:00,0,106.00,0,0.0600,0.0292,0.0000,0.0000,1,ACTIVE,5,7,7
1458,16852,16:25:30,0,1.00,0,0.1700,0.0042,0.0173,0.0059,0,ACTIVE,5,7,7
1458,16853,16:26:00,0,0.00,0,0.1700,0.0042,0.0173,0.0059,0,ACTIVE,5,7,7
1458,16854,16:26:30,0,0.00,0,0.0200,0.0049,0.0000,0.0059,0,ACTIVE,5,7,7
1458,16855,16:27:00,0,0.00,0,0.1700,0.0042,0.0173,0.0059,1,ACTIVE,5,7,7
1458,16856,16:27:30,0,16.00,0,0.1700,0.0042,0.0173,0.0059,1,ACTIVE,5,7,7
1458,16857,16:28:00,0,124.00,0,0.2100,0.0256,0.0173,0.0059,1,ACTIVE,5,7,7
1458,16858,16:28:30,0,70.00,0,0.2700,0.0512,0.0173,0.0059,1,ACTIVE,5,7,7
1458,16859,16:29:00,0,326.00,0,0.2700,0.0512,0.0173,0.0059,1,ACTIVE,5,7,7
1458,16860,16:29:30,0,46.00,0,0.6300,0.0679,0.0523,0.0173,1,ACTIVE,5,7,7
1458,16861,16:30:00,0,158.00,0,0.0900,0.0395,0.0000,0.0000,1,ACTIVE,5,7,7
1458,16862,16:30:30,0,1.00,0,0.1900,0.0128,0.0173,0.0059,1,ACTIVE,5,7,7
1458,16863,16:31:00,0,57.00,0,0.2100,0.0256,0.0173,0.0059,1,ACTIVE,5,7,7
1458,16864,16:31:30,0,106.00,0,0.1900,0.0128,0.0173,0.0059,1,ACTIVE,5,7,7
1458,16865,16:32:00,0,3.00,0,0.1700,0.0042,0.0173,0.0059,1,ACTIVE,5,7,7
1458,16866,16:32:30,0,0.00,0,0.1700,0.0042,0.0173,0.0059,1,ACTIVE,5,7,7
1458,16867,16:33:00,0,100.00,0,0.2500,0.0431,0.0173,0.0059,1,ACTIVE,5,7,7
1458,16868,16:33:30,0,26.00,0,0.1900,0.0128,0.0173,0.0059,1,ACTIVE,5,7,7
1458,16869,16:34:00,0,179.00,0,0.0700,0.0292,0.0000,0.0059,1,ACTIVE,5,7,7
1458,16870,16:34:30,0,93.00,0,0.0400,0.0146,0.0000,0.0059,1,ACTIVE,5,7,7
1458,16871,16:35:00,0,7.00,0,0.0400,0.0146,0.0000,0.0059,1,ACTIVE,5,7,7
1458,16872,16:35:30,0,1.00,0,0.1900,0.0128,0.0173,0.0059,1,ACTIVE,5,7,7
1458,16873,16:36:00,0,110.00,0,0.2900,0.0596,0.0173,0.0059,1,ACTIVE,5,7,7
1458,16874,16:36:30,0,212.00,0,28.0600,2.3200,2.5300,0.7350,1,ACTIVE,5,7,7
1458,16875,16:37:00,0,110.00,0,23.6200,2.1300,2.0800,0.6460,1,ACTIVE,5,7,7
1458,16876,16:37:30,0,14.00,0,47.8900,3.4200,4.4400,1.3200,1,ACTIVE,5,7,7
1458,16877,16:38:00,0,103.00,0,3.7200,0.3230,0.3370,0.0512,1,ACTIVE,5,7,7
1458,16878,16:38:30,0,59.00,0,7.3200,0.4190,0.7040,0.2090,1,ACTIVE,5,7,7
1458,16879,16:39:00,0,68.00,0,2.4700,0.2140,0.2230,0.0347,1,ACTIVE,5,7,7
1458,16880,16:39:30,0,106.00,0,3.7400,0.2440,0.3520,0.1050,1,ACTIVE,5,7,7
1458,16881,16:40:00,0,1.00,0,0.3100,0.0679,0.0173,0.0059,1,ACTIVE,5,7,7
1458,16882,16:40:30,0,55.00,0,0.2700,0.0512,0.0173,0.0059,1,ACTIVE,5,7,7
1458,16883,16:41:00,0,21.00,0,0.3100,0.0679,0.0173,0.0059,1,ACTIVE,5,7,7
1458,16884,16:41:30,0,18.00,0,0.5000,0.0773,0.0378,0.0023,1,ACTIVE,5,7,7
1458,16885,16:42:00,0,1.00,0,0.3100,0.0679,0.0173,0.0059,0,ACTIVE,5,7,7
1458,16886,16:42:30,0,63.00,0,1.6200,0.2280,0.1220,0.0412,1,ACTIVE,5,7,7
1458,16887,16:43:00,0,39.00,0,1.4700,0.1610,0.1220,0.0412,1,ACTIVE,5,7,7
1458,16888,16:43:30,0,50.00,0,0.3300,0.0773,0.0173,0.0059,1,ACTIVE,5,7,7
1458,16889,16:44:00,0,35.00,0,2.3500,0.1960,0.2090,0.0756,1,ACTIVE,5,7,7
1458,16890,16:44:30,0,77.00,0,2.9400,0.1880,0.2770,0.0880,1,ACTIVE,5,7,7
1458,16891,16:45:00,0,66.00,0,3.8400,0.2840,0.3520,0.1170,1,ACTIVE,5,7,7
1458,16892,16:45:30,0,0.00,0,2.8700,0.2840,0.2440,0.0981,0,ACTIVE,5,7,7
1458,16893,16:46:00,0,0.00,0,3.1800,0.2900,0.2770,0.1050,0,ACTIVE,5,7,7
1458,16894,16:46:30,0,0.00,0,2.8700,0.2840,0.2440,0.0981,0,ACTIVE,5,7,7
1458,16895,16:47:00,0,15.00,0,0.1700,0.0596,0.0012,0.0215,1,ACTIVE,5,7,7
1458,16896,16:47:30,0,11.00,0,0.2300,0.0339,0.0173,0.0059,1,ACTIVE,5,7,7
1458,16897,16:48:00,0,21.00,0,0.4700,0.0596,0.0378,0.0023,1,ACTIVE,5,7,7
1458,16898,16:48:30,0,59.00,0,0.6500,0.0773,0.0523,0.0173,1,ACTIVE,5,7,7
1458,16899,16:49:00,0,35.00,0,0.7200,0.0773,0.0622,0.0070,1,ACTIVE,5,7,7
1458,16900,16:49:30,0,110.00,0,1.3200,0.1450,0.1120,0.0162,1,ACTIVE,5,7,7
1458,16901,16:50:00,0,28.00,0,0.5200,0.0861,0.0378,0.0023,1,ACTIVE,5,7,7
1458,16902,16:50:30,0,59.00,0,1.7400,0.1360,0.1580,0.0523,1,ACTIVE,5,7,7
1458,16903,16:51:00,0,19.00,0,0.2700,0.0512,0.0173,0.0059,1,ACTIVE,5,7,7
1458,16904,16:51:30,0,10.00,0,0.2900,0.0596,0.0173,0.0059,1,ACTIVE,5,7,7
1458,16905,16:52:00,0,14.00,0,0.2700,0.0512,0.0173,0.0059,1,ACTIVE,5,7,7
1458,16906,16:52:30,0,13.00,0,0.3100,0.0679,0.0173,0.0059,1,ACTIVE,5,7,7
1458,16907,16:53:00,0,2.00,0,0.2700,0.0512,0.0173,0.0059,0,ACTIVE,5,7,7
1458,16908,16:53:30,0,48.00,0,0.2500,0.0431,0.0173,0.0059,1,ACTIVE,5,7,7
1458,16909,16:54:00,0,55.00,0,37.1400,2.7600,3.4200,0.9750,1,ACTIVE,5,7,7
1458,16910,16:54:30,0,31.00,0,69.8800,4.6400,6.5600,2.0400,1,ACTIVE,5,7,7
1458,16911,16:55:00,0,42.00,0,58.6200,3.8100,5.5100,1.7500,1,ACTIVE,5,7,7
1458,16912,16:55:30,0,46.00,0,36.3700,2.3700,3.4200,1.0600,1,ACTIVE,5,7,7
1458,16913,16:56:00,0,21.00,0,48.7400,3.4200,4.5400,1.3200,1,ACTIVE,5,7,7
1458,16914,16:56:30,0,32.00,0,22.6900,2.7600,1.8700,0.2280,1,ACTIVE,5,7,7
1458,16915,16:57:00,0,4.00,0,11.3900,2.2200,0.7350,0.0395,0,ACTIVE,5,7,7
1458,16916,16:57:30,0,13.00,0,11.7200,2.3700,0.7350,0.0412,1,ACTIVE,5,7,7
1458,16917,16:58:00,0,37.00,0,16.9300,2.2200,1.3500,0.1920,1,ACTIVE,5,7,7
1458,16918,16:58:30,0,34.00,0,20.6200,1.5000,1.9100,0.5430,1,ACTIVE,5,7,7
1458,16919,16:59:00,0,8.00,0,2.6300,0.4870,0.1760,0.0115,1,ACTIVE,5,7,7
1458,16920,16:59:30,0,35.00,0,4.9300,0.7850,0.3600,0.0395,1,ACTIVE,5,7,7
1458,16921,17:00:00,0,55.00,0,16.4400,0.9750,1.5700,0.4980,1,ACTIVE,5,7,7
1458,16922,17:00:30,0,16.00,0,26.5300,1.6400,2.5300,0.7040,1,ACTIVE,5,7,7
1458,16923,17:01:00,0,0.00,0,13.8200,1.2600,1.2400,0.1800,0,ACTIVE,5,7,7
1458,16924,17:01:30,0,3.00,0,20.6300,1.3500,1.9500,0.5310,0,ACTIVE,5,7,7
1458,16925,17:02:00,0,0.00,0,25.2400,1.5000,2.4200,0.6600,0,ACTIVE,5,7,7
1458,16926,17:02:30,0,23.00,0,24.1700,1.4400,2.3200,0.6320,1,ACTIVE,5,7,7
1458,16927,17:03:00,0,23.00,0,6.8300,0.3160,0.6740,0.2090,1,ACTIVE,5,7,7
1458,16928,17:03:30,0,7.00,0,1.3600,0.1120,0.1220,0.0412,0,ACTIVE,5,7,7
1458,16929,17:04:00,0,1.00,0,1.0300,0.1120,0.0880,0.0115,0,ACTIVE,5,7,7
1458,16930,17:04:30,0,18.00,0,1.5400,0.1360,0.1390,0.0206,1,ACTIVE,5,7,7
1458,16931,17:05:00,0,0.00,0,2.2200,0.1450,0.2090,0.0650,0,ACTIVE,5,7,7
1458,16932,17:05:30,0,0.00,0,1.7300,0.1300,0.1580,0.0523,0,ACTIVE,5,7,7
1458,16933,17:06:00,0,7.00,0,1.5000,0.1190,0.1390,0.0206,0,ACTIVE,5,7,7
1458,16934,17:06:30,0,31.00,0,1.5200,0.1300,0.1390,0.0206,1,ACTIVE,5,7,7
1458,16935,17:07:00,0,39.00,0,0.1100,0.0339,0.0012,0.0215,1,ACTIVE,5,7,7
1458,16936,17:07:30,0,12.00,0,2.5200,0.1360,0.2440,0.0756,1,ACTIVE,5,7,7
1458,16937,17:08:00,0,7.00,0,5.4600,0.2380,0.5430,0.1650,0,ACTIVE,5,7,7
1458,16938,17:08:30,0,8.00,0,5.7800,0.2380,0.5790,0.1650,0,ACTIVE,5,7,7
1458,16939,17:09:00,0,9.00,0,4.4700,0.2230,0.4370,0.1390,0,ACTIVE,5,7,7
1458,16940,17:09:30,0,12.00,0,5.1300,0.2280,0.5090,0.1510,0,ACTIVE,5,7,7
1458,16941,17:10:00,0,9.00,0,5.1400,0.2280,0.5090,0.1650,0,ACTIVE,5,7,7
1458,16942,17:10:30,0,12.00,0,2.2600,0.1610,0.2090,0.0650,0,ACTIVE,5,7,7
1458,16943,17:11:00,0,13.00,0,3.3500,0.2140,0.3160,0.0981,0,ACTIVE,5,7,7
1458,16944,17:11:30,0,12.00,0,1.0100,0.0939,0.0880,0.0292,0,ACTIVE,5,7,7
1458,16945,17:12:00,0,8.00,0,1.0500,0.1120,0.0880,0.0292,0,ACTIVE,5,7,7
1458,16946,17:12:30,0,3.00,0,1.0300,0.1020,0.0880,0.0292,0,ACTIVE,5,7,7
1458,16947,17:13:00,0,9.00,0,0.7600,0.0939,0.0622,0.0070,0,ACTIVE,5,7,7
1458,16948,17:13:30,0,8.00,0,1.4000,0.1300,0.1220,0.0412,0,ACTIVE,5,7,7
1458,16949,17:14:00,0,35.00,0,1.0500,0.1120,0.0880,0.0292,1,ACTIVE,5,7,7
1458,16950,17:14:30,0,13.00,0,1.0100,0.0939,0.0880,0.0292,1,ACTIVE,5,7,7
1458,16951,17:15:00,0,20.00,0,1.0100,0.0939,0.0880,0.0292,1,ACTIVE,5,7,7
1458,16952,17:15:30,0,14.00,0,1.4000,0.1300,0.1220,0.0412,1,ACTIVE,5,7,7
1458,16953,17:16:00,0,7.00,0,0.7800,0.1020,0.0622,0.0070,1,ACTIVE,5,7,7
1458,16954,17:16:30,0,1.00,0,1.0500,0.1190,0.0880,0.0115,1,ACTIVE,5,7,7
1458,16955,17:17:00,0,86.00,0,1.5600,0.1450,0.1390,0.0206,1,ACTIVE,5,7,7
1458,16956,17:17:30,0,103.00,0,1.1200,0.1450,0.0880,0.0292,1,ACTIVE,5,7,7
1458,16957,17:18:00,0,61.00,0,4.2300,0.2600,0.4010,0.1300,1,ACTIVE,5,7,7
1458,16958,17:18:30,0,61.00,0,1.0100,0.0939,0.0880,0.0292,1,ACTIVE,5,7,7
1458,16959,17:19:00,0,77.00,0,2.0000,0.1120,0.1920,0.0650,1,ACTIVE,5,7,7
1458,16960,17:19:30,0,68.00,0,0.1900,0.0128,0.0173,0.0059,1,ACTIVE,5,7,7
1458,16961,17:20:00,0,61.00,0,0.9200,0.0512,0.0880,0.0292,1,ACTIVE,5,7,7
1458,16962,17:20:30,0,39.00,0,3.5800,0.1720,0.3520,0.1050,1,ACTIVE,5,7,7
1458,16963,17:21:00,0,21.00,0,4.4600,0.2050,0.4370,0.1650,1,ACTIVE,5,7,7
1458,16964,17:21:30,0,42.00,0,2.2900,0.1610,0.2090,0.0880,1,ACTIVE,5,7,7
1458,16965,17:22:00,0,32.00,0,1.2900,0.2140,0.0880,0.0412,1,ACTIVE,5,7,7
1458,16966,17:22:30,0,0.00,0,1.3400,0.2380,0.0880,0.0412,0,ACTIVE,5,7,7
1458,16967,17:23:00,0,0.00,0,1.3100,0.2280,0.0880,0.0292,1,ACTIVE,5,7,7
1458,16968,17:23:30,0,86.00,0,0.7600,0.1300,0.0523,0.0173,1,ACTIVE,5,7,7
1458,16969,17:24:00,0,110.00,0,0.1100,0.0490,0.0000,0.0059,1,ACTIVE,5,7,7
1458,16970,17:24:30,0,23.00,0,0.3100,0.0679,0.0173,0.0059,1,ACTIVE,5,7,7
1458,16971,17:25:00,0,12.00,0,0.2300,0.0339,0.0173,0.0059,1,ACTIVE,5,7,7
1458,16972,17:25:30,0,42.00,0,0.2700,0.0512,0.0173,0.0059,1,ACTIVE,5,7,7
1458,16973,17:26:00,0,13.00,0,0.9200,0.1960,0.0523,0.0292,1,ACTIVE,5,7,7
1458,16974,17:26:30,0,1.00,0,0.8300,0.1610,0.0523,0.0173,0,ACTIVE,5,7,7
1458,16975,17:27:00,0,0.00,0,0.8200,0.1550,0.0523,0.0173,0,ACTIVE,5,7,7
1458,16976,17:27:30,0,0.00,0,0.8000,0.1450,0.0523,0.0173,0,ACTIVE,5,7,7
1458,16977,17:28:00,0,46.00,0,0.8000,0.1450,0.0523,0.0173,1,ACTIVE,5,7,7
1458,16978,17:28:30,0,100.00,0,1.4600,0.1450,0.1220,0.0650,1,ACTIVE,5,7,7
1458,16979,17:29:00,0,1.00,0,0.8700,0.1800,0.0523,0.0173,1,ACTIVE,5,7,7
1458,16980,17:29:30,0,70.00,0,0.8300,0.1610,0.0523,0.0173,1,ACTIVE,5,7,7
1458,16981,17:30:00,0,0.00,0,0.7600,0.1300,0.0523,0.0173,0,ACTIVE,5,7,7
1458,16982,17:30:30,0,0.00,0,0.7800,0.1360,0.0523,0.0173,0,ACTIVE,5,7,7
1458,16983,17:31:00,0,0.00,0,0.7600,0.1300,0.0523,0.0173,0,ACTIVE,5,7,7
1458,16984,17:31:30,0,0.00,0,0.7600,0.1300,0.0523,0.0173,0,ACTIVE,5,7,7
1458,16985,17:32:00,0,0.00,0,0.5800,0.1120,0.0378,0.0023,0,ACTIVE,5,7,7
1458,16986,17:32:30,0,0.00,0,0.5800,0.1120,0.0378,0.0023,0,ACTIVE,5,7,7
1458,16987,17:33:00,0,0.00,0,0.7600,0.1300,0.0523,0.0173,0,ACTIVE,5,7,7
1458,16988,17:33:30,0,0.00,0,0.5600,0.1020,0.0378,0.0023,0,ACTIVE,5,7,7
1458,16989,17:34:00,0,1.00,0,0.3300,0.0773,0.0173,0.0059,0,ACTIVE,5,7,7
1458,16990,17:34:30,0,0.00,0,0.3800,0.1020,0.0173,0.0059,0,ACTIVE,5,7,7
1458,16991,17:35:00,0,0.00,0,0.5600,0.1020,0.0378,0.0023,0,ACTIVE,5,7,7
1458,16992,17:35:30,0,0.00,0,0.4100,0.1120,0.0173,0.0059,0,ACTIVE,5,7,7
1458,16993,17:36:00,0,0.00,0,0.4100,0.1120,0.0173,0.0059,0,ACTIVE,5,7,7
1458,16994,17:36:30,0,141.00,0,0.2500,0.0431,0.0173,0.0059,1,ACTIVE,5,7,7
1458,16995,17:37:00,0,14.00,0,0.1200,0.0042,0.0125,0.0000,1,ACTIVE,5,7,7
1458,16996,17:37:30,0,46.00,0,0.2500,0.0431,0.0173,0.0059,1,ACTIVE,5,7,7
1458,16997,17:38:00,0,61.00,0,0.3500,0.0861,0.0173,0.0059,1,ACTIVE,5,7,7
1458,16998,17:38:30,0,359.00,0,0.0700,0.0292,0.0000,0.0059,1,ACTIVE,5,7,7
1458,16999,17:39:00,0,119.00,0,0.0100,0.0049,0.0000,0.0000,1,ACTIVE,5,7,7
1458,17000,17:39:30,0,305.00,0,0.3700,0.0939,0.0173,0.0059,1,ACTIVE,5,7,7
1458,17001,17:40:00,0,315.00,0,0.3500,0.0861,0.0173,0.0059,1,ACTIVE,5,7,7
1458,17002,17:40:30,0,110.00,0,0.1900,0.0128,0.0173,0.0059,1,ACTIVE,5,7,7
1458,17003,17:41:00,0,147.00,0,0.2700,0.0512,0.0173,0.0059,1,ACTIVE,5,7,7
1458,17004,17:41:30,0,259.00,0,0.2900,0.0596,0.0173,0.0059,1,ACTIVE,5,7,7
1458,17005,17:42:00,0,348.00,0,0.2500,0.0431,0.0173,0.0059,1,ACTIVE,5,7,7
1458,17006,17:42:30,0,527.00,0,0.2700,0.0512,0.0173,0.0059,1,ACTIVE,5,7,7
1458,17007,17:43:00,0,371.00,0,0.2700,0.0512,0.0173,0.0059,1,ACTIVE,5,7,7
1458,17008,17:43:30,0,494.00,0,0.2900,0.0596,0.0173,0.0059,1,ACTIVE,5,7,7
1458,17009,17:44:00,0,511.00,0,0.2700,0.0512,0.0173,0.0059,1,ACTIVE,5,7,7
1458,17010,17:44:30,0,545.00,0,0.2500,0.0431,0.0173,0.0059,1,ACTIVE,5,7,7
1458,17011,17:45:00,0,562.00,0,0.1800,0.0790,0.0000,0.0059,1,ACTIVE,5,7,7
1458,17012,17:45:30,0,359.00,0,0.2900,0.0596,0.0173,0.0059,1,ACTIVE,5,7,7
1458,17013,17:46:00,0,220.00,0,0.2700,0.0512,0.0173,0.0059,1,ACTIVE,5,7,7
1458,17014,17:46:30,0,168.00,0,0.2100,0.0256,0.0173,0.0059,1,ACTIVE,5,7,7
1458,17015,17:47:00,0,206.00,0,0.2500,0.0431,0.0173,0.0059,1,ACTIVE,5,7,7
1458,17016,17:47:30,0,147.00,0,0.4100,0.1120,0.0173,0.0059,1,ACTIVE,5,7,7
1458,17017,17:48:00,0,199.00,0,0.4500,0.1300,0.0173,0.0059,1,ACTIVE,5,7,7
1458,17018,17:48:30,0,141.00,0,0.5100,0.1580,0.0173,0.0059,1,ACTIVE,5,7,7
1458,17019,17:49:00,0,90.00,0,0.2100,0.0256,0.0173,0.0059,1,ACTIVE,5,7,7
1458,17020,17:49:30,0,132.00,0,0.2900,0.0596,0.0173,0.0059,1,ACTIVE,5,7,7
1458,17021,17:50:00,0,90.00,0,0.3100,0.0679,0.0173,0.0059,1,ACTIVE,5,7,7
1458,17022,17:50:30,0,23.00,0,0.4500,0.1300,0.0173,0.0059,1,ACTIVE,5,7,7
1458,17023,17:51:00,0,212.00,0,0.4100,0.1120,0.0173,0.0059,1,ACTIVE,5,7,7
1458,17024,17:51:30,0,152.00,0,0.2900,0.0596,0.0173,0.0059,1,ACTIVE,5,7,7
1458,17025,17:52:00,0,0.00,0,0.1700,0.0042,0.0173,0.0059,1,ACTIVE,5,7,7
1458,17026,17:52:30,0,0.00,0,0.1700,0.0042,0.0173,0.0059,1,ACTIVE,5,7,7
1458,17027,17:53:00,0,0.00,0,0.1700,0.0042,0.0173,0.0059,0,ACTIVE,5,7,7
1458,17028,17:53:30,0,0.00,0,0.1900,0.0128,0.0173,0.0059,0,ACTIVE,5,7,7
1458,17029,17:54:00,0,0.00,0,0.1900,0.0128,0.0173,0.0059,0,ACTIVE,5,7,7
1458,17030,17:54:30,0,9.00,0,0.1700,0.0042,0.0173,0.0059,0,ACTIVE,5,7,7
1458,17031,17:55:00,0,1.00,0,0.1900,0.0128,0.0173,0.0059,0,ACTIVE,5,7,7
1458,17032,17:55:30,0,0.00,0,0.1400,0.0128,0.0125,0.0000,0,ACTIVE,5,7,7
1458,17033,17:56:00,0,3.00,0,0.1900,0.0128,0.0173,0.0059,0,ACTIVE,5,7,7
1458,17034,17:56:30,0,0.00,0,0.1900,0.0128,0.0173,0.0059,0,ACTIVE,5,7,7
1458,17035,17:57:00,0,1.00,0,0.1900,0.0128,0.0173,0.0059,1,ACTIVE,5,7,7
1458,17036,17:57:30,0,100.00,0,0.2100,0.0256,0.0173,0.0059,1,ACTIVE,5,7,7
1458,17037,17:58:00,0,251.00,0,0.3500,0.0861,0.0173,0.0059,1,ACTIVE,5,7,7
1458,17038,17:58:30,0,186.00,0,0.5200,0.1650,0.0173,0.0059,1,ACTIVE,5,7,7
1458,17039,17:59:00,0,106.00,0,0.6300,0.2140,0.0173,0.0059,1,ACTIVE,5,7,7
1458,17040,17:59:30,0,106.00,0,0.4500,0.1300,0.0173,0.0059,1,ACTIVE,5,7,7
1458,17041,18:00:00,0,228.00,0,0.4500,0.1300,0.0173,0.0059,1,ACTIVE,5,7,7
1458,17042,18:00:30,0,132.00,0,0.4200,0.1190,0.0173,0.0059,1,ACTIVE,5,7,7
1458,17043,18:01:00,0,115.00,0,0.5900,0.1960,0.0173,0.0059,1,ACTIVE,5,7,7
1458,17044,18:01:30,0,174.00,0,0.5500,0.1760,0.0173,0.0059,1,ACTIVE,5,7,7
1458,17045,18:02:00,0,199.00,0,0.4500,0.1300,0.0173,0.0059,1,ACTIVE,5,7,7
1458,17046,18:02:30,0,110.00,0,0.5200,0.1650,0.0173,0.0059,1,ACTIVE,5,7,7
1458,17047,18:03:00,0,435.00,0,0.4100,0.1120,0.0173,0.0059,1,ACTIVE,5,7,7
1458,17048,18:03:30,0,494.00,0,2.7700,0.7510,0.1220,0.0412,1,ACTIVE,5,7,7
1458,17049,18:04:00,0,73.00,0,4.8200,1.0400,0.2770,0.0880,1,ACTIVE,5,7,7
1458,17050,18:04:30,0,193.00,0,5.1000,1.1600,0.2770,0.0981,1,ACTIVE,5,7,7
1458,17051,18:05:00,0,268.00,0,3.2500,0.8200,0.1580,0.0523,1,ACTIVE,5,7,7
1458,17052,18:05:30,0,106.00,0,3.2200,0.9540,0.1220,0.0412,1,ACTIVE,5,7,7
1458,17053,18:06:00,0,35.00,0,5.3300,1.2600,0.2770,0.0981,1,ACTIVE,5,7,7
1458,17054,18:06:30,0,48.00,0,5.8600,1.3500,0.3160,0.0981,1,ACTIVE,5,7,7
1458,17055,18:07:00,0,10.00,0,5.6400,1.4100,0.2770,0.0880,1,ACTIVE,5,7,7
1458,17056,18:07:30,0,100.00,0,5.8600,1.3500,0.3160,0.0981,1,ACTIVE,5,7,7
1458,17057,18:08:00,0,147.00,0,5.2100,1.2100,0.2770,0.0981,1,ACTIVE,5,7,7
1458,17058,18:08:30,0,90.00,0,3.0300,0.7200,0.1580,0.0523,1,ACTIVE,5,7,7
1458,17059,18:09:00,0,80.00,0,1.3100,0.3760,0.0523,0.0173,1,ACTIVE,5,7,7
1458,17060,18:09:30,0,77.00,0,5.1500,1.1800,0.2770,0.0981,1,ACTIVE,5,7,7
1458,17061,18:10:00,0,106.00,0,4.3700,0.9750,0.2440,0.0756,1,ACTIVE,5,7,7
1458,17062,18:10:30,0,96.00,0,2.1700,0.6180,0.0880,0.0292,1,ACTIVE,5,7,7
1458,17063,18:11:00,0,59.00,0,5.4400,1.1600,0.3160,0.0981,1,ACTIVE,5,7,7
1458,17064,18:11:30,0,27.00,0,6.2600,1.3800,0.3520,0.1170,1,ACTIVE,5,7,7
1458,17065,18:12:00,0,8.00,0,2.6000,0.6740,0.1220,0.0412,1,ACTIVE,5,7,7
1458,17066,18:12:30,0,137.00,0,1.3400,0.3920,0.0523,0.0173,1,ACTIVE,5,7,7
1458,17067,18:13:00,0,35.00,0,2.6700,0.7040,0.1220,0.0412,1,ACTIVE,5,7,7
1458,17068,18:13:30,0,115.00,0,3.6000,0.8370,0.1920,0.0650,1,ACTIVE,5,7,7
1458,17069,18:14:00,0,61.00,0,2.5700,0.6600,0.1220,0.0412,1,ACTIVE,5,7,7
1458,17070,18:14:30,0,147.00,0,1.6300,0.5200,0.0523,0.0173,1,ACTIVE,5,7,7
1458,17071,18:15:00,0,66.00,0,3.9200,0.9130,0.2090,0.0650,1,ACTIVE,5,7,7
1458,17072,18:15:30,0,141.00,0,5.1000,1.1600,0.2770,0.0981,1,ACTIVE,5,7,7
1458,17073,18:16:00,0,18.00,0,6.1900,1.3500,0.3520,0.1170,1,ACTIVE,5,7,7
1458,17074,18:16:30,0,25.00,0,3.9100,0.9750,0.1920,0.0650,1,ACTIVE,5,7,7
1458,17075,18:17:00,0,42.00,0,6.2600,1.3800,0.3520,0.1170,1,ACTIVE,5,7,7
1458,17076,18:17:30,0,0.00,0,6.6200,1.3500,0.4010,0.1170,1,ACTIVE,5,7,7
1458,17077,18:18:00,0,86.00,0,6.0500,1.2900,0.3520,0.1050,1,ACTIVE,5,7,7
1458,17078,18:18:30,0,32.00,0,5.1000,1.1600,0.2770,0.0981,1,ACTIVE,5,7,7
1458,17079,18:19:00,0,59.00,0,3.3300,0.8560,0.1580,0.0523,1,ACTIVE,5,7,7
1458,17080,18:19:30,0,90.00,0,2.5700,0.6600,0.1220,0.0412,1,ACTIVE,5,7,7
1458,17081,18:20:00,0,70.00,0,1.6800,0.6890,0.0173,0.0059,1,ACTIVE,5,7,7
1458,17082,18:20:30,0,110.00,0,1.4700,0.5920,0.0173,0.0059,1,ACTIVE,5,7,7
1458,17083,18:21:00,0,48.00,0,1.1000,0.3450,0.0378,0.0023,1,ACTIVE,5,7,7
1458,17084,18:21:30,0,0.00,0,0.8700,0.3230,0.0173,0.0059,1,ACTIVE,5,7,7
1458,17085,18:22:00,0,14.00,0,2.5700,0.6600,0.1220,0.0412,1,ACTIVE,5,7,7
1458,17086,18:22:30,0,73.00,0,4.9400,1.0900,0.2770,0.0981,1,ACTIVE,5,7,7
1458,17087,18:23:00,0,103.00,0,3.3100,0.7040,0.1920,0.0650,1,ACTIVE,5,7,7
1458,17088,18:23:30,0,11.00,0,3.9500,0.7850,0.2440,0.0756,1,ACTIVE,5,7,7
1458,17089,18:24:00,0,119.00,0,1.5000,0.6050,0.0173,0.0059,1,ACTIVE,5,7,7
1458,17090,18:24:30,0,3.00,0,0.9200,0.3450,0.0173,0.0059,1,ACTIVE,5,7,7
1458,17091,18:25:00,0,90.00,0,2.7400,0.8750,0.0880,0.0292,1,ACTIVE,5,7,7
1458,17092,18:25:30,0,0.00,0,2.9200,0.9540,0.0880,0.0412,0,ACTIVE,5,7,7
1458,17093,18:26:00,0,0.00,0,3.0400,0.8750,0.1220,0.0412,0,ACTIVE,5,7,7
1458,17094,18:26:30,0,0.00,0,3.0000,0.8560,0.1220,0.0412,0,ACTIVE,5,7,7
1458,17095,18:27:00,0,28.00,0,1.7600,0.5790,0.0523,0.0173,1,ACTIVE,5,7,7
1458,17096,18:27:30,0,68.00,0,1.8600,0.6180,0.0523,0.0292,1,ACTIVE,5,7,7
1458,17097,18:28:00,0,39.00,0,9.2300,1.5700,0.6460,0.0939,1,ACTIVE,5,7,7
1458,17098,18:28:30,0,42.00,0,28.3500,2.2200,2.5800,0.7510,1,ACTIVE,5,7,7
1458,17099,18:29:00,0,7.00,0,26.3100,1.9500,2.4200,0.7350,1,ACTIVE,5,7,7
1458,17100,18:29:30,0,110.00,0,26.2900,1.9500,2.4200,0.7200,1,ACTIVE,5,7,7
1458,17101,18:30:00,0,243.00,0,6.1900,1.1100,0.4190,0.0596,1,ACTIVE,5,7,7
1458,17102,18:30:30,0,286.00,0,0.5100,0.1580,0.0173,0.0059,1,ACTIVE,5,7,7
1458,17103,18:31:00,0,251.00,0,31.4300,12.6000,0.1190,2.4200,1,ACTIVE,5,7,7
1458,17104,18:31:30,0,152.00,0,6.3200,1.9900,0.2090,0.0756,1,ACTIVE,5,7,7
1458,17105,18:32:00,0,193.00,0,15.0700,5.1700,0.4010,0.1300,1,ACTIVE,5,7,7
1458,17106,18:32:30,0,119.00,0,2.2600,0.6600,0.0880,0.0292,1,ACTIVE,5,7,7
1458,17107,18:33:00,0,141.00,0,4.9600,1.2400,0.2440,0.0880,1,ACTIVE,5,7,7
1458,17108,18:33:30,0,243.00,0,5.1300,1.6700,0.1580,0.0412,1,ACTIVE,5,7,7
1458,17109,18:34:00,0,137.00,0,2.7200,0.5790,0.1580,0.0523,1,ACTIVE,5,7,7
1458,17110,18:34:30,0,141.00,0,2.4800,0.6180,0.1220,0.0412,1,ACTIVE,5,7,7
1458,17111,18:35:00,0,83.00,0,6.4900,1.7900,0.2770,0.0981,1,ACTIVE,5,7,7
1458,17112,18:35:30,0,228.00,0,1.1900,0.3230,0.0523,0.0173,1,ACTIVE,5,7,7
1458,17113,18:36:00,0,141.00,0,0.5900,0.1960,0.0173,0.0059,1,ACTIVE,5,7,7
1458,17114,18:36:30,0,106.00,0,2.4600,0.3030,0.2000,0.0298,1,ACTIVE,5,7,7
1458,17115,18:37:00,0,141.00,0,9.0000,0.8370,0.8020,0.1190,1,ACTIVE,5,7,7
1458,17116,18:37:30,0,18.00,0,5.9900,0.4770,0.5430,0.1650,1,ACTIVE,5,7,7
1458,17117,18:38:00,0,128.00,0,3.9500,0.4280,0.3370,0.0460,1,ACTIVE,5,7,7
1458,17118,18:38:30,0,66.00,0,0.3500,0.0861,0.0173,0.0059,1,ACTIVE,5,7,7
1458,17119,18:39:00,0,259.00,0,0.5100,0.1580,0.0173,0.0059,1,ACTIVE,5,7,7
1458,17120,18:39:30,0,277.00,0,3.1000,0.6050,0.1920,0.0756,1,ACTIVE,5,7,7
1458,17121,18:40:00,0,383.00,0,1.5000,0.3160,0.0880,0.0292,1,ACTIVE,5,7,7
1458,17122,18:40:30,0,179.00,0,2.0200,0.4100,0.1220,0.0412,1,ACTIVE,5,7,7
1458,17123,18:41:00,0,277.00,0,2.6000,0.5200,0.1580,0.0650,1,ACTIVE,5,7,7
1458,17124,18:41:30,0,53.00,0,2.4900,0.4770,0.1580,0.0523,1,ACTIVE,5,7,7
1458,17125,18:42:00,0,251.00,0,1.0600,0.2600,0.0523,0.0292,1,ACTIVE,5,7,7
1458,17126,18:42:30,0,383.00,0,0.7000,0.2440,0.0173,0.0059,1,ACTIVE,5,7,7
1458,17127,18:43:00,0,220.00,0,1.9400,0.3760,0.1220,0.0412,1,ACTIVE,5,7,7
1458,17128,18:43:30,0,337.00,0,1.1500,0.3030,0.0523,0.0173,1,ACTIVE,5,7,7
1458,17129,18:44:00,0,315.00,0,3.6800,0.9540,0.1760,0.0256,1,ACTIVE,5,7,7
1458,17130,18:44:30,0,277.00,0,10.0900,2.4700,0.5090,0.1510,1,ACTIVE,5,7,7
1458,17131,18:45:00,0,220.00,0,1.5300,0.3370,0.0880,0.0115,1,ACTIVE,5,7,7
1458,17132,18:45:30,0,876.00,0,2.0500,0.8560,0.0173,0.0059,1,ACTIVE,5,7,7
1458,17133,18:46:00,0,408.00,0,1.1700,0.4570,0.0173,0.0059,1,ACTIVE,5,7,7
1458,17134,18:46:30,0,326.00,0,0.5500,0.1760,0.0173,0.0059,1,ACTIVE,5,7,7
1458,17135,18:47:00,0,206.00,0,0.2900,0.0596,0.0173,0.0059,1,ACTIVE,5,7,7
1458,17136,18:47:30,0,63.00,0,0.3300,0.0773,0.0173,0.0059,1,ACTIVE,5,7,7
1458,17137,18:48:00,0,77.00,0,0.1400,0.0583,0.0000,0.0059,1,ACTIVE,5,7,7
1458,17138,18:48:30,0,100.00,0,0.2900,0.0596,0.0173,0.0059,1,ACTIVE,5,7,7
1458,17139,18:49:00,0,168.00,0,0.6100,0.2050,0.0173,0.0059,1,ACTIVE,5,7,7
1458,17140,18:49:30,0,73.00,0,1.0500,0.2600,0.0523,0.0173,1,ACTIVE,5,7,7
1458,17141,18:50:00,0,1.00,0,1.0900,0.2720,0.0523,0.0292,1,ACTIVE,5,7,7
1458,17142,18:50:30,0,0.00,0,1.0900,0.2720,0.0523,0.0292,0,ACTIVE,5,7,7
1458,17143,18:51:00,0,0.00,0,1.0900,0.2720,0.0523,0.0292,0,ACTIVE,5,7,7
1458,17144,18:51:30,0,0.00,0,1.1800,0.2840,0.0622,0.0070,0,ACTIVE,5,7,7
1458,17145,18:52:00,0,35.00,0,1.1200,0.2840,0.0523,0.0292,1,ACTIVE,5,7,7
1458,17146,18:52:30,0,80.00,0,1.9400,0.3760,0.1220,0.0412,1,ACTIVE,5,7,7
1458,17147,18:53:00,0,0.00,0,2.4500,0.4570,0.1580,0.0523,1,ACTIVE,5,7,7
1458,17148,18:53:30,0,174.00,0,0.4500,0.1300,0.0173,0.0059,1,ACTIVE,5,7,7
1458,17149,18:54:00,0,110.00,0,8.0300,0.4870,0.7680,0.2090,1,ACTIVE,5,7,7
1458,17150,18:54:30,0,119.00,0,6.8200,0.4870,0.6320,0.1880,1,ACTIVE,5,7,7
1458,17151,18:55:00,0,86.00,0,0.4200,0.1190,0.0173,0.0059,1,ACTIVE,5,7,7
1458,17152,18:55:30,0,168.00,0,0.2000,0.0431,0.0125,0.0000,1,ACTIVE,5,7,7
1458,17153,18:56:00,0,315.00,0,4.1600,0.2230,0.4010,0.1390,1,ACTIVE,5,7,7
1458,17154,18:56:30,0,277.00,0,5.0000,0.2900,0.4770,0.1650,1,ACTIVE,5,7,7
1458,17155,18:57:00,0,228.00,0,0.8900,0.1880,0.0523,0.0173,1,ACTIVE,5,7,7
1458,17156,18:57:30,0,277.00,0,0.4100,0.1120,0.0173,0.0059,1,ACTIVE,5,7,7
1458,17157,18:58:00,0,371.00,0,2.3000,0.6890,0.0880,0.0070,1,ACTIVE,5,7,7
1458,17158,18:58:30,0,277.00,0,3.7700,1.3500,0.0880,0.0173,1,ACTIVE,5,7,7
1458,17159,18:59:00,0,395.00,0,6.1100,1.8700,0.2230,0.0298,1,ACTIVE,5,7,7
1458,17160,18:59:30,0,243.00,0,1.7900,0.4470,0.0880,0.0292,1,ACTIVE,5,7,7
1458,17161,19:00:00,0,348.00,0,1.5600,0.4570,0.0622,0.0070,1,ACTIVE,5,7,7
1458,17162,19:00:30,0,268.00,0,1.5800,0.4670,0.0622,0.0070,1,ACTIVE,5,7,7
1458,17163,19:01:00,0,243.00,0,0.1800,0.0339,0.0125,0.0000,1,ACTIVE,5,7,7
1458,17164,19:01:30,0,383.00,0,1.6900,0.4010,0.0880,0.0292,1,ACTIVE,5,7,7
1458,17165,19:02:00,0,305.00,0,11.6500,1.9100,0.8370,0.0880,1,ACTIVE,5,7,7
1458,17166,19:02:30,0,305.00,0,20.5800,3.0100,1.5700,0.1760,1,ACTIVE,5,7,7
1458,17167,19:03:00,0,421.00,0,54.0800,4.6400,4.9500,0.4670,1,ACTIVE,5,7,7
1458,17168,19:03:30,0,251.00,0,22.7900,2.6400,1.9100,0.2280,1,ACTIVE,5,7,7
1458,17169,19:04:00,0,660.00,0,15.0300,1.8300,1.2400,0.1480,1,ACTIVE,5,7,7
1458,17170,19:04:30,0,259.00,0,7.0200,0.4010,0.6740,0.2090,1,ACTIVE,5,7,7
1458,17171,19:05:00,0,251.00,0,15.4300,0.7850,1.5000,0.4870,1,ACTIVE,5,7,7
1458,17172,19:05:30,0,359.00,0,5.0400,0.4770,0.4470,0.0650,1,ACTIVE,5,7,7
1458,17173,19:06:00,0,315.00,0,13.8700,0.7350,1.3500,0.3920,1,ACTIVE,5,7,7
1458,17174,19:06:30,0,228.00,0,7.2800,0.3920,0.7040,0.2280,1,ACTIVE,5,7,7
1458,17175,19:07:00,0,141.00,0,4.5200,0.2440,0.4370,0.1390,1,ACTIVE,5,7,7
1458,17176,19:07:30,0,348.00,0,2.1900,0.1300,0.2090,0.0650,1,ACTIVE,5,7,7
1458,17177,19:08:00,0,206.00,0,1.2800,0.0773,0.1220,0.0412,1,ACTIVE,5,7,7
1458,17178,19:08:30,0,73.00,0,1.1900,0.0861,0.1120,0.0162,1,ACTIVE,5,7,7
1458,17179,19:09:00,0,137.00,0,1.3000,0.0861,0.1220,0.0412,1,ACTIVE,5,7,7
1458,17180,19:09:30,0,163.00,0,2.8600,0.1450,0.2770,0.0981,1,ACTIVE,5,7,7
1458,17181,19:10:00,0,44.00,0,2.1700,0.1190,0.2090,0.0650,1,ACTIVE,5,7,7
1458,17182,19:10:30,0,14.00,0,2.2200,0.1360,0.2090,0.0756,1,ACTIVE,5,7,7
1458,17183,19:11:00,0,0.00,0,1.2800,0.0773,0.1220,0.0412,0,ACTIVE,5,7,7
1458,17184,19:11:30,0,25.00,0,0.6700,0.0512,0.0622,0.0070,1,ACTIVE,5,7,7
1458,17185,19:12:00,0,9.00,0,0.6800,0.0596,0.0622,0.0070,0,ACTIVE,5,7,7
1458,17186,19:12:30,0,0.00,0,0.9300,0.0596,0.0880,0.0292,0,ACTIVE,5,7,7
1458,17187,19:13:00,0,0.00,0,0.5700,0.0431,0.0523,0.0173,0,ACTIVE,5,7,7
1458,17188,19:13:30,0,1.00,0,0.5900,0.0512,0.0523,0.0173,0,ACTIVE,5,7,7
1458,17189,19:14:00,0,0.00,0,0.4100,0.0339,0.0378,0.0023,0,ACTIVE,5,7,7
1458,17190,19:14:30,0,37.00,0,1.2000,0.0939,0.1120,0.0162,1,ACTIVE,5,7,7
1458,17191,19:15:00,0,37.00,0,1.3200,0.0939,0.1220,0.0412,1,ACTIVE,5,7,7
1458,17192,19:15:30,0,42.00,0,0.6000,0.0512,0.0523,0.0292,1,ACTIVE,5,7,7
1458,17193,19:16:00,0,4.00,0,1.2800,0.0773,0.1220,0.0412,1,ACTIVE,5,7,7
1458,17194,19:16:30,0,1.00,0,1.2800,0.0773,0.1220,0.0412,1,ACTIVE,5,7,7
1458,17195,19:17:00,0,228.00,0,3.8400,0.3760,0.3370,0.0512,1,ACTIVE,5,7,7
1458,17196,19:17:30,0,132.00,0,6.8300,0.4980,0.6320,0.1760,1,ACTIVE,5,7,7
1458,17197,19:18:00,0,193.00,0,15.4600,0.9540,1.4700,0.4280,1,ACTIVE,5,7,7
1458,17198,19:18:30,0,228.00,0,8.9300,0.6050,0.8370,0.2380,1,ACTIVE,5,7,7
1458,17199,19:19:00,0,12.00,0,0.7200,0.0773,0.0622,0.0070,1,ACTIVE,5,7,7
1458,17200,19:19:30,0,179.00,0,4.4100,0.4470,0.3840,0.0512,1,ACTIVE,5,7,7
1458,17201,19:20:00,0,228.00,0,0.7600,0.0939,0.0622,0.0070,1,ACTIVE,5,7,7
1458,17202,19:20:30,0,100.00,0,0.2500,0.0431,0.0173,0.0059,1,ACTIVE,5,7,7
1458,17203,19:21:00,0,20.00,0,0.6800,0.0596,0.0622,0.0070,1,ACTIVE,5,7,7
1458,17204,19:21:30,0,32.00,0,0.6100,0.0596,0.0523,0.0173,1,ACTIVE,5,7,7
1458,17205,19:22:00,0,8.00,0,0.6100,0.0596,0.0523,0.0173,1,ACTIVE,5,7,7
1458,17206,19:22:30,0,137.00,0,0.6300,0.0679,0.0523,0.0173,1,ACTIVE,5,7,7
1458,17207,19:23:00,0,0.00,0,0.4700,0.0596,0.0378,0.0023,1,ACTIVE,5,7,7
1458,17208,19:23:30,0,90.00,0,0.7000,0.0679,0.0622,0.0070,1,ACTIVE,5,7,7
1458,17209,19:24:00,0,46.00,0,0.9900,0.0939,0.0880,0.0115,1,ACTIVE,5,7,7
1458,17210,19:24:30,0,8.00,0,0.7400,0.0861,0.0622,0.0070,1,ACTIVE,5,7,7
1458,17211,19:25:00,0,30.00,0,1.0100,0.0939,0.0880,0.0292,1,ACTIVE,5,7,7
1458,17212,19:25:30,0,15.00,0,1.5400,0.1360,0.1390,0.0206,1,ACTIVE,5,7,7
1458,17213,19:26:00,0,0.00,0,1.5600,0.1450,0.1390,0.0206,0,ACTIVE,5,7,7
1458,17214,19:26:30,0,42.00,0,1.2400,0.1120,0.1120,0.0162,1,ACTIVE,5,7,7
1458,17215,19:27:00,0,0.00,0,0.7400,0.0861,0.0622,0.0070,0,ACTIVE,5,7,7
1458,17216,19:27:30,0,28.00,0,1.0300,0.1120,0.0880,0.0115,1,ACTIVE,5,7,7
1458,17217,19:28:00,0,37.00,0,2.6500,0.1960,0.2440,0.0756,1,ACTIVE,5,7,7
1458,17218,19:28:30,0,0.00,0,3.0200,0.2230,0.2770,0.0880,0,ACTIVE,5,7,7
1458,17219,19:29:00,0,0.00,0,2.5200,0.2380,0.2230,0.0347,0,ACTIVE,5,7,7
1458,17220,19:29:30,0,0.00,0,2.5200,0.2380,0.2230,0.0347,0,ACTIVE,5,7,7
1458,17221,19:30:00,0,9.00,0,2.2600,0.2140,0.2000,0.0298,0,ACTIVE,5,7,7
1458,17222,19:30:30,0,34.00,0,1.2500,0.1190,0.1120,0.0115,1,ACTIVE,5,7,7
1458,17223,19:31:00,0,22.00,0,1.0500,0.1190,0.0880,0.0115,1,ACTIVE,5,7,7
1458,17224,19:31:30,0,0.00,0,1.0300,0.1120,0.0880,0.0115,1,ACTIVE,5,7,7
1458,17225,19:32:00,0,199.00,0,1.7300,0.1720,0.1510,0.0206,1,ACTIVE,5,7,7
1458,17226,19:32:30,0,0.00,0,3.7700,0.2600,0.3520,0.0981,1,ACTIVE,5,7,7
1458,17227,19:33:00,0,20.00,0,0.7200,0.0773,0.0622,0.0070,1,ACTIVE,5,7,7
1458,17228,19:33:30,0,15.00,0,0.1900,0.0128,0.0173,0.0059,1,ACTIVE,5,7,7
1458,17229,19:34:00,0,37.00,0,0.4300,0.0431,0.0378,0.0023,1,ACTIVE,5,7,7
1458,17230,19:34:30,0,8.00,0,0.2500,0.0431,0.0173,0.0059,1,ACTIVE,5,7,7
1458,17231,19:35:00,0,18.00,0,0.6500,0.0773,0.0523,0.0173,1,ACTIVE,5,7,7
1458,17232,19:35:30,0,44.00,0,0.0900,0.0395,0.0000,0.0059,1,ACTIVE,5,7,7
1458,17233,19:36:00,0,23.00,0,0.2100,0.0256,0.0173,0.0059,1,ACTIVE,5,7,7
1458,17234,19:36:30,0,33.00,0,1.8200,0.2140,0.1510,0.0206,1,ACTIVE,5,7,7
1458,17235,19:37:00,0,5.00,0,2.9600,0.3370,0.2490,0.0347,0,ACTIVE,5,7,7
1458,17236,19:37:30,0,0.00,0,2.9000,0.3090,0.2490,0.0347,0,ACTIVE,5,7,7
1458,17237,19:38:00,0,0.00,0,2.5900,0.2720,0.2230,0.0347,1,ACTIVE,5,7,7
1458,17238,19:38:30,0,59.00,0,0.7400,0.0861,0.0622,0.0070,1,ACTIVE,5,7,7
1458,17239,19:39:00,0,141.00,0,0.1700,0.0042,0.0173,0.0059,1,ACTIVE,5,7,7
1458,17240,19:39:30,0,5.00,0,0.1700,0.0042,0.0173,0.0059,1,ACTIVE,5,7,7
1458,17241,19:40:00,0,0.00,0,0.1200,0.0042,0.0125,0.0000,0,ACTIVE,5,7,7
1458,17242,19:40:30,0,0.00,0,0.1700,0.0042,0.0173,0.0059,0,ACTIVE,5,7,7
1458,17243,19:41:00,0,0.00,0,0.1700,0.0042,0.0173,0.0059,0,ACTIVE,5,7,7
1458,17244,19:41:30,0,1.00,0,0.1700,0.0042,0.0173,0.0059,0,ACTIVE,5,7,7
1458,17245,19:42:00,0,0.00,0,0.1700,0.0042,0.0173,0.0059,0,ACTIVE,5,7,7
1458,17246,19:42:30,0,0.00,0,0.1700,0.0042,0.0173,0.0059,0,ACTIVE,5,7,7
1458,17247,19:43:00,0,0.00,0,0.1700,0.0042,0.0173,0.0059,0,ACTIVE,5,7,7
1458,17248,19:43:30,0,0.00,0,0.1700,0.0042,0.0173,0.0059,0,ACTIVE,5,7,7
1458,17249,19:44:00,0,0.00,0,0.1700,0.0042,0.0173,0.0059,0,ACTIVE,5,7,7
1458,17250,19:44:30,0,0.00,0,0.1700,0.0042,0.0173,0.0059,0,ACTIVE,5,7,7
1458,17251,19:45:00,0,0.00,0,0.1700,0.0042,0.0173,0.0059,0,ACTIVE,5,7,7
1458,17252,19:45:30,0,0.00,0,0.1700,0.0042,0.0173,0.0059,0,ACTIVE,5,7,7
1458,17253,19:46:00,0,0.00,0,0.1700,0.0042,0.0173,0.0059,0,ACTIVE,5,7,7
1458,17254,19:46:30,0,10.00,0,0.1700,0.0042,0.0173,0.0059,0,ACTIVE,5,7,7
1458,17255,19:47:00,0,1.00,0,0.1700,0.0042,0.0173,0.0059,0,ACTIVE,5,7,7
1458,17256,19:47:30,0,0.00,0,0.1700,0.0042,0.0173,0.0059,0,ACTIVE,5,7,7
1458,17257,19:48:00,0,0.00,0,0.1700,0.0042,0.0173,0.0059,0,ACTIVE,5,7,7
1458,17258,19:48:30,0,0.00,0,0.1700,0.0042,0.0173,0.0059,0,ACTIVE,5,7,7
1458,17259,19:49:00,0,0.00,0,0.1700,0.0042,0.0173,0.0059,0,ACTIVE,5,7,7
1458,17260,19:49:30,0,0.00,0,0.1700,0.0042,0.0173,0.0059,0,ACTIVE,5,7,7
1458,17261,19:50:00,0,0.00,0,0.1700,0.0042,0.0173,0.0059,0,ACTIVE,5,7,7
1458,17262,19:50:30,0,3.00,0,0.1700,0.0042,0.0173,0.0059,0,ACTIVE,5,7,7
1458,17263,19:51:00,0,0.00,0,0.1700,0.0042,0.0173,0.0059,0,ACTIVE,5,7,7
1458,17264,19:51:30,0,0.00,0,0.1700,0.0042,0.0173,0.0059,0,ACTIVE,5,7,7
1458,17265,19:52:00,0,3.00,0,0.1700,0.0042,0.0173,0.0059,0,ACTIVE,5,7,7
1458,17266,19:52:30,0,1.00,0,0.1700,0.0042,0.0173,0.0059,0,ACTIVE,5,7,7
1458,17267,19:53:00,0,1.00,0,0.1700,0.0042,0.0173,0.0059,0,ACTIVE,5,7,7
1458,17268,19:53:30,0,11.00,0,0.1700,0.0042,0.0173,0.0059,0,ACTIVE,5,7,7
1458,17269,19:54:00,0,0.00,0,0.1700,0.0042,0.0173,0.0059,0,ACTIVE,5,7,7
1458,17270,19:54:30,0,4.00,0,0.1700,0.0042,0.0173,0.0059,0,ACTIVE,5,7,7
1458,17271,19:55:00,0,0.00,0,0.1700,0.0042,0.0173,0.0059,0,ACTIVE,5,7,7
1458,17272,19:55:30,0,9.00,0,0.1700,0.0042,0.0173,0.0059,0,ACTIVE,5,7,7
1458,17273,19:56:00,0,14.00,0,0.1700,0.0042,0.0173,0.0059,0,ACTIVE,5,7,7
1458,17274,19:56:30,0,3.00,0,0.1700,0.0042,0.0173,0.0059,0,ACTIVE,5,7,7
1458,17275,19:57:00,0,1.00,0,0.1700,0.0042,0.0173,0.0059,0,ACTIVE,5,7,7
1458,17276,19:57:30,0,44.00,0,0.1700,0.0042,0.0173,0.0059,1,ACTIVE,5,7,7
1458,17277,19:58:00,0,12.00,0,0.1700,0.0042,0.0173,0.0059,0,ACTIVE,5,7,7
1458,17278,19:58:30,0,4.00,0,0.1700,0.0042,0.0173,0.0059,0,ACTIVE,5,7,7
1458,17279,19:59:00,0,7.00,0,0.1700,0.0042,0.0173,0.0059,0,ACTIVE,5,7,7
1458,17280,19:59:30,0,14.00,0,0.1700,0.0042,0.0173,0.0059,0,ACTIVE,5,7,7
1458,17281,20:00:00,0,5.00,0,0.1700,0.0042,0.0173,0.0059,0,ACTIVE,5,7,7
1458,17282,20:00:30,0,0.00,0,0.1700,0.0042,0.0173,0.0059,0,ACTIVE,5,7,7
1458,17283,20:01:00,0,28.00,0,0.1700,0.0042,0.0173,0.0059,1,ACTIVE,5,7,7
1458,17284,20:01:30,0,0.00,0,0.1700,0.0042,0.0173,0.0059,0,ACTIVE,5,7,7
1458,17285,20:02:00,0,8.00,0,0.1900,0.0128,0.0173,0.0059,0,ACTIVE,5,7,7
1458,17286,20:02:30,0,5.00,0,0.1700,0.0042,0.0173,0.0059,0,ACTIVE,5,7,7
1458,17287,20:03:00,0,2.00,0,0.1700,0.0042,0.0173,0.0059,0,ACTIVE,5,7,7
1458,17288,20:03:30,0,21.00,0,0.1900,0.0128,0.0173,0.0059,1,ACTIVE,5,7,7
1458,17289,20:04:00,0,21.00,0,0.1700,0.0042,0.0173,0.0059,1,ACTIVE,5,7,7
1458,17290,20:04:30,0,5.00,0,0.1700,0.0042,0.0173,0.0059,0,ACTIVE,5,7,7
1458,17291,20:05:00,0,21.00,0,0.1700,0.0042,0.0173,0.0059,1,ACTIVE,5,7,7
1458,17292,20:05:30,0,11.00,0,0.1700,0.0042,0.0173,0.0059,0,ACTIVE,5,7,7
1458,17293,20:06:00,0,4.00,0,0.1700,0.0042,0.0173,0.0059,0,ACTIVE,5,7,7
1458,17294,20:06:30,0,19.00,0,0.1700,0.0042,0.0173,0.0059,1,ACTIVE,5,7,7
1458,17295,20:07:00,0,33.00,0,0.1900,0.0128,0.0173,0.0059,1,ACTIVE,5,7,7
1458,17296,20:07:30,0,11.00,0,0.1900,0.0128,0.0173,0.0059,0,ACTIVE,5,7,7
1458,17297,20:08:00,0,15.00,0,0.1900,0.0128,0.0173,0.0059,1,ACTIVE,5,7,7
1458,17298,20:08:30,0,14.00,0,0.1900,0.0128,0.0173,0.0059,0,ACTIVE,5,7,7
1458,17299,20:09:00,0,12.00,0,0.1900,0.0128,0.0173,0.0059,0,ACTIVE,5,7,7
1458,17300,20:09:30,0,7.00,0,0.1900,0.0128,0.0173,0.0059,0,ACTIVE,5,7,7
1458,17301,20:10:00,0,0.00,0,0.1900,0.0128,0.0173,0.0059,0,ACTIVE,5,7,7
1458,17302,20:10:30,0,0.00,0,0.1900,0.0128,0.0173,0.0059,0,ACTIVE,5,7,7
1458,17303,20:11:00,0,2.00,0,0.1900,0.0128,0.0173,0.0059,0,ACTIVE,5,7,7
1458,17304,20:11:30,0,8.00,0,0.1900,0.0128,0.0173,0.0059,0,ACTIVE,5,7,7
1458,17305,20:12:00,0,0.00,0,0.1900,0.0128,0.0173,0.0059,0,ACTIVE,5,7,7
1458,17306,20:12:30,0,4.00,0,0.1900,0.0128,0.0173,0.0059,0,ACTIVE,5,7,7
1458,17307,20:13:00,0,8.00,0,0.1900,0.0128,0.0173,0.0059,0,ACTIVE,5,7,7
1458,17308,20:13:30,0,8.00,0,0.1900,0.0128,0.0173,0.0059,0,ACTIVE,5,7,7
1458,17309,20:14:00,0,9.00,0,0.1900,0.0128,0.0173,0.0059,0,ACTIVE,5,7,7
1458,17310,20:14:30,0,11.00,0,0.1900,0.0128,0.0173,0.0059,0,ACTIVE,5,7,7
1458,17311,20:15:00,0,0.00,0,0.1900,0.0128,0.0173,0.0059,0,ACTIVE,5,7,7
1458,17312,20:15:30,0,31.00,0,0.1900,0.0128,0.0173,0.0059,1,ACTIVE,5,7,7
1458,17313,20:16:00,0,61.00,0,0.1900,0.0128,0.0173,0.0059,1,ACTIVE,5,7,7
1458,17314,20:16:30,0,0.00,0,0.1900,0.0128,0.0173,0.0059,0,ACTIVE,5,7,7
1458,17315,20:17:00,0,4.00,0,0.1900,0.0128,0.0173,0.0059,0,ACTIVE,5,7,7
1458,17316,20:17:30,0,7.00,0,0.1900,0.0128,0.0173,0.0059,0,ACTIVE,5,7,7
1458,17317,20:18:00,0,0.00,0,0.1700,0.0042,0.0173,0.0059,0,ACTIVE,5,7,7
1458,17318,20:18:30,0,7.00,0,0.1900,0.0128,0.0173,0.0059,0,ACTIVE,5,7,7
1458,17319,20:19:00,0,0.00,0,0.1900,0.0128,0.0173,0.0059,0,ACTIVE,5,7,7
1458,17320,20:19:30,0,11.00,0,0.1700,0.0042,0.0173,0.0059,0,ACTIVE,5,7,7
1458,17321,20:20:00,0,11.00,0,0.1700,0.0042,0.0173,0.0059,0,ACTIVE,5,7,7
1458,17322,20:20:30,0,9.00,0,0.1700,0.0042,0.0173,0.0059,0,ACTIVE,5,7,7
1458,17323,20:21:00,0,7.00,0,0.1700,0.0042,0.0173,0.0059,0,ACTIVE,5,7,7
1458,17324,20:21:30,0,4.00,0,0.1900,0.0128,0.0173,0.0059,0,ACTIVE,5,7,7
1458,17325,20:22:00,0,1.00,0,0.1900,0.0128,0.0173,0.0059,0,ACTIVE,5,7,7
1458,17326,20:22:30,0,4.00,0,0.1900,0.0128,0.0173,0.0059,0,ACTIVE,5,7,7
1458,17327,20:23:00,0,1.00,0,0.1900,0.0128,0.0173,0.0059,0,ACTIVE,5,7,7
1458,17328,20:23:30,0,5.00,0,0.1900,0.0128,0.0173,0.0059,0,ACTIVE,5,7,7
1458,17329,20:24:00,0,7.00,0,0.1700,0.0042,0.0173,0.0059,0,ACTIVE,5,7,7
1458,17330,20:24:30,0,0.00,0,0.1900,0.0128,0.0173,0.0059,0,ACTIVE,5,7,7
1458,17331,20:25:00,0,9.00,0,0.1700,0.0042,0.0173,0.0059,0,ACTIVE,5,7,7
1458,17332,20:25:30,0,3.00,0,0.1700,0.0042,0.0173,0.0059,0,ACTIVE,5,7,7
1458,17333,20:26:00,0,0.00,0,0.1700,0.0042,0.0173,0.0059,0,ACTIVE,5,7,7
1458,17334,20:26:30,0,5.00,0,0.1700,0.0042,0.0173,0.0059,0,ACTIVE,5,7,7
1458,17335,20:27:00,0,7.00,0,0.1700,0.0042,0.0173,0.0059,0,ACTIVE,5,7,7
1458,17336,20:27:30,0,77.00,0,0.0200,0.0049,0.0000,0.0059,1,ACTIVE,5,7,7
1458,17337,20:28:00,0,0.00,0,0.1700,0.0042,0.0173,0.0059,0,ACTIVE,5,7,7
1458,17338,20:28:30,0,25.00,0,0.1700,0.0042,0.0173,0.0059,1,ACTIVE,5,7,7
1458,17339,20:29:00,0,13.00,0,0.1700,0.0042,0.0173,0.0059,1,ACTIVE,5,7,7
1458,17340,20:29:30,0,16.00,0,0.1700,0.0042,0.0173,0.0059,1,ACTIVE,5,7,7
1458,17341,20:30:00,0,15.00,0,0.1700,0.0042,0.0173,0.0059,1,ACTIVE,5,7,7
1458,17342,20:30:30,0,37.00,0,0.1700,0.0042,0.0173,0.0059,1,ACTIVE,5,7,7
1458,17343,20:31:00,0,193.00,0,0.1700,0.0042,0.0173,0.0059,1,ACTIVE,5,7,7
1458,17344,20:31:30,0,31.00,0,0.1700,0.0042,0.0173,0.0059,1,ACTIVE,5,7,7
1458,17345,20:32:00,0,12.00,0,0.1700,0.0042,0.0173,0.0059,1,ACTIVE,5,7,7
1458,17346,20:32:30,0,0.00,0,0.1700,0.0042,0.0173,0.0059,0,ACTIVE,5,7,7
1458,17347,20:33:00,0,3.00,0,0.1700,0.0042,0.0173,0.0059,0,ACTIVE,5,7,7
1458,17348,20:33:30,0,0.00,0,0.1700,0.0042,0.0173,0.0059,0,ACTIVE,5,7,7
1458,17349,20:34:00,0,16.00,0,0.1700,0.0042,0.0173,0.0059,0,ACTIVE,5,7,7
1458,17350,20:34:30,0,0.00,0,0.1700,0.0042,0.0173,0.0059,0,ACTIVE,5,7,7
1458,17351,20:35:00,0,8.00,0,0.1700,0.0042,0.0173,0.0059,0,ACTIVE,5,7,7
1458,17352,20:35:30,0,4.00,0,0.1700,0.0042,0.0173,0.0059,0,ACTIVE,5,7,7
1458,17353,20:36:00,0,3.00,0,0.1700,0.0042,0.0173,0.0059,0,ACTIVE,5,7,7
1458,17354,20:36:30,0,11.00,0,0.1700,0.0042,0.0173,0.0059,0,ACTIVE,5,7,7
1458,17355,20:37:00,0,12.00,0,0.1700,0.0042,0.0173,0.0059,1,ACTIVE,5,7,7
1458,17356,20:37:30,0,30.00,0,0.1700,0.0042,0.0173,0.0059,1,ACTIVE,5,7,7
1458,17357,20:38:00,0,168.00,0,0.0200,0.0049,0.0000,0.0059,1,ACTIVE,5,7,7
1458,17358,20:38:30,0,0.00,0,0.1700,0.0042,0.0173,0.0059,1,ACTIVE,5,7,7
1458,17359,20:39:00,0,16.00,0,0.1700,0.0042,0.0173,0.0059,1,ACTIVE,5,7,7
1458,17360,20:39:30,0,16.00,0,0.1700,0.0042,0.0173,0.0059,1,ACTIVE,5,7,7
1458,17361,20:40:00,0,0.00,0,0.1700,0.0042,0.0173,0.0059,0,ACTIVE,5,7,7
1458,17362,20:40:30,0,1.00,0,0.1700,0.0042,0.0173,0.0059,0,ACTIVE,5,7,7
1458,17363,20:41:00,0,18.00,0,0.1900,0.0128,0.0173,0.0059,0,ACTIVE,5,7,7
1458,17364,20:41:30,0,10.00,0,0.1700,0.0042,0.0173,0.0059,0,ACTIVE,5,7,7
1458,17365,20:42:00,0,0.00,0,0.1900,0.0128,0.0173,0.0059,0,ACTIVE,5,7,7
1458,17366,20:42:30,0,4.00,0,0.1900,0.0128,0.0173,0.0059,0,ACTIVE,5,7,7
1458,17367,20:43:00,0,0.00,0,0.1900,0.0128,0.0173,0.0059,0,ACTIVE,5,7,7
1458,17368,20:43:30,0,8.00,0,0.1900,0.0128,0.0173,0.0059,0,ACTIVE,5,7,7
1458,17369,20:44:00,0,0.00,0,0.1900,0.0128,0.0173,0.0059,0,ACTIVE,5,7,7
1458,17370,20:44:30,0,4.00,0,0.1900,0.0128,0.0173,0.0059,0,ACTIVE,5,7,7
1458,17371,20:45:00,0,4.00,0,0.1900,0.0128,0.0173,0.0059,0,ACTIVE,5,7,7
1458,17372,20:45:30,0,3.00,0,0.1900,0.0128,0.0173,0.0059,0,ACTIVE,5,7,7
1458,17373,20:46:00,0,0.00,0,0.1700,0.0042,0.0173,0.0059,0,ACTIVE,5,7,7
1458,17374,20:46:30,0,1.00,0,0.1900,0.0128,0.0173,0.0059,0,ACTIVE,5,7,7
1458,17375,20:47:00,0,3.00,0,0.1900,0.0128,0.0173,0.0059,1,ACTIVE,5,7,7
1458,17376,20:47:30,0,0.00,0,0.1900,0.0128,0.0173,0.0059,0,ACTIVE,5,7,7
1458,17377,20:48:00,0,179.00,0,0.1900,0.0128,0.0173,0.0059,1,ACTIVE,5,7,7
1458,17378,20:48:30,0,1.00,0,0.1900,0.0128,0.0173,0.0059,1,ACTIVE,5,7,7
1458,17379,20:49:00,0,5.00,0,0.1900,0.0128,0.0173,0.0059,1,ACTIVE,5,7,7
1458,17380,20:49:30,0,15.00,0,0.1900,0.0128,0.0173,0.0059,1,ACTIVE,5,7,7
1458,17381,20:50:00,0,10.00,0,0.1900,0.0128,0.0173,0.0059,0,ACTIVE,5,7,7
1458,17382,20:50:30,0,33.00,0,0.1900,0.0128,0.0173,0.0059,1,ACTIVE,5,7,7
1458,17383,20:51:00,0,1.00,0,0.1900,0.0128,0.0173,0.0059,0,ACTIVE,5,7,7
1458,17384,20:51:30,0,4.00,0,0.1900,0.0128,0.0173,0.0059,0,ACTIVE,5,7,7
1458,17385,20:52:00,0,0.00,0,0.1900,0.0128,0.0173,0.0059,0,ACTIVE,5,7,7
1458,17386,20:52:30,0,1.00,0,0.1900,0.0128,0.0173,0.0059,0,ACTIVE,5,7,7
1458,17387,20:53:00,0,4.00,0,0.1900,0.0128,0.0173,0.0059,0,ACTIVE,5,7,7
1458,17388,20:53:30,0,0.00,0,0.1900,0.0128,0.0173,0.0059,0,ACTIVE,5,7,7
1458,17389,20:54:00,0,0.00,0,0.1900,0.0128,0.0173,0.0059,0,ACTIVE,5,7,7
1458,17390,20:54:30,0,1.00,0,0.1700,0.0042,0.0173,0.0059,0,ACTIVE,5,7,7
1458,17391,20:55:00,0,8.00,0,0.1900,0.0128,0.0173,0.0059,0,ACTIVE,5,7,7
1458,17392,20:55:30,0,0.00,0,0.1900,0.0128,0.0173,0.0059,0,ACTIVE,5,7,7
1458,17393,20:56:00,0,0.00,0,0.1700,0.0042,0.0173,0.0059,0,ACTIVE,5,7,7
1458,17394,20:56:30,0,0.00,0,0.1900,0.0128,0.0173,0.0059,0,ACTIVE,5,7,7
1458,17395,20:57:00,0,0.00,0,0.1900,0.0128,0.0173,0.0059,0,ACTIVE,5,7,7
1458,17396,20:57:30,0,0.00,0,0.1900,0.0128,0.0173,0.0059,0,ACTIVE,5,7,7
1458,17397,20:58:00,0,0.00,0,0.1900,0.0128,0.0173,0.0059,0,ACTIVE,5,7,7
1458,17398,20:58:30,0,0.00,0,0.1700,0.0042,0.0173,0.0059,0,ACTIVE,5,7,7
1458,17399,20:59:00,0,73.00,0,0.1700,0.0042,0.0173,0.0059,1,ACTIVE,5,7,7
1458,17400,20:59:30,0,2.00,0,0.1900,0.0128,0.0173,0.0059,0,ACTIVE,5,7,7
1458,17401,21:00:00,0,0.00,0,0.1700,0.0042,0.0173,0.0059,0,ACTIVE,5,7,7
1458,17402,21:00:30,0,4.00,0,0.1900,0.0128,0.0173,0.0059,0,ACTIVE,5,7,7
1458,17403,21:01:00,0,0.00,0,0.1900,0.0128,0.0173,0.0059,0,ACTIVE,5,7,7
1458,17404,21:01:30,0,35.00,0,0.1900,0.0128,0.0173,0.0059,1,ACTIVE,5,7,7
1458,17405,21:02:00,0,0.00,0,0.1900,0.0128,0.0173,0.0059,0,ACTIVE,5,7,7
1458,17406,21:02:30,0,0.00,0,0.1700,0.0042,0.0173,0.0059,0,ACTIVE,5,7,7
1458,17407,21:03:00,0,0.00,0,0.1900,0.0128,0.0173,0.0059,0,ACTIVE,5,7,7
1458,17408,21:03:30,0,1.00,0,0.1900,0.0128,0.0173,0.0059,0,ACTIVE,5,7,7
1458,17409,21:04:00,0,0.00,0,0.1900,0.0128,0.0173,0.0059,0,ACTIVE,5,7,7
1458,17410,21:04:30,0,1.00,0,0.1700,0.0042,0.0173,0.0059,0,ACTIVE,5,7,7
1458,17411,21:05:00,0,0.00,0,0.1700,0.0042,0.0173,0.0059,0,ACTIVE,5,7,7
1458,17412,21:05:30,0,0.00,0,0.1700,0.0042,0.0173,0.0059,0,ACTIVE,5,7,7
1458,17413,21:06:00,0,0.00,0,0.1900,0.0128,0.0173,0.0059,0,ACTIVE,5,7,7
1458,17414,21:06:30,0,5.00,0,0.1900,0.0128,0.0173,0.0059,0,ACTIVE,5,7,7
1458,17415,21:07:00,0,93.00,0,0.1200,0.0042,0.0125,0.0000,1,ACTIVE,5,7,7
1458,17416,21:07:30,0,13.00,0,0.1700,0.0042,0.0173,0.0059,1,ACTIVE,5,7,7
1458,17417,21:08:00,0,115.00,0,0.1700,0.0042,0.0173,0.0059,1,ACTIVE,5,7,7
1458,17418,21:08:30,0,13.00,0,0.1700,0.0042,0.0173,0.0059,1,ACTIVE,5,7,7
1458,17419,21:09:00,0,0.00,0,0.1700,0.0042,0.0173,0.0059,0,ACTIVE,5,7,7
1458,17420,21:09:30,0,4.00,0,0.1900,0.0128,0.0173,0.0059,0,ACTIVE,5,7,7
1458,17421,21:10:00,0,0.00,0,0.1900,0.0128,0.0173,0.0059,0,ACTIVE,5,7,7
1458,17422,21:10:30,0,1.00,0,0.1900,0.0128,0.0173,0.0059,0,ACTIVE,5,7,7
1458,17423,21:11:00,0,0.00,0,0.1700,0.0042,0.0173,0.0059,0,ACTIVE,5,7,7
1458,17424,21:11:30,0,3.00,0,0.1900,0.0128,0.0173,0.0059,0,ACTIVE,5,7,7
1458,17425,21:12:00,0,15.00,0,0.1900,0.0128,0.0173,0.0059,0,ACTIVE,5,7,7
1458,17426,21:12:30,0,0.00,0,0.1900,0.0128,0.0173,0.0059,0,ACTIVE,5,7,7
1458,17427,21:13:00,0,1.00,0,0.1700,0.0042,0.0173,0.0059,0,ACTIVE,5,7,7
1458,17428,21:13:30,0,0.00,0,0.1900,0.0128,0.0173,0.0059,0,ACTIVE,5,7,7
1458,17429,21:14:00,0,5.00,0,0.1700,0.0042,0.0173,0.0059,0,ACTIVE,5,7,7
1458,17430,21:14:30,0,1.00,0,0.1900,0.0128,0.0173,0.0059,0,ACTIVE,5,7,7
1458,17431,21:15:00,0,0.00,0,0.1900,0.0128,0.0173,0.0059,0,ACTIVE,5,7,7
1458,17432,21:15:30,0,1.00,0,0.1900,0.0128,0.0173,0.0059,0,ACTIVE,5,7,7
1458,17433,21:16:00,0,0.00,0,0.1900,0.0128,0.0173,0.0059,0,ACTIVE,5,7,7
1458,17434,21:16:30,0,0.00,0,0.1900,0.0128,0.0173,0.0059,0,ACTIVE,5,7,7
1458,17435,21:17:00,0,0.00,0,0.1900,0.0128,0.0173,0.0059,0,ACTIVE,5,7,7
1458,17436,21:17:30,0,0.00,0,0.1900,0.0128,0.0173,0.0059,0,ACTIVE,5,7,7
1458,17437,21:18:00,0,2.00,0,0.1700,0.0042,0.0173,0.0059,0,ACTIVE,5,7,7
1458,17438,21:18:30,0,1.00,0,0.1900,0.0128,0.0173,0.0059,0,ACTIVE,5,7,7
1458,17439,21:19:00,0,1.00,0,0.1900,0.0128,0.0173,0.0059,0,ACTIVE,5,7,7
1458,17440,21:19:30,0,0.00,0,0.1900,0.0128,0.0173,0.0059,0,ACTIVE,5,7,7
1458,17441,21:20:00,0,0.00,0,0.1900,0.0128,0.0173,0.0059,0,ACTIVE,5,7,7
1458,17442,21:20:30,0,0.00,0,0.1900,0.0128,0.0173,0.0059,0,ACTIVE,5,7,7
1458,17443,21:21:00,0,0.00,0,0.1900,0.0128,0.0173,0.0059,0,ACTIVE,5,7,7
1458,17444,21:21:30,0,0.00,0,0.1900,0.0128,0.0173,0.0059,0,ACTIVE,5,7,7
1458,17445,21:22:00,0,0.00,0,0.1900,0.0128,0.0173,0.0059,0,ACTIVE,5,7,7
1458,17446,21:22:30,0,0.00,0,0.1900,0.0128,0.0173,0.0059,0,ACTIVE,5,7,7
1458,17447,21:23:00,0,0.00,0,0.1900,0.0128,0.0173,0.0059,0,ACTIVE,5,7,7
1458,17448,21:23:30,0,0.00,0,0.1900,0.0128,0.0173,0.0059,0,ACTIVE,5,7,7
1458,17449,21:24:00,0,0.00,0,0.1900,0.0128,0.0173,0.0059,0,ACTIVE,5,7,7
1458,17450,21:24:30,0,158.00,0,0.0300,0.0146,0.0000,0.0000,1,ACTIVE,5,7,7
1458,17451,21:25:00,0,0.00,0,0.1900,0.0128,0.0173,0.0059,1,ACTIVE,5,7,7
1458,17452,21:25:30,0,0.00,0,0.1900,0.0128,0.0173,0.0059,1,ACTIVE,5,7,7
1458,17453,21:26:00,0,44.00,0,0.1900,0.0128,0.0173,0.0059,1,ACTIVE,5,7,7
1458,17454,21:26:30,0,0.00,0,0.1900,0.0128,0.0173,0.0059,0,ACTIVE,5,7,7
1458,17455,21:27:00,0,0.00,0,0.1900,0.0128,0.0173,0.0059,0,ACTIVE,5,7,7
1458,17456,21:27:30,0,0.00,0,0.1900,0.0128,0.0173,0.0059,0,ACTIVE,5,7,7
1458,17457,21:28:00,0,0.00,0,0.1700,0.0042,0.0173,0.0059,0,ACTIVE,5,7,7
1458,17458,21:28:30,0,0.00,0,0.1700,0.0042,0.0173,0.0059,0,ACTIVE,5,7,7
1458,17459,21:29:00,0,0.00,0,0.1700,0.0042,0.0173,0.0059,0,ACTIVE,5,7,7
1458,17460,21:29:30,0,0.00,0,0.1700,0.0042,0.0173,0.0059,0,ACTIVE,5,7,7
1458,17461,21:30:00,0,0.00,0,0.1900,0.0128,0.0173,0.0059,0,ACTIVE,5,7,7
1458,17462,21:30:30,0,0.00,0,0.1900,0.0128,0.0173,0.0059,0,ACTIVE,5,7,7
1458,17463,21:31:00,0,0.00,0,0.1900,0.0128,0.0173,0.0059,0,ACTIVE,5,7,7
1458,17464,21:31:30,0,0.00,0,0.1900,0.0128,0.0173,0.0059,0,ACTIVE,5,7,7
1458,17465,21:32:00,0,0.00,0,0.1700,0.0042,0.0173,0.0059,0,ACTIVE,5,7,7
1458,17466,21:32:30,0,23.00,0,0.1700,0.0042,0.0173,0.0059,1,ACTIVE,5,7,7
1458,17467,21:33:00,0,0.00,0,0.1700,0.0042,0.0173,0.0059,0,ACTIVE,5,7,7
1458,17468,21:33:30,0,0.00,0,0.1700,0.0042,0.0173,0.0059,0,ACTIVE,5,7,7
1458,17469,21:34:00,0,0.00,0,0.1900,0.0128,0.0173,0.0059,0,ACTIVE,5,7,7
1458,17470,21:34:30,0,0.00,0,0.1700,0.0042,0.0173,0.0059,0,ACTIVE,5,7,7
1458,17471,21:35:00,0,2.00,0,0.1700,0.0042,0.0173,0.0059,0,ACTIVE,5,7,7
1458,17472,21:35:30,0,0.00,0,0.1900,0.0128,0.0173,0.0059,0,ACTIVE,5,7,7
1458,17473,21:36:00,0,0.00,0,0.1700,0.0042,0.0173,0.0059,0,ACTIVE,5,7,7
1458,17474,21:36:30,0,0.00,0,0.1700,0.0042,0.0173,0.0059,0,ACTIVE,5,7,7
1458,17475,21:37:00,0,0.00,0,0.1900,0.0128,0.0173,0.0059,0,ACTIVE,5,7,7
1458,17476,21:37:30,0,0.00,0,0.1900,0.0128,0.0173,0.0059,0,ACTIVE,5,7,7
1458,17477,21:38:00,0,0.00,0,0.1700,0.0042,0.0173,0.0059,0,ACTIVE,5,7,7
1458,17478,21:38:30,0,0.00,0,0.1700,0.0042,0.0173,0.0059,0,ACTIVE,5,7,7
1458,17479,21:39:00,0,0.00,0,0.1700,0.0042,0.0173,0.0059,0,ACTIVE,5,7,7
1458,17480,21:39:30,0,1.00,0,0.1700,0.0042,0.0173,0.0059,0,ACTIVE,5,7,7
1458,17481,21:40:00,0,0.00,0,0.1900,0.0128,0.0173,0.0059,0,ACTIVE,5,7,7
1458,17482,21:40:30,0,0.00,0,0.1700,0.0042,0.0173,0.0059,0,ACTIVE,5,7,7
1458,17483,21:41:00,0,0.00,0,0.1900,0.0128,0.0173,0.0059,0,ACTIVE,5,7,7
1458,17484,21:41:30,0,0.00,0,0.1900,0.0128,0.0173,0.0059,0,ACTIVE,5,7,7
1458,17485,21:42:00,0,0.00,0,0.1700,0.0042,0.0173,0.0059,0,ACTIVE,5,7,7
1458,17486,21:42:30,0,0.00,0,0.1700,0.0042,0.0173,0.0059,0,ACTIVE,5,7,7
1458,17487,21:43:00,0,0.00,0,0.1900,0.0128,0.0173,0.0059,0,ACTIVE,5,7,7
1458,17488,21:43:30,0,0.00,0,0.1900,0.0128,0.0173,0.0059,0,ACTIVE,5,7,7
1458,17489,21:44:00,0,0.00,0,0.1700,0.0042,0.0173,0.0059,0,ACTIVE,5,7,7
1458,17490,21:44:30,0,0.00,0,0.1900,0.0128,0.0173,0.0059,0,ACTIVE,5,7,7
1458,17491,21:45:00,0,1.00,0,0.1700,0.0042,0.0173,0.0059,0,ACTIVE,5,7,7
1458,17492,21:45:30,0,0.00,0,0.1900,0.0128,0.0173,0.0059,0,ACTIVE,5,7,7
1458,17493,21:46:00,0,0.00,0,0.1700,0.0042,0.0173,0.0059,0,ACTIVE,5,7,7
1458,17494,21:46:30,0,1.00,0,0.1700,0.0042,0.0173,0.0059,1,ACTIVE,5,7,7
1458,17495,21:47:00,0,63.00,0,0.1700,0.0042,0.0173,0.0059,1,ACTIVE,5,7,7
1458,17496,21:47:30,0,179.00,0,0.1700,0.0042,0.0173,0.0059,1,ACTIVE,5,7,7
1458,17497,21:48:00,0,80.00,0,0.1700,0.0042,0.0173,0.0059,1,ACTIVE,5,7,7
1458,17498,21:48:30,0,0.00,0,0.1900,0.0128,0.0173,0.0059,1,ACTIVE,5,7,7
1458,17499,21:49:00,0,0.00,0,0.1700,0.0042,0.0173,0.0059,0,ACTIVE,5,7,7
1458,17500,21:49:30,0,8.00,0,0.1700,0.0042,0.0173,0.0059,0,ACTIVE,5,7,7
1458,17501,21:50:00,0,2.00,0,0.1900,0.0128,0.0173,0.0059,0,ACTIVE,5,7,7
1458,17502,21:50:30,0,0.00,0,0.1900,0.0128,0.0173,0.0059,0,ACTIVE,5,7,7
1458,17503,21:51:00,0,1.00,0,0.1900,0.0128,0.0173,0.0059,0,ACTIVE,5,7,7
1458,17504,21:51:30,0,0.00,0,0.1900,0.0128,0.0173,0.0059,0,ACTIVE,5,7,7
1458,17505,21:52:00,0,1.00,0,0.1900,0.0128,0.0173,0.0059,0,ACTIVE,5,7,7
1458,17506,21:52:30,0,0.00,0,0.1900,0.0128,0.0173,0.0059,0,ACTIVE,5,7,7
1458,17507,21:53:00,0,0.00,0,0.1900,0.0128,0.0173,0.0059,0,ACTIVE,5,7,7
1458,17508,21:53:30,0,0.00,0,0.1900,0.0128,0.0173,0.0059,0,ACTIVE,5,7,7
1458,17509,21:54:00,0,0.00,0,0.1900,0.0128,0.0173,0.0059,0,ACTIVE,5,7,7
1458,17510,21:54:30,0,0.00,0,0.1700,0.0042,0.0173,0.0059,0,ACTIVE,5,7,7
1458,17511,21:55:00,0,0.00,0,0.1900,0.0128,0.0173,0.0059,0,ACTIVE,5,7,7
1458,17512,21:55:30,0,0.00,0,0.1900,0.0128,0.0173,0.0059,0,ACTIVE,5,7,7
1458,17513,21:56:00,0,0.00,0,0.1900,0.0128,0.0173,0.0059,0,ACTIVE,5,7,7
1458,17514,21:56:30,0,4.00,0,0.1900,0.0128,0.0173,0.0059,0,ACTIVE,5,7,7
1458,17515,21:57:00,0,0.00,0,0.1900,0.0128,0.0173,0.0059,0,ACTIVE,5,7,7
1458,17516,21:57:30,0,1.00,0,0.1900,0.0128,0.0173,0.0059,0,ACTIVE,5,7,7
1458,17517,21:58:00,0,0.00,0,0.1900,0.0128,0.0173,0.0059,0,ACTIVE,5,7,7
1458,17518,21:58:30,0,0.00,0,0.1900,0.0128,0.0173,0.0059,0,ACTIVE,5,7,7
1458,17519,21:59:00,0,0.00,0,0.1900,0.0128,0.0173,0.0059,0,ACTIVE,5,7,7
1458,17520,21:59:30,0,0.00,0,0.1900,0.0128,0.0173,0.0059,0,ACTIVE,5,7,7
1458,17521,22:00:00,0,3.00,0,0.1900,0.0128,0.0173,0.0059,0,ACTIVE,5,7,7
1458,17522,22:00:30,0,0.00,0,0.1700,0.0042,0.0173,0.0059,0,ACTIVE,5,7,7
1458,17523,22:01:00,0,0.00,0,0.1900,0.0128,0.0173,0.0059,0,ACTIVE,5,7,7
1458,17524,22:01:30,0,0.00,0,0.1900,0.0128,0.0173,0.0059,0,ACTIVE,5,7,7
1458,17525,22:02:00,0,0.00,0,0.1900,0.0128,0.0173,0.0059,0,ACTIVE,5,7,7
1458,17526,22:02:30,0,0.00,0,0.1700,0.0042,0.0173,0.0059,0,ACTIVE,5,7,7
1458,17527,22:03:00,0,4.00,0,0.1900,0.0128,0.0173,0.0059,0,ACTIVE,5,7,7
1458,17528,22:03:30,0,5.00,0,0.1900,0.0128,0.0173,0.0059,0,ACTIVE,5,7,7
1458,17529,22:04:00,0,0.00,0,0.1900,0.0128,0.0173,0.0059,0,ACTIVE,5,7,7
1458,17530,22:04:30,0,3.00,0,0.1900,0.0128,0.0173,0.0059,0,ACTIVE,5,7,7
1458,17531,22:05:00,0,0.00,0,0.1900,0.0128,0.0173,0.0059,0,ACTIVE,5,7,7
1458,17532,22:05:30,0,0.00,0,0.1900,0.0128,0.0173,0.0059,0,ACTIVE,5,7,7
1458,17533,22:06:00,0,3.00,0,0.1700,0.0042,0.0173,0.0059,0,ACTIVE,5,7,7
1458,17534,22:06:30,0,0.00,0,0.1900,0.0128,0.0173,0.0059,0,ACTIVE,5,7,7
1458,17535,22:07:00,0,0.00,0,0.1900,0.0128,0.0173,0.0059,0,ACTIVE,5,7,7
1458,17536,22:07:30,0,0.00,0,0.1900,0.0128,0.0173,0.0059,0,ACTIVE,5,7,7
1458,17537,22:08:00,0,2.00,0,0.1900,0.0128,0.0173,0.0059,0,ACTIVE,5,7,7
1458,17538,22:08:30,0,0.00,0,0.1700,0.0042,0.0173,0.0059,0,ACTIVE,5,7,7
1458,17539,22:09:00,0,3.00,0,0.1700,0.0042,0.0173,0.0059,0,ACTIVE,5,7,7
1458,17540,22:09:30,0,1.00,0,0.1700,0.0042,0.0173,0.0059,0,ACTIVE,5,7,7
1458,17541,22:10:00,0,0.00,0,0.1900,0.0128,0.0173,0.0059,0,ACTIVE,5,7,7
1458,17542,22:10:30,0,3.00,0,0.1700,0.0042,0.0173,0.0059,0,ACTIVE,5,7,7
1458,17543,22:11:00,0,100.00,0,0.1900,0.0128,0.0173,0.0059,1,ACTIVE,5,7,7
1458,17544,22:11:30,0,0.00,0,0.1900,0.0128,0.0173,0.0059,0,ACTIVE,5,7,7
1458,17545,22:12:00,0,0.00,0,0.1900,0.0128,0.0173,0.0059,0,ACTIVE,5,7,7
1458,17546,22:12:30,0,0.00,0,0.1700,0.0042,0.0173,0.0059,0,ACTIVE,5,7,7
1458,17547,22:13:00,0,22.00,0,0.1900,0.0128,0.0173,0.0059,1,ACTIVE,5,7,7
1458,17548,22:13:30,0,0.00,0,0.1900,0.0128,0.0173,0.0059,0,ACTIVE,5,7,7
1458,17549,22:14:00,0,0.00,0,0.1900,0.0128,0.0173,0.0059,0,ACTIVE,5,7,7
1458,17550,22:14:30,0,0.00,0,0.1900,0.0128,0.0173,0.0059,0,ACTIVE,5,7,7
1458,17551,22:15:00,0,0.00,0,0.1900,0.0128,0.0173,0.0059,0,ACTIVE,5,7,7
1458,17552,22:15:30,0,0.00,0,0.1900,0.0128,0.0173,0.0059,0,ACTIVE,5,7,7
1458,17553,22:16:00,0,0.00,0,0.1700,0.0042,0.0173,0.0059,0,ACTIVE,5,7,7
1458,17554,22:16:30,0,9.00,0,0.1700,0.0042,0.0173,0.0059,0,ACTIVE,5,7,7
1458,17555,22:17:00,0,0.00,0,0.1900,0.0128,0.0173,0.0059,0,ACTIVE,5,7,7
1458,17556,22:17:30,0,12.00,0,0.1900,0.0128,0.0173,0.0059,0,ACTIVE,5,7,7
1458,17557,22:18:00,0,0.00,0,0.1900,0.0128,0.0173,0.0059,0,ACTIVE,5,7,7
1458,17558,22:18:30,0,46.00,0,0.1700,0.0042,0.0173,0.0059,1,ACTIVE,5,7,7
1458,17559,22:19:00,0,0.00,0,0.1700,0.0042,0.0173,0.0059,0,ACTIVE,5,7,7
1458,17560,22:19:30,0,0.00,0,0.1900,0.0128,0.0173,0.0059,0,ACTIVE,5,7,7
1458,17561,22:20:00,0,11.00,0,0.1900,0.0128,0.0173,0.0059,0,ACTIVE,5,7,7
1458,17562,22:20:30,0,0.00,0,0.1900,0.0128,0.0173,0.0059,0,ACTIVE,5,7,7
1458,17563,22:21:00,0,15.00,0,0.1900,0.0128,0.0173,0.0059,1,ACTIVE,5,7,7
1458,17564,22:21:30,0,110.00,0,0.1900,0.0128,0.0173,0.0059,1,ACTIVE,5,7,7
1458,17565,22:22:00,0,0.00,0,0.1700,0.0042,0.0173,0.0059,0,ACTIVE,5,7,7
1458,17566,22:22:30,0,2.00,0,0.1700,0.0042,0.0173,0.0059,0,ACTIVE,5,7,7
1458,17567,22:23:00,0,0.00,0,0.1700,0.0042,0.0173,0.0059,0,ACTIVE,5,7,7
1458,17568,22:23:30,0,0.00,0,0.1900,0.0128,0.0173,0.0059,0,ACTIVE,5,7,7
1458,17569,22:24:00,0,0.00,0,0.1700,0.0042,0.0173,0.0059,0,ACTIVE,5,7,7
1458,17570,22:24:30,0,0.00,0,0.1700,0.0042,0.0173,0.0059,0,ACTIVE,5,7,7
1458,17571,22:25:00,0,1.00,0,0.1700,0.0042,0.0173,0.0059,0,ACTIVE,5,7,7
1458,17572,22:25:30,0,0.00,0,0.1700,0.0042,0.0173,0.0059,0,ACTIVE,5,7,7
1458,17573,22:26:00,0,0.00,0,0.1700,0.0042,0.0173,0.0059,0,ACTIVE,5,7,7
1458,17574,22:26:30,0,0.00,0,0.1700,0.0042,0.0173,0.0059,0,ACTIVE,5,7,7
1458,17575,22:27:00,0,0.00,0,0.1700,0.0042,0.0173,0.0059,0,ACTIVE,5,7,7
1458,17576,22:27:30,0,5.00,0,0.1700,0.0042,0.0173,0.0059,1,ACTIVE,5,7,7
1458,17577,22:28:00,0,0.00,0,0.1700,0.0042,0.0173,0.0059,1,ACTIVE,5,7,7
1458,17578,22:28:30,0,193.00,0,0.0200,0.0049,0.0000,0.0059,1,ACTIVE,5,7,7
1458,17579,22:29:00,0,35.00,0,0.1700,0.0042,0.0173,0.0059,1,ACTIVE,5,7,7
1458,17580,22:29:30,0,0.00,0,0.1900,0.0128,0.0173,0.0059,1,ACTIVE,5,7,7
1458,17581,22:30:00,0,0.00,0,0.1700,0.0042,0.0173,0.0059,0,ACTIVE,5,7,7
1458,17582,22:30:30,0,0.00,0,0.1700,0.0042,0.0173,0.0059,0,ACTIVE,5,7,7
1458,17583,22:31:00,0,0.00,0,0.1900,0.0128,0.0173,0.0059,0,ACTIVE,5,7,7
1458,17584,22:31:30,0,0.00,0,0.1700,0.0042,0.0173,0.0059,0,ACTIVE,5,7,7
1458,17585,22:32:00,0,0.00,0,0.1700,0.0042,0.0173,0.0059,0,ACTIVE,5,7,7
1458,17586,22:32:30,0,0.00,0,0.1700,0.0042,0.0173,0.0059,0,ACTIVE,5,7,7
1458,17587,22:33:00,0,0.00,0,0.1900,0.0128,0.0173,0.0059,0,ACTIVE,5,7,7
1458,17588,22:33:30,0,0.00,0,0.1900,0.0128,0.0173,0.0059,0,ACTIVE,5,7,7
1458,17589,22:34:00,0,0.00,0,0.1900,0.0128,0.0173,0.0059,0,ACTIVE,5,7,7
1458,17590,22:34:30,0,0.00,0,0.1700,0.0042,0.0173,0.0059,0,ACTIVE,5,7,7
1458,17591,22:35:00,0,0.00,0,0.1700,0.0042,0.0173,0.0059,0,ACTIVE,5,7,7
1458,17592,22:35:30,0,0.00,0,0.1900,0.0128,0.0173,0.0059,0,ACTIVE,5,7,7
1458,17593,22:36:00,0,0.00,0,0.1900,0.0128,0.0173,0.0059,0,ACTIVE,5,7,7
1458,17594,22:36:30,0,0.00,0,0.1900,0.0128,0.0173,0.0059,0,ACTIVE,5,7,7
1458,17595,22:37:00,0,0.00,0,0.1700,0.0042,0.0173,0.0059,0,ACTIVE,5,7,7
1458,17596,22:37:30,0,0.00,0,0.1900,0.0128,0.0173,0.0059,0,ACTIVE,5,7,7
1458,17597,22:38:00,0,0.00,0,0.1900,0.0128,0.0173,0.0059,0,ACTIVE,5,7,7
1458,17598,22:38:30,0,0.00,0,0.1900,0.0128,0.0173,0.0059,0,ACTIVE,5,7,7
1458,17599,22:39:00,0,1.00,0,0.1900,0.0128,0.0173,0.0059,0,ACTIVE,5,7,7
1458,17600,22:39:30,0,0.00,0,0.1900,0.0128,0.0173,0.0059,0,ACTIVE,5,7,7
1458,17601,22:40:00,0,4.00,0,0.1900,0.0128,0.0173,0.0059,0,ACTIVE,5,7,7
1458,17602,22:40:30,0,0.00,0,0.1700,0.0042,0.0173,0.0059,0,ACTIVE,5,7,7
1458,17603,22:41:00,0,11.00,0,0.1900,0.0128,0.0173,0.0059,1,ACTIVE,5,7,7
1458,17604,22:41:30,0,33.00,0,0.1900,0.0128,0.0173,0.0059,1,ACTIVE,5,7,7
1458,17605,22:42:00,0,0.00,0,0.1900,0.0128,0.0173,0.0059,1,ACTIVE,5,7,7
1458,17606,22:42:30,0,141.00,0,0.1900,0.0128,0.0173,0.0059,1,ACTIVE,5,7,7
1458,17607,22:43:00,0,124.00,0,0.8100,0.0128,0.0880,0.0070,1,ACTIVE,5,7,7
1458,17608,22:43:30,0,0.00,0,0.1900,0.0128,0.0173,0.0059,1,ACTIVE,5,7,7
1458,17609,22:44:00,0,0.00,0,0.1900,0.0128,0.0173,0.0059,0,ACTIVE,5,7,7
1458,17610,22:44:30,0,20.00,0,0.0400,0.0146,0.0000,0.0059,1,ACTIVE,5,7,7
1458,17611,22:45:00,0,0.00,0,0.1900,0.0128,0.0173,0.0059,0,ACTIVE,5,7,7
1458,17612,22:45:30,0,0.00,0,0.1900,0.0128,0.0173,0.0059,0,ACTIVE,5,7,7
1458,17613,22:46:00,0,0.00,0,0.1900,0.0128,0.0173,0.0059,0,ACTIVE,5,7,7
1458,17614,22:46:30,0,0.00,0,0.1900,0.0128,0.0173,0.0059,0,ACTIVE,5,7,7
1458,17615,22:47:00,0,0.00,0,0.1900,0.0128,0.0173,0.0059,0,ACTIVE,5,7,7
1458,17616,22:47:30,0,0.00,0,0.1900,0.0128,0.0173,0.0059,0,ACTIVE,5,7,7
1458,17617,22:48:00,0,0.00,0,0.1900,0.0128,0.0173,0.0059,0,ACTIVE,5,7,7
1458,17618,22:48:30,0,0.00,0,0.1900,0.0128,0.0173,0.0059,0,ACTIVE,5,7,7
1458,17619,22:49:00,0,0.00,0,0.1900,0.0128,0.0173,0.0059,0,ACTIVE,5,7,7
1458,17620,22:49:30,0,0.00,0,0.1900,0.0128,0.0173,0.0059,0,ACTIVE,5,7,7
1458,17621,22:50:00,0,3.00,0,0.1900,0.0128,0.0173,0.0059,0,ACTIVE,5,7,7
1458,17622,22:50:30,0,132.00,0,0.1700,0.0042,0.0173,0.0059,1,ACTIVE,5,7,7
1458,17623,22:51:00,0,0.00,0,0.1900,0.0128,0.0173,0.0059,0,ACTIVE,5,7,7
1458,17624,22:51:30,0,14.00,0,0.1900,0.0128,0.0173,0.0059,1,ACTIVE,5,7,7
1458,17625,22:52:00,0,0.00,0,0.1900,0.0128,0.0173,0.0059,0,ACTIVE,5,7,7
1458,17626,22:52:30,0,0.00,0,0.1900,0.0128,0.0173,0.0059,0,ACTIVE,5,7,7
1458,17627,22:53:00,0,0.00,0,0.1900,0.0128,0.0173,0.0059,0,ACTIVE,5,7,7
1458,17628,22:53:30,0,0.00,0,0.1900,0.0128,0.0173,0.0059,0,ACTIVE,5,7,7
1458,17629,22:54:00,0,0.00,0,0.1900,0.0128,0.0173,0.0059,0,ACTIVE,5,7,7
1458,17630,22:54:30,0,0.00,0,0.1700,0.0042,0.0173,0.0059,0,ACTIVE,5,7,7
1458,17631,22:55:00,0,0.00,0,0.1900,0.0128,0.0173,0.0059,0,ACTIVE,5,7,7
1458,17632,22:55:30,0,0.00,0,0.1900,0.0128,0.0173,0.0059,0,ACTIVE,5,7,7
1458,17633,22:56:00,0,0.00,0,0.1700,0.0042,0.0173,0.0059,0,ACTIVE,5,7,7
1458,17634,22:56:30,0,3.00,0,0.1900,0.0128,0.0173,0.0059,0,ACTIVE,5,7,7
1458,17635,22:57:00,0,0.00,0,0.1900,0.0128,0.0173,0.0059,0,ACTIVE,5,7,7
1458,17636,22:57:30,0,0.00,0,0.1900,0.0128,0.0173,0.0059,0,ACTIVE,5,7,7
1458,17637,22:58:00,0,0.00,0,0.1900,0.0128,0.0173,0.0059,0,ACTIVE,5,7,7
1458,17638,22:58:30,0,0.00,0,0.1900,0.0128,0.0173,0.0059,0,ACTIVE,5,7,7
1458,17639,22:59:00,0,0.00,0,0.1900,0.0128,0.0173,0.0059,0,ACTIVE,5,7,7
1458,17640,22:59:30,0,0.00,0,0.1700,0.0042,0.0173,0.0059,0,ACTIVE,5,7,7
1458,17641,23:00:00,0,0.00,0,0.1900,0.0128,0.0173,0.0059,0,ACTIVE,5,7,7
1458,17642,23:00:30,0,0.00,0,0.1900,0.0128,0.0173,0.0059,0,ACTIVE,5,7,7
1458,17643,23:01:00,0,0.00,0,0.1900,0.0128,0.0173,0.0059,0,ACTIVE,5,7,7
1458,17644,23:01:30,0,0.00,0,0.1900,0.0128,0.0173,0.0059,0,ACTIVE,5,7,7
1458,17645,23:02:00,0,0.00,0,0.1900,0.0128,0.0173,0.0059,0,ACTIVE,5,7,7
1458,17646,23:02:30,0,0.00,0,0.1900,0.0128,0.0173,0.0059,0,ACTIVE,5,7,7
1458,17647,23:03:00,0,18.00,0,0.1900,0.0128,0.0173,0.0059,1,ACTIVE,5,7,7
1458,17648,23:03:30,0,70.00,0,0.1700,0.0042,0.0173,0.0059,1,ACTIVE,5,7,7
1458,17649,23:04:00,0,0.00,0,0.1900,0.0128,0.0173,0.0059,0,ACTIVE,5,7,7
1458,17650,23:04:30,0,4.00,0,0.1900,0.0128,0.0173,0.0059,1,ACTIVE,5,7,7
1458,17651,23:05:00,0,0.00,0,0.1700,0.0042,0.0173,0.0059,1,ACTIVE,5,7,7
1458,17652,23:05:30,0,305.00,0,0.1700,0.0042,0.0173,0.0059,1,ACTIVE,5,7,7
1458,17653,23:06:00,0,220.00,0,0.1900,0.0128,0.0173,0.0059,1,ACTIVE,5,7,7
1458,17654,23:06:30,0,44.00,0,78.5900,9.6800,6.4200,0.9130,1,ACTIVE,5,7,7
1458,17655,23:07:00,0,193.00,0,39.7200,6.4200,2.8800,0.3030,1,ACTIVE,5,7,7
1458,17656,23:07:30,0,119.00,0,0.5000,0.0773,0.0378,0.0023,1,ACTIVE,5,7,7
1458,17657,23:08:00,0,96.00,0,0.8000,0.1120,0.0622,0.0070,1,ACTIVE,5,7,7
1458,17658,23:08:30,0,90.00,0,0.6100,0.0596,0.0523,0.0173,1,ACTIVE,5,7,7
1458,17659,23:09:00,0,115.00,0,0.1200,0.0042,0.0125,0.0000,1,ACTIVE,5,7,7
1458,17660,23:09:30,0,168.00,0,0.1700,0.0042,0.0173,0.0059,1,ACTIVE,5,7,7
1458,17661,23:10:00,0,27.00,0,0.1700,0.0042,0.0173,0.0059,1,ACTIVE,5,7,7
1458,17662,23:10:30,0,16.00,0,0.1700,0.0042,0.0173,0.0059,1,ACTIVE,5,7,7
1458,17663,23:11:00,0,137.00,0,0.0200,0.0049,0.0000,0.0059,1,ACTIVE,5,7,7
1458,17664,23:11:30,0,33.00,0,0.1700,0.0042,0.0173,0.0059,1,REST,5,7,7
1458,17665,23:12:00,0,0.00,0,0.1700,0.0042,0.0173,0.0059,0,REST-S,5,7,7
1458,17666,23:12:30,0,0.00,0,0.1700,0.0042,0.0173,0.0059,0,REST-S,5,7,7
1458,17667,23:13:00,0,4.00,0,0.1700,0.0042,0.0173,0.0059,0,REST-S,5,7,7
1458,17668,23:13:30,0,0.00,0,0.1700,0.0042,0.0173,0.0059,0,REST-S,5,7,7
1458,17669,23:14:00,0,0.00,0,0.1700,0.0042,0.0173,0.0059,0,REST-S,5,7,7
1458,17670,23:14:30,0,0.00,0,0.1700,0.0042,0.0173,0.0059,0,REST-S,5,7,7
1458,17671,23:15:00,0,0.00,0,0.1700,0.0042,0.0173,0.0059,0,REST-S,5,7,7
1458,17672,23:15:30,0,0.00,0,0.1700,0.0042,0.0173,0.0059,0,REST-S,5,7,7
1458,17673,23:16:00,0,0.00,0,0.0200,0.0049,0.0000,0.0059,0,REST-S,5,7,7
1458,17674,23:16:30,0,0.00,0,0.1700,0.0042,0.0173,0.0059,0,REST-S,5,7,7
1458,17675,23:17:00,0,0.00,0,0.0200,0.0049,0.0000,0.0059,0,REST-S,5,7,7
1458,17676,23:17:30,0,0.00,0,0.1700,0.0042,0.0173,0.0059,0,REST-S,5,7,7
1458,17677,23:18:00,0,0.00,0,0.1700,0.0042,0.0173,0.0059,0,REST-S,5,7,7
1458,17678,23:18:30,0,0.00,0,0.1700,0.0042,0.0173,0.0059,0,REST-S,5,7,7
1458,17679,23:19:00,0,0.00,0,0.0200,0.0049,0.0000,0.0059,0,REST-S,5,7,7
1458,17680,23:19:30,0,0.00,0,0.1700,0.0042,0.0173,0.0059,0,REST-S,5,7,7
1458,17681,23:20:00,0,0.00,0,0.1700,0.0042,0.0173,0.0059,0,REST-S,5,7,7
1458,17682,23:20:30,0,0.00,0,0.1700,0.0042,0.0173,0.0059,0,REST-S,5,7,7
1458,17683,23:21:00,0,0.00,0,0.1700,0.0042,0.0173,0.0059,0,REST-S,5,7,7
1458,17684,23:21:30,0,0.00,0,0.1700,0.0042,0.0173,0.0059,0,REST-S,5,7,7
1458,17685,23:22:00,0,0.00,0,0.1700,0.0042,0.0173,0.0059,0,REST-S,5,7,7
1458,17686,23:22:30,0,0.00,0,0.1700,0.0042,0.0173,0.0059,0,REST-S,5,7,7
1458,17687,23:23:00,0,0.00,0,0.1700,0.0042,0.0173,0.0059,0,REST-S,5,7,7
1458,17688,23:23:30,0,0.00,0,0.1700,0.0042,0.0173,0.0059,0,REST-S,5,7,7
1458,17689,23:24:00,0,0.00,0,0.1700,0.0042,0.0173,0.0059,0,REST-S,5,7,7
1458,17690,23:24:30,0,0.00,0,0.1700,0.0042,0.0173,0.0059,0,REST-S,5,7,7
1458,17691,23:25:00,0,0.00,0,0.1700,0.0042,0.0173,0.0059,0,REST-S,5,7,7
1458,17692,23:25:30,0,1.00,0,0.1700,0.0042,0.0173,0.0059,0,REST-S,5,7,7
1458,17693,23:26:00,0,0.00,0,0.1700,0.0042,0.0173,0.0059,0,REST-S,5,7,7
1458,17694,23:26:30,0,0.00,0,0.1700,0.0042,0.0173,0.0059,0,REST-S,5,7,7
1458,17695,23:27:00,0,0.00,0,0.1700,0.0042,0.0173,0.0059,0,REST-S,5,7,7
1458,17696,23:27:30,0,0.00,0,0.1700,0.0042,0.0173,0.0059,0,REST-S,5,7,7
1458,17697,23:28:00,0,0.00,0,0.1700,0.0042,0.0173,0.0059,0,REST-S,5,7,7
1458,17698,23:28:30,0,0.00,0,0.1700,0.0042,0.0173,0.0059,0,REST-S,5,7,7
1458,17699,23:29:00,0,0.00,0,0.1700,0.0042,0.0173,0.0059,0,REST-S,5,7,7
1458,17700,23:29:30,0,0.00,0,0.1700,0.0042,0.0173,0.0059,0,REST-S,5,7,7
1458,17701,23:30:00,0,0.00,0,0.1700,0.0042,0.0173,0.0059,0,REST-S,5,7,7
1458,17702,23:30:30,0,0.00,0,0.1700,0.0042,0.0173,0.0059,0,REST-S,5,7,7
1458,17703,23:31:00,0,0.00,0,0.1700,0.0042,0.0173,0.0059,0,REST-S,5,7,7
1458,17704,23:31:30,0,0.00,0,0.1700,0.0042,0.0173,0.0059,0,REST-S,5,7,7
1458,17705,23:32:00,0,0.00,0,0.1700,0.0042,0.0173,0.0059,0,REST-S,5,7,7
1458,17706,23:32:30,0,0.00,0,0.1700,0.0042,0.0173,0.0059,0,REST-S,5,7,7
1458,17707,23:33:00,0,0.00,0,0.1700,0.0042,0.0173,0.0059,0,REST-S,5,7,7
1458,17708,23:33:30,0,0.00,0,0.1700,0.0042,0.0173,0.0059,0,REST-S,5,7,7
1458,17709,23:34:00,0,0.00,0,0.1700,0.0042,0.0173,0.0059,0,REST-S,5,7,7
1458,17710,23:34:30,0,0.00,0,0.1700,0.0042,0.0173,0.0059,0,REST-S,5,7,7
1458,17711,23:35:00,0,0.00,0,0.1700,0.0042,0.0173,0.0059,0,REST-S,5,7,7
1458,17712,23:35:30,0,0.00,0,0.1700,0.0042,0.0173,0.0059,0,REST-S,5,7,7
1458,17713,23:36:00,0,0.00,0,0.1700,0.0042,0.0173,0.0059,0,REST-S,5,7,7
1458,17714,23:36:30,0,0.00,0,0.1700,0.0042,0.0173,0.0059,0,REST-S,5,7,7
1458,17715,23:37:00,0,0.00,0,0.1700,0.0042,0.0173,0.0059,0,REST-S,5,7,7
1458,17716,23:37:30,0,0.00,0,0.1700,0.0042,0.0173,0.0059,0,REST-S,5,7,7
1458,17717,23:38:00,0,0.00,0,0.1700,0.0042,0.0173,0.0059,0,REST-S,5,7,7
1458,17718,23:38:30,0,0.00,0,0.1700,0.0042,0.0173,0.0059,0,REST-S,5,7,7
1458,17719,23:39:00,0,0.00,0,0.1700,0.0042,0.0173,0.0059,0,REST-S,5,7,7
1458,17720,23:39:30,0,0.00,0,0.1700,0.0042,0.0173,0.0059,0,REST-S,5,7,7
1458,17721,23:40:00,0,0.00,0,0.1900,0.0128,0.0173,0.0059,0,REST-S,5,7,7
1458,17722,23:40:30,0,0.00,0,0.1700,0.0042,0.0173,0.0059,0,REST-S,5,7,7
1458,17723,23:41:00,0,0.00,0,0.1900,0.0128,0.0173,0.0059,0,REST-S,5,7,7
1458,17724,23:41:30,0,0.00,0,0.1700,0.0042,0.0173,0.0059,0,REST-S,5,7,7
1458,17725,23:42:00,0,42.00,0,0.1700,0.0042,0.0173,0.0059,1,REST-S,5,7,7
1458,17726,23:42:30,0,0.00,0,0.1900,0.0128,0.0173,0.0059,0,REST-S,5,7,7
1458,17727,23:43:00,0,0.00,0,0.1900,0.0128,0.0173,0.0059,0,REST-S,5,7,7
1458,17728,23:43:30,0,0.00,0,0.1700,0.0042,0.0173,0.0059,0,REST-S,5,7,7
1458,17729,23:44:00,0,0.00,0,0.1900,0.0128,0.0173,0.0059,0,REST-S,5,7,7
1458,17730,23:44:30,0,0.00,0,0.1700,0.0042,0.0173,0.0059,0,REST-S,5,7,7
1458,17731,23:45:00,0,0.00,0,0.1900,0.0128,0.0173,0.0059,0,REST-S,5,7,7
1458,17732,23:45:30,0,37.00,0,0.1900,0.0128,0.0173,0.0059,1,REST-S,5,7,7
1458,17733,23:46:00,0,0.00,0,0.1700,0.0042,0.0173,0.0059,0,REST-S,5,7,7
1458,17734,23:46:30,0,25.00,0,0.1700,0.0042,0.0173,0.0059,1,REST-S,5,7,7
1458,17735,23:47:00,0,0.00,0,0.1700,0.0042,0.0173,0.0059,0,REST-S,5,7,7
1458,17736,23:47:30,0,1.00,0,0.1700,0.0042,0.0173,0.0059,0,REST-S,5,7,7
1458,17737,23:48:00,0,0.00,0,0.1900,0.0128,0.0173,0.0059,0,REST-S,5,7,7
1458,17738,23:48:30,0,0.00,0,0.1700,0.0042,0.0173,0.0059,0,REST-S,5,7,7
1458,17739,23:49:00,0,0.00,0,0.1700,0.0042,0.0173,0.0059,0,REST-S,5,7,7
1458,17740,23:49:30,0,0.00,0,0.1700,0.0042,0.0173,0.0059,0,REST-S,5,7,7
1458,17741,23:50:00,0,0.00,0,0.1700,0.0042,0.0173,0.0059,0,REST-S,5,7,7
1458,17742,23:50:30,0,0.00,0,0.1700,0.0042,0.0173,0.0059,0,REST-S,5,7,7
1458,17743,23:51:00,0,0.00,0,0.1700,0.0042,0.0173,0.0059,0,REST-S,5,7,7
1458,17744,23:51:30,0,0.00,0,0.1700,0.0042,0.0173,0.0059,0,REST-S,5,7,7
1458,17745,23:52:00,0,0.00,0,0.1700,0.0042,0.0173,0.0059,0,REST-S,5,7,7
1458,17746,23:52:30,0,0.00,0,0.1700,0.0042,0.0173,0.0059,0,REST-S,5,7,7
1458,17747,23:53:00,0,0.00,0,0.1700,0.0042,0.0173,0.0059,0,REST-S,5,7,7
1458,17748,23:53:30,0,0.00,0,0.1700,0.0042,0.0173,0.0059,0,REST-S,5,7,7
1458,17749,23:54:00,0,0.00,0,0.1700,0.0042,0.0173,0.0059,0,REST-S,5,7,7
1458,17750,23:54:30,0,0.00,0,0.1700,0.0042,0.0173,0.0059,0,REST-S,5,7,7
1458,17751,23:55:00,0,0.00,0,0.1700,0.0042,0.0173,0.0059,0,REST-S,5,7,7
1458,17752,23:55:30,0,0.00,0,0.1700,0.0042,0.0173,0.0059,0,REST-S,5,7,7
1458,17753,23:56:00,0,0.00,0,0.1900,0.0128,0.0173,0.0059,0,REST-S,5,7,7
1458,17754,23:56:30,0,0.00,0,0.1700,0.0042,0.0173,0.0059,0,REST-S,5,7,7
1458,17755,23:57:00,0,0.00,0,0.1700,0.0042,0.0173,0.0059,0,REST-S,5,7,7
1458,17756,23:57:30,0,0.00,0,0.1900,0.0128,0.0173,0.0059,0,REST-S,5,7,7
1458,17757,23:58:00,0,0.00,0,0.1900,0.0128,0.0173,0.0059,0,REST-S,5,7,7
1458,17758,23:58:30,0,0.00,0,0.1700,0.0042,0.0173,0.0059,0,REST-S,5,7,7
1458,17759,23:59:00,0,0.00,0,0.1700,0.0042,0.0173,0.0059,0,REST-S,5,7,7
1458,17760,23:59:30,0,0.00,0,0.1700,0.0042,0.0173,0.0059,0,REST-S,5,7,7
1458,17761,0:00:00,0,0.00,0,0.1700,0.0042,0.0173,0.0059,0,REST-S,6,8,7
1458,17762,0:00:30,0,0.00,0,0.1700,0.0042,0.0173,0.0059,0,REST-S,6,8,7
1458,17763,0:01:00,0,0.00,0,0.1900,0.0128,0.0173,0.0059,0,REST-S,6,8,7
1458,17764,0:01:30,0,0.00,0,0.1700,0.0042,0.0173,0.0059,0,REST-S,6,8,7
1458,17765,0:02:00,0,0.00,0,0.1700,0.0042,0.0173,0.0059,0,REST-S,6,8,7
1458,17766,0:02:30,0,0.00,0,0.1900,0.0128,0.0173,0.0059,0,REST-S,6,8,7
1458,17767,0:03:00,0,0.00,0,0.1700,0.0042,0.0173,0.0059,0,REST-S,6,8,7
1458,17768,0:03:30,0,0.00,0,0.1700,0.0042,0.0173,0.0059,0,REST-S,6,8,7
1458,17769,0:04:00,0,42.00,0,0.1700,0.0042,0.0173,0.0059,1,REST-S,6,8,7
1458,17770,0:04:30,0,0.00,0,0.1700,0.0042,0.0173,0.0059,0,REST-S,6,8,7
1458,17771,0:05:00,0,1.00,0,0.1700,0.0042,0.0173,0.0059,0,REST-S,6,8,7
1458,17772,0:05:30,0,0.00,0,0.1700,0.0042,0.0173,0.0059,0,REST-S,6,8,7
1458,17773,0:06:00,0,0.00,0,0.1900,0.0128,0.0173,0.0059,0,REST-S,6,8,7
1458,17774,0:06:30,0,0.00,0,0.1700,0.0042,0.0173,0.0059,0,REST-S,6,8,7
1458,17775,0:07:00,0,0.00,0,0.1700,0.0042,0.0173,0.0059,0,REST-S,6,8,7
1458,17776,0:07:30,0,0.00,0,0.1700,0.0042,0.0173,0.0059,0,REST-S,6,8,7
1458,17777,0:08:00,0,0.00,0,0.1700,0.0042,0.0173,0.0059,0,REST-S,6,8,7
1458,17778,0:08:30,0,0.00,0,0.1700,0.0042,0.0173,0.0059,0,REST-S,6,8,7
1458,17779,0:09:00,0,0.00,0,0.1700,0.0042,0.0173,0.0059,0,REST-S,6,8,7
1458,17780,0:09:30,0,0.00,0,0.1700,0.0042,0.0173,0.0059,0,REST-S,6,8,7
1458,17781,0:10:00,0,0.00,0,0.1700,0.0042,0.0173,0.0059,0,REST-S,6,8,7
1458,17782,0:10:30,0,0.00,0,0.1700,0.0042,0.0173,0.0059,0,REST-S,6,8,7
1458,17783,0:11:00,0,0.00,0,0.1700,0.0042,0.0173,0.0059,0,REST-S,6,8,7
1458,17784,0:11:30,0,0.00,0,0.1700,0.0042,0.0173,0.0059,0,REST-S,6,8,7
1458,17785,0:12:00,0,0.00,0,0.1900,0.0128,0.0173,0.0059,0,REST-S,6,8,7
1458,17786,0:12:30,0,0.00,0,0.1700,0.0042,0.0173,0.0059,0,REST-S,6,8,7
1458,17787,0:13:00,0,0.00,0,0.1900,0.0128,0.0173,0.0059,0,REST-S,6,8,7
1458,17788,0:13:30,0,0.00,0,0.1700,0.0042,0.0173,0.0059,0,REST-S,6,8,7
1458,17789,0:14:00,0,174.00,0,0.1700,0.0042,0.0173,0.0059,1,REST-S,6,8,7
1458,17790,0:14:30,0,0.00,0,0.1700,0.0042,0.0173,0.0059,0,REST-S,6,8,7
1458,17791,0:15:00,0,0.00,0,0.1700,0.0042,0.0173,0.0059,0,REST-S,6,8,7
1458,17792,0:15:30,0,0.00,0,0.1900,0.0128,0.0173,0.0059,0,REST-S,6,8,7
1458,17793,0:16:00,0,0.00,0,0.1900,0.0128,0.0173,0.0059,0,REST-S,6,8,7
1458,17794,0:16:30,0,0.00,0,0.1900,0.0128,0.0173,0.0059,0,REST-S,6,8,7
1458,17795,0:17:00,0,0.00,0,0.1900,0.0128,0.0173,0.0059,0,REST-S,6,8,7
1458,17796,0:17:30,0,0.00,0,0.1700,0.0042,0.0173,0.0059,0,REST-S,6,8,7
1458,17797,0:18:00,0,0.00,0,0.1700,0.0042,0.0173,0.0059,0,REST-S,6,8,7
1458,17798,0:18:30,0,0.00,0,0.1900,0.0128,0.0173,0.0059,0,REST-S,6,8,7
1458,17799,0:19:00,0,28.00,0,0.1900,0.0128,0.0173,0.0059,1,REST-S,6,8,7
1458,17800,0:19:30,0,0.00,0,0.1900,0.0128,0.0173,0.0059,0,REST-S,6,8,7
1458,17801,0:20:00,0,0.00,0,0.1900,0.0128,0.0173,0.0059,0,REST-S,6,8,7
1458,17802,0:20:30,0,0.00,0,0.1700,0.0042,0.0173,0.0059,0,REST-S,6,8,7
1458,17803,0:21:00,0,0.00,0,0.1700,0.0042,0.0173,0.0059,0,REST-S,6,8,7
1458,17804,0:21:30,0,0.00,0,0.1700,0.0042,0.0173,0.0059,0,REST-S,6,8,7
1458,17805,0:22:00,0,0.00,0,0.1900,0.0128,0.0173,0.0059,0,REST-S,6,8,7
1458,17806,0:22:30,0,0.00,0,0.1700,0.0042,0.0173,0.0059,0,REST-S,6,8,7
1458,17807,0:23:00,0,0.00,0,0.1900,0.0128,0.0173,0.0059,0,REST-S,6,8,7
1458,17808,0:23:30,0,0.00,0,0.1700,0.0042,0.0173,0.0059,0,REST-S,6,8,7
1458,17809,0:24:00,0,0.00,0,0.1900,0.0128,0.0173,0.0059,0,REST-S,6,8,7
1458,17810,0:24:30,0,0.00,0,0.1700,0.0042,0.0173,0.0059,0,REST-S,6,8,7
1458,17811,0:25:00,0,0.00,0,0.1700,0.0042,0.0173,0.0059,0,REST-S,6,8,7
1458,17812,0:25:30,0,0.00,0,0.1700,0.0042,0.0173,0.0059,0,REST-S,6,8,7
1458,17813,0:26:00,0,0.00,0,0.1700,0.0042,0.0173,0.0059,0,REST-S,6,8,7
1458,17814,0:26:30,0,0.00,0,0.1700,0.0042,0.0173,0.0059,0,REST-S,6,8,7
1458,17815,0:27:00,0,0.00,0,0.1900,0.0128,0.0173,0.0059,0,REST-S,6,8,7
1458,17816,0:27:30,0,0.00,0,0.1900,0.0128,0.0173,0.0059,0,REST-S,6,8,7
1458,17817,0:28:00,0,0.00,0,0.1700,0.0042,0.0173,0.0059,0,REST-S,6,8,7
1458,17818,0:28:30,0,0.00,0,0.1700,0.0042,0.0173,0.0059,0,REST-S,6,8,7
1458,17819,0:29:00,0,0.00,0,0.1900,0.0128,0.0173,0.0059,0,REST-S,6,8,7
1458,17820,0:29:30,0,0.00,0,0.1700,0.0042,0.0173,0.0059,0,REST-S,6,8,7
1458,17821,0:30:00,0,0.00,0,0.1900,0.0128,0.0173,0.0059,0,REST-S,6,8,7
1458,17822,0:30:30,0,0.00,0,0.1700,0.0042,0.0173,0.0059,0,REST-S,6,8,7
1458,17823,0:31:00,0,0.00,0,0.1900,0.0128,0.0173,0.0059,0,REST-S,6,8,7
1458,17824,0:31:30,0,1.00,0,0.1900,0.0128,0.0173,0.0059,0,REST-S,6,8,7
1458,17825,0:32:00,0,0.00,0,0.1900,0.0128,0.0173,0.0059,0,REST-S,6,8,7
1458,17826,0:32:30,0,0.00,0,0.1700,0.0042,0.0173,0.0059,0,REST-S,6,8,7
1458,17827,0:33:00,0,0.00,0,0.1900,0.0128,0.0173,0.0059,0,REST-S,6,8,7
1458,17828,0:33:30,0,0.00,0,0.1900,0.0128,0.0173,0.0059,0,REST-S,6,8,7
1458,17829,0:34:00,0,0.00,0,0.1700,0.0042,0.0173,0.0059,0,REST-S,6,8,7
1458,17830,0:34:30,0,0.00,0,0.1900,0.0128,0.0173,0.0059,0,REST-S,6,8,7
1458,17831,0:35:00,0,0.00,0,0.1900,0.0128,0.0173,0.0059,0,REST-S,6,8,7
1458,17832,0:35:30,0,0.00,0,0.1900,0.0128,0.0173,0.0059,0,REST-S,6,8,7
1458,17833,0:36:00,0,0.00,0,0.1900,0.0128,0.0173,0.0059,0,REST-S,6,8,7
1458,17834,0:36:30,0,0.00,0,0.1900,0.0128,0.0173,0.0059,0,REST-S,6,8,7
1458,17835,0:37:00,0,0.00,0,0.1900,0.0128,0.0173,0.0059,0,REST-S,6,8,7
1458,17836,0:37:30,0,0.00,0,0.1900,0.0128,0.0173,0.0059,0,REST-S,6,8,7
1458,17837,0:38:00,0,0.00,0,0.1900,0.0128,0.0173,0.0059,0,REST-S,6,8,7
1458,17838,0:38:30,0,0.00,0,0.1900,0.0128,0.0173,0.0059,0,REST-S,6,8,7
1458,17839,0:39:00,0,0.00,0,0.1700,0.0042,0.0173,0.0059,0,REST-S,6,8,7
1458,17840,0:39:30,0,0.00,0,0.1900,0.0128,0.0173,0.0059,0,REST-S,6,8,7
1458,17841,0:40:00,0,0.00,0,0.1900,0.0128,0.0173,0.0059,0,REST-S,6,8,7
1458,17842,0:40:30,0,0.00,0,0.1900,0.0128,0.0173,0.0059,0,REST-S,6,8,7
1458,17843,0:41:00,0,35.00,0,0.1900,0.0128,0.0173,0.0059,1,REST-S,6,8,7
1458,17844,0:41:30,0,0.00,0,0.1900,0.0128,0.0173,0.0059,0,REST-S,6,8,7
1458,17845,0:42:00,0,0.00,0,0.1700,0.0042,0.0173,0.0059,0,REST-S,6,8,7
1458,17846,0:42:30,0,18.00,0,0.1900,0.0128,0.0173,0.0059,1,REST-S,6,8,7
1458,17847,0:43:00,0,53.00,0,0.1900,0.0128,0.0173,0.0059,1,REST-S,6,8,7
1458,17848,0:43:30,0,8.00,0,0.1900,0.0128,0.0173,0.0059,0,REST-S,6,8,7
1458,17849,0:44:00,0,0.00,0,0.1900,0.0128,0.0173,0.0059,0,REST-S,6,8,7
1458,17850,0:44:30,0,0.00,0,0.1900,0.0128,0.0173,0.0059,0,REST-S,6,8,7
1458,17851,0:45:00,0,0.00,0,0.1900,0.0128,0.0173,0.0059,0,REST-S,6,8,7
1458,17852,0:45:30,0,0.00,0,0.1900,0.0128,0.0173,0.0059,0,REST-S,6,8,7
1458,17853,0:46:00,0,0.00,0,0.1900,0.0128,0.0173,0.0059,0,REST-S,6,8,7
1458,17854,0:46:30,0,73.00,0,0.0200,0.0049,0.0000,0.0059,1,REST-S,6,8,7
1458,17855,0:47:00,0,0.00,0,0.1900,0.0128,0.0173,0.0059,0,REST-S,6,8,7
1458,17856,0:47:30,0,0.00,0,0.1900,0.0128,0.0173,0.0059,0,REST-S,6,8,7
1458,17857,0:48:00,0,0.00,0,0.1900,0.0128,0.0173,0.0059,0,REST-S,6,8,7
1458,17858,0:48:30,0,0.00,0,0.1900,0.0128,0.0173,0.0059,0,REST-S,6,8,7
1458,17859,0:49:00,0,0.00,0,0.1900,0.0128,0.0173,0.0059,0,REST-S,6,8,7
1458,17860,0:49:30,0,0.00,0,0.1900,0.0128,0.0173,0.0059,0,REST-S,6,8,7
1458,17861,0:50:00,0,0.00,0,0.1900,0.0128,0.0173,0.0059,0,REST-S,6,8,7
1458,17862,0:50:30,0,0.00,0,0.1900,0.0128,0.0173,0.0059,0,REST-S,6,8,7
1458,17863,0:51:00,0,0.00,0,0.1900,0.0128,0.0173,0.0059,0,REST-S,6,8,7
1458,17864,0:51:30,0,0.00,0,0.1900,0.0128,0.0173,0.0059,1,REST-S,6,8,7
1458,17865,0:52:00,0,0.00,0,0.1900,0.0128,0.0173,0.0059,1,REST-S,6,8,7
1458,17866,0:52:30,0,228.00,0,0.1700,0.0042,0.0173,0.0059,1,REST-S,6,8,7
1458,17867,0:53:00,0,0.00,0,0.1900,0.0128,0.0173,0.0059,1,REST-S,6,8,7
1458,17868,0:53:30,0,0.00,0,0.1900,0.0128,0.0173,0.0059,1,REST-S,6,8,7
1458,17869,0:54:00,0,0.00,0,0.1900,0.0128,0.0173,0.0059,0,REST-S,6,8,7
1458,17870,0:54:30,0,0.00,0,0.1900,0.0128,0.0173,0.0059,0,REST-S,6,8,7
1458,17871,0:55:00,0,0.00,0,0.1900,0.0128,0.0173,0.0059,0,REST-S,6,8,7
1458,17872,0:55:30,0,0.00,0,0.1900,0.0128,0.0173,0.0059,0,REST-S,6,8,7
1458,17873,0:56:00,0,0.00,0,0.1900,0.0128,0.0173,0.0059,0,REST-S,6,8,7
1458,17874,0:56:30,0,0.00,0,0.1900,0.0128,0.0173,0.0059,0,REST-S,6,8,7
1458,17875,0:57:00,0,0.00,0,0.1900,0.0128,0.0173,0.0059,0,REST-S,6,8,7
1458,17876,0:57:30,0,0.00,0,0.1900,0.0128,0.0173,0.0059,0,REST-S,6,8,7
1458,17877,0:58:00,0,0.00,0,0.1900,0.0128,0.0173,0.0059,0,REST-S,6,8,7
1458,17878,0:58:30,0,0.00,0,0.1900,0.0128,0.0173,0.0059,0,REST-S,6,8,7
1458,17879,0:59:00,0,0.00,0,0.1900,0.0128,0.0173,0.0059,0,REST-S,6,8,7
1458,17880,0:59:30,0,0.00,0,0.1900,0.0128,0.0173,0.0059,0,REST-S,6,8,7
1458,17881,1:00:00,0,0.00,0,0.1900,0.0128,0.0173,0.0059,0,REST-S,6,8,7
1458,17882,1:00:30,0,26.00,0,0.1700,0.0042,0.0173,0.0059,1,REST-S,6,8,7
1458,17883,1:01:00,0,0.00,0,0.1700,0.0042,0.0173,0.0059,0,REST-S,6,8,7
1458,17884,1:01:30,0,0.00,0,0.1900,0.0128,0.0173,0.0059,0,REST-S,6,8,7
1458,17885,1:02:00,0,0.00,0,0.1700,0.0042,0.0173,0.0059,0,REST-S,6,8,7
1458,17886,1:02:30,0,0.00,0,0.1700,0.0042,0.0173,0.0059,0,REST-S,6,8,7
1458,17887,1:03:00,0,0.00,0,0.1700,0.0042,0.0173,0.0059,0,REST-S,6,8,7
1458,17888,1:03:30,0,0.00,0,0.1700,0.0042,0.0173,0.0059,0,REST-S,6,8,7
1458,17889,1:04:00,0,0.00,0,0.1900,0.0128,0.0173,0.0059,0,REST-S,6,8,7
1458,17890,1:04:30,0,0.00,0,0.1700,0.0042,0.0173,0.0059,0,REST-S,6,8,7
1458,17891,1:05:00,0,0.00,0,0.1900,0.0128,0.0173,0.0059,0,REST-S,6,8,7
1458,17892,1:05:30,0,0.00,0,0.1700,0.0042,0.0173,0.0059,0,REST-S,6,8,7
1458,17893,1:06:00,0,0.00,0,0.1700,0.0042,0.0173,0.0059,0,REST-S,6,8,7
1458,17894,1:06:30,0,0.00,0,0.1700,0.0042,0.0173,0.0059,0,REST-S,6,8,7
1458,17895,1:07:00,0,0.00,0,0.1700,0.0042,0.0173,0.0059,0,REST-S,6,8,7
1458,17896,1:07:30,0,0.00,0,0.1700,0.0042,0.0173,0.0059,0,REST-S,6,8,7
1458,17897,1:08:00,0,0.00,0,0.1900,0.0128,0.0173,0.0059,0,REST-S,6,8,7
1458,17898,1:08:30,0,0.00,0,0.1700,0.0042,0.0173,0.0059,0,REST-S,6,8,7
1458,17899,1:09:00,0,0.00,0,0.1700,0.0042,0.0173,0.0059,0,REST-S,6,8,7
1458,17900,1:09:30,0,0.00,0,0.1700,0.0042,0.0173,0.0059,0,REST-S,6,8,7
1458,17901,1:10:00,0,0.00,0,0.1700,0.0042,0.0173,0.0059,0,REST-S,6,8,7
1458,17902,1:10:30,0,0.00,0,0.1900,0.0128,0.0173,0.0059,0,REST-S,6,8,7
1458,17903,1:11:00,0,0.00,0,0.1700,0.0042,0.0173,0.0059,0,REST-S,6,8,7
1458,17904,1:11:30,0,0.00,0,0.1700,0.0042,0.0173,0.0059,0,REST-S,6,8,7
1458,17905,1:12:00,0,0.00,0,0.1700,0.0042,0.0173,0.0059,0,REST-S,6,8,7
1458,17906,1:12:30,0,0.00,0,0.1900,0.0128,0.0173,0.0059,0,REST-S,6,8,7
1458,17907,1:13:00,0,0.00,0,0.1700,0.0042,0.0173,0.0059,0,REST-S,6,8,7
1458,17908,1:13:30,0,0.00,0,0.1700,0.0042,0.0173,0.0059,0,REST-S,6,8,7
1458,17909,1:14:00,0,0.00,0,0.1900,0.0128,0.0173,0.0059,0,REST-S,6,8,7
1458,17910,1:14:30,0,0.00,0,0.1700,0.0042,0.0173,0.0059,0,REST-S,6,8,7
1458,17911,1:15:00,0,0.00,0,0.1900,0.0128,0.0173,0.0059,0,REST-S,6,8,7
1458,17912,1:15:30,0,0.00,0,0.1700,0.0042,0.0173,0.0059,0,REST-S,6,8,7
1458,17913,1:16:00,0,0.00,0,0.1900,0.0128,0.0173,0.0059,0,REST-S,6,8,7
1458,17914,1:16:30,0,0.00,0,0.1700,0.0042,0.0173,0.0059,0,REST-S,6,8,7
1458,17915,1:17:00,0,0.00,0,0.1700,0.0042,0.0173,0.0059,0,REST-S,6,8,7
1458,17916,1:17:30,0,0.00,0,0.1700,0.0042,0.0173,0.0059,0,REST-S,6,8,7
1458,17917,1:18:00,0,0.00,0,0.1700,0.0042,0.0173,0.0059,0,REST-S,6,8,7
1458,17918,1:18:30,0,0.00,0,0.1900,0.0128,0.0173,0.0059,0,REST-S,6,8,7
1458,17919,1:19:00,0,0.00,0,0.1700,0.0042,0.0173,0.0059,0,REST-S,6,8,7
1458,17920,1:19:30,0,0.00,0,0.1700,0.0042,0.0173,0.0059,0,REST-S,6,8,7
1458,17921,1:20:00,0,0.00,0,0.1900,0.0128,0.0173,0.0059,0,REST-S,6,8,7
1458,17922,1:20:30,0,0.00,0,0.1700,0.0042,0.0173,0.0059,0,REST-S,6,8,7
1458,17923,1:21:00,0,0.00,0,0.1700,0.0042,0.0173,0.0059,0,REST-S,6,8,7
1458,17924,1:21:30,0,0.00,0,0.1900,0.0128,0.0173,0.0059,0,REST-S,6,8,7
1458,17925,1:22:00,0,73.00,0,0.1200,0.0042,0.0125,0.0000,1,REST-S,6,8,7
1458,17926,1:22:30,0,0.00,0,0.1900,0.0128,0.0173,0.0059,0,REST-S,6,8,7
1458,17927,1:23:00,0,0.00,0,0.1700,0.0042,0.0173,0.0059,0,REST-S,6,8,7
1458,17928,1:23:30,0,1.00,0,0.1900,0.0128,0.0173,0.0059,0,REST-S,6,8,7
1458,17929,1:24:00,0,0.00,0,0.1700,0.0042,0.0173,0.0059,0,REST-S,6,8,7
1458,17930,1:24:30,0,0.00,0,0.1900,0.0128,0.0173,0.0059,0,REST-S,6,8,7
1458,17931,1:25:00,0,42.00,0,0.1700,0.0042,0.0173,0.0059,1,REST-S,6,8,7
1458,17932,1:25:30,0,0.00,0,0.1700,0.0042,0.0173,0.0059,0,REST-S,6,8,7
1458,17933,1:26:00,0,0.00,0,0.1900,0.0128,0.0173,0.0059,0,REST-S,6,8,7
1458,17934,1:26:30,0,0.00,0,0.1900,0.0128,0.0173,0.0059,0,REST-S,6,8,7
1458,17935,1:27:00,0,0.00,0,0.1900,0.0128,0.0173,0.0059,0,REST-S,6,8,7
1458,17936,1:27:30,0,15.00,0,0.1900,0.0128,0.0173,0.0059,0,REST-S,6,8,7
1458,17937,1:28:00,0,0.00,0,0.1900,0.0128,0.0173,0.0059,0,REST-S,6,8,7
1458,17938,1:28:30,0,0.00,0,0.1900,0.0128,0.0173,0.0059,0,REST-S,6,8,7
1458,17939,1:29:00,0,86.00,0,0.1900,0.0128,0.0173,0.0059,1,REST-S,6,8,7
1458,17940,1:29:30,0,0.00,0,0.1700,0.0042,0.0173,0.0059,0,REST-S,6,8,7
1458,17941,1:30:00,0,0.00,0,0.1900,0.0128,0.0173,0.0059,0,REST-S,6,8,7
1458,17942,1:30:30,0,55.00,0,0.1700,0.0042,0.0173,0.0059,1,REST-S,6,8,7
1458,17943,1:31:00,0,2.00,0,0.1700,0.0042,0.0173,0.0059,0,REST-S,6,8,7
1458,17944,1:31:30,0,0.00,0,0.1700,0.0042,0.0173,0.0059,0,REST-S,6,8,7
1458,17945,1:32:00,0,0.00,0,0.1700,0.0042,0.0173,0.0059,0,REST-S,6,8,7
1458,17946,1:32:30,0,0.00,0,0.1700,0.0042,0.0173,0.0059,0,REST-S,6,8,7
1458,17947,1:33:00,0,27.00,0,0.1700,0.0042,0.0173,0.0059,1,REST-S,6,8,7
1458,17948,1:33:30,0,1.00,0,0.1700,0.0042,0.0173,0.0059,0,REST-S,6,8,7
1458,17949,1:34:00,0,0.00,0,0.1900,0.0128,0.0173,0.0059,0,REST-S,6,8,7
1458,17950,1:34:30,0,0.00,0,0.1700,0.0042,0.0173,0.0059,0,REST-S,6,8,7
1458,17951,1:35:00,0,0.00,0,0.1700,0.0042,0.0173,0.0059,0,REST-S,6,8,7
1458,17952,1:35:30,0,0.00,0,0.1700,0.0042,0.0173,0.0059,0,REST-S,6,8,7
1458,17953,1:36:00,0,0.00,0,0.1700,0.0042,0.0173,0.0059,0,REST-S,6,8,7
1458,17954,1:36:30,0,0.00,0,0.1700,0.0042,0.0173,0.0059,0,REST-S,6,8,7
1458,17955,1:37:00,0,0.00,0,0.1700,0.0042,0.0173,0.0059,0,REST-S,6,8,7
1458,17956,1:37:30,0,0.00,0,0.1700,0.0042,0.0173,0.0059,0,REST-S,6,8,7
1458,17957,1:38:00,0,42.00,0,0.1700,0.0042,0.0173,0.0059,1,REST-S,6,8,7
1458,17958,1:38:30,0,0.00,0,0.1700,0.0042,0.0173,0.0059,0,REST-S,6,8,7
1458,17959,1:39:00,0,0.00,0,0.1700,0.0042,0.0173,0.0059,0,REST-S,6,8,7
1458,17960,1:39:30,0,0.00,0,0.1700,0.0042,0.0173,0.0059,0,REST-S,6,8,7
1458,17961,1:40:00,0,0.00,0,0.1700,0.0042,0.0173,0.0059,0,REST-S,6,8,7
1458,17962,1:40:30,0,0.00,0,0.1700,0.0042,0.0173,0.0059,0,REST-S,6,8,7
1458,17963,1:41:00,0,0.00,0,0.1700,0.0042,0.0173,0.0059,0,REST-S,6,8,7
1458,17964,1:41:30,0,0.00,0,0.1700,0.0042,0.0173,0.0059,0,REST-S,6,8,7
1458,17965,1:42:00,0,0.00,0,0.1700,0.0042,0.0173,0.0059,0,REST-S,6,8,7
1458,17966,1:42:30,0,0.00,0,0.1700,0.0042,0.0173,0.0059,0,REST-S,6,8,7
1458,17967,1:43:00,0,0.00,0,0.1700,0.0042,0.0173,0.0059,0,REST-S,6,8,7
1458,17968,1:43:30,0,90.00,0,0.0200,0.0049,0.0000,0.0059,1,REST-S,6,8,7
1458,17969,1:44:00,0,0.00,0,0.1700,0.0042,0.0173,0.0059,0,REST-S,6,8,7
1458,17970,1:44:30,0,0.00,0,0.1700,0.0042,0.0173,0.0059,0,REST-S,6,8,7
1458,17971,1:45:00,0,0.00,0,0.1700,0.0042,0.0173,0.0059,0,REST-S,6,8,7
1458,17972,1:45:30,0,0.00,0,0.1700,0.0042,0.0173,0.0059,0,REST-S,6,8,7
1458,17973,1:46:00,0,93.00,0,0.1700,0.0042,0.0173,0.0059,1,REST-S,6,8,7
1458,17974,1:46:30,0,0.00,0,0.1700,0.0042,0.0173,0.0059,0,REST-S,6,8,7
1458,17975,1:47:00,0,0.00,0,0.1700,0.0042,0.0173,0.0059,0,REST-S,6,8,7
1458,17976,1:47:30,0,0.00,0,0.1700,0.0042,0.0173,0.0059,0,REST-S,6,8,7
1458,17977,1:48:00,0,0.00,0,0.1700,0.0042,0.0173,0.0059,0,REST-S,6,8,7
1458,17978,1:48:30,0,0.00,0,0.1700,0.0042,0.0173,0.0059,0,REST-S,6,8,7
1458,17979,1:49:00,0,0.00,0,0.1700,0.0042,0.0173,0.0059,0,REST-S,6,8,7
1458,17980,1:49:30,0,0.00,0,0.1700,0.0042,0.0173,0.0059,0,REST-S,6,8,7
1458,17981,1:50:00,0,0.00,0,0.1700,0.0042,0.0173,0.0059,0,REST-S,6,8,7
1458,17982,1:50:30,0,0.00,0,0.1700,0.0042,0.0173,0.0059,0,REST-S,6,8,7
1458,17983,1:51:00,0,0.00,0,0.1700,0.0042,0.0173,0.0059,0,REST-S,6,8,7
1458,17984,1:51:30,0,0.00,0,0.1700,0.0042,0.0173,0.0059,0,REST-S,6,8,7
1458,17985,1:52:00,0,0.00,0,0.1700,0.0042,0.0173,0.0059,0,REST-S,6,8,7
1458,17986,1:52:30,0,0.00,0,0.1900,0.0128,0.0173,0.0059,0,REST-S,6,8,7
1458,17987,1:53:00,0,0.00,0,0.1900,0.0128,0.0173,0.0059,0,REST-S,6,8,7
1458,17988,1:53:30,0,0.00,0,0.1700,0.0042,0.0173,0.0059,0,REST-S,6,8,7
1458,17989,1:54:00,0,0.00,0,0.1700,0.0042,0.0173,0.0059,0,REST-S,6,8,7
1458,17990,1:54:30,0,0.00,0,0.1700,0.0042,0.0173,0.0059,0,REST-S,6,8,7
1458,17991,1:55:00,0,0.00,0,0.1900,0.0128,0.0173,0.0059,0,REST-S,6,8,7
1458,17992,1:55:30,0,0.00,0,0.1700,0.0042,0.0173,0.0059,0,REST-S,6,8,7
1458,17993,1:56:00,0,0.00,0,0.1700,0.0042,0.0173,0.0059,0,REST-S,6,8,7
1458,17994,1:56:30,0,0.00,0,0.1700,0.0042,0.0173,0.0059,0,REST-S,6,8,7
1458,17995,1:57:00,0,0.00,0,0.1700,0.0042,0.0173,0.0059,0,REST-S,6,8,7
1458,17996,1:57:30,0,0.00,0,0.1700,0.0042,0.0173,0.0059,0,REST-S,6,8,7
1458,17997,1:58:00,0,0.00,0,0.1700,0.0042,0.0173,0.0059,0,REST-S,6,8,7
1458,17998,1:58:30,0,0.00,0,0.1900,0.0128,0.0173,0.0059,0,REST-S,6,8,7
1458,17999,1:59:00,0,0.00,0,0.1900,0.0128,0.0173,0.0059,0,REST-S,6,8,7
1458,18000,1:59:30,0,0.00,0,0.1900,0.0128,0.0173,0.0059,0,REST-S,6,8,7
1458,18001,2:00:00,0,0.00,0,0.1900,0.0128,0.0173,0.0059,0,REST-S,6,8,7
1458,18002,2:00:30,0,0.00,0,0.1700,0.0042,0.0173,0.0059,0,REST-S,6,8,7
1458,18003,2:01:00,0,0.00,0,0.1700,0.0042,0.0173,0.0059,0,REST-S,6,8,7
1458,18004,2:01:30,0,0.00,0,0.1900,0.0128,0.0173,0.0059,0,REST-S,6,8,7
1458,18005,2:02:00,0,0.00,0,0.1700,0.0042,0.0173,0.0059,0,REST-S,6,8,7
1458,18006,2:02:30,0,0.00,0,0.1900,0.0128,0.0173,0.0059,0,REST-S,6,8,7
1458,18007,2:03:00,0,0.00,0,0.1900,0.0128,0.0173,0.0059,0,REST-S,6,8,7
1458,18008,2:03:30,0,0.00,0,0.1900,0.0128,0.0173,0.0059,0,REST-S,6,8,7
1458,18009,2:04:00,0,0.00,0,0.1900,0.0128,0.0173,0.0059,0,REST-S,6,8,7
1458,18010,2:04:30,0,0.00,0,0.1900,0.0128,0.0173,0.0059,0,REST-S,6,8,7
1458,18011,2:05:00,0,0.00,0,0.1700,0.0042,0.0173,0.0059,0,REST-S,6,8,7
1458,18012,2:05:30,0,0.00,0,0.1700,0.0042,0.0173,0.0059,0,REST-S,6,8,7
1458,18013,2:06:00,0,0.00,0,0.1900,0.0128,0.0173,0.0059,0,REST-S,6,8,7
1458,18014,2:06:30,0,1.00,0,0.1900,0.0128,0.0173,0.0059,0,REST-S,6,8,7
1458,18015,2:07:00,0,0.00,0,0.1900,0.0128,0.0173,0.0059,0,REST-S,6,8,7
1458,18016,2:07:30,0,0.00,0,0.1900,0.0128,0.0173,0.0059,0,REST-S,6,8,7
1458,18017,2:08:00,0,0.00,0,0.1900,0.0128,0.0173,0.0059,0,REST-S,6,8,7
1458,18018,2:08:30,0,0.00,0,0.1900,0.0128,0.0173,0.0059,0,REST-S,6,8,7
1458,18019,2:09:00,0,0.00,0,0.1900,0.0128,0.0173,0.0059,0,REST-S,6,8,7
1458,18020,2:09:30,0,0.00,0,0.1900,0.0128,0.0173,0.0059,0,REST-S,6,8,7
1458,18021,2:10:00,0,0.00,0,0.1900,0.0128,0.0173,0.0059,0,REST-S,6,8,7
1458,18022,2:10:30,0,0.00,0,0.1900,0.0128,0.0173,0.0059,0,REST-S,6,8,7
1458,18023,2:11:00,0,0.00,0,0.1900,0.0128,0.0173,0.0059,0,REST-S,6,8,7
1458,18024,2:11:30,0,0.00,0,0.1900,0.0128,0.0173,0.0059,0,REST-S,6,8,7
1458,18025,2:12:00,0,0.00,0,0.1900,0.0128,0.0173,0.0059,0,REST-S,6,8,7
1458,18026,2:12:30,0,46.00,0,0.0100,0.0049,0.0000,0.0000,1,REST-S,6,8,7
1458,18027,2:13:00,0,31.00,0,0.1900,0.0128,0.0173,0.0059,1,REST-S,6,8,7
1458,18028,2:13:30,0,0.00,0,0.1900,0.0128,0.0173,0.0059,0,REST-S,6,8,7
1458,18029,2:14:00,0,35.00,0,0.1900,0.0128,0.0173,0.0059,1,REST-S,6,8,7
1458,18030,2:14:30,0,0.00,0,0.1900,0.0128,0.0173,0.0059,0,REST-S,6,8,7
1458,18031,2:15:00,0,0.00,0,0.1900,0.0128,0.0173,0.0059,0,REST-S,6,8,7
1458,18032,2:15:30,0,0.00,0,0.1900,0.0128,0.0173,0.0059,0,REST-S,6,8,7
1458,18033,2:16:00,0,0.00,0,0.1900,0.0128,0.0173,0.0059,0,REST-S,6,8,7
1458,18034,2:16:30,0,0.00,0,0.1900,0.0128,0.0173,0.0059,0,REST-S,6,8,7
1458,18035,2:17:00,0,0.00,0,0.1900,0.0128,0.0173,0.0059,0,REST-S,6,8,7
1458,18036,2:17:30,0,0.00,0,0.1700,0.0042,0.0173,0.0059,0,REST-S,6,8,7
1458,18037,2:18:00,0,0.00,0,0.1700,0.0042,0.0173,0.0059,0,REST-S,6,8,7
1458,18038,2:18:30,0,0.00,0,0.1900,0.0128,0.0173,0.0059,0,REST-S,6,8,7
1458,18039,2:19:00,0,0.00,0,0.1700,0.0042,0.0173,0.0059,0,REST-S,6,8,7
1458,18040,2:19:30,0,0.00,0,0.1900,0.0128,0.0173,0.0059,0,REST-S,6,8,7
1458,18041,2:20:00,0,0.00,0,0.1900,0.0128,0.0173,0.0059,0,REST-S,6,8,7
1458,18042,2:20:30,0,0.00,0,0.1900,0.0128,0.0173,0.0059,0,REST-S,6,8,7
1458,18043,2:21:00,0,0.00,0,0.1900,0.0128,0.0173,0.0059,0,REST-S,6,8,7
1458,18044,2:21:30,0,0.00,0,0.1900,0.0128,0.0173,0.0059,0,REST-S,6,8,7
1458,18045,2:22:00,0,0.00,0,0.1700,0.0042,0.0173,0.0059,0,REST-S,6,8,7
1458,18046,2:22:30,0,0.00,0,0.1900,0.0128,0.0173,0.0059,0,REST-S,6,8,7
1458,18047,2:23:00,0,0.00,0,0.1900,0.0128,0.0173,0.0059,0,REST-S,6,8,7
1458,18048,2:23:30,0,0.00,0,0.1900,0.0128,0.0173,0.0059,0,REST-S,6,8,7
1458,18049,2:24:00,0,0.00,0,0.1700,0.0042,0.0173,0.0059,0,REST-S,6,8,7
1458,18050,2:24:30,0,0.00,0,0.1700,0.0042,0.0173,0.0059,0,REST-S,6,8,7
1458,18051,2:25:00,0,0.00,0,0.1700,0.0042,0.0173,0.0059,0,REST-S,6,8,7
1458,18052,2:25:30,0,0.00,0,0.1900,0.0128,0.0173,0.0059,0,REST-S,6,8,7
1458,18053,2:26:00,0,0.00,0,0.1700,0.0042,0.0173,0.0059,0,REST-S,6,8,7
1458,18054,2:26:30,0,0.00,0,0.1900,0.0128,0.0173,0.0059,0,REST-S,6,8,7
1458,18055,2:27:00,0,0.00,0,0.1900,0.0128,0.0173,0.0059,0,REST-S,6,8,7
1458,18056,2:27:30,0,0.00,0,0.1900,0.0128,0.0173,0.0059,0,REST-S,6,8,7
1458,18057,2:28:00,0,0.00,0,0.1900,0.0128,0.0173,0.0059,0,REST-S,6,8,7
1458,18058,2:28:30,0,0.00,0,0.1900,0.0128,0.0173,0.0059,0,REST-S,6,8,7
1458,18059,2:29:00,0,0.00,0,0.1900,0.0128,0.0173,0.0059,0,REST-S,6,8,7
1458,18060,2:29:30,0,0.00,0,0.1900,0.0128,0.0173,0.0059,0,REST-S,6,8,7
1458,18061,2:30:00,0,0.00,0,0.1900,0.0128,0.0173,0.0059,0,REST-S,6,8,7
1458,18062,2:30:30,0,0.00,0,0.1700,0.0042,0.0173,0.0059,0,REST-S,6,8,7
1458,18063,2:31:00,0,0.00,0,0.1900,0.0128,0.0173,0.0059,0,REST-S,6,8,7
1458,18064,2:31:30,0,0.00,0,0.1900,0.0128,0.0173,0.0059,0,REST-S,6,8,7
1458,18065,2:32:00,0,0.00,0,0.1900,0.0128,0.0173,0.0059,0,REST-S,6,8,7
1458,18066,2:32:30,0,0.00,0,0.1700,0.0042,0.0173,0.0059,0,REST-S,6,8,7
1458,18067,2:33:00,0,0.00,0,0.1900,0.0128,0.0173,0.0059,0,REST-S,6,8,7
1458,18068,2:33:30,0,0.00,0,0.1900,0.0128,0.0173,0.0059,0,REST-S,6,8,7
1458,18069,2:34:00,0,0.00,0,0.1700,0.0042,0.0173,0.0059,0,REST-S,6,8,7
1458,18070,2:34:30,0,0.00,0,0.1900,0.0128,0.0173,0.0059,0,REST-S,6,8,7
1458,18071,2:35:00,0,0.00,0,0.1900,0.0128,0.0173,0.0059,0,REST-S,6,8,7
1458,18072,2:35:30,0,0.00,0,0.1900,0.0128,0.0173,0.0059,0,REST-S,6,8,7
1458,18073,2:36:00,0,0.00,0,0.1900,0.0128,0.0173,0.0059,0,REST-S,6,8,7
1458,18074,2:36:30,0,0.00,0,0.1700,0.0042,0.0173,0.0059,0,REST-S,6,8,7
1458,18075,2:37:00,0,0.00,0,0.1700,0.0042,0.0173,0.0059,0,REST-S,6,8,7
1458,18076,2:37:30,0,0.00,0,0.1900,0.0128,0.0173,0.0059,0,REST-S,6,8,7
1458,18077,2:38:00,0,19.00,0,0.1900,0.0128,0.0173,0.0059,1,REST-S,6,8,7
1458,18078,2:38:30,0,44.00,0,0.1900,0.0128,0.0173,0.0059,1,REST-S,6,8,7
1458,18079,2:39:00,0,0.00,0,0.1900,0.0128,0.0173,0.0059,1,REST-S,6,8,7
1458,18080,2:39:30,0,46.00,0,0.1900,0.0128,0.0173,0.0059,1,REST-S,6,8,7
1458,18081,2:40:00,0,141.00,0,0.0200,0.0049,0.0000,0.0059,1,REST-S,6,8,7
1458,18082,2:40:30,0,124.00,0,0.1700,0.0042,0.0173,0.0059,1,REST-S,6,8,7
1458,18083,2:41:00,0,0.00,0,0.1700,0.0042,0.0173,0.0059,1,REST-S,6,8,7
1458,18084,2:41:30,0,68.00,0,0.1200,0.0042,0.0125,0.0000,1,REST-S,6,8,7
1458,18085,2:42:00,0,0.00,0,0.1700,0.0042,0.0173,0.0059,0,REST-S,6,8,7
1458,18086,2:42:30,0,0.00,0,0.1700,0.0042,0.0173,0.0059,0,REST-S,6,8,7
1458,18087,2:43:00,0,0.00,0,0.1700,0.0042,0.0173,0.0059,0,REST-S,6,8,7
1458,18088,2:43:30,0,0.00,0,0.1700,0.0042,0.0173,0.0059,0,REST-S,6,8,7
1458,18089,2:44:00,0,0.00,0,0.1700,0.0042,0.0173,0.0059,0,REST-S,6,8,7
1458,18090,2:44:30,0,0.00,0,0.1700,0.0042,0.0173,0.0059,0,REST-S,6,8,7
1458,18091,2:45:00,0,0.00,0,0.1700,0.0042,0.0173,0.0059,0,REST-S,6,8,7
1458,18092,2:45:30,0,0.00,0,0.1700,0.0042,0.0173,0.0059,0,REST-S,6,8,7
1458,18093,2:46:00,0,0.00,0,0.1700,0.0042,0.0173,0.0059,0,REST-S,6,8,7
1458,18094,2:46:30,0,0.00,0,0.1700,0.0042,0.0173,0.0059,0,REST-S,6,8,7
1458,18095,2:47:00,0,0.00,0,0.1700,0.0042,0.0173,0.0059,0,REST-S,6,8,7
1458,18096,2:47:30,0,0.00,0,0.1700,0.0042,0.0173,0.0059,0,REST-S,6,8,7
1458,18097,2:48:00,0,0.00,0,0.1700,0.0042,0.0173,0.0059,0,REST-S,6,8,7
1458,18098,2:48:30,0,0.00,0,0.1700,0.0042,0.0173,0.0059,0,REST-S,6,8,7
1458,18099,2:49:00,0,0.00,0,0.1700,0.0042,0.0173,0.0059,0,REST-S,6,8,7
1458,18100,2:49:30,0,30.00,0,0.1700,0.0042,0.0173,0.0059,1,REST-S,6,8,7
1458,18101,2:50:00,0,0.00,0,0.1700,0.0042,0.0173,0.0059,0,REST-S,6,8,7
1458,18102,2:50:30,0,0.00,0,0.1700,0.0042,0.0173,0.0059,0,REST-S,6,8,7
1458,18103,2:51:00,0,0.00,0,0.1700,0.0042,0.0173,0.0059,0,REST-S,6,8,7
1458,18104,2:51:30,0,0.00,0,0.1700,0.0042,0.0173,0.0059,0,REST-S,6,8,7
1458,18105,2:52:00,0,0.00,0,0.1700,0.0042,0.0173,0.0059,0,REST-S,6,8,7
1458,18106,2:52:30,0,0.00,0,0.1700,0.0042,0.0173,0.0059,0,REST-S,6,8,7
1458,18107,2:53:00,0,0.00,0,0.1700,0.0042,0.0173,0.0059,0,REST-S,6,8,7
1458,18108,2:53:30,0,0.00,0,0.1700,0.0042,0.0173,0.0059,0,REST-S,6,8,7
1458,18109,2:54:00,0,0.00,0,0.1700,0.0042,0.0173,0.0059,0,REST-S,6,8,7
1458,18110,2:54:30,0,0.00,0,0.1700,0.0042,0.0173,0.0059,0,REST-S,6,8,7
1458,18111,2:55:00,0,0.00,0,0.1700,0.0042,0.0173,0.0059,0,REST-S,6,8,7
1458,18112,2:55:30,0,0.00,0,0.1700,0.0042,0.0173,0.0059,0,REST-S,6,8,7
1458,18113,2:56:00,0,0.00,0,0.1900,0.0128,0.0173,0.0059,0,REST-S,6,8,7
1458,18114,2:56:30,0,0.00,0,0.1700,0.0042,0.0173,0.0059,0,REST-S,6,8,7
1458,18115,2:57:00,0,0.00,0,0.1700,0.0042,0.0173,0.0059,0,REST-S,6,8,7
1458,18116,2:57:30,0,0.00,0,0.1700,0.0042,0.0173,0.0059,0,REST-S,6,8,7
1458,18117,2:58:00,0,0.00,0,0.1700,0.0042,0.0173,0.0059,0,REST-S,6,8,7
1458,18118,2:58:30,0,0.00,0,0.1700,0.0042,0.0173,0.0059,0,REST-S,6,8,7
1458,18119,2:59:00,0,0.00,0,0.1700,0.0042,0.0173,0.0059,0,REST-S,6,8,7
1458,18120,2:59:30,0,0.00,0,0.1700,0.0042,0.0173,0.0059,0,REST-S,6,8,7
1458,18121,3:00:00,0,0.00,0,0.1700,0.0042,0.0173,0.0059,0,REST-S,6,8,7
1458,18122,3:00:30,0,0.00,0,0.1700,0.0042,0.0173,0.0059,0,REST-S,6,8,7
1458,18123,3:01:00,0,0.00,0,0.1700,0.0042,0.0173,0.0059,0,REST-S,6,8,7
1458,18124,3:01:30,0,0.00,0,0.1700,0.0042,0.0173,0.0059,0,REST-S,6,8,7
1458,18125,3:02:00,0,0.00,0,0.1700,0.0042,0.0173,0.0059,0,REST-S,6,8,7
1458,18126,3:02:30,0,0.00,0,0.1700,0.0042,0.0173,0.0059,0,REST-S,6,8,7
1458,18127,3:03:00,0,0.00,0,0.1700,0.0042,0.0173,0.0059,0,REST-S,6,8,7
1458,18128,3:03:30,0,0.00,0,0.1700,0.0042,0.0173,0.0059,0,REST-S,6,8,7
1458,18129,3:04:00,0,0.00,0,0.1700,0.0042,0.0173,0.0059,0,REST-S,6,8,7
1458,18130,3:04:30,0,0.00,0,0.1700,0.0042,0.0173,0.0059,0,REST-S,6,8,7
1458,18131,3:05:00,0,0.00,0,0.1700,0.0042,0.0173,0.0059,0,REST-S,6,8,7
1458,18132,3:05:30,0,0.00,0,0.1700,0.0042,0.0173,0.0059,0,REST-S,6,8,7
1458,18133,3:06:00,0,0.00,0,0.1700,0.0042,0.0173,0.0059,0,REST-S,6,8,7
1458,18134,3:06:30,0,0.00,0,0.1700,0.0042,0.0173,0.0059,0,REST-S,6,8,7
1458,18135,3:07:00,0,0.00,0,0.1700,0.0042,0.0173,0.0059,0,REST-S,6,8,7
1458,18136,3:07:30,0,0.00,0,0.1700,0.0042,0.0173,0.0059,0,REST-S,6,8,7
1458,18137,3:08:00,0,0.00,0,0.1700,0.0042,0.0173,0.0059,0,REST-S,6,8,7
1458,18138,3:08:30,0,0.00,0,0.1700,0.0042,0.0173,0.0059,0,REST-S,6,8,7
1458,18139,3:09:00,0,0.00,0,0.1700,0.0042,0.0173,0.0059,0,REST-S,6,8,7
1458,18140,3:09:30,0,0.00,0,0.1700,0.0042,0.0173,0.0059,0,REST-S,6,8,7
1458,18141,3:10:00,0,0.00,0,0.1700,0.0042,0.0173,0.0059,0,REST-S,6,8,7
1458,18142,3:10:30,0,0.00,0,0.1700,0.0042,0.0173,0.0059,0,REST-S,6,8,7
1458,18143,3:11:00,0,0.00,0,0.1700,0.0042,0.0173,0.0059,0,REST-S,6,8,7
1458,18144,3:11:30,0,0.00,0,0.1700,0.0042,0.0173,0.0059,0,REST-S,6,8,7
1458,18145,3:12:00,0,0.00,0,0.1700,0.0042,0.0173,0.0059,0,REST-S,6,8,7
1458,18146,3:12:30,0,0.00,0,0.1700,0.0042,0.0173,0.0059,0,REST-S,6,8,7
1458,18147,3:13:00,0,0.00,0,0.1700,0.0042,0.0173,0.0059,0,REST-S,6,8,7
1458,18148,3:13:30,0,0.00,0,0.1700,0.0042,0.0173,0.0059,0,REST-S,6,8,7
1458,18149,3:14:00,0,0.00,0,0.1700,0.0042,0.0173,0.0059,0,REST-S,6,8,7
1458,18150,3:14:30,0,0.00,0,0.1700,0.0042,0.0173,0.0059,0,REST-S,6,8,7
1458,18151,3:15:00,0,0.00,0,0.1700,0.0042,0.0173,0.0059,0,REST-S,6,8,7
1458,18152,3:15:30,0,0.00,0,0.1700,0.0042,0.0173,0.0059,0,REST-S,6,8,7
1458,18153,3:16:00,0,174.00,0,0.1700,0.0042,0.0173,0.0059,1,REST-S,6,8,7
1458,18154,3:16:30,0,0.00,0,0.1700,0.0042,0.0173,0.0059,0,REST-S,6,8,7
1458,18155,3:17:00,0,0.00,0,0.1700,0.0042,0.0173,0.0059,0,REST-S,6,8,7
1458,18156,3:17:30,0,0.00,0,0.1700,0.0042,0.0173,0.0059,0,REST-S,6,8,7
1458,18157,3:18:00,0,0.00,0,0.1700,0.0042,0.0173,0.0059,0,REST-S,6,8,7
1458,18158,3:18:30,0,0.00,0,0.1700,0.0042,0.0173,0.0059,0,REST-S,6,8,7
1458,18159,3:19:00,0,0.00,0,0.1700,0.0042,0.0173,0.0059,0,REST-S,6,8,7
1458,18160,3:19:30,0,0.00,0,0.1700,0.0042,0.0173,0.0059,0,REST-S,6,8,7
1458,18161,3:20:00,0,0.00,0,0.1700,0.0042,0.0173,0.0059,0,REST-S,6,8,7
1458,18162,3:20:30,0,0.00,0,0.1700,0.0042,0.0173,0.0059,0,REST-S,6,8,7
1458,18163,3:21:00,0,0.00,0,0.1700,0.0042,0.0173,0.0059,0,REST-S,6,8,7
1458,18164,3:21:30,0,0.00,0,0.1900,0.0128,0.0173,0.0059,0,REST-S,6,8,7
1458,18165,3:22:00,0,0.00,0,0.1700,0.0042,0.0173,0.0059,0,REST-S,6,8,7
1458,18166,3:22:30,0,0.00,0,0.1700,0.0042,0.0173,0.0059,0,REST-S,6,8,7
1458,18167,3:23:00,0,0.00,0,0.1900,0.0128,0.0173,0.0059,0,REST-S,6,8,7
1458,18168,3:23:30,0,0.00,0,0.1900,0.0128,0.0173,0.0059,0,REST-S,6,8,7
1458,18169,3:24:00,0,0.00,0,0.1900,0.0128,0.0173,0.0059,0,REST-S,6,8,7
1458,18170,3:24:30,0,0.00,0,0.1900,0.0128,0.0173,0.0059,0,REST-S,6,8,7
1458,18171,3:25:00,0,0.00,0,0.1700,0.0042,0.0173,0.0059,0,REST-S,6,8,7
1458,18172,3:25:30,0,0.00,0,0.1900,0.0128,0.0173,0.0059,0,REST-S,6,8,7
1458,18173,3:26:00,0,0.00,0,0.1700,0.0042,0.0173,0.0059,0,REST-S,6,8,7
1458,18174,3:26:30,0,0.00,0,0.1900,0.0128,0.0173,0.0059,0,REST-S,6,8,7
1458,18175,3:27:00,0,0.00,0,0.1700,0.0042,0.0173,0.0059,0,REST-S,6,8,7
1458,18176,3:27:30,0,0.00,0,0.1900,0.0128,0.0173,0.0059,0,REST-S,6,8,7
1458,18177,3:28:00,0,0.00,0,0.1700,0.0042,0.0173,0.0059,0,REST-S,6,8,7
1458,18178,3:28:30,0,0.00,0,0.1900,0.0128,0.0173,0.0059,0,REST-S,6,8,7
1458,18179,3:29:00,0,0.00,0,0.1700,0.0042,0.0173,0.0059,0,REST-S,6,8,7
1458,18180,3:29:30,0,0.00,0,0.1700,0.0042,0.0173,0.0059,0,REST-S,6,8,7
1458,18181,3:30:00,0,0.00,0,0.1900,0.0128,0.0173,0.0059,0,REST-S,6,8,7
1458,18182,3:30:30,0,0.00,0,0.1700,0.0042,0.0173,0.0059,0,REST-S,6,8,7
1458,18183,3:31:00,0,0.00,0,0.1700,0.0042,0.0173,0.0059,0,REST-S,6,8,7
1458,18184,3:31:30,0,0.00,0,0.1700,0.0042,0.0173,0.0059,0,REST-S,6,8,7
1458,18185,3:32:00,0,0.00,0,0.1900,0.0128,0.0173,0.0059,0,REST-S,6,8,7
1458,18186,3:32:30,0,0.00,0,0.1900,0.0128,0.0173,0.0059,0,REST-S,6,8,7
1458,18187,3:33:00,0,0.00,0,0.1900,0.0128,0.0173,0.0059,0,REST-S,6,8,7
1458,18188,3:33:30,0,0.00,0,0.1700,0.0042,0.0173,0.0059,0,REST-S,6,8,7
1458,18189,3:34:00,0,0.00,0,0.1900,0.0128,0.0173,0.0059,0,REST-S,6,8,7
1458,18190,3:34:30,0,0.00,0,0.1700,0.0042,0.0173,0.0059,0,REST-S,6,8,7
1458,18191,3:35:00,0,0.00,0,0.1900,0.0128,0.0173,0.0059,0,REST-S,6,8,7
1458,18192,3:35:30,0,0.00,0,0.1700,0.0042,0.0173,0.0059,0,REST-S,6,8,7
1458,18193,3:36:00,0,0.00,0,0.1700,0.0042,0.0173,0.0059,0,REST-S,6,8,7
1458,18194,3:36:30,0,0.00,0,0.1900,0.0128,0.0173,0.0059,0,REST-S,6,8,7
1458,18195,3:37:00,0,0.00,0,0.1900,0.0128,0.0173,0.0059,0,REST-S,6,8,7
1458,18196,3:37:30,0,0.00,0,0.1700,0.0042,0.0173,0.0059,0,REST-S,6,8,7
1458,18197,3:38:00,0,0.00,0,0.1700,0.0042,0.0173,0.0059,0,REST-S,6,8,7
1458,18198,3:38:30,0,0.00,0,0.1900,0.0128,0.0173,0.0059,0,REST-S,6,8,7
1458,18199,3:39:00,0,0.00,0,0.1700,0.0042,0.0173,0.0059,0,REST-S,6,8,7
1458,18200,3:39:30,0,0.00,0,0.1700,0.0042,0.0173,0.0059,0,REST-S,6,8,7
1458,18201,3:40:00,0,0.00,0,0.1900,0.0128,0.0173,0.0059,0,REST-S,6,8,7
1458,18202,3:40:30,0,0.00,0,0.1900,0.0128,0.0173,0.0059,0,REST-S,6,8,7
1458,18203,3:41:00,0,0.00,0,0.1900,0.0128,0.0173,0.0059,0,REST-S,6,8,7
1458,18204,3:41:30,0,53.00,0,0.1900,0.0128,0.0173,0.0059,1,REST-S,6,8,7
1458,18205,3:42:00,0,0.00,0,0.1900,0.0128,0.0173,0.0059,0,REST-S,6,8,7
1458,18206,3:42:30,0,23.00,0,0.1900,0.0128,0.0173,0.0059,1,REST-S,6,8,7
1458,18207,3:43:00,0,0.00,0,0.1900,0.0128,0.0173,0.0059,0,REST-S,6,8,7
1458,18208,3:43:30,0,0.00,0,0.1700,0.0042,0.0173,0.0059,0,REST-S,6,8,7
1458,18209,3:44:00,0,0.00,0,0.1700,0.0042,0.0173,0.0059,0,REST-S,6,8,7
1458,18210,3:44:30,0,0.00,0,0.1900,0.0128,0.0173,0.0059,0,REST-S,6,8,7
1458,18211,3:45:00,0,0.00,0,0.1900,0.0128,0.0173,0.0059,0,REST-S,6,8,7
1458,18212,3:45:30,0,0.00,0,0.1900,0.0128,0.0173,0.0059,0,REST-S,6,8,7
1458,18213,3:46:00,0,0.00,0,0.1900,0.0128,0.0173,0.0059,0,REST-S,6,8,7
1458,18214,3:46:30,0,0.00,0,0.1900,0.0128,0.0173,0.0059,0,REST-S,6,8,7
1458,18215,3:47:00,0,0.00,0,0.1900,0.0128,0.0173,0.0059,0,REST-S,6,8,7
1458,18216,3:47:30,0,0.00,0,0.1900,0.0128,0.0173,0.0059,0,REST-S,6,8,7
1458,18217,3:48:00,0,0.00,0,0.1900,0.0128,0.0173,0.0059,0,REST-S,6,8,7
1458,18218,3:48:30,0,0.00,0,0.1900,0.0128,0.0173,0.0059,0,REST-S,6,8,7
1458,18219,3:49:00,0,0.00,0,0.1900,0.0128,0.0173,0.0059,0,REST-S,6,8,7
1458,18220,3:49:30,0,0.00,0,0.1900,0.0128,0.0173,0.0059,0,REST-S,6,8,7
1458,18221,3:50:00,0,103.00,0,0.1900,0.0128,0.0173,0.0059,1,ACTIVE,6,8,7
1458,18222,3:50:30,0,57.00,0,0.1700,0.0042,0.0173,0.0059,1,ACTIVE,6,8,7
1458,18223,3:51:00,0,0.00,0,0.1900,0.0128,0.0173,0.0059,0,ACTIVE,6,8,7
1458,18224,3:51:30,0,5.00,0,0.1900,0.0128,0.0173,0.0059,0,ACTIVE,6,8,7
1458,18225,3:52:00,0,0.00,0,0.1700,0.0042,0.0173,0.0059,0,ACTIVE,6,8,7
1458,18226,3:52:30,0,44.00,0,0.1900,0.0128,0.0173,0.0059,1,ACTIVE,6,8,7
1458,18227,3:53:00,0,9.00,0,0.1700,0.0042,0.0173,0.0059,0,ACTIVE,6,8,7
1458,18228,3:53:30,0,0.00,0,0.1900,0.0128,0.0173,0.0059,0,ACTIVE,6,8,7
1458,18229,3:54:00,0,0.00,0,0.1900,0.0128,0.0173,0.0059,0,ACTIVE,6,8,7
1458,18230,3:54:30,0,39.00,0,0.1900,0.0128,0.0173,0.0059,1,ACTIVE,6,8,7
1458,18231,3:55:00,0,1.00,0,0.1900,0.0128,0.0173,0.0059,0,ACTIVE,6,8,7
1458,18232,3:55:30,0,0.00,0,0.1900,0.0128,0.0173,0.0059,0,ACTIVE,6,8,7
1458,18233,3:56:00,0,0.00,0,0.1900,0.0128,0.0173,0.0059,0,ACTIVE,6,8,7
1458,18234,3:56:30,0,0.00,0,0.1900,0.0128,0.0173,0.0059,1,ACTIVE,6,8,7
1458,18235,3:57:00,0,77.00,0,0.1700,0.0042,0.0173,0.0059,1,ACTIVE,6,8,7
1458,18236,3:57:30,0,115.00,0,0.1900,0.0128,0.0173,0.0059,1,ACTIVE,6,8,7
1458,18237,3:58:00,0,119.00,0,0.1900,0.0128,0.0173,0.0059,1,ACTIVE,6,8,7
1458,18238,3:58:30,0,0.00,0,0.1700,0.0042,0.0173,0.0059,1,ACTIVE,6,8,7
1458,18239,3:59:00,0,4.00,0,0.1900,0.0128,0.0173,0.0059,1,ACTIVE,6,8,7
1458,18240,3:59:30,0,0.00,0,0.1900,0.0128,0.0173,0.0059,0,ACTIVE,6,8,7
1458,18241,4:00:00,0,1.00,0,0.1700,0.0042,0.0173,0.0059,0,ACTIVE,6,8,7
1458,18242,4:00:30,0,53.00,0,0.1700,0.0042,0.0173,0.0059,1,ACTIVE,6,8,7
1458,18243,4:01:00,0,18.00,0,0.1700,0.0042,0.0173,0.0059,1,ACTIVE,6,8,7
1458,18244,4:01:30,0,24.00,0,0.0200,0.0049,0.0000,0.0059,1,ACTIVE,6,8,7
1458,18245,4:02:00,0,1.00,0,0.1700,0.0042,0.0173,0.0059,0,ACTIVE,6,8,7
1458,18246,4:02:30,0,35.00,0,0.1700,0.0042,0.0173,0.0059,1,ACTIVE,6,8,7
1458,18247,4:03:00,0,63.00,0,0.1700,0.0042,0.0173,0.0059,1,ACTIVE,6,8,7
1458,18248,4:03:30,0,14.00,0,0.1700,0.0042,0.0173,0.0059,1,ACTIVE,6,8,7
1458,18249,4:04:00,0,27.00,0,0.1700,0.0042,0.0173,0.0059,1,ACTIVE,6,8,7
1458,18250,4:04:30,0,18.00,0,0.1700,0.0042,0.0173,0.0059,1,ACTIVE,6,8,7
1458,18251,4:05:00,0,15.00,0,0.1700,0.0042,0.0173,0.0059,1,ACTIVE,6,8,7
1458,18252,4:05:30,0,18.00,0,0.1700,0.0042,0.0173,0.0059,1,ACTIVE,6,8,7
1458,18253,4:06:00,0,0.00,0,0.1700,0.0042,0.0173,0.0059,0,ACTIVE,6,8,7
1458,18254,4:06:30,0,0.00,0,0.1700,0.0042,0.0173,0.0059,0,ACTIVE,6,8,7
1458,18255,4:07:00,0,0.00,0,0.1700,0.0042,0.0173,0.0059,0,ACTIVE,6,8,7
1458,18256,4:07:30,0,0.00,0,0.1700,0.0042,0.0173,0.0059,0,ACTIVE,6,8,7
1458,18257,4:08:00,0,0.00,0,0.1700,0.0042,0.0173,0.0059,0,ACTIVE,6,8,7
1458,18258,4:08:30,0,0.00,0,0.1700,0.0042,0.0173,0.0059,0,ACTIVE,6,8,7
1458,18259,4:09:00,0,63.00,0,0.1700,0.0042,0.0173,0.0059,1,ACTIVE,6,8,7
1458,18260,4:09:30,0,0.00,0,0.1700,0.0042,0.0173,0.0059,0,ACTIVE,6,8,7
1458,18261,4:10:00,0,10.00,0,0.1700,0.0042,0.0173,0.0059,0,ACTIVE,6,8,7
1458,18262,4:10:30,0,0.00,0,0.1700,0.0042,0.0173,0.0059,0,ACTIVE,6,8,7
1458,18263,4:11:00,0,0.00,0,0.1700,0.0042,0.0173,0.0059,0,ACTIVE,6,8,7
1458,18264,4:11:30,0,0.00,0,0.1700,0.0042,0.0173,0.0059,0,ACTIVE,6,8,7
1458,18265,4:12:00,0,0.00,0,0.1700,0.0042,0.0173,0.0059,1,ACTIVE,6,8,7
1458,18266,4:12:30,0,0.00,0,0.1700,0.0042,0.0173,0.0059,1,ACTIVE,6,8,7
1458,18267,4:13:00,0,315.00,0,0.1700,0.0042,0.0173,0.0059,1,ACTIVE,6,8,7
1458,18268,4:13:30,0,259.00,0,1.4200,0.1960,0.1120,0.0115,1,ACTIVE,6,8,7
1458,18269,4:14:00,0,295.00,0,13.1600,2.0400,0.9750,0.1190,1,ACTIVE,6,8,7
1458,18270,4:14:30,0,30.00,0,29.6100,4.0700,2.3200,0.2900,1,ACTIVE,6,8,7
1458,18271,4:15:00,0,14.00,0,30.0700,4.0700,2.3700,0.2960,1,ACTIVE,6,8,7
1458,18272,4:15:30,0,20.00,0,32.8000,4.4400,2.5800,0.3300,1,ACTIVE,6,8,7
1458,18273,4:16:00,0,16.00,0,35.0100,4.7400,2.7600,0.3600,1,ACTIVE,6,8,7
1458,18274,4:16:30,0,1.00,0,33.2900,4.4400,2.6400,0.3300,0,ACTIVE,6,8,7
1458,18275,4:17:00,0,4.00,0,35.0100,4.7400,2.7600,0.3600,0,ACTIVE,6,8,7
1458,18276,4:17:30,0,86.00,0,6.5100,0.8560,0.5200,0.0559,1,ACTIVE,6,8,7
1458,18277,4:18:00,0,0.00,0,6.5900,0.8940,0.5200,0.0559,0,ACTIVE,6,8,7
1458,18278,4:18:30,0,0.00,0,5.3700,0.7510,0.4190,0.0412,0,ACTIVE,6,8,7
1458,18279,4:19:00,0,0.00,0,4.6200,0.6460,0.3600,0.0395,0,ACTIVE,6,8,7
1458,18280,4:19:30,0,22.00,0,4.4800,0.5790,0.3600,0.0412,1,ACTIVE,6,8,7
1458,18281,4:20:00,0,0.00,0,0.2100,0.0256,0.0173,0.0059,0,ACTIVE,6,8,7
1458,18282,4:20:30,0,0.00,0,0.1900,0.0128,0.0173,0.0059,0,ACTIVE,6,8,7
1458,18283,4:21:00,0,0.00,0,0.1900,0.0128,0.0173,0.0059,0,ACTIVE,6,8,7
1458,18284,4:21:30,0,0.00,0,0.1900,0.0128,0.0173,0.0059,0,ACTIVE,6,8,7
1458,18285,4:22:00,0,44.00,0,23.1300,1.9100,2.1300,0.2770,1,ACTIVE,6,8,7
1458,18286,4:22:30,0,0.00,0,28.0800,3.5700,2.2700,0.2900,0,ACTIVE,6,8,7
1458,18287,4:23:00,0,0.00,0,27.6500,3.5700,2.2200,0.2840,0,ACTIVE,6,8,7
1458,18288,4:23:30,0,16.00,0,27.6600,3.5700,2.2200,0.2900,0,ACTIVE,6,8,7
1458,18289,4:24:00,0,0.00,0,0.1700,0.0042,0.0173,0.0059,0,ACTIVE,6,8,7
1458,18290,4:24:30,0,0.00,0,0.0200,0.0049,0.0000,0.0059,0,ACTIVE,6,8,7
1458,18291,4:25:00,0,0.00,0,0.1700,0.0042,0.0173,0.0059,0,ACTIVE,6,8,7
1458,18292,4:25:30,0,0.00,0,0.1700,0.0042,0.0173,0.0059,0,ACTIVE,6,8,7
1458,18293,4:26:00,0,0.00,0,0.1700,0.0042,0.0173,0.0059,0,ACTIVE,6,8,7
1458,18294,4:26:30,0,0.00,0,0.1700,0.0042,0.0173,0.0059,0,ACTIVE,6,8,7
1458,18295,4:27:00,0,0.00,0,0.1700,0.0042,0.0173,0.0059,0,ACTIVE,6,8,7
1458,18296,4:27:30,0,0.00,0,0.1700,0.0042,0.0173,0.0059,0,ACTIVE,6,8,7
1458,18297,4:28:00,0,0.00,0,0.1700,0.0042,0.0173,0.0059,0,ACTIVE,6,8,7
1458,18298,4:28:30,0,0.00,0,0.1700,0.0042,0.0173,0.0059,0,ACTIVE,6,8,7
1458,18299,4:29:00,0,10.00,0,0.3300,0.0773,0.0173,0.0059,0,ACTIVE,6,8,7
1458,18300,4:29:30,0,0.00,0,1.0800,0.1360,0.0880,0.0070,0,ACTIVE,6,8,7
1458,18301,4:30:00,0,4.00,0,3.6100,0.4670,0.2900,0.0347,0,ACTIVE,6,8,7
1458,18302,4:30:30,0,0.00,0,3.5800,0.4570,0.2900,0.0347,0,ACTIVE,6,8,7
1458,18303,4:31:00,0,0.00,0,3.5800,0.4570,0.2900,0.0347,0,ACTIVE,6,8,7
1458,18304,4:31:30,0,0.00,0,3.5800,0.4570,0.2900,0.0347,0,ACTIVE,6,8,7
1458,18305,4:32:00,0,10.00,0,21.6300,2.2700,1.8700,0.2440,0,ACTIVE,6,8,7
1458,18306,4:32:30,0,0.00,0,32.5100,4.0700,2.6400,0.3600,0,ACTIVE,6,8,7
1458,18307,4:33:00,0,0.00,0,32.5100,4.0700,2.6400,0.3600,0,ACTIVE,6,8,7
1458,18308,4:33:30,0,0.00,0,32.5100,4.0700,2.6400,0.3600,0,ACTIVE,6,8,7
1458,18309,4:34:00,0,7.00,0,32.4900,4.0700,2.6400,0.3450,0,ACTIVE,6,8,7
1458,18310,4:34:30,0,2.00,0,15.3300,2.1700,1.1800,0.1450,0,ACTIVE,6,8,7
1458,18311,4:35:00,0,7.00,0,20.3500,2.3200,1.7100,0.2190,0,ACTIVE,6,8,7
1458,18312,4:35:30,0,0.00,0,23.4900,3.2800,1.8300,0.2280,0,ACTIVE,6,8,7
1458,18313,4:36:00,0,0.00,0,23.4900,3.2800,1.8300,0.2280,0,ACTIVE,6,8,7
1458,18314,4:36:30,0,22.00,0,23.1500,3.2800,1.7900,0.2280,1,ACTIVE,6,8,7
1458,18315,4:37:00,0,0.00,0,0.1700,0.0042,0.0173,0.0059,0,ACTIVE,6,8,7
1458,18316,4:37:30,0,0.00,0,0.1700,0.0042,0.0173,0.0059,0,ACTIVE,6,8,7
1458,18317,4:38:00,0,0.00,0,0.0200,0.0049,0.0000,0.0059,0,ACTIVE,6,8,7
1458,18318,4:38:30,0,0.00,0,0.1700,0.0042,0.0173,0.0059,0,ACTIVE,6,8,7
1458,18319,4:39:00,0,0.00,0,0.1700,0.0042,0.0173,0.0059,0,ACTIVE,6,8,7
1458,18320,4:39:30,0,0.00,0,0.1700,0.0042,0.0173,0.0059,0,ACTIVE,6,8,7
1458,18321,4:40:00,0,0.00,0,0.1700,0.0042,0.0173,0.0059,0,ACTIVE,6,8,7
1458,18322,4:40:30,0,0.00,0,0.1900,0.0128,0.0173,0.0059,0,ACTIVE,6,8,7
1458,18323,4:41:00,0,115.00,0,0.3800,0.1020,0.0173,0.0059,1,ACTIVE,6,8,7
1458,18324,4:41:30,0,53.00,0,3.1600,0.8750,0.1390,0.0070,1,ACTIVE,6,8,7
1458,18325,4:42:00,0,1.00,0,3.1600,0.8750,0.1390,0.0070,1,ACTIVE,6,8,7
1458,18326,4:42:30,0,39.00,0,2.5400,0.7040,0.1120,0.0070,1,ACTIVE,6,8,7
1458,18327,4:43:00,0,14.00,0,2.9200,0.7680,0.1390,0.0115,1,ACTIVE,6,8,7
1458,18328,4:43:30,0,70.00,0,1.4400,0.4010,0.0622,0.0070,1,ACTIVE,6,8,7
1458,18329,4:44:00,0,19.00,0,0.6700,0.2330,0.0173,0.0059,1,ACTIVE,6,8,7
1458,18330,4:44:30,0,0.00,0,0.3800,0.1020,0.0173,0.0059,0,ACTIVE,6,8,7
1458,18331,4:45:00,0,1.00,0,0.6100,0.2050,0.0173,0.0059,1,ACTIVE,6,8,7
1458,18332,4:45:30,0,0.00,0,0.3100,0.0679,0.0173,0.0059,1,ACTIVE,6,8,7
1458,18333,4:46:00,0,147.00,0,14.8700,3.3500,0.8370,0.1190,1,ACTIVE,6,8,7
1458,18334,4:46:30,0,235.00,0,28.6300,4.9500,1.9900,0.2280,1,ACTIVE,6,8,7
1458,18335,4:47:00,0,251.00,0,15.4300,2.1300,1.2100,0.1190,1,ACTIVE,6,8,7
1458,18336,4:47:30,0,141.00,0,0.4500,0.0512,0.0378,0.0023,1,ACTIVE,6,8,7
1458,18337,4:48:00,1,,,,,,,1,EXCLUDED,6,8,7
1458,18338,4:48:30,1,,,,,,,1,EXCLUDED,6,8,7
1458,18339,4:49:00,1,,,,,,,1,EXCLUDED,6,8,7
1458,18340,4:49:30,1,,,,,,,1,EXCLUDED,6,8,7
1458,18341,4:50:00,1,,,,,,,,EXCLUDED,6,8,7
1458,18342,4:50:30,1,,,,,,,,EXCLUDED,6,8,7
1458,18343,4:51:00,1,,,,,,,,EXCLUDED,6,8,7
1458,18344,4:51:30,1,,,,,,,,EXCLUDED,6,8,7
1458,18345,4:52:00,1,,,,,,,,EXCLUDED,6,8,7
1458,18346,4:52:30,1,,,,,,,,EXCLUDED,6,8,7
1458,18347,4:53:00,1,,,,,,,,EXCLUDED,6,8,7
1458,18348,4:53:30,1,,,,,,,,EXCLUDED,6,8,7
1458,18349,4:54:00,1,,,,,,,,EXCLUDED,6,8,7
1458,18350,4:54:30,1,,,,,,,,EXCLUDED,6,8,7
1458,18351,4:55:00,1,,,,,,,,EXCLUDED,6,8,7
1458,18352,4:55:30,1,,,,,,,,EXCLUDED,6,8,7
1458,18353,4:56:00,1,,,,,,,,EXCLUDED,6,8,7
1458,18354,4:56:30,1,,,,,,,,EXCLUDED,6,8,7
1458,18355,4:57:00,1,,,,,,,,EXCLUDED,6,8,7
1458,18356,4:57:30,1,,,,,,,,EXCLUDED,6,8,7
1458,18357,4:58:00,1,,,,,,,,EXCLUDED,6,8,7
1458,18358,4:58:30,1,,,,,,,,EXCLUDED,6,8,7
1458,18359,4:59:00,1,,,,,,,,EXCLUDED,6,8,7
1458,18360,4:59:30,1,,,,,,,,EXCLUDED,6,8,7
1458,18361,5:00:00,1,,,,,,,,EXCLUDED,6,8,7
1458,18362,5:00:30,1,,,,,,,,EXCLUDED,6,8,7
1458,18363,5:01:00,1,,,,,,,,EXCLUDED,6,8,7
1458,18364,5:01:30,1,,,,,,,,EXCLUDED,6,8,7
1458,18365,5:02:00,1,,,,,,,,EXCLUDED,6,8,7
1458,18366,5:02:30,1,,,,,,,,EXCLUDED,6,8,7
1458,18367,5:03:00,1,,,,,,,,EXCLUDED,6,8,7
1458,18368,5:03:30,1,,,,,,,,EXCLUDED,6,8,7
1458,18369,5:04:00,1,,,,,,,,EXCLUDED,6,8,7
1458,18370,5:04:30,1,,,,,,,,EXCLUDED,6,8,7
1458,18371,5:05:00,1,,,,,,,,EXCLUDED,6,8,7
1458,18372,5:05:30,1,,,,,,,,EXCLUDED,6,8,7
1458,18373,5:06:00,1,,,,,,,,EXCLUDED,6,8,7
1458,18374,5:06:30,1,,,,,,,,EXCLUDED,6,8,7
1458,18375,5:07:00,1,,,,,,,,EXCLUDED,6,8,7
1458,18376,5:07:30,1,,,,,,,,EXCLUDED,6,8,7
1458,18377,5:08:00,1,,,,,,,,EXCLUDED,6,8,7
1458,18378,5:08:30,1,,,,,,,,EXCLUDED,6,8,7
1458,18379,5:09:00,1,,,,,,,,EXCLUDED,6,8,7
1458,18380,5:09:30,1,,,,,,,,EXCLUDED,6,8,7
1458,18381,5:10:00,1,,,,,,,,EXCLUDED,6,8,7
1458,18382,5:10:30,1,,,,,,,,EXCLUDED,6,8,7
1458,18383,5:11:00,1,,,,,,,,EXCLUDED,6,8,7
1458,18384,5:11:30,1,,,,,,,,EXCLUDED,6,8,7
1458,18385,5:12:00,1,,,,,,,,EXCLUDED,6,8,7
1458,18386,5:12:30,1,,,,,,,,EXCLUDED,6,8,7
1458,18387,5:13:00,1,,,,,,,,EXCLUDED,6,8,7
1458,18388,5:13:30,1,,,,,,,,EXCLUDED,6,8,7
1458,18389,5:14:00,1,,,,,,,,EXCLUDED,6,8,7
1458,18390,5:14:30,1,,,,,,,,EXCLUDED,6,8,7
1458,18391,5:15:00,1,,,,,,,,EXCLUDED,6,8,7
1458,18392,5:15:30,1,,,,,,,,EXCLUDED,6,8,7
1458,18393,5:16:00,1,,,,,,,,EXCLUDED,6,8,7
1458,18394,5:16:30,1,,,,,,,,EXCLUDED,6,8,7
1458,18395,5:17:00,1,,,,,,,,EXCLUDED,6,8,7
1458,18396,5:17:30,1,,,,,,,,EXCLUDED,6,8,7
1458,18397,5:18:00,1,,,,,,,,EXCLUDED,6,8,7
1458,18398,5:18:30,1,,,,,,,,EXCLUDED,6,8,7
1458,18399,5:19:00,1,,,,,,,,EXCLUDED,6,8,7
1458,18400,5:19:30,1,,,,,,,,EXCLUDED,6,8,7
1458,18401,5:20:00,1,,,,,,,,EXCLUDED,6,8,7
1458,18402,5:20:30,1,,,,,,,,EXCLUDED,6,8,7
1458,18403,5:21:00,1,,,,,,,,EXCLUDED,6,8,7
1458,18404,5:21:30,1,,,,,,,,EXCLUDED,6,8,7
1458,18405,5:22:00,1,,,,,,,,EXCLUDED,6,8,7
1458,18406,5:22:30,1,,,,,,,,EXCLUDED,6,8,7
1458,18407,5:23:00,1,,,,,,,,EXCLUDED,6,8,7
1458,18408,5:23:30,1,,,,,,,,EXCLUDED,6,8,7
1458,18409,5:24:00,1,,,,,,,,EXCLUDED,6,8,7
1458,18410,5:24:30,1,,,,,,,,EXCLUDED,6,8,7
1458,18411,5:25:00,1,,,,,,,,EXCLUDED,6,8,7
1458,18412,5:25:30,1,,,,,,,,EXCLUDED,6,8,7
1458,18413,5:26:00,1,,,,,,,,EXCLUDED,6,8,7
1458,18414,5:26:30,1,,,,,,,,EXCLUDED,6,8,7
1458,18415,5:27:00,1,,,,,,,,EXCLUDED,6,8,7
1458,18416,5:27:30,1,,,,,,,,EXCLUDED,6,8,7
1458,18417,5:28:00,1,,,,,,,,EXCLUDED,6,8,7
1458,18418,5:28:30,1,,,,,,,,EXCLUDED,6,8,7
1458,18419,5:29:00,1,,,,,,,,EXCLUDED,6,8,7
1458,18420,5:29:30,1,,,,,,,,EXCLUDED,6,8,7
1458,18421,5:30:00,1,,,,,,,,EXCLUDED,6,8,7
1458,18422,5:30:30,1,,,,,,,,EXCLUDED,6,8,7
1458,18423,5:31:00,1,,,,,,,,EXCLUDED,6,8,7
1458,18424,5:31:30,1,,,,,,,,EXCLUDED,6,8,7
1458,18425,5:32:00,1,,,,,,,,EXCLUDED,6,8,7
1458,18426,5:32:30,1,,,,,,,,EXCLUDED,6,8,7
1458,18427,5:33:00,1,,,,,,,,EXCLUDED,6,8,7
1458,18428,5:33:30,1,,,,,,,,EXCLUDED,6,8,7
1458,18429,5:34:00,1,,,,,,,,EXCLUDED,6,8,7
1458,18430,5:34:30,1,,,,,,,,EXCLUDED,6,8,7
1458,18431,5:35:00,1,,,,,,,,EXCLUDED,6,8,7
1458,18432,5:35:30,1,,,,,,,,EXCLUDED,6,8,7
1458,18433,5:36:00,1,,,,,,,,EXCLUDED,6,8,7
1458,18434,5:36:30,1,,,,,,,,EXCLUDED,6,8,7
1458,18435,5:37:00,1,,,,,,,,EXCLUDED,6,8,7
1458,18436,5:37:30,1,,,,,,,,EXCLUDED,6,8,7
1458,18437,5:38:00,1,,,,,,,,EXCLUDED,6,8,7
1458,18438,5:38:30,1,,,,,,,,EXCLUDED,6,8,7
1458,18439,5:39:00,1,,,,,,,,EXCLUDED,6,8,7
1458,18440,5:39:30,1,,,,,,,,EXCLUDED,6,8,7
1458,18441,5:40:00,1,,,,,,,,EXCLUDED,6,8,7
1458,18442,5:40:30,1,,,,,,,,EXCLUDED,6,8,7
1458,18443,5:41:00,1,,,,,,,,EXCLUDED,6,8,7
1458,18444,5:41:30,1,,,,,,,,EXCLUDED,6,8,7
1458,18445,5:42:00,1,,,,,,,,EXCLUDED,6,8,7
1458,18446,5:42:30,1,,,,,,,,EXCLUDED,6,8,7
1458,18447,5:43:00,1,,,,,,,,EXCLUDED,6,8,7
1458,18448,5:43:30,1,,,,,,,,EXCLUDED,6,8,7
1458,18449,5:44:00,1,,,,,,,,EXCLUDED,6,8,7
1458,18450,5:44:30,1,,,,,,,,EXCLUDED,6,8,7
1458,18451,5:45:00,1,,,,,,,,EXCLUDED,6,8,7
1458,18452,5:45:30,1,,,,,,,,EXCLUDED,6,8,7
1458,18453,5:46:00,1,,,,,,,,EXCLUDED,6,8,7
1458,18454,5:46:30,1,,,,,,,,EXCLUDED,6,8,7
1458,18455,5:47:00,1,,,,,,,,EXCLUDED,6,8,7
1458,18456,5:47:30,1,,,,,,,,EXCLUDED,6,8,7
1458,18457,5:48:00,1,,,,,,,,EXCLUDED,6,8,7
1458,18458,5:48:30,1,,,,,,,,EXCLUDED,6,8,7
1458,18459,5:49:00,1,,,,,,,,EXCLUDED,6,8,7
1458,18460,5:49:30,1,,,,,,,,EXCLUDED,6,8,7
1458,18461,5:50:00,1,,,,,,,,EXCLUDED,6,8,7
1458,18462,5:50:30,1,,,,,,,,EXCLUDED,6,8,7
1458,18463,5:51:00,1,,,,,,,,EXCLUDED,6,8,7
1458,18464,5:51:30,1,,,,,,,,EXCLUDED,6,8,7
1458,18465,5:52:00,1,,,,,,,,EXCLUDED,6,8,7
1458,18466,5:52:30,1,,,,,,,,EXCLUDED,6,8,7
1458,18467,5:53:00,1,,,,,,,,EXCLUDED,6,8,7
1458,18468,5:53:30,1,,,,,,,,EXCLUDED,6,8,7
1458,18469,5:54:00,1,,,,,,,,EXCLUDED,6,8,7
1458,18470,5:54:30,1,,,,,,,,EXCLUDED,6,8,7
1458,18471,5:55:00,1,,,,,,,,EXCLUDED,6,8,7
1458,18472,5:55:30,1,,,,,,,,EXCLUDED,6,8,7
1458,18473,5:56:00,1,,,,,,,,EXCLUDED,6,8,7
1458,18474,5:56:30,1,,,,,,,,EXCLUDED,6,8,7
1458,18475,5:57:00,1,,,,,,,,EXCLUDED,6,8,7
1458,18476,5:57:30,1,,,,,,,,EXCLUDED,6,8,7
1458,18477,5:58:00,1,,,,,,,,EXCLUDED,6,8,7
1458,18478,5:58:30,1,,,,,,,,EXCLUDED,6,8,7
1458,18479,5:59:00,1,,,,,,,,EXCLUDED,6,8,7
1458,18480,5:59:30,1,,,,,,,,EXCLUDED,6,8,7
1458,18481,6:00:00,1,,,,,,,,EXCLUDED,6,8,7
1458,18482,6:00:30,1,,,,,,,,EXCLUDED,6,8,7
1458,18483,6:01:00,1,,,,,,,,EXCLUDED,6,8,7
1458,18484,6:01:30,1,,,,,,,,EXCLUDED,6,8,7
1458,18485,6:02:00,1,,,,,,,,EXCLUDED,6,8,7
1458,18486,6:02:30,1,,,,,,,,EXCLUDED,6,8,7
1458,18487,6:03:00,1,,,,,,,,EXCLUDED,6,8,7
1458,18488,6:03:30,1,,,,,,,,EXCLUDED,6,8,7
1458,18489,6:04:00,1,,,,,,,,EXCLUDED,6,8,7
1458,18490,6:04:30,1,,,,,,,,EXCLUDED,6,8,7
1458,18491,6:05:00,1,,,,,,,,EXCLUDED,6,8,7
1458,18492,6:05:30,1,,,,,,,,EXCLUDED,6,8,7
1458,18493,6:06:00,1,,,,,,,,EXCLUDED,6,8,7
1458,18494,6:06:30,1,,,,,,,,EXCLUDED,6,8,7
1458,18495,6:07:00,1,,,,,,,,EXCLUDED,6,8,7
1458,18496,6:07:30,1,,,,,,,,EXCLUDED,6,8,7
1458,18497,6:08:00,1,,,,,,,,EXCLUDED,6,8,7
1458,18498,6:08:30,1,,,,,,,,EXCLUDED,6,8,7
1458,18499,6:09:00,1,,,,,,,,EXCLUDED,6,8,7
1458,18500,6:09:30,1,,,,,,,,EXCLUDED,6,8,7
1458,18501,6:10:00,1,,,,,,,,EXCLUDED,6,8,7
1458,18502,6:10:30,1,,,,,,,,EXCLUDED,6,8,7
1458,18503,6:11:00,1,,,,,,,,EXCLUDED,6,8,7
1458,18504,6:11:30,1,,,,,,,,EXCLUDED,6,8,7
1458,18505,6:12:00,1,,,,,,,,EXCLUDED,6,8,7
1458,18506,6:12:30,1,,,,,,,,EXCLUDED,6,8,7
1458,18507,6:13:00,1,,,,,,,,EXCLUDED,6,8,7
1458,18508,6:13:30,1,,,,,,,,EXCLUDED,6,8,7
1458,18509,6:14:00,1,,,,,,,,EXCLUDED,6,8,7
1458,18510,6:14:30,1,,,,,,,,EXCLUDED,6,8,7
1458,18511,6:15:00,1,,,,,,,,EXCLUDED,6,8,7
1458,18512,6:15:30,1,,,,,,,,EXCLUDED,6,8,7
1458,18513,6:16:00,1,,,,,,,,EXCLUDED,6,8,7
1458,18514,6:16:30,1,,,,,,,,EXCLUDED,6,8,7
1458,18515,6:17:00,1,,,,,,,,EXCLUDED,6,8,7
1458,18516,6:17:30,1,,,,,,,,EXCLUDED,6,8,7
1458,18517,6:18:00,1,,,,,,,,EXCLUDED,6,8,7
1458,18518,6:18:30,1,,,,,,,,EXCLUDED,6,8,7
1458,18519,6:19:00,1,,,,,,,,EXCLUDED,6,8,7
1458,18520,6:19:30,1,,,,,,,,EXCLUDED,6,8,7
1458,18521,6:20:00,1,,,,,,,,EXCLUDED,6,8,7
1458,18522,6:20:30,1,,,,,,,,EXCLUDED,6,8,7
1458,18523,6:21:00,1,,,,,,,,EXCLUDED,6,8,7
1458,18524,6:21:30,1,,,,,,,,EXCLUDED,6,8,7
1458,18525,6:22:00,1,,,,,,,,EXCLUDED,6,8,7
1458,18526,6:22:30,1,,,,,,,,EXCLUDED,6,8,7
1458,18527,6:23:00,1,,,,,,,,EXCLUDED,6,8,7
1458,18528,6:23:30,1,,,,,,,,EXCLUDED,6,8,7
1458,18529,6:24:00,1,,,,,,,,EXCLUDED,6,8,7
1458,18530,6:24:30,1,,,,,,,,EXCLUDED,6,8,7
1458,18531,6:25:00,1,,,,,,,,EXCLUDED,6,8,7
1458,18532,6:25:30,1,,,,,,,,EXCLUDED,6,8,7
1458,18533,6:26:00,1,,,,,,,,EXCLUDED,6,8,7
1458,18534,6:26:30,1,,,,,,,,EXCLUDED,6,8,7
1458,18535,6:27:00,1,,,,,,,,EXCLUDED,6,8,7
1458,18536,6:27:30,1,,,,,,,,EXCLUDED,6,8,7
1458,18537,6:28:00,1,,,,,,,,EXCLUDED,6,8,7
1458,18538,6:28:30,1,,,,,,,,EXCLUDED,6,8,7
1458,18539,6:29:00,1,,,,,,,,EXCLUDED,6,8,7
1458,18540,6:29:30,1,,,,,,,,EXCLUDED,6,8,7
1458,18541,6:30:00,1,,,,,,,,EXCLUDED,6,8,7
1458,18542,6:30:30,1,,,,,,,,EXCLUDED,6,8,7
1458,18543,6:31:00,1,,,,,,,,EXCLUDED,6,8,7
1458,18544,6:31:30,1,,,,,,,,EXCLUDED,6,8,7
1458,18545,6:32:00,1,,,,,,,,EXCLUDED,6,8,7
1458,18546,6:32:30,1,,,,,,,,EXCLUDED,6,8,7
1458,18547,6:33:00,1,,,,,,,,EXCLUDED,6,8,7
1458,18548,6:33:30,1,,,,,,,,EXCLUDED,6,8,7
1458,18549,6:34:00,1,,,,,,,,EXCLUDED,6,8,7
1458,18550,6:34:30,1,,,,,,,,EXCLUDED,6,8,7
1458,18551,6:35:00,1,,,,,,,,EXCLUDED,6,8,7
1458,18552,6:35:30,1,,,,,,,,EXCLUDED,6,8,7
1458,18553,6:36:00,1,,,,,,,,EXCLUDED,6,8,7
1458,18554,6:36:30,1,,,,,,,,EXCLUDED,6,8,7
1458,18555,6:37:00,1,,,,,,,,EXCLUDED,6,8,7
1458,18556,6:37:30,1,,,,,,,,EXCLUDED,6,8,7
1458,18557,6:38:00,1,,,,,,,,EXCLUDED,6,8,7
1458,18558,6:38:30,1,,,,,,,,EXCLUDED,6,8,7
1458,18559,6:39:00,1,,,,,,,,EXCLUDED,6,8,7
1458,18560,6:39:30,1,,,,,,,,EXCLUDED,6,8,7
1458,18561,6:40:00,1,,,,,,,,EXCLUDED,6,8,7
1458,18562,6:40:30,1,,,,,,,,EXCLUDED,6,8,7
1458,18563,6:41:00,1,,,,,,,,EXCLUDED,6,8,7
1458,18564,6:41:30,1,,,,,,,,EXCLUDED,6,8,7
1458,18565,6:42:00,1,,,,,,,,EXCLUDED,6,8,7
1458,18566,6:42:30,1,,,,,,,,EXCLUDED,6,8,7
1458,18567,6:43:00,1,,,,,,,,EXCLUDED,6,8,7
1458,18568,6:43:30,1,,,,,,,,EXCLUDED,6,8,7
1458,18569,6:44:00,1,,,,,,,,EXCLUDED,6,8,7
1458,18570,6:44:30,1,,,,,,,,EXCLUDED,6,8,7
1458,18571,6:45:00,1,,,,,,,,EXCLUDED,6,8,7
1458,18572,6:45:30,1,,,,,,,,EXCLUDED,6,8,7
1458,18573,6:46:00,1,,,,,,,,EXCLUDED,6,8,7
1458,18574,6:46:30,1,,,,,,,,EXCLUDED,6,8,7
1458,18575,6:47:00,1,,,,,,,,EXCLUDED,6,8,7
1458,18576,6:47:30,1,,,,,,,,EXCLUDED,6,8,7
1458,18577,6:48:00,1,,,,,,,,EXCLUDED,6,8,7
1458,18578,6:48:30,1,,,,,,,,EXCLUDED,6,8,7
1458,18579,6:49:00,1,,,,,,,,EXCLUDED,6,8,7
1458,18580,6:49:30,1,,,,,,,,EXCLUDED,6,8,7
1458,18581,6:50:00,1,,,,,,,,EXCLUDED,6,8,7
1458,18582,6:50:30,1,,,,,,,,EXCLUDED,6,8,7
1458,18583,6:51:00,1,,,,,,,,EXCLUDED,6,8,7
1458,18584,6:51:30,1,,,,,,,,EXCLUDED,6,8,7
1458,18585,6:52:00,1,,,,,,,,EXCLUDED,6,8,7
1458,18586,6:52:30,1,,,,,,,,EXCLUDED,6,8,7
1458,18587,6:53:00,1,,,,,,,,EXCLUDED,6,8,7
1458,18588,6:53:30,1,,,,,,,,EXCLUDED,6,8,7
1458,18589,6:54:00,1,,,,,,,,EXCLUDED,6,8,7
1458,18590,6:54:30,1,,,,,,,,EXCLUDED,6,8,7
1458,18591,6:55:00,1,,,,,,,,EXCLUDED,6,8,7
1458,18592,6:55:30,1,,,,,,,,EXCLUDED,6,8,7
1458,18593,6:56:00,1,,,,,,,,EXCLUDED,6,8,7
1458,18594,6:56:30,1,,,,,,,,EXCLUDED,6,8,7
1458,18595,6:57:00,1,,,,,,,,EXCLUDED,6,8,7
1458,18596,6:57:30,1,,,,,,,,EXCLUDED,6,8,7
1458,18597,6:58:00,1,,,,,,,,EXCLUDED,6,8,7
1458,18598,6:58:30,1,,,,,,,,EXCLUDED,6,8,7
1458,18599,6:59:00,1,,,,,,,,EXCLUDED,6,8,7
1458,18600,6:59:30,1,,,,,,,,EXCLUDED,6,8,7
1458,18601,7:00:00,1,,,,,,,,EXCLUDED,6,8,7
1458,18602,7:00:30,1,,,,,,,,EXCLUDED,6,8,7
1458,18603,7:01:00,1,,,,,,,,EXCLUDED,6,8,7
1458,18604,7:01:30,1,,,,,,,,EXCLUDED,6,8,7
1458,18605,7:02:00,1,,,,,,,,EXCLUDED,6,8,7
1458,18606,7:02:30,1,,,,,,,,EXCLUDED,6,8,7
1458,18607,7:03:00,1,,,,,,,,EXCLUDED,6,8,7
1458,18608,7:03:30,1,,,,,,,,EXCLUDED,6,8,7
1458,18609,7:04:00,1,,,,,,,,EXCLUDED,6,8,7
1458,18610,7:04:30,1,,,,,,,,EXCLUDED,6,8,7
1458,18611,7:05:00,1,,,,,,,,EXCLUDED,6,8,7
1458,18612,7:05:30,1,,,,,,,,EXCLUDED,6,8,7
1458,18613,7:06:00,1,,,,,,,,EXCLUDED,6,8,7
1458,18614,7:06:30,1,,,,,,,,EXCLUDED,6,8,7
1458,18615,7:07:00,1,,,,,,,,EXCLUDED,6,8,7
1458,18616,7:07:30,1,,,,,,,,EXCLUDED,6,8,7
1458,18617,7:08:00,1,,,,,,,,EXCLUDED,6,8,7
1458,18618,7:08:30,1,,,,,,,,EXCLUDED,6,8,7
1458,18619,7:09:00,1,,,,,,,,EXCLUDED,6,8,7
1458,18620,7:09:30,1,,,,,,,,EXCLUDED,6,8,7
1458,18621,7:10:00,1,,,,,,,,EXCLUDED,6,8,7
1458,18622,7:10:30,1,,,,,,,,EXCLUDED,6,8,7
1458,18623,7:11:00,1,,,,,,,,EXCLUDED,6,8,7
1458,18624,7:11:30,1,,,,,,,,EXCLUDED,6,8,7
1458,18625,7:12:00,1,,,,,,,,EXCLUDED,6,8,7
1458,18626,7:12:30,1,,,,,,,,EXCLUDED,6,8,7
1458,18627,7:13:00,1,,,,,,,,EXCLUDED,6,8,7
1458,18628,7:13:30,1,,,,,,,,EXCLUDED,6,8,7
1458,18629,7:14:00,1,,,,,,,,EXCLUDED,6,8,7
1458,18630,7:14:30,1,,,,,,,,EXCLUDED,6,8,7
1458,18631,7:15:00,1,,,,,,,,EXCLUDED,6,8,7
1458,18632,7:15:30,1,,,,,,,,EXCLUDED,6,8,7
1458,18633,7:16:00,1,,,,,,,,EXCLUDED,6,8,7
1458,18634,7:16:30,1,,,,,,,,EXCLUDED,6,8,7
1458,18635,7:17:00,1,,,,,,,,EXCLUDED,6,8,7
1458,18636,7:17:30,1,,,,,,,,EXCLUDED,6,8,7
1458,18637,7:18:00,1,,,,,,,,EXCLUDED,6,8,7
1458,18638,7:18:30,1,,,,,,,,EXCLUDED,6,8,7
1458,18639,7:19:00,1,,,,,,,,EXCLUDED,6,8,7
1458,18640,7:19:30,1,,,,,,,,EXCLUDED,6,8,7
1458,18641,7:20:00,1,,,,,,,,EXCLUDED,6,8,7
1458,18642,7:20:30,1,,,,,,,,EXCLUDED,6,8,7
1458,18643,7:21:00,1,,,,,,,,EXCLUDED,6,8,7
1458,18644,7:21:30,1,,,,,,,,EXCLUDED,6,8,7
1458,18645,7:22:00,1,,,,,,,,EXCLUDED,6,8,7
1458,18646,7:22:30,1,,,,,,,,EXCLUDED,6,8,7
1458,18647,7:23:00,1,,,,,,,,EXCLUDED,6,8,7
1458,18648,7:23:30,1,,,,,,,,EXCLUDED,6,8,7
1458,18649,7:24:00,1,,,,,,,,EXCLUDED,6,8,7
1458,18650,7:24:30,1,,,,,,,,EXCLUDED,6,8,7
1458,18651,7:25:00,1,,,,,,,,EXCLUDED,6,8,7
1458,18652,7:25:30,1,,,,,,,,EXCLUDED,6,8,7
1458,18653,7:26:00,1,,,,,,,,EXCLUDED,6,8,7
1458,18654,7:26:30,1,,,,,,,,EXCLUDED,6,8,7
1458,18655,7:27:00,1,,,,,,,,EXCLUDED,6,8,7
1458,18656,7:27:30,1,,,,,,,,EXCLUDED,6,8,7
1458,18657,7:28:00,1,,,,,,,,EXCLUDED,6,8,7
1458,18658,7:28:30,1,,,,,,,,EXCLUDED,6,8,7
1458,18659,7:29:00,1,,,,,,,,EXCLUDED,6,8,7
1458,18660,7:29:30,1,,,,,,,,EXCLUDED,6,8,7
1458,18661,7:30:00,1,,,,,,,,EXCLUDED,6,8,7
1458,18662,7:30:30,1,,,,,,,,EXCLUDED,6,8,7
1458,18663,7:31:00,1,,,,,,,,EXCLUDED,6,8,7
1458,18664,7:31:30,1,,,,,,,,EXCLUDED,6,8,7
1458,18665,7:32:00,1,,,,,,,,EXCLUDED,6,8,7
1458,18666,7:32:30,1,,,,,,,,EXCLUDED,6,8,7
1458,18667,7:33:00,1,,,,,,,,EXCLUDED,6,8,7
1458,18668,7:33:30,1,,,,,,,,EXCLUDED,6,8,7
1458,18669,7:34:00,1,,,,,,,,EXCLUDED,6,8,7
1458,18670,7:34:30,1,,,,,,,,EXCLUDED,6,8,7
1458,18671,7:35:00,1,,,,,,,,EXCLUDED,6,8,7
1458,18672,7:35:30,1,,,,,,,,EXCLUDED,6,8,7
1458,18673,7:36:00,1,,,,,,,,EXCLUDED,6,8,7
1458,18674,7:36:30,1,,,,,,,,EXCLUDED,6,8,7
1458,18675,7:37:00,1,,,,,,,,EXCLUDED,6,8,7
1458,18676,7:37:30,1,,,,,,,,EXCLUDED,6,8,7
1458,18677,7:38:00,1,,,,,,,,EXCLUDED,6,8,7
1458,18678,7:38:30,1,,,,,,,,EXCLUDED,6,8,7
1458,18679,7:39:00,1,,,,,,,,EXCLUDED,6,8,7
1458,18680,7:39:30,1,,,,,,,,EXCLUDED,6,8,7
1458,18681,7:40:00,1,,,,,,,,EXCLUDED,6,8,7
1458,18682,7:40:30,1,,,,,,,,EXCLUDED,6,8,7
1458,18683,7:41:00,1,,,,,,,,EXCLUDED,6,8,7
1458,18684,7:41:30,1,,,,,,,,EXCLUDED,6,8,7
1458,18685,7:42:00,1,,,,,,,,EXCLUDED,6,8,7
1458,18686,7:42:30,1,,,,,,,,EXCLUDED,6,8,7
1458,18687,7:43:00,1,,,,,,,,EXCLUDED,6,8,7
1458,18688,7:43:30,1,,,,,,,,EXCLUDED,6,8,7
1458,18689,7:44:00,1,,,,,,,,EXCLUDED,6,8,7
1458,18690,7:44:30,1,,,,,,,,EXCLUDED,6,8,7
1458,18691,7:45:00,1,,,,,,,,EXCLUDED,6,8,7
1458,18692,7:45:30,1,,,,,,,,EXCLUDED,6,8,7
1458,18693,7:46:00,1,,,,,,,,EXCLUDED,6,8,7
1458,18694,7:46:30,1,,,,,,,,EXCLUDED,6,8,7
1458,18695,7:47:00,1,,,,,,,,EXCLUDED,6,8,7
1458,18696,7:47:30,1,,,,,,,,EXCLUDED,6,8,7
1458,18697,7:48:00,1,,,,,,,,EXCLUDED,6,8,7
1458,18698,7:48:30,1,,,,,,,,EXCLUDED,6,8,7
1458,18699,7:49:00,1,,,,,,,,EXCLUDED,6,8,7
1458,18700,7:49:30,1,,,,,,,,EXCLUDED,6,8,7
1458,18701,7:50:00,1,,,,,,,,EXCLUDED,6,8,7
1458,18702,7:50:30,1,,,,,,,,EXCLUDED,6,8,7
1458,18703,7:51:00,1,,,,,,,,EXCLUDED,6,8,7
1458,18704,7:51:30,1,,,,,,,,EXCLUDED,6,8,7
1458,18705,7:52:00,1,,,,,,,,EXCLUDED,6,8,7
1458,18706,7:52:30,1,,,,,,,,EXCLUDED,6,8,7
1458,18707,7:53:00,1,,,,,,,,EXCLUDED,6,8,7
1458,18708,7:53:30,1,,,,,,,,EXCLUDED,6,8,7
1458,18709,7:54:00,1,,,,,,,,EXCLUDED,6,8,7
1458,18710,7:54:30,1,,,,,,,,EXCLUDED,6,8,7
1458,18711,7:55:00,1,,,,,,,,EXCLUDED,6,8,7
1458,18712,7:55:30,1,,,,,,,,EXCLUDED,6,8,7
1458,18713,7:56:00,1,,,,,,,,EXCLUDED,6,8,7
1458,18714,7:56:30,1,,,,,,,,EXCLUDED,6,8,7
1458,18715,7:57:00,1,,,,,,,,EXCLUDED,6,8,7
1458,18716,7:57:30,1,,,,,,,,EXCLUDED,6,8,7
1458,18717,7:58:00,1,,,,,,,,EXCLUDED,6,8,7
1458,18718,7:58:30,1,,,,,,,,EXCLUDED,6,8,7
1458,18719,7:59:00,1,,,,,,,,EXCLUDED,6,8,7
1458,18720,7:59:30,1,,,,,,,,EXCLUDED,6,8,7
1458,18721,8:00:00,1,,,,,,,,EXCLUDED,6,8,7
1458,18722,8:00:30,1,,,,,,,,EXCLUDED,6,8,7
1458,18723,8:01:00,1,,,,,,,,EXCLUDED,6,8,7
1458,18724,8:01:30,1,,,,,,,,EXCLUDED,6,8,7
1458,18725,8:02:00,1,,,,,,,,EXCLUDED,6,8,7
1458,18726,8:02:30,1,,,,,,,,EXCLUDED,6,8,7
1458,18727,8:03:00,1,,,,,,,,EXCLUDED,6,8,7
1458,18728,8:03:30,1,,,,,,,,EXCLUDED,6,8,7
1458,18729,8:04:00,1,,,,,,,,EXCLUDED,6,8,7
1458,18730,8:04:30,1,,,,,,,,EXCLUDED,6,8,7
1458,18731,8:05:00,1,,,,,,,,EXCLUDED,6,8,7
1458,18732,8:05:30,1,,,,,,,,EXCLUDED,6,8,7
1458,18733,8:06:00,1,,,,,,,,EXCLUDED,6,8,7
1458,18734,8:06:30,1,,,,,,,,EXCLUDED,6,8,7
1458,18735,8:07:00,1,,,,,,,,EXCLUDED,6,8,7
1458,18736,8:07:30,1,,,,,,,,EXCLUDED,6,8,7
1458,18737,8:08:00,1,,,,,,,,EXCLUDED,6,8,7
1458,18738,8:08:30,1,,,,,,,,EXCLUDED,6,8,7
1458,18739,8:09:00,1,,,,,,,,EXCLUDED,6,8,7
1458,18740,8:09:30,1,,,,,,,,EXCLUDED,6,8,7
1458,18741,8:10:00,1,,,,,,,,EXCLUDED,6,8,7
1458,18742,8:10:30,1,,,,,,,,EXCLUDED,6,8,7
1458,18743,8:11:00,1,,,,,,,,EXCLUDED,6,8,7
1458,18744,8:11:30,1,,,,,,,,EXCLUDED,6,8,7
1458,18745,8:12:00,1,,,,,,,,EXCLUDED,6,8,7
1458,18746,8:12:30,1,,,,,,,,EXCLUDED,6,8,7
1458,18747,8:13:00,1,,,,,,,,EXCLUDED,6,8,7
1458,18748,8:13:30,1,,,,,,,,EXCLUDED,6,8,7
1458,18749,8:14:00,1,,,,,,,,EXCLUDED,6,8,7
1458,18750,8:14:30,1,,,,,,,,EXCLUDED,6,8,7
1458,18751,8:15:00,1,,,,,,,,EXCLUDED,6,8,7
1458,18752,8:15:30,1,,,,,,,,EXCLUDED,6,8,7
1458,18753,8:16:00,1,,,,,,,,EXCLUDED,6,8,7
1458,18754,8:16:30,1,,,,,,,,EXCLUDED,6,8,7
1458,18755,8:17:00,1,,,,,,,,EXCLUDED,6,8,7
1458,18756,8:17:30,1,,,,,,,,EXCLUDED,6,8,7
1458,18757,8:18:00,1,,,,,,,,EXCLUDED,6,8,7
1458,18758,8:18:30,1,,,,,,,,EXCLUDED,6,8,7
1458,18759,8:19:00,1,,,,,,,,EXCLUDED,6,8,7
1458,18760,8:19:30,1,,,,,,,,EXCLUDED,6,8,7
1458,18761,8:20:00,1,,,,,,,,EXCLUDED,6,8,7
1458,18762,8:20:30,1,,,,,,,,EXCLUDED,6,8,7
1458,18763,8:21:00,1,,,,,,,,EXCLUDED,6,8,7
1458,18764,8:21:30,1,,,,,,,,EXCLUDED,6,8,7
1458,18765,8:22:00,1,,,,,,,,EXCLUDED,6,8,7
1458,18766,8:22:30,1,,,,,,,,EXCLUDED,6,8,7
1458,18767,8:23:00,1,,,,,,,,EXCLUDED,6,8,7
1458,18768,8:23:30,1,,,,,,,,EXCLUDED,6,8,7
1458,18769,8:24:00,1,,,,,,,,EXCLUDED,6,8,7
1458,18770,8:24:30,1,,,,,,,,EXCLUDED,6,8,7
1458,18771,8:25:00,1,,,,,,,,EXCLUDED,6,8,7
1458,18772,8:25:30,1,,,,,,,,EXCLUDED,6,8,7
1458,18773,8:26:00,1,,,,,,,,EXCLUDED,6,8,7
1458,18774,8:26:30,1,,,,,,,,EXCLUDED,6,8,7
1458,18775,8:27:00,1,,,,,,,,EXCLUDED,6,8,7
1458,18776,8:27:30,1,,,,,,,,EXCLUDED,6,8,7
1458,18777,8:28:00,1,,,,,,,,EXCLUDED,6,8,7
1458,18778,8:28:30,1,,,,,,,,EXCLUDED,6,8,7
1458,18779,8:29:00,1,,,,,,,,EXCLUDED,6,8,7
1458,18780,8:29:30,1,,,,,,,,EXCLUDED,6,8,7
1458,18781,8:30:00,1,,,,,,,,EXCLUDED,6,8,7
1458,18782,8:30:30,1,,,,,,,,EXCLUDED,6,8,7
1458,18783,8:31:00,1,,,,,,,,EXCLUDED,6,8,7
1458,18784,8:31:30,1,,,,,,,,EXCLUDED,6,8,7
1458,18785,8:32:00,1,,,,,,,,EXCLUDED,6,8,7
1458,18786,8:32:30,1,,,,,,,,EXCLUDED,6,8,7
1458,18787,8:33:00,1,,,,,,,,EXCLUDED,6,8,7
1458,18788,8:33:30,1,,,,,,,,EXCLUDED,6,8,7
1458,18789,8:34:00,1,,,,,,,,EXCLUDED,6,8,7
1458,18790,8:34:30,1,,,,,,,,EXCLUDED,6,8,7
1458,18791,8:35:00,1,,,,,,,,EXCLUDED,6,8,7
1458,18792,8:35:30,1,,,,,,,,EXCLUDED,6,8,7
1458,18793,8:36:00,1,,,,,,,,EXCLUDED,6,8,7
1458,18794,8:36:30,1,,,,,,,,EXCLUDED,6,8,7
1458,18795,8:37:00,1,,,,,,,,EXCLUDED,6,8,7
1458,18796,8:37:30,1,,,,,,,,EXCLUDED,6,8,7
1458,18797,8:38:00,1,,,,,,,,EXCLUDED,6,8,7
1458,18798,8:38:30,1,,,,,,,,EXCLUDED,6,8,7
1458,18799,8:39:00,1,,,,,,,,EXCLUDED,6,8,7
1458,18800,8:39:30,1,,,,,,,,EXCLUDED,6,8,7
1458,18801,8:40:00,1,,,,,,,,EXCLUDED,6,8,7
1458,18802,8:40:30,1,,,,,,,,EXCLUDED,6,8,7
1458,18803,8:41:00,1,,,,,,,,EXCLUDED,6,8,7
1458,18804,8:41:30,1,,,,,,,,EXCLUDED,6,8,7
1458,18805,8:42:00,1,,,,,,,,EXCLUDED,6,8,7
1458,18806,8:42:30,1,,,,,,,,EXCLUDED,6,8,7
1458,18807,8:43:00,1,,,,,,,,EXCLUDED,6,8,7
1458,18808,8:43:30,1,,,,,,,,EXCLUDED,6,8,7
1458,18809,8:44:00,1,,,,,,,,EXCLUDED,6,8,7
1458,18810,8:44:30,1,,,,,,,,EXCLUDED,6,8,7
1458,18811,8:45:00,1,,,,,,,,EXCLUDED,6,8,7
1458,18812,8:45:30,1,,,,,,,,EXCLUDED,6,8,7
1458,18813,8:46:00,1,,,,,,,,EXCLUDED,6,8,7
1458,18814,8:46:30,1,,,,,,,,EXCLUDED,6,8,7
1458,18815,8:47:00,1,,,,,,,,EXCLUDED,6,8,7
1458,18816,8:47:30,1,,,,,,,,EXCLUDED,6,8,7
1458,18817,8:48:00,1,,,,,,,,EXCLUDED,6,8,7
1458,18818,8:48:30,1,,,,,,,,EXCLUDED,6,8,7
1458,18819,8:49:00,1,,,,,,,,EXCLUDED,6,8,7
1458,18820,8:49:30,1,,,,,,,,EXCLUDED,6,8,7
1458,18821,8:50:00,1,,,,,,,,EXCLUDED,6,8,7
1458,18822,8:50:30,1,,,,,,,,EXCLUDED,6,8,7
1458,18823,8:51:00,1,,,,,,,,EXCLUDED,6,8,7
1458,18824,8:51:30,1,,,,,,,,EXCLUDED,6,8,7
1458,18825,8:52:00,1,,,,,,,,EXCLUDED,6,8,7
1458,18826,8:52:30,1,,,,,,,,EXCLUDED,6,8,7
1458,18827,8:53:00,1,,,,,,,,EXCLUDED,6,8,7
1458,18828,8:53:30,1,,,,,,,,EXCLUDED,6,8,7
1458,18829,8:54:00,1,,,,,,,,EXCLUDED,6,8,7
1458,18830,8:54:30,1,,,,,,,,EXCLUDED,6,8,7
1458,18831,8:55:00,1,,,,,,,,EXCLUDED,6,8,7
1458,18832,8:55:30,1,,,,,,,,EXCLUDED,6,8,7
1458,18833,8:56:00,1,,,,,,,,EXCLUDED,6,8,7
1458,18834,8:56:30,1,,,,,,,,EXCLUDED,6,8,7
1458,18835,8:57:00,1,,,,,,,,EXCLUDED,6,8,7
1458,18836,8:57:30,1,,,,,,,,EXCLUDED,6,8,7
1458,18837,8:58:00,1,,,,,,,,EXCLUDED,6,8,7
1458,18838,8:58:30,1,,,,,,,,EXCLUDED,6,8,7
1458,18839,8:59:00,1,,,,,,,,EXCLUDED,6,8,7
1458,18840,8:59:30,1,,,,,,,,EXCLUDED,6,8,7
1458,18841,9:00:00,1,,,,,,,,EXCLUDED,6,8,7
1458,18842,9:00:30,1,,,,,,,,EXCLUDED,6,8,7
1458,18843,9:01:00,1,,,,,,,,EXCLUDED,6,8,7
1458,18844,9:01:30,1,,,,,,,,EXCLUDED,6,8,7
1458,18845,9:02:00,1,,,,,,,,EXCLUDED,6,8,7
1458,18846,9:02:30,1,,,,,,,,EXCLUDED,6,8,7
1458,18847,9:03:00,1,,,,,,,,EXCLUDED,6,8,7
1458,18848,9:03:30,1,,,,,,,,EXCLUDED,6,8,7
1458,18849,9:04:00,1,,,,,,,,EXCLUDED,6,8,7
1458,18850,9:04:30,1,,,,,,,,EXCLUDED,6,8,7
1458,18851,9:05:00,1,,,,,,,,EXCLUDED,6,8,7
1458,18852,9:05:30,1,,,,,,,,EXCLUDED,6,8,7
1458,18853,9:06:00,1,,,,,,,,EXCLUDED,6,8,7
1458,18854,9:06:30,1,,,,,,,,EXCLUDED,6,8,7
1458,18855,9:07:00,1,,,,,,,,EXCLUDED,6,8,7
1458,18856,9:07:30,1,,,,,,,,EXCLUDED,6,8,7
1458,18857,9:08:00,1,,,,,,,,EXCLUDED,6,8,7
1458,18858,9:08:30,1,,,,,,,,EXCLUDED,6,8,7
1458,18859,9:09:00,1,,,,,,,,EXCLUDED,6,8,7
1458,18860,9:09:30,1,,,,,,,,EXCLUDED,6,8,7
1458,18861,9:10:00,1,,,,,,,,EXCLUDED,6,8,7
1458,18862,9:10:30,1,,,,,,,,EXCLUDED,6,8,7
1458,18863,9:11:00,1,,,,,,,,EXCLUDED,6,8,7
1458,18864,9:11:30,1,,,,,,,,EXCLUDED,6,8,7
1458,18865,9:12:00,1,,,,,,,,EXCLUDED,6,8,7
1458,18866,9:12:30,1,,,,,,,,EXCLUDED,6,8,7
1458,18867,9:13:00,1,,,,,,,,EXCLUDED,6,8,7
1458,18868,9:13:30,1,,,,,,,,EXCLUDED,6,8,7
1458,18869,9:14:00,1,,,,,,,,EXCLUDED,6,8,7
1458,18870,9:14:30,1,,,,,,,,EXCLUDED,6,8,7
1458,18871,9:15:00,1,,,,,,,,EXCLUDED,6,8,7
1458,18872,9:15:30,1,,,,,,,,EXCLUDED,6,8,7
1458,18873,9:16:00,1,,,,,,,,EXCLUDED,6,8,7
1458,18874,9:16:30,1,,,,,,,,EXCLUDED,6,8,7
1458,18875,9:17:00,1,,,,,,,,EXCLUDED,6,8,7
1458,18876,9:17:30,1,,,,,,,,EXCLUDED,6,8,7
1458,18877,9:18:00,1,,,,,,,,EXCLUDED,6,8,7
1458,18878,9:18:30,1,,,,,,,,EXCLUDED,6,8,7
1458,18879,9:19:00,1,,,,,,,,EXCLUDED,6,8,7
1458,18880,9:19:30,1,,,,,,,,EXCLUDED,6,8,7
1458,18881,9:20:00,1,,,,,,,,EXCLUDED,6,8,7
1458,18882,9:20:30,1,,,,,,,,EXCLUDED,6,8,7
1458,18883,9:21:00,1,,,,,,,,EXCLUDED,6,8,7
1458,18884,9:21:30,1,,,,,,,,EXCLUDED,6,8,7
1458,18885,9:22:00,1,,,,,,,,EXCLUDED,6,8,7
1458,18886,9:22:30,1,,,,,,,,EXCLUDED,6,8,7
1458,18887,9:23:00,1,,,,,,,,EXCLUDED,6,8,7
1458,18888,9:23:30,1,,,,,,,,EXCLUDED,6,8,7
1458,18889,9:24:00,1,,,,,,,,EXCLUDED,6,8,7
1458,18890,9:24:30,1,,,,,,,,EXCLUDED,6,8,7
1458,18891,9:25:00,1,,,,,,,,EXCLUDED,6,8,7
1458,18892,9:25:30,1,,,,,,,,EXCLUDED,6,8,7
1458,18893,9:26:00,1,,,,,,,,EXCLUDED,6,8,7
1458,18894,9:26:30,1,,,,,,,,EXCLUDED,6,8,7
1458,18895,9:27:00,1,,,,,,,,EXCLUDED,6,8,7
1458,18896,9:27:30,1,,,,,,,,EXCLUDED,6,8,7
1458,18897,9:28:00,1,,,,,,,,EXCLUDED,6,8,7
1458,18898,9:28:30,1,,,,,,,,EXCLUDED,6,8,7
1458,18899,9:29:00,1,,,,,,,,EXCLUDED,6,8,7
1458,18900,9:29:30,1,,,,,,,,EXCLUDED,6,8,7
1458,18901,9:30:00,1,,,,,,,,EXCLUDED,6,8,7
1458,18902,9:30:30,1,,,,,,,,EXCLUDED,6,8,7
1458,18903,9:31:00,1,,,,,,,,EXCLUDED,6,8,7
1458,18904,9:31:30,1,,,,,,,,EXCLUDED,6,8,7
1458,18905,9:32:00,1,,,,,,,,EXCLUDED,6,8,7
1458,18906,9:32:30,1,,,,,,,,EXCLUDED,6,8,7
1458,18907,9:33:00,1,,,,,,,,EXCLUDED,6,8,7
1458,18908,9:33:30,1,,,,,,,,EXCLUDED,6,8,7
1458,18909,9:34:00,1,,,,,,,,EXCLUDED,6,8,7
1458,18910,9:34:30,1,,,,,,,,EXCLUDED,6,8,7
1458,18911,9:35:00,1,,,,,,,,EXCLUDED,6,8,7
1458,18912,9:35:30,1,,,,,,,,EXCLUDED,6,8,7
1458,18913,9:36:00,1,,,,,,,,EXCLUDED,6,8,7
1458,18914,9:36:30,1,,,,,,,,EXCLUDED,6,8,7
1458,18915,9:37:00,1,,,,,,,,EXCLUDED,6,8,7
1458,18916,9:37:30,1,,,,,,,,EXCLUDED,6,8,7
1458,18917,9:38:00,1,,,,,,,,EXCLUDED,6,8,7
1458,18918,9:38:30,1,,,,,,,,EXCLUDED,6,8,7
1458,18919,9:39:00,1,,,,,,,,EXCLUDED,6,8,7
1458,18920,9:39:30,1,,,,,,,,EXCLUDED,6,8,7
1458,18921,9:40:00,1,,,,,,,,EXCLUDED,6,8,7
1458,18922,9:40:30,1,,,,,,,,EXCLUDED,6,8,7
1458,18923,9:41:00,1,,,,,,,,EXCLUDED,6,8,7
1458,18924,9:41:30,1,,,,,,,,EXCLUDED,6,8,7
1458,18925,9:42:00,1,,,,,,,,EXCLUDED,6,8,7
1458,18926,9:42:30,1,,,,,,,,EXCLUDED,6,8,7
1458,18927,9:43:00,1,,,,,,,,EXCLUDED,6,8,7
1458,18928,9:43:30,1,,,,,,,,EXCLUDED,6,8,7
1458,18929,9:44:00,1,,,,,,,,EXCLUDED,6,8,7
1458,18930,9:44:30,1,,,,,,,,EXCLUDED,6,8,7
1458,18931,9:45:00,1,,,,,,,,EXCLUDED,6,8,7
1458,18932,9:45:30,1,,,,,,,,EXCLUDED,6,8,7
1458,18933,9:46:00,1,,,,,,,,EXCLUDED,6,8,7
1458,18934,9:46:30,1,,,,,,,,EXCLUDED,6,8,7
1458,18935,9:47:00,1,,,,,,,,EXCLUDED,6,8,7
1458,18936,9:47:30,1,,,,,,,,EXCLUDED,6,8,7
1458,18937,9:48:00,1,,,,,,,,EXCLUDED,6,8,7
1458,18938,9:48:30,1,,,,,,,,EXCLUDED,6,8,7
1458,18939,9:49:00,1,,,,,,,,EXCLUDED,6,8,7
1458,18940,9:49:30,1,,,,,,,,EXCLUDED,6,8,7
1458,18941,9:50:00,1,,,,,,,,EXCLUDED,6,8,7
1458,18942,9:50:30,1,,,,,,,,EXCLUDED,6,8,7
1458,18943,9:51:00,1,,,,,,,,EXCLUDED,6,8,7
1458,18944,9:51:30,1,,,,,,,,EXCLUDED,6,8,7
1458,18945,9:52:00,1,,,,,,,,EXCLUDED,6,8,7
1458,18946,9:52:30,1,,,,,,,,EXCLUDED,6,8,7
1458,18947,9:53:00,1,,,,,,,,EXCLUDED,6,8,7
1458,18948,9:53:30,1,,,,,,,,EXCLUDED,6,8,7
1458,18949,9:54:00,1,,,,,,,,EXCLUDED,6,8,7
1458,18950,9:54:30,1,,,,,,,,EXCLUDED,6,8,7
1458,18951,9:55:00,1,,,,,,,,EXCLUDED,6,8,7
1458,18952,9:55:30,1,,,,,,,,EXCLUDED,6,8,7
1458,18953,9:56:00,1,,,,,,,,EXCLUDED,6,8,7
1458,18954,9:56:30,1,,,,,,,,EXCLUDED,6,8,7
1458,18955,9:57:00,1,,,,,,,,EXCLUDED,6,8,7
1458,18956,9:57:30,1,,,,,,,,EXCLUDED,6,8,7
1458,18957,9:58:00,1,,,,,,,,EXCLUDED,6,8,7
1458,18958,9:58:30,1,,,,,,,,EXCLUDED,6,8,7
1458,18959,9:59:00,1,,,,,,,,EXCLUDED,6,8,7
1458,18960,9:59:30,1,,,,,,,,EXCLUDED,6,8,7
1458,18961,10:00:00,1,,,,,,,,EXCLUDED,6,8,7
1458,18962,10:00:30,1,,,,,,,,EXCLUDED,6,8,7
1458,18963,10:01:00,1,,,,,,,,EXCLUDED,6,8,7
1458,18964,10:01:30,1,,,,,,,,EXCLUDED,6,8,7
1458,18965,10:02:00,1,,,,,,,,EXCLUDED,6,8,7
1458,18966,10:02:30,1,,,,,,,,EXCLUDED,6,8,7
1458,18967,10:03:00,1,,,,,,,,EXCLUDED,6,8,7
1458,18968,10:03:30,1,,,,,,,,EXCLUDED,6,8,7
1458,18969,10:04:00,1,,,,,,,,EXCLUDED,6,8,7
1458,18970,10:04:30,1,,,,,,,,EXCLUDED,6,8,7
1458,18971,10:05:00,1,,,,,,,,EXCLUDED,6,8,7
1458,18972,10:05:30,1,,,,,,,,EXCLUDED,6,8,7
1458,18973,10:06:00,1,,,,,,,,EXCLUDED,6,8,7
1458,18974,10:06:30,1,,,,,,,,EXCLUDED,6,8,7
1458,18975,10:07:00,1,,,,,,,,EXCLUDED,6,8,7
1458,18976,10:07:30,1,,,,,,,,EXCLUDED,6,8,7
1458,18977,10:08:00,1,,,,,,,,EXCLUDED,6,8,7
1458,18978,10:08:30,1,,,,,,,,EXCLUDED,6,8,7
1458,18979,10:09:00,1,,,,,,,,EXCLUDED,6,8,7
1458,18980,10:09:30,1,,,,,,,,EXCLUDED,6,8,7
1458,18981,10:10:00,1,,,,,,,,EXCLUDED,6,8,7
1458,18982,10:10:30,1,,,,,,,,EXCLUDED,6,8,7
1458,18983,10:11:00,1,,,,,,,,EXCLUDED,6,8,7
1458,18984,10:11:30,1,,,,,,,,EXCLUDED,6,8,7
1458,18985,10:12:00,1,,,,,,,,EXCLUDED,6,8,7
1458,18986,10:12:30,1,,,,,,,,EXCLUDED,6,8,7
1458,18987,10:13:00,1,,,,,,,,EXCLUDED,6,8,7
1458,18988,10:13:30,1,,,,,,,,EXCLUDED,6,8,7
1458,18989,10:14:00,1,,,,,,,,EXCLUDED,6,8,7
1458,18990,10:14:30,1,,,,,,,,EXCLUDED,6,8,7
1458,18991,10:15:00,1,,,,,,,,EXCLUDED,6,8,7
1458,18992,10:15:30,1,,,,,,,,EXCLUDED,6,8,7
1458,18993,10:16:00,1,,,,,,,,EXCLUDED,6,8,7
1458,18994,10:16:30,1,,,,,,,,EXCLUDED,6,8,7
1458,18995,10:17:00,1,,,,,,,,EXCLUDED,6,8,7
1458,18996,10:17:30,1,,,,,,,,EXCLUDED,6,8,7
1458,18997,10:18:00,1,,,,,,,,EXCLUDED,6,8,7
1458,18998,10:18:30,1,,,,,,,,EXCLUDED,6,8,7
1458,18999,10:19:00,1,,,,,,,,EXCLUDED,6,8,7
1458,19000,10:19:30,1,,,,,,,,EXCLUDED,6,8,7
1458,19001,10:20:00,1,,,,,,,,EXCLUDED,6,8,7
1458,19002,10:20:30,1,,,,,,,,EXCLUDED,6,8,7
1458,19003,10:21:00,1,,,,,,,,EXCLUDED,6,8,7
1458,19004,10:21:30,1,,,,,,,,EXCLUDED,6,8,7
1458,19005,10:22:00,1,,,,,,,,EXCLUDED,6,8,7
1458,19006,10:22:30,1,,,,,,,,EXCLUDED,6,8,7
1458,19007,10:23:00,1,,,,,,,,EXCLUDED,6,8,7
1458,19008,10:23:30,1,,,,,,,,EXCLUDED,6,8,7
1458,19009,10:24:00,1,,,,,,,,EXCLUDED,6,8,7
1458,19010,10:24:30,1,,,,,,,,EXCLUDED,6,8,7
1458,19011,10:25:00,1,,,,,,,,EXCLUDED,6,8,7
1458,19012,10:25:30,1,,,,,,,,EXCLUDED,6,8,7
1458,19013,10:26:00,1,,,,,,,,EXCLUDED,6,8,7
1458,19014,10:26:30,1,,,,,,,,EXCLUDED,6,8,7
1458,19015,10:27:00,1,,,,,,,,EXCLUDED,6,8,7
1458,19016,10:27:30,1,,,,,,,,EXCLUDED,6,8,7
1458,19017,10:28:00,1,,,,,,,,EXCLUDED,6,8,7
1458,19018,10:28:30,1,,,,,,,,EXCLUDED,6,8,7
1458,19019,10:29:00,1,,,,,,,,EXCLUDED,6,8,7
1458,19020,10:29:30,1,,,,,,,,EXCLUDED,6,8,7
1458,19021,10:30:00,1,,,,,,,,EXCLUDED,6,8,7
1458,19022,10:30:30,1,,,,,,,,EXCLUDED,6,8,7
1458,19023,10:31:00,1,,,,,,,,EXCLUDED,6,8,7
1458,19024,10:31:30,1,,,,,,,,EXCLUDED,6,8,7
1458,19025,10:32:00,1,,,,,,,,EXCLUDED,6,8,7
1458,19026,10:32:30,1,,,,,,,,EXCLUDED,6,8,7
1458,19027,10:33:00,1,,,,,,,,EXCLUDED,6,8,7
1458,19028,10:33:30,1,,,,,,,,EXCLUDED,6,8,7
1458,19029,10:34:00,1,,,,,,,,EXCLUDED,6,8,7
1458,19030,10:34:30,1,,,,,,,,EXCLUDED,6,8,7
1458,19031,10:35:00,1,,,,,,,,EXCLUDED,6,8,7
1458,19032,10:35:30,1,,,,,,,,EXCLUDED,6,8,7
1458,19033,10:36:00,1,,,,,,,,EXCLUDED,6,8,7
1458,19034,10:36:30,1,,,,,,,,EXCLUDED,6,8,7
1458,19035,10:37:00,1,,,,,,,,EXCLUDED,6,8,7
1458,19036,10:37:30,1,,,,,,,,EXCLUDED,6,8,7
1458,19037,10:38:00,1,,,,,,,,EXCLUDED,6,8,7
1458,19038,10:38:30,1,,,,,,,,EXCLUDED,6,8,7
1458,19039,10:39:00,1,,,,,,,,EXCLUDED,6,8,7
1458,19040,10:39:30,1,,,,,,,,EXCLUDED,6,8,7
1458,19041,10:40:00,1,,,,,,,,EXCLUDED,6,8,7
1458,19042,10:40:30,1,,,,,,,,EXCLUDED,6,8,7
1458,19043,10:41:00,1,,,,,,,,EXCLUDED,6,8,7
1458,19044,10:41:30,1,,,,,,,,EXCLUDED,6,8,7
1458,19045,10:42:00,1,,,,,,,,EXCLUDED,6,8,7
1458,19046,10:42:30,1,,,,,,,,EXCLUDED,6,8,7
1458,19047,10:43:00,1,,,,,,,,EXCLUDED,6,8,7
1458,19048,10:43:30,1,,,,,,,,EXCLUDED,6,8,7
1458,19049,10:44:00,1,,,,,,,,EXCLUDED,6,8,7
1458,19050,10:44:30,1,,,,,,,,EXCLUDED,6,8,7
1458,19051,10:45:00,1,,,,,,,,EXCLUDED,6,8,7
1458,19052,10:45:30,1,,,,,,,,EXCLUDED,6,8,7
1458,19053,10:46:00,1,,,,,,,,EXCLUDED,6,8,7
1458,19054,10:46:30,1,,,,,,,,EXCLUDED,6,8,7
1458,19055,10:47:00,1,,,,,,,,EXCLUDED,6,8,7
1458,19056,10:47:30,1,,,,,,,,EXCLUDED,6,8,7
1458,19057,10:48:00,1,,,,,,,,EXCLUDED,6,8,7
1458,19058,10:48:30,1,,,,,,,,EXCLUDED,6,8,7
1458,19059,10:49:00,1,,,,,,,,EXCLUDED,6,8,7
1458,19060,10:49:30,1,,,,,,,,EXCLUDED,6,8,7
1458,19061,10:50:00,1,,,,,,,,EXCLUDED,6,8,7
1458,19062,10:50:30,1,,,,,,,,EXCLUDED,6,8,7
1458,19063,10:51:00,1,,,,,,,,EXCLUDED,6,8,7
1458,19064,10:51:30,1,,,,,,,,EXCLUDED,6,8,7
1458,19065,10:52:00,1,,,,,,,,EXCLUDED,6,8,7
1458,19066,10:52:30,1,,,,,,,,EXCLUDED,6,8,7
1458,19067,10:53:00,1,,,,,,,,EXCLUDED,6,8,7
1458,19068,10:53:30,1,,,,,,,,EXCLUDED,6,8,7
1458,19069,10:54:00,1,,,,,,,,EXCLUDED,6,8,7
1458,19070,10:54:30,1,,,,,,,,EXCLUDED,6,8,7
1458,19071,10:55:00,1,,,,,,,,EXCLUDED,6,8,7
1458,19072,10:55:30,1,,,,,,,,EXCLUDED,6,8,7
1458,19073,10:56:00,1,,,,,,,,EXCLUDED,6,8,7
1458,19074,10:56:30,1,,,,,,,,EXCLUDED,6,8,7
1458,19075,10:57:00,1,,,,,,,,EXCLUDED,6,8,7
1458,19076,10:57:30,1,,,,,,,,EXCLUDED,6,8,7
1458,19077,10:58:00,1,,,,,,,,EXCLUDED,6,8,7
1458,19078,10:58:30,1,,,,,,,,EXCLUDED,6,8,7
1458,19079,10:59:00,1,,,,,,,,EXCLUDED,6,8,7
1458,19080,10:59:30,1,,,,,,,,EXCLUDED,6,8,7
1458,19081,11:00:00,1,,,,,,,,EXCLUDED,6,8,7
1458,19082,11:00:30,1,,,,,,,,EXCLUDED,6,8,7
1458,19083,11:01:00,1,,,,,,,,EXCLUDED,6,8,7
1458,19084,11:01:30,1,,,,,,,,EXCLUDED,6,8,7
1458,19085,11:02:00,1,,,,,,,,EXCLUDED,6,8,7
1458,19086,11:02:30,1,,,,,,,,EXCLUDED,6,8,7
1458,19087,11:03:00,1,,,,,,,,EXCLUDED,6,8,7
1458,19088,11:03:30,1,,,,,,,,EXCLUDED,6,8,7
1458,19089,11:04:00,1,,,,,,,,EXCLUDED,6,8,7
1458,19090,11:04:30,1,,,,,,,,EXCLUDED,6,8,7
1458,19091,11:05:00,1,,,,,,,,EXCLUDED,6,8,7
1458,19092,11:05:30,1,,,,,,,,EXCLUDED,6,8,7
1458,19093,11:06:00,1,,,,,,,,EXCLUDED,6,8,7
1458,19094,11:06:30,1,,,,,,,,EXCLUDED,6,8,7
1458,19095,11:07:00,1,,,,,,,,EXCLUDED,6,8,7
1458,19096,11:07:30,1,,,,,,,,EXCLUDED,6,8,7
1458,19097,11:08:00,1,,,,,,,,EXCLUDED,6,8,7
1458,19098,11:08:30,1,,,,,,,,EXCLUDED,6,8,7
1458,19099,11:09:00,1,,,,,,,,EXCLUDED,6,8,7
1458,19100,11:09:30,1,,,,,,,,EXCLUDED,6,8,7
1458,19101,11:10:00,1,,,,,,,,EXCLUDED,6,8,7
1458,19102,11:10:30,1,,,,,,,,EXCLUDED,6,8,7
1458,19103,11:11:00,1,,,,,,,,EXCLUDED,6,8,7
1458,19104,11:11:30,1,,,,,,,,EXCLUDED,6,8,7
1458,19105,11:12:00,1,,,,,,,,EXCLUDED,6,8,7
1458,19106,11:12:30,1,,,,,,,,EXCLUDED,6,8,7
1458,19107,11:13:00,1,,,,,,,,EXCLUDED,6,8,7
1458,19108,11:13:30,1,,,,,,,,EXCLUDED,6,8,7
1458,19109,11:14:00,1,,,,,,,,EXCLUDED,6,8,7
1458,19110,11:14:30,1,,,,,,,,EXCLUDED,6,8,7
1458,19111,11:15:00,1,,,,,,,,EXCLUDED,6,8,7
1458,19112,11:15:30,1,,,,,,,,EXCLUDED,6,8,7
1458,19113,11:16:00,1,,,,,,,,EXCLUDED,6,8,7
1458,19114,11:16:30,1,,,,,,,,EXCLUDED,6,8,7
1458,19115,11:17:00,1,,,,,,,,EXCLUDED,6,8,7
1458,19116,11:17:30,1,,,,,,,,EXCLUDED,6,8,7
1458,19117,11:18:00,1,,,,,,,,EXCLUDED,6,8,7
1458,19118,11:18:30,1,,,,,,,,EXCLUDED,6,8,7
1458,19119,11:19:00,1,,,,,,,,EXCLUDED,6,8,7
1458,19120,11:19:30,1,,,,,,,,EXCLUDED,6,8,7
1458,19121,11:20:00,1,,,,,,,,EXCLUDED,6,8,7
1458,19122,11:20:30,1,,,,,,,,EXCLUDED,6,8,7
1458,19123,11:21:00,1,,,,,,,,EXCLUDED,6,8,7
1458,19124,11:21:30,1,,,,,,,,EXCLUDED,6,8,7
1458,19125,11:22:00,1,,,,,,,,EXCLUDED,6,8,7
1458,19126,11:22:30,1,,,,,,,,EXCLUDED,6,8,7
1458,19127,11:23:00,1,,,,,,,,EXCLUDED,6,8,7
1458,19128,11:23:30,1,,,,,,,,EXCLUDED,6,8,7
1458,19129,11:24:00,1,,,,,,,,EXCLUDED,6,8,7
1458,19130,11:24:30,1,,,,,,,,EXCLUDED,6,8,7
1458,19131,11:25:00,1,,,,,,,,EXCLUDED,6,8,7
1458,19132,11:25:30,1,,,,,,,,EXCLUDED,6,8,7
1458,19133,11:26:00,1,,,,,,,,EXCLUDED,6,8,7
1458,19134,11:26:30,1,,,,,,,,EXCLUDED,6,8,7
1458,19135,11:27:00,1,,,,,,,,EXCLUDED,6,8,7
1458,19136,11:27:30,1,,,,,,,,EXCLUDED,6,8,7
1458,19137,11:28:00,1,,,,,,,,EXCLUDED,6,8,7
1458,19138,11:28:30,1,,,,,,,,EXCLUDED,6,8,7
1458,19139,11:29:00,1,,,,,,,,EXCLUDED,6,8,7
1458,19140,11:29:30,1,,,,,,,,EXCLUDED,6,8,7
1458,19141,11:30:00,1,,,,,,,,EXCLUDED,6,8,7
1458,19142,11:30:30,1,,,,,,,,EXCLUDED,6,8,7
1458,19143,11:31:00,1,,,,,,,,EXCLUDED,6,8,7
1458,19144,11:31:30,1,,,,,,,,EXCLUDED,6,8,7
1458,19145,11:32:00,1,,,,,,,,EXCLUDED,6,8,7
1458,19146,11:32:30,1,,,,,,,,EXCLUDED,6,8,7
1458,19147,11:33:00,1,,,,,,,,EXCLUDED,6,8,7
1458,19148,11:33:30,1,,,,,,,,EXCLUDED,6,8,7
1458,19149,11:34:00,1,,,,,,,,EXCLUDED,6,8,7
1458,19150,11:34:30,1,,,,,,,,EXCLUDED,6,8,7
1458,19151,11:35:00,1,,,,,,,,EXCLUDED,6,8,7
1458,19152,11:35:30,1,,,,,,,,EXCLUDED,6,8,7
1458,19153,11:36:00,1,,,,,,,,EXCLUDED,6,8,7
1458,19154,11:36:30,1,,,,,,,,EXCLUDED,6,8,7
1458,19155,11:37:00,1,,,,,,,,EXCLUDED,6,8,7
1458,19156,11:37:30,1,,,,,,,,EXCLUDED,6,8,7
1458,19157,11:38:00,1,,,,,,,,EXCLUDED,6,8,7
1458,19158,11:38:30,1,,,,,,,,EXCLUDED,6,8,7
1458,19159,11:39:00,1,,,,,,,,EXCLUDED,6,8,7
1458,19160,11:39:30,1,,,,,,,,EXCLUDED,6,8,7
1458,19161,11:40:00,1,,,,,,,,EXCLUDED,6,8,7
1458,19162,11:40:30,1,,,,,,,,EXCLUDED,6,8,7
1458,19163,11:41:00,1,,,,,,,,EXCLUDED,6,8,7
1458,19164,11:41:30,1,,,,,,,,EXCLUDED,6,8,7
1458,19165,11:42:00,1,,,,,,,,EXCLUDED,6,8,7
1458,19166,11:42:30,1,,,,,,,,EXCLUDED,6,8,7
1458,19167,11:43:00,1,,,,,,,,EXCLUDED,6,8,7
1458,19168,11:43:30,1,,,,,,,,EXCLUDED,6,8,7
1458,19169,11:44:00,1,,,,,,,,EXCLUDED,6,8,7
1458,19170,11:44:30,1,,,,,,,,EXCLUDED,6,8,7
1458,19171,11:45:00,1,,,,,,,,EXCLUDED,6,8,7
1458,19172,11:45:30,1,,,,,,,,EXCLUDED,6,8,7
1458,19173,11:46:00,1,,,,,,,,EXCLUDED,6,8,7
1458,19174,11:46:30,1,,,,,,,,EXCLUDED,6,8,7
1458,19175,11:47:00,1,,,,,,,,EXCLUDED,6,8,7
1458,19176,11:47:30,1,,,,,,,,EXCLUDED,6,8,7
1458,19177,11:48:00,1,,,,,,,,EXCLUDED,6,8,7
1458,19178,11:48:30,1,,,,,,,,EXCLUDED,6,8,7
1458,19179,11:49:00,1,,,,,,,,EXCLUDED,6,8,7
1458,19180,11:49:30,1,,,,,,,,EXCLUDED,6,8,7
1458,19181,11:50:00,1,,,,,,,,EXCLUDED,6,8,7
1458,19182,11:50:30,1,,,,,,,,EXCLUDED,6,8,7
1458,19183,11:51:00,1,,,,,,,,EXCLUDED,6,8,7
1458,19184,11:51:30,1,,,,,,,,EXCLUDED,6,8,7
1458,19185,11:52:00,1,,,,,,,,EXCLUDED,6,8,7
1458,19186,11:52:30,1,,,,,,,,EXCLUDED,6,8,7
1458,19187,11:53:00,1,,,,,,,,EXCLUDED,6,8,7
1458,19188,11:53:30,1,,,,,,,,EXCLUDED,6,8,7
1458,19189,11:54:00,1,,,,,,,,EXCLUDED,6,8,7
1458,19190,11:54:30,1,,,,,,,,EXCLUDED,6,8,7
1458,19191,11:55:00,1,,,,,,,,EXCLUDED,6,8,7
1458,19192,11:55:30,1,,,,,,,,EXCLUDED,6,8,7
1458,19193,11:56:00,1,,,,,,,,EXCLUDED,6,8,7
1458,19194,11:56:30,1,,,,,,,,EXCLUDED,6,8,7
1458,19195,11:57:00,1,,,,,,,,EXCLUDED,6,8,7
1458,19196,11:57:30,1,,,,,,,,EXCLUDED,6,8,7
1458,19197,11:58:00,1,,,,,,,,EXCLUDED,6,8,7
1458,19198,11:58:30,1,,,,,,,,EXCLUDED,6,8,7
1458,19199,11:59:00,1,,,,,,,,EXCLUDED,6,8,7
1458,19200,11:59:30,1,,,,,,,,EXCLUDED,6,8,7
1458,19201,12:00:00,1,,,,,,,,EXCLUDED,6,8,8
1458,19202,12:00:30,1,,,,,,,,EXCLUDED,6,8,8
1458,19203,12:01:00,1,,,,,,,,EXCLUDED,6,8,8
1458,19204,12:01:30,1,,,,,,,,EXCLUDED,6,8,8
1458,19205,12:02:00,1,,,,,,,,EXCLUDED,6,8,8
1458,19206,12:02:30,1,,,,,,,,EXCLUDED,6,8,8
1458,19207,12:03:00,1,,,,,,,,EXCLUDED,6,8,8
1458,19208,12:03:30,1,,,,,,,,EXCLUDED,6,8,8
1458,19209,12:04:00,1,,,,,,,,EXCLUDED,6,8,8
1458,19210,12:04:30,1,,,,,,,,EXCLUDED,6,8,8
1458,19211,12:05:00,1,,,,,,,,EXCLUDED,6,8,8
1458,19212,12:05:30,1,,,,,,,,EXCLUDED,6,8,8
1458,19213,12:06:00,1,,,,,,,,EXCLUDED,6,8,8
1458,19214,12:06:30,1,,,,,,,,EXCLUDED,6,8,8
1458,19215,12:07:00,1,,,,,,,,EXCLUDED,6,8,8
1458,19216,12:07:30,1,,,,,,,,EXCLUDED,6,8,8
1458,19217,12:08:00,1,,,,,,,,EXCLUDED,6,8,8
1458,19218,12:08:30,1,,,,,,,,EXCLUDED,6,8,8
1458,19219,12:09:00,1,,,,,,,,EXCLUDED,6,8,8
1458,19220,12:09:30,1,,,,,,,,EXCLUDED,6,8,8
1458,19221,12:10:00,1,,,,,,,,EXCLUDED,6,8,8
1458,19222,12:10:30,1,,,,,,,,EXCLUDED,6,8,8
1458,19223,12:11:00,1,,,,,,,,EXCLUDED,6,8,8
1458,19224,12:11:30,1,,,,,,,,EXCLUDED,6,8,8
1458,19225,12:12:00,1,,,,,,,,EXCLUDED,6,8,8
1458,19226,12:12:30,1,,,,,,,,EXCLUDED,6,8,8
1458,19227,12:13:00,1,,,,,,,,EXCLUDED,6,8,8
1458,19228,12:13:30,1,,,,,,,,EXCLUDED,6,8,8
1458,19229,12:14:00,1,,,,,,,,EXCLUDED,6,8,8
1458,19230,12:14:30,1,,,,,,,,EXCLUDED,6,8,8
1458,19231,12:15:00,1,,,,,,,,EXCLUDED,6,8,8
1458,19232,12:15:30,1,,,,,,,,EXCLUDED,6,8,8
1458,19233,12:16:00,1,,,,,,,,EXCLUDED,6,8,8
1458,19234,12:16:30,1,,,,,,,,EXCLUDED,6,8,8
1458,19235,12:17:00,1,,,,,,,,EXCLUDED,6,8,8
1458,19236,12:17:30,1,,,,,,,,EXCLUDED,6,8,8
1458,19237,12:18:00,1,,,,,,,,EXCLUDED,6,8,8
1458,19238,12:18:30,1,,,,,,,,EXCLUDED,6,8,8
1458,19239,12:19:00,1,,,,,,,,EXCLUDED,6,8,8
1458,19240,12:19:30,1,,,,,,,,EXCLUDED,6,8,8
1458,19241,12:20:00,1,,,,,,,,EXCLUDED,6,8,8
1458,19242,12:20:30,1,,,,,,,,EXCLUDED,6,8,8
1458,19243,12:21:00,1,,,,,,,,EXCLUDED,6,8,8
1458,19244,12:21:30,1,,,,,,,,EXCLUDED,6,8,8
1458,19245,12:22:00,1,,,,,,,,EXCLUDED,6,8,8
1458,19246,12:22:30,1,,,,,,,,EXCLUDED,6,8,8
1458,19247,12:23:00,1,,,,,,,,EXCLUDED,6,8,8
1458,19248,12:23:30,1,,,,,,,,EXCLUDED,6,8,8
1458,19249,12:24:00,1,,,,,,,,EXCLUDED,6,8,8
1458,19250,12:24:30,1,,,,,,,,EXCLUDED,6,8,8
1458,19251,12:25:00,1,,,,,,,,EXCLUDED,6,8,8
1458,19252,12:25:30,1,,,,,,,,EXCLUDED,6,8,8
1458,19253,12:26:00,1,,,,,,,,EXCLUDED,6,8,8
1458,19254,12:26:30,1,,,,,,,,EXCLUDED,6,8,8
1458,19255,12:27:00,1,,,,,,,,EXCLUDED,6,8,8
1458,19256,12:27:30,1,,,,,,,,EXCLUDED,6,8,8
1458,19257,12:28:00,1,,,,,,,,EXCLUDED,6,8,8
1458,19258,12:28:30,1,,,,,,,,EXCLUDED,6,8,8
1458,19259,12:29:00,1,,,,,,,,EXCLUDED,6,8,8
1458,19260,12:29:30,1,,,,,,,,EXCLUDED,6,8,8
1458,19261,12:30:00,1,,,,,,,,EXCLUDED,6,8,8
1458,19262,12:30:30,1,,,,,,,,EXCLUDED,6,8,8
1458,19263,12:31:00,1,,,,,,,,EXCLUDED,6,8,8
1458,19264,12:31:30,1,,,,,,,,EXCLUDED,6,8,8
1458,19265,12:32:00,1,,,,,,,,EXCLUDED,6,8,8
1458,19266,12:32:30,1,,,,,,,,EXCLUDED,6,8,8
1458,19267,12:33:00,1,,,,,,,,EXCLUDED,6,8,8
1458,19268,12:33:30,1,,,,,,,,EXCLUDED,6,8,8
1458,19269,12:34:00,1,,,,,,,,EXCLUDED,6,8,8
1458,19270,12:34:30,1,,,,,,,,EXCLUDED,6,8,8
1458,19271,12:35:00,1,,,,,,,,EXCLUDED,6,8,8
1458,19272,12:35:30,1,,,,,,,,EXCLUDED,6,8,8
1458,19273,12:36:00,1,,,,,,,,EXCLUDED,6,8,8
1458,19274,12:36:30,1,,,,,,,,EXCLUDED,6,8,8
1458,19275,12:37:00,1,,,,,,,,EXCLUDED,6,8,8
1458,19276,12:37:30,1,,,,,,,,EXCLUDED,6,8,8
1458,19277,12:38:00,1,,,,,,,,EXCLUDED,6,8,8
1458,19278,12:38:30,1,,,,,,,,EXCLUDED,6,8,8
1458,19279,12:39:00,1,,,,,,,,EXCLUDED,6,8,8
1458,19280,12:39:30,1,,,,,,,,EXCLUDED,6,8,8
1458,19281,12:40:00,1,,,,,,,,EXCLUDED,6,8,8
1458,19282,12:40:30,1,,,,,,,,EXCLUDED,6,8,8
1458,19283,12:41:00,1,,,,,,,,EXCLUDED,6,8,8
1458,19284,12:41:30,1,,,,,,,,EXCLUDED,6,8,8
1458,19285,12:42:00,1,,,,,,,,EXCLUDED,6,8,8
1458,19286,12:42:30,1,,,,,,,,EXCLUDED,6,8,8
1458,19287,12:43:00,1,,,,,,,,EXCLUDED,6,8,8
1458,19288,12:43:30,1,,,,,,,,EXCLUDED,6,8,8
1458,19289,12:44:00,1,,,,,,,,EXCLUDED,6,8,8
1458,19290,12:44:30,1,,,,,,,,EXCLUDED,6,8,8
1458,19291,12:45:00,1,,,,,,,,EXCLUDED,6,8,8
1458,19292,12:45:30,1,,,,,,,,EXCLUDED,6,8,8
1458,19293,12:46:00,1,,,,,,,,EXCLUDED,6,8,8
1458,19294,12:46:30,1,,,,,,,,EXCLUDED,6,8,8
1458,19295,12:47:00,1,,,,,,,,EXCLUDED,6,8,8
1458,19296,12:47:30,1,,,,,,,,EXCLUDED,6,8,8
1458,19297,12:48:00,1,,,,,,,,EXCLUDED,6,8,8
1458,19298,12:48:30,1,,,,,,,,EXCLUDED,6,8,8
1458,19299,12:49:00,1,,,,,,,,EXCLUDED,6,8,8
1458,19300,12:49:30,1,,,,,,,,EXCLUDED,6,8,8
1458,19301,12:50:00,1,,,,,,,,EXCLUDED,6,8,8
1458,19302,12:50:30,1,,,,,,,,EXCLUDED,6,8,8
1458,19303,12:51:00,1,,,,,,,,EXCLUDED,6,8,8
1458,19304,12:51:30,1,,,,,,,,EXCLUDED,6,8,8
1458,19305,12:52:00,1,,,,,,,,EXCLUDED,6,8,8
1458,19306,12:52:30,1,,,,,,,,EXCLUDED,6,8,8
1458,19307,12:53:00,1,,,,,,,,EXCLUDED,6,8,8
1458,19308,12:53:30,1,,,,,,,,EXCLUDED,6,8,8
1458,19309,12:54:00,1,,,,,,,,EXCLUDED,6,8,8
1458,19310,12:54:30,1,,,,,,,,EXCLUDED,6,8,8
1458,19311,12:55:00,1,,,,,,,,EXCLUDED,6,8,8
1458,19312,12:55:30,1,,,,,,,,EXCLUDED,6,8,8
1458,19313,12:56:00,1,,,,,,,,EXCLUDED,6,8,8
1458,19314,12:56:30,1,,,,,,,,EXCLUDED,6,8,8
1458,19315,12:57:00,1,,,,,,,,EXCLUDED,6,8,8
1458,19316,12:57:30,1,,,,,,,,EXCLUDED,6,8,8
1458,19317,12:58:00,1,,,,,,,,EXCLUDED,6,8,8
1458,19318,12:58:30,1,,,,,,,,EXCLUDED,6,8,8
1458,19319,12:59:00,1,,,,,,,,EXCLUDED,6,8,8
1458,19320,12:59:30,1,,,,,,,,EXCLUDED,6,8,8
1458,19321,13:00:00,1,,,,,,,,EXCLUDED,6,8,8
1458,19322,13:00:30,1,,,,,,,,EXCLUDED,6,8,8
1458,19323,13:01:00,1,,,,,,,,EXCLUDED,6,8,8
1458,19324,13:01:30,1,,,,,,,,EXCLUDED,6,8,8
1458,19325,13:02:00,1,,,,,,,,EXCLUDED,6,8,8
1458,19326,13:02:30,1,,,,,,,,EXCLUDED,6,8,8
1458,19327,13:03:00,1,,,,,,,,EXCLUDED,6,8,8
1458,19328,13:03:30,1,,,,,,,,EXCLUDED,6,8,8
1458,19329,13:04:00,1,,,,,,,,EXCLUDED,6,8,8
1458,19330,13:04:30,1,,,,,,,,EXCLUDED,6,8,8
1458,19331,13:05:00,1,,,,,,,,EXCLUDED,6,8,8
1458,19332,13:05:30,1,,,,,,,,EXCLUDED,6,8,8
1458,19333,13:06:00,1,,,,,,,,EXCLUDED,6,8,8
1458,19334,13:06:30,1,,,,,,,,EXCLUDED,6,8,8
1458,19335,13:07:00,1,,,,,,,,EXCLUDED,6,8,8
1458,19336,13:07:30,1,,,,,,,,EXCLUDED,6,8,8
1458,19337,13:08:00,1,,,,,,,,EXCLUDED,6,8,8
1458,19338,13:08:30,1,,,,,,,,EXCLUDED,6,8,8
1458,19339,13:09:00,1,,,,,,,,EXCLUDED,6,8,8
1458,19340,13:09:30,1,,,,,,,,EXCLUDED,6,8,8
1458,19341,13:10:00,1,,,,,,,,EXCLUDED,6,8,8
1458,19342,13:10:30,1,,,,,,,,EXCLUDED,6,8,8
1458,19343,13:11:00,1,,,,,,,,EXCLUDED,6,8,8
1458,19344,13:11:30,1,,,,,,,,EXCLUDED,6,8,8
1458,19345,13:12:00,1,,,,,,,,EXCLUDED,6,8,8
1458,19346,13:12:30,1,,,,,,,,EXCLUDED,6,8,8
1458,19347,13:13:00,1,,,,,,,,EXCLUDED,6,8,8
1458,19348,13:13:30,1,,,,,,,,EXCLUDED,6,8,8
1458,19349,13:14:00,1,,,,,,,,EXCLUDED,6,8,8
1458,19350,13:14:30,1,,,,,,,,EXCLUDED,6,8,8
1458,19351,13:15:00,1,,,,,,,,EXCLUDED,6,8,8
1458,19352,13:15:30,1,,,,,,,,EXCLUDED,6,8,8
1458,19353,13:16:00,1,,,,,,,,EXCLUDED,6,8,8
1458,19354,13:16:30,1,,,,,,,,EXCLUDED,6,8,8
1458,19355,13:17:00,1,,,,,,,,EXCLUDED,6,8,8
1458,19356,13:17:30,1,,,,,,,,EXCLUDED,6,8,8
1458,19357,13:18:00,1,,,,,,,,EXCLUDED,6,8,8
1458,19358,13:18:30,1,,,,,,,,EXCLUDED,6,8,8
1458,19359,13:19:00,1,,,,,,,,EXCLUDED,6,8,8
1458,19360,13:19:30,1,,,,,,,,EXCLUDED,6,8,8
1458,19361,13:20:00,1,,,,,,,,EXCLUDED,6,8,8
1458,19362,13:20:30,1,,,,,,,,EXCLUDED,6,8,8
1458,19363,13:21:00,1,,,,,,,,EXCLUDED,6,8,8
1458,19364,13:21:30,1,,,,,,,,EXCLUDED,6,8,8
1458,19365,13:22:00,1,,,,,,,,EXCLUDED,6,8,8
1458,19366,13:22:30,1,,,,,,,,EXCLUDED,6,8,8
1458,19367,13:23:00,1,,,,,,,,EXCLUDED,6,8,8
1458,19368,13:23:30,1,,,,,,,,EXCLUDED,6,8,8
1458,19369,13:24:00,1,,,,,,,,EXCLUDED,6,8,8
1458,19370,13:24:30,1,,,,,,,,EXCLUDED,6,8,8
1458,19371,13:25:00,1,,,,,,,,EXCLUDED,6,8,8
1458,19372,13:25:30,1,,,,,,,,EXCLUDED,6,8,8
1458,19373,13:26:00,1,,,,,,,,EXCLUDED,6,8,8
1458,19374,13:26:30,1,,,,,,,,EXCLUDED,6,8,8
1458,19375,13:27:00,1,,,,,,,,EXCLUDED,6,8,8
1458,19376,13:27:30,1,,,,,,,,EXCLUDED,6,8,8
1458,19377,13:28:00,1,,,,,,,,EXCLUDED,6,8,8
1458,19378,13:28:30,1,,,,,,,,EXCLUDED,6,8,8
1458,19379,13:29:00,1,,,,,,,,EXCLUDED,6,8,8
1458,19380,13:29:30,1,,,,,,,,EXCLUDED,6,8,8
1458,19381,13:30:00,1,,,,,,,,EXCLUDED,6,8,8
1458,19382,13:30:30,1,,,,,,,,EXCLUDED,6,8,8
1458,19383,13:31:00,1,,,,,,,,EXCLUDED,6,8,8
1458,19384,13:31:30,1,,,,,,,,EXCLUDED,6,8,8
1458,19385,13:32:00,1,,,,,,,,EXCLUDED,6,8,8
1458,19386,13:32:30,1,,,,,,,,EXCLUDED,6,8,8
1458,19387,13:33:00,1,,,,,,,,EXCLUDED,6,8,8
1458,19388,13:33:30,1,,,,,,,,EXCLUDED,6,8,8
1458,19389,13:34:00,1,,,,,,,,EXCLUDED,6,8,8
1458,19390,13:34:30,1,,,,,,,,EXCLUDED,6,8,8
1458,19391,13:35:00,1,,,,,,,,EXCLUDED,6,8,8
1458,19392,13:35:30,1,,,,,,,,EXCLUDED,6,8,8
1458,19393,13:36:00,1,,,,,,,,EXCLUDED,6,8,8
1458,19394,13:36:30,1,,,,,,,,EXCLUDED,6,8,8
1458,19395,13:37:00,1,,,,,,,,EXCLUDED,6,8,8
1458,19396,13:37:30,1,,,,,,,,EXCLUDED,6,8,8
1458,19397,13:38:00,1,,,,,,,,EXCLUDED,6,8,8
1458,19398,13:38:30,1,,,,,,,,EXCLUDED,6,8,8
1458,19399,13:39:00,1,,,,,,,,EXCLUDED,6,8,8
1458,19400,13:39:30,1,,,,,,,,EXCLUDED,6,8,8
1458,19401,13:40:00,1,,,,,,,,EXCLUDED,6,8,8
1458,19402,13:40:30,1,,,,,,,,EXCLUDED,6,8,8
1458,19403,13:41:00,1,,,,,,,,EXCLUDED,6,8,8
1458,19404,13:41:30,1,,,,,,,,EXCLUDED,6,8,8
1458,19405,13:42:00,1,,,,,,,,EXCLUDED,6,8,8
1458,19406,13:42:30,1,,,,,,,,EXCLUDED,6,8,8
1458,19407,13:43:00,1,,,,,,,,EXCLUDED,6,8,8
1458,19408,13:43:30,1,,,,,,,,EXCLUDED,6,8,8
1458,19409,13:44:00,1,,,,,,,,EXCLUDED,6,8,8
1458,19410,13:44:30,1,,,,,,,,EXCLUDED,6,8,8
1458,19411,13:45:00,1,,,,,,,,EXCLUDED,6,8,8
1458,19412,13:45:30,1,,,,,,,,EXCLUDED,6,8,8
1458,19413,13:46:00,1,,,,,,,,EXCLUDED,6,8,8
1458,19414,13:46:30,1,,,,,,,,EXCLUDED,6,8,8
1458,19415,13:47:00,1,,,,,,,,EXCLUDED,6,8,8
1458,19416,13:47:30,1,,,,,,,,EXCLUDED,6,8,8
1458,19417,13:48:00,1,,,,,,,,EXCLUDED,6,8,8
1458,19418,13:48:30,1,,,,,,,,EXCLUDED,6,8,8
1458,19419,13:49:00,1,,,,,,,,EXCLUDED,6,8,8
1458,19420,13:49:30,1,,,,,,,,EXCLUDED,6,8,8
1458,19421,13:50:00,1,,,,,,,,EXCLUDED,6,8,8
1458,19422,13:50:30,1,,,,,,,,EXCLUDED,6,8,8
1458,19423,13:51:00,1,,,,,,,,EXCLUDED,6,8,8
1458,19424,13:51:30,1,,,,,,,,EXCLUDED,6,8,8
1458,19425,13:52:00,1,,,,,,,,EXCLUDED,6,8,8
1458,19426,13:52:30,1,,,,,,,,EXCLUDED,6,8,8
1458,19427,13:53:00,1,,,,,,,,EXCLUDED,6,8,8
1458,19428,13:53:30,1,,,,,,,,EXCLUDED,6,8,8
1458,19429,13:54:00,1,,,,,,,,EXCLUDED,6,8,8
1458,19430,13:54:30,1,,,,,,,,EXCLUDED,6,8,8
1458,19431,13:55:00,1,,,,,,,,EXCLUDED,6,8,8
1458,19432,13:55:30,1,,,,,,,,EXCLUDED,6,8,8
1458,19433,13:56:00,1,,,,,,,,EXCLUDED,6,8,8
1458,19434,13:56:30,1,,,,,,,,EXCLUDED,6,8,8
1458,19435,13:57:00,1,,,,,,,,EXCLUDED,6,8,8
1458,19436,13:57:30,1,,,,,,,,EXCLUDED,6,8,8
1458,19437,13:58:00,1,,,,,,,,EXCLUDED,6,8,8
1458,19438,13:58:30,1,,,,,,,,EXCLUDED,6,8,8
1458,19439,13:59:00,1,,,,,,,,EXCLUDED,6,8,8
1458,19440,13:59:30,1,,,,,,,,EXCLUDED,6,8,8
1458,19441,14:00:00,1,,,,,,,,EXCLUDED,6,8,8
1458,19442,14:00:30,1,,,,,,,,EXCLUDED,6,8,8
1458,19443,14:01:00,1,,,,,,,,EXCLUDED,6,8,8
1458,19444,14:01:30,1,,,,,,,,EXCLUDED,6,8,8
1458,19445,14:02:00,1,,,,,,,,EXCLUDED,6,8,8
1458,19446,14:02:30,1,,,,,,,,EXCLUDED,6,8,8
1458,19447,14:03:00,1,,,,,,,,EXCLUDED,6,8,8
1458,19448,14:03:30,1,,,,,,,,EXCLUDED,6,8,8
1458,19449,14:04:00,1,,,,,,,,EXCLUDED,6,8,8
1458,19450,14:04:30,1,,,,,,,,EXCLUDED,6,8,8
1458,19451,14:05:00,1,,,,,,,,EXCLUDED,6,8,8
1458,19452,14:05:30,1,,,,,,,,EXCLUDED,6,8,8
1458,19453,14:06:00,1,,,,,,,,EXCLUDED,6,8,8
1458,19454,14:06:30,1,,,,,,,,EXCLUDED,6,8,8
1458,19455,14:07:00,1,,,,,,,,EXCLUDED,6,8,8
1458,19456,14:07:30,1,,,,,,,,EXCLUDED,6,8,8
1458,19457,14:08:00,1,,,,,,,,EXCLUDED,6,8,8
1458,19458,14:08:30,1,,,,,,,,EXCLUDED,6,8,8
1458,19459,14:09:00,1,,,,,,,,EXCLUDED,6,8,8
1458,19460,14:09:30,1,,,,,,,,EXCLUDED,6,8,8
1458,19461,14:10:00,1,,,,,,,,EXCLUDED,6,8,8
1458,19462,14:10:30,1,,,,,,,,EXCLUDED,6,8,8
1458,19463,14:11:00,1,,,,,,,,EXCLUDED,6,8,8
1458,19464,14:11:30,1,,,,,,,,EXCLUDED,6,8,8
1458,19465,14:12:00,1,,,,,,,,EXCLUDED,6,8,8
1458,19466,14:12:30,1,,,,,,,,EXCLUDED,6,8,8
1458,19467,14:13:00,1,,,,,,,,EXCLUDED,6,8,8
1458,19468,14:13:30,1,,,,,,,,EXCLUDED,6,8,8
1458,19469,14:14:00,1,,,,,,,,EXCLUDED,6,8,8
1458,19470,14:14:30,1,,,,,,,,EXCLUDED,6,8,8
1458,19471,14:15:00,1,,,,,,,,EXCLUDED,6,8,8
1458,19472,14:15:30,1,,,,,,,,EXCLUDED,6,8,8
1458,19473,14:16:00,1,,,,,,,,EXCLUDED,6,8,8
1458,19474,14:16:30,1,,,,,,,,EXCLUDED,6,8,8
1458,19475,14:17:00,1,,,,,,,,EXCLUDED,6,8,8
1458,19476,14:17:30,1,,,,,,,,EXCLUDED,6,8,8
1458,19477,14:18:00,1,,,,,,,,EXCLUDED,6,8,8
1458,19478,14:18:30,1,,,,,,,,EXCLUDED,6,8,8
1458,19479,14:19:00,1,,,,,,,,EXCLUDED,6,8,8
1458,19480,14:19:30,1,,,,,,,,EXCLUDED,6,8,8
1458,19481,14:20:00,1,,,,,,,,EXCLUDED,6,8,8
1458,19482,14:20:30,1,,,,,,,,EXCLUDED,6,8,8
1458,19483,14:21:00,1,,,,,,,,EXCLUDED,6,8,8
1458,19484,14:21:30,1,,,,,,,,EXCLUDED,6,8,8
1458,19485,14:22:00,1,,,,,,,,EXCLUDED,6,8,8
1458,19486,14:22:30,1,,,,,,,,EXCLUDED,6,8,8
1458,19487,14:23:00,1,,,,,,,,EXCLUDED,6,8,8
1458,19488,14:23:30,1,,,,,,,,EXCLUDED,6,8,8
1458,19489,14:24:00,1,,,,,,,,EXCLUDED,6,8,8
1458,19490,14:24:30,1,,,,,,,,EXCLUDED,6,8,8
1458,19491,14:25:00,1,,,,,,,,EXCLUDED,6,8,8
1458,19492,14:25:30,1,,,,,,,,EXCLUDED,6,8,8
1458,19493,14:26:00,1,,,,,,,,EXCLUDED,6,8,8
1458,19494,14:26:30,1,,,,,,,,EXCLUDED,6,8,8
1458,19495,14:27:00,1,,,,,,,,EXCLUDED,6,8,8
1458,19496,14:27:30,1,,,,,,,,EXCLUDED,6,8,8
1458,19497,14:28:00,1,,,,,,,,EXCLUDED,6,8,8
1458,19498,14:28:30,1,,,,,,,,EXCLUDED,6,8,8
1458,19499,14:29:00,1,,,,,,,,EXCLUDED,6,8,8
1458,19500,14:29:30,1,,,,,,,,EXCLUDED,6,8,8
1458,19501,14:30:00,1,,,,,,,,EXCLUDED,6,8,8
1458,19502,14:30:30,1,,,,,,,,EXCLUDED,6,8,8
1458,19503,14:31:00,1,,,,,,,,EXCLUDED,6,8,8
1458,19504,14:31:30,1,,,,,,,,EXCLUDED,6,8,8
1458,19505,14:32:00,1,,,,,,,,EXCLUDED,6,8,8
1458,19506,14:32:30,1,,,,,,,,EXCLUDED,6,8,8
1458,19507,14:33:00,1,,,,,,,,EXCLUDED,6,8,8
1458,19508,14:33:30,1,,,,,,,,EXCLUDED,6,8,8
1458,19509,14:34:00,1,,,,,,,,EXCLUDED,6,8,8
1458,19510,14:34:30,1,,,,,,,,EXCLUDED,6,8,8
1458,19511,14:35:00,1,,,,,,,,EXCLUDED,6,8,8
1458,19512,14:35:30,1,,,,,,,,EXCLUDED,6,8,8
1458,19513,14:36:00,1,,,,,,,,EXCLUDED,6,8,8
1458,19514,14:36:30,1,,,,,,,,EXCLUDED,6,8,8
1458,19515,14:37:00,1,,,,,,,,EXCLUDED,6,8,8
1458,19516,14:37:30,1,,,,,,,,EXCLUDED,6,8,8
1458,19517,14:38:00,1,,,,,,,,EXCLUDED,6,8,8
1458,19518,14:38:30,1,,,,,,,,EXCLUDED,6,8,8
1458,19519,14:39:00,1,,,,,,,,EXCLUDED,6,8,8
1458,19520,14:39:30,1,,,,,,,,EXCLUDED,6,8,8
1458,19521,14:40:00,1,,,,,,,,EXCLUDED,6,8,8
1458,19522,14:40:30,1,,,,,,,,EXCLUDED,6,8,8
1458,19523,14:41:00,1,,,,,,,,EXCLUDED,6,8,8
1458,19524,14:41:30,1,,,,,,,,EXCLUDED,6,8,8
1458,19525,14:42:00,1,,,,,,,,EXCLUDED,6,8,8
1458,19526,14:42:30,1,,,,,,,,EXCLUDED,6,8,8
1458,19527,14:43:00,1,,,,,,,,EXCLUDED,6,8,8
1458,19528,14:43:30,1,,,,,,,,EXCLUDED,6,8,8
1458,19529,14:44:00,1,,,,,,,,EXCLUDED,6,8,8
1458,19530,14:44:30,1,,,,,,,,EXCLUDED,6,8,8
1458,19531,14:45:00,1,,,,,,,,EXCLUDED,6,8,8
1458,19532,14:45:30,1,,,,,,,,EXCLUDED,6,8,8
1458,19533,14:46:00,1,,,,,,,,EXCLUDED,6,8,8
1458,19534,14:46:30,1,,,,,,,,EXCLUDED,6,8,8
1458,19535,14:47:00,1,,,,,,,,EXCLUDED,6,8,8
1458,19536,14:47:30,1,,,,,,,,EXCLUDED,6,8,8
1458,19537,14:48:00,1,,,,,,,,EXCLUDED,6,8,8
1458,19538,14:48:30,1,,,,,,,,EXCLUDED,6,8,8
1458,19539,14:49:00,1,,,,,,,,EXCLUDED,6,8,8
1458,19540,14:49:30,1,,,,,,,,EXCLUDED,6,8,8
1458,19541,14:50:00,1,,,,,,,,EXCLUDED,6,8,8
1458,19542,14:50:30,1,,,,,,,,EXCLUDED,6,8,8
1458,19543,14:51:00,1,,,,,,,,EXCLUDED,6,8,8
1458,19544,14:51:30,1,,,,,,,,EXCLUDED,6,8,8
1458,19545,14:52:00,1,,,,,,,,EXCLUDED,6,8,8
1458,19546,14:52:30,1,,,,,,,,EXCLUDED,6,8,8
1458,19547,14:53:00,1,,,,,,,,EXCLUDED,6,8,8
1458,19548,14:53:30,1,,,,,,,,EXCLUDED,6,8,8
1458,19549,14:54:00,1,,,,,,,,EXCLUDED,6,8,8
1458,19550,14:54:30,1,,,,,,,,EXCLUDED,6,8,8
1458,19551,14:55:00,1,,,,,,,,EXCLUDED,6,8,8
1458,19552,14:55:30,1,,,,,,,,EXCLUDED,6,8,8
1458,19553,14:56:00,1,,,,,,,,EXCLUDED,6,8,8
1458,19554,14:56:30,1,,,,,,,,EXCLUDED,6,8,8
1458,19555,14:57:00,1,,,,,,,,EXCLUDED,6,8,8
1458,19556,14:57:30,1,,,,,,,,EXCLUDED,6,8,8
1458,19557,14:58:00,1,,,,,,,,EXCLUDED,6,8,8
1458,19558,14:58:30,1,,,,,,,,EXCLUDED,6,8,8
1458,19559,14:59:00,1,,,,,,,,EXCLUDED,6,8,8
1458,19560,14:59:30,1,,,,,,,,EXCLUDED,6,8,8
1458,19561,15:00:00,1,,,,,,,,EXCLUDED,6,8,8
1458,19562,15:00:30,1,,,,,,,,EXCLUDED,6,8,8
1458,19563,15:01:00,1,,,,,,,,EXCLUDED,6,8,8
1458,19564,15:01:30,1,,,,,,,,EXCLUDED,6,8,8
1458,19565,15:02:00,1,,,,,,,,EXCLUDED,6,8,8
1458,19566,15:02:30,1,,,,,,,,EXCLUDED,6,8,8
1458,19567,15:03:00,1,,,,,,,,EXCLUDED,6,8,8
1458,19568,15:03:30,1,,,,,,,,EXCLUDED,6,8,8
1458,19569,15:04:00,1,,,,,,,,EXCLUDED,6,8,8
1458,19570,15:04:30,1,,,,,,,,EXCLUDED,6,8,8
1458,19571,15:05:00,1,,,,,,,,EXCLUDED,6,8,8
1458,19572,15:05:30,1,,,,,,,,EXCLUDED,6,8,8
1458,19573,15:06:00,1,,,,,,,,EXCLUDED,6,8,8
1458,19574,15:06:30,1,,,,,,,,EXCLUDED,6,8,8
1458,19575,15:07:00,1,,,,,,,,EXCLUDED,6,8,8
1458,19576,15:07:30,1,,,,,,,,EXCLUDED,6,8,8
1458,19577,15:08:00,1,,,,,,,,EXCLUDED,6,8,8
1458,19578,15:08:30,1,,,,,,,,EXCLUDED,6,8,8
1458,19579,15:09:00,1,,,,,,,,EXCLUDED,6,8,8
1458,19580,15:09:30,1,,,,,,,,EXCLUDED,6,8,8
1458,19581,15:10:00,1,,,,,,,,EXCLUDED,6,8,8
1458,19582,15:10:30,1,,,,,,,,EXCLUDED,6,8,8
1458,19583,15:11:00,1,,,,,,,,EXCLUDED,6,8,8
1458,19584,15:11:30,1,,,,,,,,EXCLUDED,6,8,8
1458,19585,15:12:00,1,,,,,,,,EXCLUDED,6,8,8
1458,19586,15:12:30,1,,,,,,,,EXCLUDED,6,8,8
1458,19587,15:13:00,1,,,,,,,,EXCLUDED,6,8,8
1458,19588,15:13:30,1,,,,,,,,EXCLUDED,6,8,8
1458,19589,15:14:00,1,,,,,,,,EXCLUDED,6,8,8
1458,19590,15:14:30,1,,,,,,,,EXCLUDED,6,8,8
1458,19591,15:15:00,1,,,,,,,,EXCLUDED,6,8,8
1458,19592,15:15:30,1,,,,,,,,EXCLUDED,6,8,8
1458,19593,15:16:00,1,,,,,,,,EXCLUDED,6,8,8
1458,19594,15:16:30,1,,,,,,,,EXCLUDED,6,8,8
1458,19595,15:17:00,1,,,,,,,,EXCLUDED,6,8,8
1458,19596,15:17:30,1,,,,,,,,EXCLUDED,6,8,8
1458,19597,15:18:00,1,,,,,,,,EXCLUDED,6,8,8
1458,19598,15:18:30,1,,,,,,,,EXCLUDED,6,8,8
1458,19599,15:19:00,1,,,,,,,,EXCLUDED,6,8,8
1458,19600,15:19:30,1,,,,,,,,EXCLUDED,6,8,8
1458,19601,15:20:00,1,,,,,,,,EXCLUDED,6,8,8
1458,19602,15:20:30,1,,,,,,,,EXCLUDED,6,8,8
1458,19603,15:21:00,1,,,,,,,,EXCLUDED,6,8,8
1458,19604,15:21:30,1,,,,,,,,EXCLUDED,6,8,8
1458,19605,15:22:00,1,,,,,,,,EXCLUDED,6,8,8
1458,19606,15:22:30,1,,,,,,,,EXCLUDED,6,8,8
1458,19607,15:23:00,1,,,,,,,,EXCLUDED,6,8,8
1458,19608,15:23:30,1,,,,,,,,EXCLUDED,6,8,8
1458,19609,15:24:00,1,,,,,,,,EXCLUDED,6,8,8
1458,19610,15:24:30,1,,,,,,,,EXCLUDED,6,8,8
1458,19611,15:25:00,1,,,,,,,,EXCLUDED,6,8,8
1458,19612,15:25:30,1,,,,,,,,EXCLUDED,6,8,8
1458,19613,15:26:00,1,,,,,,,,EXCLUDED,6,8,8
1458,19614,15:26:30,1,,,,,,,,EXCLUDED,6,8,8
1458,19615,15:27:00,1,,,,,,,,EXCLUDED,6,8,8
1458,19616,15:27:30,1,,,,,,,,EXCLUDED,6,8,8
1458,19617,15:28:00,1,,,,,,,,EXCLUDED,6,8,8
1458,19618,15:28:30,1,,,,,,,,EXCLUDED,6,8,8
1458,19619,15:29:00,1,,,,,,,,EXCLUDED,6,8,8
1458,19620,15:29:30,1,,,,,,,,EXCLUDED,6,8,8
1458,19621,15:30:00,1,,,,,,,,EXCLUDED,6,8,8
1458,19622,15:30:30,1,,,,,,,,EXCLUDED,6,8,8
1458,19623,15:31:00,1,,,,,,,,EXCLUDED,6,8,8
1458,19624,15:31:30,1,,,,,,,,EXCLUDED,6,8,8
1458,19625,15:32:00,1,,,,,,,,EXCLUDED,6,8,8
1458,19626,15:32:30,1,,,,,,,,EXCLUDED,6,8,8
1458,19627,15:33:00,1,,,,,,,,EXCLUDED,6,8,8
1458,19628,15:33:30,1,,,,,,,,EXCLUDED,6,8,8
1458,19629,15:34:00,1,,,,,,,,EXCLUDED,6,8,8
1458,19630,15:34:30,1,,,,,,,,EXCLUDED,6,8,8
1458,19631,15:35:00,1,,,,,,,,EXCLUDED,6,8,8
1458,19632,15:35:30,1,,,,,,,,EXCLUDED,6,8,8
1458,19633,15:36:00,1,,,,,,,,EXCLUDED,6,8,8
1458,19634,15:36:30,1,,,,,,,,EXCLUDED,6,8,8
1458,19635,15:37:00,1,,,,,,,,EXCLUDED,6,8,8
1458,19636,15:37:30,1,,,,,,,,EXCLUDED,6,8,8
1458,19637,15:38:00,1,,,,,,,,EXCLUDED,6,8,8
1458,19638,15:38:30,1,,,,,,,,EXCLUDED,6,8,8
1458,19639,15:39:00,1,,,,,,,,EXCLUDED,6,8,8
1458,19640,15:39:30,1,,,,,,,,EXCLUDED,6,8,8
1458,19641,15:40:00,1,,,,,,,,EXCLUDED,6,8,8
1458,19642,15:40:30,1,,,,,,,,EXCLUDED,6,8,8
1458,19643,15:41:00,1,,,,,,,,EXCLUDED,6,8,8
1458,19644,15:41:30,1,,,,,,,,EXCLUDED,6,8,8
1458,19645,15:42:00,1,,,,,,,,EXCLUDED,6,8,8
1458,19646,15:42:30,1,,,,,,,,EXCLUDED,6,8,8
1458,19647,15:43:00,1,,,,,,,,EXCLUDED,6,8,8
1458,19648,15:43:30,1,,,,,,,,EXCLUDED,6,8,8
1458,19649,15:44:00,1,,,,,,,,EXCLUDED,6,8,8
1458,19650,15:44:30,1,,,,,,,,EXCLUDED,6,8,8
1458,19651,15:45:00,1,,,,,,,,EXCLUDED,6,8,8
1458,19652,15:45:30,1,,,,,,,,EXCLUDED,6,8,8
1458,19653,15:46:00,1,,,,,,,,EXCLUDED,6,8,8
1458,19654,15:46:30,1,,,,,,,,EXCLUDED,6,8,8
1458,19655,15:47:00,1,,,,,,,,EXCLUDED,6,8,8
1458,19656,15:47:30,1,,,,,,,,EXCLUDED,6,8,8
1458,19657,15:48:00,1,,,,,,,,EXCLUDED,6,8,8
1458,19658,15:48:30,1,,,,,,,,EXCLUDED,6,8,8
1458,19659,15:49:00,1,,,,,,,,EXCLUDED,6,8,8
1458,19660,15:49:30,1,,,,,,,,EXCLUDED,6,8,8
1458,19661,15:50:00,1,,,,,,,,EXCLUDED,6,8,8
1458,19662,15:50:30,1,,,,,,,,EXCLUDED,6,8,8
1458,19663,15:51:00,1,,,,,,,,EXCLUDED,6,8,8
1458,19664,15:51:30,1,,,,,,,,EXCLUDED,6,8,8
1458,19665,15:52:00,1,,,,,,,,EXCLUDED,6,8,8
1458,19666,15:52:30,1,,,,,,,,EXCLUDED,6,8,8
1458,19667,15:53:00,1,,,,,,,,EXCLUDED,6,8,8
1458,19668,15:53:30,1,,,,,,,,EXCLUDED,6,8,8
1458,19669,15:54:00,1,,,,,,,,EXCLUDED,6,8,8
1458,19670,15:54:30,1,,,,,,,,EXCLUDED,6,8,8
1458,19671,15:55:00,1,,,,,,,,EXCLUDED,6,8,8
1458,19672,15:55:30,1,,,,,,,,EXCLUDED,6,8,8
1458,19673,15:56:00,1,,,,,,,,EXCLUDED,6,8,8
1458,19674,15:56:30,1,,,,,,,,EXCLUDED,6,8,8
1458,19675,15:57:00,1,,,,,,,,EXCLUDED,6,8,8
1458,19676,15:57:30,1,,,,,,,,EXCLUDED,6,8,8
1458,19677,15:58:00,1,,,,,,,,EXCLUDED,6,8,8
1458,19678,15:58:30,1,,,,,,,,EXCLUDED,6,8,8
1458,19679,15:59:00,1,,,,,,,,EXCLUDED,6,8,8
1458,19680,15:59:30,1,,,,,,,,EXCLUDED,6,8,8
1458,19681,16:00:00,1,,,,,,,,EXCLUDED,6,8,8
1458,19682,16:00:30,1,,,,,,,,EXCLUDED,6,8,8
1458,19683,16:01:00,1,,,,,,,,EXCLUDED,6,8,8
1458,19684,16:01:30,1,,,,,,,,EXCLUDED,6,8,8
1458,19685,16:02:00,1,,,,,,,,EXCLUDED,6,8,8
1458,19686,16:02:30,1,,,,,,,,EXCLUDED,6,8,8
1458,19687,16:03:00,1,,,,,,,,EXCLUDED,6,8,8
1458,19688,16:03:30,1,,,,,,,,EXCLUDED,6,8,8
1458,19689,16:04:00,1,,,,,,,,EXCLUDED,6,8,8
1458,19690,16:04:30,1,,,,,,,,EXCLUDED,6,8,8
1458,19691,16:05:00,1,,,,,,,,EXCLUDED,6,8,8
1458,19692,16:05:30,1,,,,,,,,EXCLUDED,6,8,8
1458,19693,16:06:00,1,,,,,,,,EXCLUDED,6,8,8
1458,19694,16:06:30,1,,,,,,,,EXCLUDED,6,8,8
1458,19695,16:07:00,1,,,,,,,,EXCLUDED,6,8,8
1458,19696,16:07:30,1,,,,,,,,EXCLUDED,6,8,8
1458,19697,16:08:00,1,,,,,,,,EXCLUDED,6,8,8
1458,19698,16:08:30,1,,,,,,,,EXCLUDED,6,8,8
1458,19699,16:09:00,1,,,,,,,,EXCLUDED,6,8,8
1458,19700,16:09:30,1,,,,,,,,EXCLUDED,6,8,8
1458,19701,16:10:00,1,,,,,,,,EXCLUDED,6,8,8
1458,19702,16:10:30,1,,,,,,,,EXCLUDED,6,8,8
1458,19703,16:11:00,1,,,,,,,,EXCLUDED,6,8,8
1458,19704,16:11:30,1,,,,,,,,EXCLUDED,6,8,8
1458,19705,16:12:00,1,,,,,,,,EXCLUDED,6,8,8
1458,19706,16:12:30,1,,,,,,,,EXCLUDED,6,8,8
1458,19707,16:13:00,1,,,,,,,,EXCLUDED,6,8,8
1458,19708,16:13:30,1,,,,,,,,EXCLUDED,6,8,8
1458,19709,16:14:00,1,,,,,,,,EXCLUDED,6,8,8
1458,19710,16:14:30,1,,,,,,,,EXCLUDED,6,8,8
1458,19711,16:15:00,1,,,,,,,,EXCLUDED,6,8,8
1458,19712,16:15:30,1,,,,,,,,EXCLUDED,6,8,8
1458,19713,16:16:00,1,,,,,,,,EXCLUDED,6,8,8
1458,19714,16:16:30,1,,,,,,,,EXCLUDED,6,8,8
1458,19715,16:17:00,1,,,,,,,,EXCLUDED,6,8,8
1458,19716,16:17:30,1,,,,,,,,EXCLUDED,6,8,8
1458,19717,16:18:00,1,,,,,,,,EXCLUDED,6,8,8
1458,19718,16:18:30,1,,,,,,,,EXCLUDED,6,8,8
1458,19719,16:19:00,1,,,,,,,,EXCLUDED,6,8,8
1458,19720,16:19:30,1,,,,,,,,EXCLUDED,6,8,8
1458,19721,16:20:00,1,,,,,,,,EXCLUDED,6,8,8
1458,19722,16:20:30,1,,,,,,,,EXCLUDED,6,8,8
1458,19723,16:21:00,1,,,,,,,,EXCLUDED,6,8,8
1458,19724,16:21:30,1,,,,,,,,EXCLUDED,6,8,8
1458,19725,16:22:00,1,,,,,,,,EXCLUDED,6,8,8
1458,19726,16:22:30,1,,,,,,,,EXCLUDED,6,8,8
1458,19727,16:23:00,1,,,,,,,,EXCLUDED,6,8,8
1458,19728,16:23:30,1,,,,,,,,EXCLUDED,6,8,8
1458,19729,16:24:00,1,,,,,,,,EXCLUDED,6,8,8
1458,19730,16:24:30,1,,,,,,,,EXCLUDED,6,8,8
1458,19731,16:25:00,1,,,,,,,,EXCLUDED,6,8,8
1458,19732,16:25:30,1,,,,,,,,EXCLUDED,6,8,8
1458,19733,16:26:00,1,,,,,,,,EXCLUDED,6,8,8
1458,19734,16:26:30,1,,,,,,,,EXCLUDED,6,8,8
1458,19735,16:27:00,1,,,,,,,,EXCLUDED,6,8,8
1458,19736,16:27:30,1,,,,,,,,EXCLUDED,6,8,8
1458,19737,16:28:00,1,,,,,,,,EXCLUDED,6,8,8
1458,19738,16:28:30,1,,,,,,,,EXCLUDED,6,8,8
1458,19739,16:29:00,1,,,,,,,,EXCLUDED,6,8,8
1458,19740,16:29:30,1,,,,,,,,EXCLUDED,6,8,8
1458,19741,16:30:00,1,,,,,,,,EXCLUDED,6,8,8
1458,19742,16:30:30,1,,,,,,,,EXCLUDED,6,8,8
1458,19743,16:31:00,1,,,,,,,,EXCLUDED,6,8,8
1458,19744,16:31:30,1,,,,,,,,EXCLUDED,6,8,8
1458,19745,16:32:00,1,,,,,,,,EXCLUDED,6,8,8
1458,19746,16:32:30,1,,,,,,,,EXCLUDED,6,8,8
1458,19747,16:33:00,1,,,,,,,,EXCLUDED,6,8,8
1458,19748,16:33:30,1,,,,,,,,EXCLUDED,6,8,8
1458,19749,16:34:00,1,,,,,,,,EXCLUDED,6,8,8
1458,19750,16:34:30,1,,,,,,,,EXCLUDED,6,8,8
1458,19751,16:35:00,1,,,,,,,,EXCLUDED,6,8,8
1458,19752,16:35:30,1,,,,,,,,EXCLUDED,6,8,8
1458,19753,16:36:00,1,,,,,,,,EXCLUDED,6,8,8
1458,19754,16:36:30,1,,,,,,,,EXCLUDED,6,8,8
1458,19755,16:37:00,1,,,,,,,,EXCLUDED,6,8,8
1458,19756,16:37:30,1,,,,,,,,EXCLUDED,6,8,8
1458,19757,16:38:00,1,,,,,,,,EXCLUDED,6,8,8
1458,19758,16:38:30,1,,,,,,,,EXCLUDED,6,8,8
1458,19759,16:39:00,1,,,,,,,,EXCLUDED,6,8,8
1458,19760,16:39:30,1,,,,,,,,EXCLUDED,6,8,8
1458,19761,16:40:00,1,,,,,,,,EXCLUDED,6,8,8
1458,19762,16:40:30,1,,,,,,,,EXCLUDED,6,8,8
1458,19763,16:41:00,1,,,,,,,,EXCLUDED,6,8,8
1458,19764,16:41:30,1,,,,,,,,EXCLUDED,6,8,8
1458,19765,16:42:00,1,,,,,,,,EXCLUDED,6,8,8
1458,19766,16:42:30,1,,,,,,,,EXCLUDED,6,8,8
1458,19767,16:43:00,1,,,,,,,,EXCLUDED,6,8,8
1458,19768,16:43:30,1,,,,,,,,EXCLUDED,6,8,8
1458,19769,16:44:00,1,,,,,,,,EXCLUDED,6,8,8
1458,19770,16:44:30,1,,,,,,,,EXCLUDED,6,8,8
1458,19771,16:45:00,1,,,,,,,,EXCLUDED,6,8,8
1458,19772,16:45:30,1,,,,,,,,EXCLUDED,6,8,8
1458,19773,16:46:00,1,,,,,,,,EXCLUDED,6,8,8
1458,19774,16:46:30,1,,,,,,,,EXCLUDED,6,8,8
1458,19775,16:47:00,1,,,,,,,,EXCLUDED,6,8,8
1458,19776,16:47:30,1,,,,,,,,EXCLUDED,6,8,8
1458,19777,16:48:00,1,,,,,,,,EXCLUDED,6,8,8
1458,19778,16:48:30,1,,,,,,,,EXCLUDED,6,8,8
1458,19779,16:49:00,1,,,,,,,,EXCLUDED,6,8,8
1458,19780,16:49:30,1,,,,,,,,EXCLUDED,6,8,8
1458,19781,16:50:00,1,,,,,,,,EXCLUDED,6,8,8
1458,19782,16:50:30,1,,,,,,,,EXCLUDED,6,8,8
1458,19783,16:51:00,1,,,,,,,,EXCLUDED,6,8,8
1458,19784,16:51:30,1,,,,,,,,EXCLUDED,6,8,8
1458,19785,16:52:00,1,,,,,,,,EXCLUDED,6,8,8
1458,19786,16:52:30,1,,,,,,,,EXCLUDED,6,8,8
1458,19787,16:53:00,1,,,,,,,,EXCLUDED,6,8,8
1458,19788,16:53:30,1,,,,,,,,EXCLUDED,6,8,8
1458,19789,16:54:00,1,,,,,,,,EXCLUDED,6,8,8
1458,19790,16:54:30,1,,,,,,,,EXCLUDED,6,8,8
1458,19791,16:55:00,1,,,,,,,,EXCLUDED,6,8,8
1458,19792,16:55:30,1,,,,,,,,EXCLUDED,6,8,8
1458,19793,16:56:00,1,,,,,,,,EXCLUDED,6,8,8
1458,19794,16:56:30,1,,,,,,,,EXCLUDED,6,8,8
1458,19795,16:57:00,1,,,,,,,,EXCLUDED,6,8,8
1458,19796,16:57:30,1,,,,,,,,EXCLUDED,6,8,8
1458,19797,16:58:00,1,,,,,,,,EXCLUDED,6,8,8
1458,19798,16:58:30,1,,,,,,,,EXCLUDED,6,8,8
1458,19799,16:59:00,1,,,,,,,,EXCLUDED,6,8,8
1458,19800,16:59:30,1,,,,,,,,EXCLUDED,6,8,8
1458,19801,17:00:00,1,,,,,,,,EXCLUDED,6,8,8
1458,19802,17:00:30,1,,,,,,,,EXCLUDED,6,8,8
1458,19803,17:01:00,1,,,,,,,,EXCLUDED,6,8,8
1458,19804,17:01:30,1,,,,,,,,EXCLUDED,6,8,8
1458,19805,17:02:00,1,,,,,,,,EXCLUDED,6,8,8
1458,19806,17:02:30,1,,,,,,,,EXCLUDED,6,8,8
1458,19807,17:03:00,1,,,,,,,,EXCLUDED,6,8,8
1458,19808,17:03:30,1,,,,,,,,EXCLUDED,6,8,8
1458,19809,17:04:00,1,,,,,,,,EXCLUDED,6,8,8
1458,19810,17:04:30,1,,,,,,,,EXCLUDED,6,8,8
1458,19811,17:05:00,1,,,,,,,,EXCLUDED,6,8,8
1458,19812,17:05:30,1,,,,,,,,EXCLUDED,6,8,8
1458,19813,17:06:00,1,,,,,,,,EXCLUDED,6,8,8
1458,19814,17:06:30,1,,,,,,,,EXCLUDED,6,8,8
1458,19815,17:07:00,1,,,,,,,,EXCLUDED,6,8,8
1458,19816,17:07:30,1,,,,,,,,EXCLUDED,6,8,8
1458,19817,17:08:00,1,,,,,,,,EXCLUDED,6,8,8
1458,19818,17:08:30,1,,,,,,,,EXCLUDED,6,8,8
1458,19819,17:09:00,1,,,,,,,,EXCLUDED,6,8,8
1458,19820,17:09:30,1,,,,,,,,EXCLUDED,6,8,8
1458,19821,17:10:00,1,,,,,,,,EXCLUDED,6,8,8
1458,19822,17:10:30,1,,,,,,,,EXCLUDED,6,8,8
1458,19823,17:11:00,1,,,,,,,,EXCLUDED,6,8,8
1458,19824,17:11:30,1,,,,,,,,EXCLUDED,6,8,8
1458,19825,17:12:00,1,,,,,,,,EXCLUDED,6,8,8
1458,19826,17:12:30,1,,,,,,,,EXCLUDED,6,8,8
1458,19827,17:13:00,1,,,,,,,,EXCLUDED,6,8,8
1458,19828,17:13:30,1,,,,,,,,EXCLUDED,6,8,8
1458,19829,17:14:00,1,,,,,,,,EXCLUDED,6,8,8
1458,19830,17:14:30,1,,,,,,,,EXCLUDED,6,8,8
1458,19831,17:15:00,1,,,,,,,,EXCLUDED,6,8,8
1458,19832,17:15:30,1,,,,,,,,EXCLUDED,6,8,8
1458,19833,17:16:00,1,,,,,,,,EXCLUDED,6,8,8
1458,19834,17:16:30,1,,,,,,,,EXCLUDED,6,8,8
1458,19835,17:17:00,1,,,,,,,,EXCLUDED,6,8,8
1458,19836,17:17:30,1,,,,,,,,EXCLUDED,6,8,8
1458,19837,17:18:00,1,,,,,,,,EXCLUDED,6,8,8
1458,19838,17:18:30,1,,,,,,,,EXCLUDED,6,8,8
1458,19839,17:19:00,1,,,,,,,,EXCLUDED,6,8,8
1458,19840,17:19:30,1,,,,,,,,EXCLUDED,6,8,8
1458,19841,17:20:00,1,,,,,,,,EXCLUDED,6,8,8
1458,19842,17:20:30,1,,,,,,,,EXCLUDED,6,8,8
1458,19843,17:21:00,1,,,,,,,,EXCLUDED,6,8,8
1458,19844,17:21:30,1,,,,,,,,EXCLUDED,6,8,8
1458,19845,17:22:00,1,,,,,,,,EXCLUDED,6,8,8
1458,19846,17:22:30,1,,,,,,,,EXCLUDED,6,8,8
1458,19847,17:23:00,1,,,,,,,,EXCLUDED,6,8,8
1458,19848,17:23:30,1,,,,,,,,EXCLUDED,6,8,8
1458,19849,17:24:00,1,,,,,,,,EXCLUDED,6,8,8
1458,19850,17:24:30,1,,,,,,,,EXCLUDED,6,8,8
1458,19851,17:25:00,1,,,,,,,,EXCLUDED,6,8,8
1458,19852,17:25:30,1,,,,,,,,EXCLUDED,6,8,8
1458,19853,17:26:00,1,,,,,,,,EXCLUDED,6,8,8
1458,19854,17:26:30,1,,,,,,,,EXCLUDED,6,8,8
1458,19855,17:27:00,1,,,,,,,,EXCLUDED,6,8,8
1458,19856,17:27:30,1,,,,,,,,EXCLUDED,6,8,8
1458,19857,17:28:00,1,,,,,,,,EXCLUDED,6,8,8
1458,19858,17:28:30,1,,,,,,,,EXCLUDED,6,8,8
1458,19859,17:29:00,1,,,,,,,,EXCLUDED,6,8,8
1458,19860,17:29:30,1,,,,,,,,EXCLUDED,6,8,8
1458,19861,17:30:00,1,,,,,,,,EXCLUDED,6,8,8
1458,19862,17:30:30,1,,,,,,,,EXCLUDED,6,8,8
1458,19863,17:31:00,1,,,,,,,,EXCLUDED,6,8,8
1458,19864,17:31:30,1,,,,,,,,EXCLUDED,6,8,8
1458,19865,17:32:00,1,,,,,,,,EXCLUDED,6,8,8
1458,19866,17:32:30,1,,,,,,,,EXCLUDED,6,8,8
1458,19867,17:33:00,1,,,,,,,,EXCLUDED,6,8,8
1458,19868,17:33:30,1,,,,,,,,EXCLUDED,6,8,8
1458,19869,17:34:00,1,,,,,,,,EXCLUDED,6,8,8
1458,19870,17:34:30,1,,,,,,,,EXCLUDED,6,8,8
1458,19871,17:35:00,1,,,,,,,,EXCLUDED,6,8,8
1458,19872,17:35:30,1,,,,,,,,EXCLUDED,6,8,8
1458,19873,17:36:00,1,,,,,,,,EXCLUDED,6,8,8
1458,19874,17:36:30,1,,,,,,,,EXCLUDED,6,8,8
1458,19875,17:37:00,1,,,,,,,,EXCLUDED,6,8,8
1458,19876,17:37:30,1,,,,,,,,EXCLUDED,6,8,8
1458,19877,17:38:00,1,,,,,,,,EXCLUDED,6,8,8
1458,19878,17:38:30,1,,,,,,,,EXCLUDED,6,8,8
1458,19879,17:39:00,1,,,,,,,,EXCLUDED,6,8,8
1458,19880,17:39:30,1,,,,,,,,EXCLUDED,6,8,8
1458,19881,17:40:00,1,,,,,,,,EXCLUDED,6,8,8
1458,19882,17:40:30,1,,,,,,,,EXCLUDED,6,8,8
1458,19883,17:41:00,1,,,,,,,,EXCLUDED,6,8,8
1458,19884,17:41:30,1,,,,,,,,EXCLUDED,6,8,8
1458,19885,17:42:00,1,,,,,,,,EXCLUDED,6,8,8
1458,19886,17:42:30,1,,,,,,,,EXCLUDED,6,8,8
1458,19887,17:43:00,1,,,,,,,,EXCLUDED,6,8,8
1458,19888,17:43:30,1,,,,,,,,EXCLUDED,6,8,8
1458,19889,17:44:00,1,,,,,,,,EXCLUDED,6,8,8
1458,19890,17:44:30,1,,,,,,,,EXCLUDED,6,8,8
1458,19891,17:45:00,1,,,,,,,,EXCLUDED,6,8,8
1458,19892,17:45:30,1,,,,,,,,EXCLUDED,6,8,8
1458,19893,17:46:00,1,,,,,,,,EXCLUDED,6,8,8
1458,19894,17:46:30,1,,,,,,,,EXCLUDED,6,8,8
1458,19895,17:47:00,1,,,,,,,,EXCLUDED,6,8,8
1458,19896,17:47:30,1,,,,,,,,EXCLUDED,6,8,8
1458,19897,17:48:00,1,,,,,,,,EXCLUDED,6,8,8
1458,19898,17:48:30,1,,,,,,,,EXCLUDED,6,8,8
1458,19899,17:49:00,1,,,,,,,,EXCLUDED,6,8,8
1458,19900,17:49:30,1,,,,,,,,EXCLUDED,6,8,8
1458,19901,17:50:00,1,,,,,,,,EXCLUDED,6,8,8
1458,19902,17:50:30,1,,,,,,,,EXCLUDED,6,8,8
1458,19903,17:51:00,1,,,,,,,,EXCLUDED,6,8,8
1458,19904,17:51:30,1,,,,,,,,EXCLUDED,6,8,8
1458,19905,17:52:00,1,,,,,,,,EXCLUDED,6,8,8
1458,19906,17:52:30,1,,,,,,,,EXCLUDED,6,8,8
1458,19907,17:53:00,1,,,,,,,,EXCLUDED,6,8,8
1458,19908,17:53:30,1,,,,,,,,EXCLUDED,6,8,8
1458,19909,17:54:00,1,,,,,,,,EXCLUDED,6,8,8
1458,19910,17:54:30,1,,,,,,,,EXCLUDED,6,8,8
1458,19911,17:55:00,1,,,,,,,,EXCLUDED,6,8,8
1458,19912,17:55:30,1,,,,,,,,EXCLUDED,6,8,8
1458,19913,17:56:00,1,,,,,,,,EXCLUDED,6,8,8
1458,19914,17:56:30,1,,,,,,,,EXCLUDED,6,8,8
1458,19915,17:57:00,1,,,,,,,,EXCLUDED,6,8,8
1458,19916,17:57:30,1,,,,,,,,EXCLUDED,6,8,8
1458,19917,17:58:00,1,,,,,,,,EXCLUDED,6,8,8
1458,19918,17:58:30,1,,,,,,,,EXCLUDED,6,8,8
1458,19919,17:59:00,1,,,,,,,,EXCLUDED,6,8,8
1458,19920,17:59:30,1,,,,,,,,EXCLUDED,6,8,8
1458,19921,18:00:00,1,,,,,,,,EXCLUDED,6,8,8
1458,19922,18:00:30,1,,,,,,,,EXCLUDED,6,8,8
1458,19923,18:01:00,1,,,,,,,,EXCLUDED,6,8,8
1458,19924,18:01:30,1,,,,,,,,EXCLUDED,6,8,8
1458,19925,18:02:00,1,,,,,,,,EXCLUDED,6,8,8
1458,19926,18:02:30,1,,,,,,,,EXCLUDED,6,8,8
1458,19927,18:03:00,1,,,,,,,,EXCLUDED,6,8,8
1458,19928,18:03:30,1,,,,,,,,EXCLUDED,6,8,8
1458,19929,18:04:00,1,,,,,,,,EXCLUDED,6,8,8
1458,19930,18:04:30,1,,,,,,,,EXCLUDED,6,8,8
1458,19931,18:05:00,1,,,,,,,,EXCLUDED,6,8,8
1458,19932,18:05:30,1,,,,,,,,EXCLUDED,6,8,8
1458,19933,18:06:00,1,,,,,,,,EXCLUDED,6,8,8
1458,19934,18:06:30,1,,,,,,,,EXCLUDED,6,8,8
1458,19935,18:07:00,1,,,,,,,,EXCLUDED,6,8,8
1458,19936,18:07:30,1,,,,,,,,EXCLUDED,6,8,8
1458,19937,18:08:00,1,,,,,,,,EXCLUDED,6,8,8
1458,19938,18:08:30,1,,,,,,,,EXCLUDED,6,8,8
1458,19939,18:09:00,1,,,,,,,,EXCLUDED,6,8,8
1458,19940,18:09:30,1,,,,,,,,EXCLUDED,6,8,8
1458,19941,18:10:00,1,,,,,,,,EXCLUDED,6,8,8
1458,19942,18:10:30,1,,,,,,,,EXCLUDED,6,8,8
1458,19943,18:11:00,1,,,,,,,,EXCLUDED,6,8,8
1458,19944,18:11:30,1,,,,,,,,EXCLUDED,6,8,8
1458,19945,18:12:00,1,,,,,,,,EXCLUDED,6,8,8
1458,19946,18:12:30,1,,,,,,,,EXCLUDED,6,8,8
1458,19947,18:13:00,1,,,,,,,,EXCLUDED,6,8,8
1458,19948,18:13:30,1,,,,,,,,EXCLUDED,6,8,8
1458,19949,18:14:00,1,,,,,,,,EXCLUDED,6,8,8
1458,19950,18:14:30,1,,,,,,,,EXCLUDED,6,8,8
1458,19951,18:15:00,1,,,,,,,,EXCLUDED,6,8,8
1458,19952,18:15:30,1,,,,,,,,EXCLUDED,6,8,8
1458,19953,18:16:00,1,,,,,,,,EXCLUDED,6,8,8
1458,19954,18:16:30,1,,,,,,,,EXCLUDED,6,8,8
1458,19955,18:17:00,1,,,,,,,,EXCLUDED,6,8,8
1458,19956,18:17:30,1,,,,,,,,EXCLUDED,6,8,8
1458,19957,18:18:00,1,,,,,,,,EXCLUDED,6,8,8
1458,19958,18:18:30,1,,,,,,,,EXCLUDED,6,8,8
1458,19959,18:19:00,1,,,,,,,,EXCLUDED,6,8,8
1458,19960,18:19:30,1,,,,,,,,EXCLUDED,6,8,8
1458,19961,18:20:00,1,,,,,,,,EXCLUDED,6,8,8
1458,19962,18:20:30,1,,,,,,,,EXCLUDED,6,8,8
1458,19963,18:21:00,1,,,,,,,,EXCLUDED,6,8,8
1458,19964,18:21:30,1,,,,,,,,EXCLUDED,6,8,8
1458,19965,18:22:00,1,,,,,,,,EXCLUDED,6,8,8
1458,19966,18:22:30,1,,,,,,,,EXCLUDED,6,8,8
1458,19967,18:23:00,1,,,,,,,,EXCLUDED,6,8,8
1458,19968,18:23:30,1,,,,,,,,EXCLUDED,6,8,8
1458,19969,18:24:00,1,,,,,,,,EXCLUDED,6,8,8
1458,19970,18:24:30,1,,,,,,,,EXCLUDED,6,8,8
1458,19971,18:25:00,1,,,,,,,,EXCLUDED,6,8,8
1458,19972,18:25:30,1,,,,,,,,EXCLUDED,6,8,8
1458,19973,18:26:00,1,,,,,,,,EXCLUDED,6,8,8
1458,19974,18:26:30,1,,,,,,,,EXCLUDED,6,8,8
1458,19975,18:27:00,1,,,,,,,,EXCLUDED,6,8,8
1458,19976,18:27:30,1,,,,,,,,EXCLUDED,6,8,8
1458,19977,18:28:00,1,,,,,,,,EXCLUDED,6,8,8
1458,19978,18:28:30,1,,,,,,,,EXCLUDED,6,8,8
1458,19979,18:29:00,1,,,,,,,,EXCLUDED,6,8,8
1458,19980,18:29:30,1,,,,,,,,EXCLUDED,6,8,8
1458,19981,18:30:00,1,,,,,,,,EXCLUDED,6,8,8
1458,19982,18:30:30,1,,,,,,,,EXCLUDED,6,8,8
1458,19983,18:31:00,1,,,,,,,,EXCLUDED,6,8,8
1458,19984,18:31:30,1,,,,,,,,EXCLUDED,6,8,8
1458,19985,18:32:00,1,,,,,,,,EXCLUDED,6,8,8
1458,19986,18:32:30,1,,,,,,,,EXCLUDED,6,8,8
1458,19987,18:33:00,1,,,,,,,,EXCLUDED,6,8,8
1458,19988,18:33:30,1,,,,,,,,EXCLUDED,6,8,8
1458,19989,18:34:00,1,,,,,,,,EXCLUDED,6,8,8
1458,19990,18:34:30,1,,,,,,,,EXCLUDED,6,8,8
1458,19991,18:35:00,1,,,,,,,,EXCLUDED,6,8,8
1458,19992,18:35:30,1,,,,,,,,EXCLUDED,6,8,8
1458,19993,18:36:00,1,,,,,,,,EXCLUDED,6,8,8
1458,19994,18:36:30,1,,,,,,,,EXCLUDED,6,8,8
1458,19995,18:37:00,1,,,,,,,,EXCLUDED,6,8,8
1458,19996,18:37:30,1,,,,,,,,EXCLUDED,6,8,8
1458,19997,18:38:00,1,,,,,,,,EXCLUDED,6,8,8
1458,19998,18:38:30,1,,,,,,,,EXCLUDED,6,8,8
1458,19999,18:39:00,1,,,,,,,,EXCLUDED,6,8,8
1458,20000,18:39:30,1,,,,,,,,EXCLUDED,6,8,8
1458,20001,18:40:00,1,,,,,,,,EXCLUDED,6,8,8
1458,20002,18:40:30,1,,,,,,,,EXCLUDED,6,8,8
1458,20003,18:41:00,1,,,,,,,,EXCLUDED,6,8,8
1458,20004,18:41:30,1,,,,,,,,EXCLUDED,6,8,8
1458,20005,18:42:00,1,,,,,,,,EXCLUDED,6,8,8
1458,20006,18:42:30,1,,,,,,,,EXCLUDED,6,8,8
1458,20007,18:43:00,1,,,,,,,,EXCLUDED,6,8,8
1458,20008,18:43:30,1,,,,,,,,EXCLUDED,6,8,8
1458,20009,18:44:00,1,,,,,,,,EXCLUDED,6,8,8
1458,20010,18:44:30,1,,,,,,,,EXCLUDED,6,8,8
1458,20011,18:45:00,1,,,,,,,,EXCLUDED,6,8,8
1458,20012,18:45:30,1,,,,,,,,EXCLUDED,6,8,8
1458,20013,18:46:00,1,,,,,,,,EXCLUDED,6,8,8
1458,20014,18:46:30,1,,,,,,,,EXCLUDED,6,8,8
1458,20015,18:47:00,1,,,,,,,,EXCLUDED,6,8,8
1458,20016,18:47:30,1,,,,,,,,EXCLUDED,6,8,8
1458,20017,18:48:00,1,,,,,,,,EXCLUDED,6,8,8
1458,20018,18:48:30,1,,,,,,,,EXCLUDED,6,8,8
1458,20019,18:49:00,1,,,,,,,,EXCLUDED,6,8,8
1458,20020,18:49:30,1,,,,,,,,EXCLUDED,6,8,8
1458,20021,18:50:00,1,,,,,,,,EXCLUDED,6,8,8
1458,20022,18:50:30,1,,,,,,,,EXCLUDED,6,8,8
1458,20023,18:51:00,1,,,,,,,,EXCLUDED,6,8,8
1458,20024,18:51:30,1,,,,,,,,EXCLUDED,6,8,8
1458,20025,18:52:00,1,,,,,,,,EXCLUDED,6,8,8
1458,20026,18:52:30,1,,,,,,,,EXCLUDED,6,8,8
1458,20027,18:53:00,1,,,,,,,,EXCLUDED,6,8,8
1458,20028,18:53:30,1,,,,,,,,EXCLUDED,6,8,8
1458,20029,18:54:00,1,,,,,,,,EXCLUDED,6,8,8
1458,20030,18:54:30,1,,,,,,,,EXCLUDED,6,8,8
1458,20031,18:55:00,1,,,,,,,,EXCLUDED,6,8,8
1458,20032,18:55:30,1,,,,,,,,EXCLUDED,6,8,8
1458,20033,18:56:00,1,,,,,,,,EXCLUDED,6,8,8
1458,20034,18:56:30,1,,,,,,,,EXCLUDED,6,8,8
1458,20035,18:57:00,1,,,,,,,,EXCLUDED,6,8,8
1458,20036,18:57:30,1,,,,,,,,EXCLUDED,6,8,8
1458,20037,18:58:00,1,,,,,,,,EXCLUDED,6,8,8
1458,20038,18:58:30,1,,,,,,,,EXCLUDED,6,8,8
1458,20039,18:59:00,1,,,,,,,,EXCLUDED,6,8,8
1458,20040,18:59:30,1,,,,,,,,EXCLUDED,6,8,8
1458,20041,19:00:00,1,,,,,,,,EXCLUDED,6,8,8
1458,20042,19:00:30,1,,,,,,,,EXCLUDED,6,8,8
1458,20043,19:01:00,1,,,,,,,,EXCLUDED,6,8,8
1458,20044,19:01:30,1,,,,,,,,EXCLUDED,6,8,8
1458,20045,19:02:00,1,,,,,,,,EXCLUDED,6,8,8
1458,20046,19:02:30,1,,,,,,,,EXCLUDED,6,8,8
1458,20047,19:03:00,1,,,,,,,,EXCLUDED,6,8,8
1458,20048,19:03:30,1,,,,,,,,EXCLUDED,6,8,8
1458,20049,19:04:00,1,,,,,,,,EXCLUDED,6,8,8
1458,20050,19:04:30,1,,,,,,,,EXCLUDED,6,8,8
1458,20051,19:05:00,1,,,,,,,,EXCLUDED,6,8,8
1458,20052,19:05:30,1,,,,,,,,EXCLUDED,6,8,8
1458,20053,19:06:00,1,,,,,,,,EXCLUDED,6,8,8
1458,20054,19:06:30,1,,,,,,,,EXCLUDED,6,8,8
1458,20055,19:07:00,1,,,,,,,,EXCLUDED,6,8,8
1458,20056,19:07:30,1,,,,,,,,EXCLUDED,6,8,8
1458,20057,19:08:00,1,,,,,,,,EXCLUDED,6,8,8
1458,20058,19:08:30,1,,,,,,,,EXCLUDED,6,8,8
1458,20059,19:09:00,1,,,,,,,,EXCLUDED,6,8,8
1458,20060,19:09:30,1,,,,,,,,EXCLUDED,6,8,8
1458,20061,19:10:00,1,,,,,,,,EXCLUDED,6,8,8
1458,20062,19:10:30,1,,,,,,,,EXCLUDED,6,8,8
1458,20063,19:11:00,1,,,,,,,,EXCLUDED,6,8,8
1458,20064,19:11:30,1,,,,,,,,EXCLUDED,6,8,8
1458,20065,19:12:00,1,,,,,,,,EXCLUDED,6,8,8
1458,20066,19:12:30,1,,,,,,,,EXCLUDED,6,8,8
1458,20067,19:13:00,1,,,,,,,,EXCLUDED,6,8,8
1458,20068,19:13:30,1,,,,,,,,EXCLUDED,6,8,8
1458,20069,19:14:00,1,,,,,,,,EXCLUDED,6,8,8
1458,20070,19:14:30,1,,,,,,,,EXCLUDED,6,8,8
1458,20071,19:15:00,1,,,,,,,,EXCLUDED,6,8,8
1458,20072,19:15:30,1,,,,,,,,EXCLUDED,6,8,8
1458,20073,19:16:00,1,,,,,,,,EXCLUDED,6,8,8
1458,20074,19:16:30,1,,,,,,,,EXCLUDED,6,8,8
1458,20075,19:17:00,1,,,,,,,,EXCLUDED,6,8,8
1458,20076,19:17:30,1,,,,,,,,EXCLUDED,6,8,8
1458,20077,19:18:00,1,,,,,,,,EXCLUDED,6,8,8
1458,20078,19:18:30,1,,,,,,,,EXCLUDED,6,8,8
1458,20079,19:19:00,1,,,,,,,,EXCLUDED,6,8,8
1458,20080,19:19:30,1,,,,,,,,EXCLUDED,6,8,8
1458,20081,19:20:00,1,,,,,,,,EXCLUDED,6,8,8
1458,20082,19:20:30,1,,,,,,,,EXCLUDED,6,8,8
1458,20083,19:21:00,1,,,,,,,,EXCLUDED,6,8,8
1458,20084,19:21:30,1,,,,,,,,EXCLUDED,6,8,8
1458,20085,19:22:00,1,,,,,,,,EXCLUDED,6,8,8
1458,20086,19:22:30,1,,,,,,,,EXCLUDED,6,8,8
1458,20087,19:23:00,1,,,,,,,,EXCLUDED,6,8,8
1458,20088,19:23:30,1,,,,,,,,EXCLUDED,6,8,8
1458,20089,19:24:00,1,,,,,,,,EXCLUDED,6,8,8
1458,20090,19:24:30,1,,,,,,,,EXCLUDED,6,8,8
1458,20091,19:25:00,1,,,,,,,,EXCLUDED,6,8,8
1458,20092,19:25:30,1,,,,,,,,EXCLUDED,6,8,8
1458,20093,19:26:00,1,,,,,,,,EXCLUDED,6,8,8
1458,20094,19:26:30,1,,,,,,,,EXCLUDED,6,8,8
1458,20095,19:27:00,1,,,,,,,,EXCLUDED,6,8,8
1458,20096,19:27:30,1,,,,,,,,EXCLUDED,6,8,8
1458,20097,19:28:00,1,,,,,,,,EXCLUDED,6,8,8
1458,20098,19:28:30,1,,,,,,,,EXCLUDED,6,8,8
1458,20099,19:29:00,1,,,,,,,,EXCLUDED,6,8,8
1458,20100,19:29:30,1,,,,,,,,EXCLUDED,6,8,8
1458,20101,19:30:00,1,,,,,,,,EXCLUDED,6,8,8
1458,20102,19:30:30,1,,,,,,,,EXCLUDED,6,8,8
1458,20103,19:31:00,1,,,,,,,,EXCLUDED,6,8,8
1458,20104,19:31:30,1,,,,,,,,EXCLUDED,6,8,8
1458,20105,19:32:00,1,,,,,,,,EXCLUDED,6,8,8
1458,20106,19:32:30,1,,,,,,,,EXCLUDED,6,8,8
1458,20107,19:33:00,1,,,,,,,,EXCLUDED,6,8,8
1458,20108,19:33:30,1,,,,,,,,EXCLUDED,6,8,8
1458,20109,19:34:00,1,,,,,,,,EXCLUDED,6,8,8
1458,20110,19:34:30,1,,,,,,,,EXCLUDED,6,8,8
1458,20111,19:35:00,1,,,,,,,,EXCLUDED,6,8,8
1458,20112,19:35:30,1,,,,,,,,EXCLUDED,6,8,8
1458,20113,19:36:00,1,,,,,,,,EXCLUDED,6,8,8
1458,20114,19:36:30,1,,,,,,,,EXCLUDED,6,8,8
1458,20115,19:37:00,1,,,,,,,,EXCLUDED,6,8,8
1458,20116,19:37:30,1,,,,,,,,EXCLUDED,6,8,8
1458,20117,19:38:00,1,,,,,,,,EXCLUDED,6,8,8
1458,20118,19:38:30,1,,,,,,,,EXCLUDED,6,8,8
1458,20119,19:39:00,1,,,,,,,,EXCLUDED,6,8,8
1458,20120,19:39:30,1,,,,,,,,EXCLUDED,6,8,8
1458,20121,19:40:00,1,,,,,,,,EXCLUDED,6,8,8
1458,20122,19:40:30,1,,,,,,,,EXCLUDED,6,8,8
1458,20123,19:41:00,1,,,,,,,,EXCLUDED,6,8,8
1458,20124,19:41:30,1,,,,,,,,EXCLUDED,6,8,8
1458,20125,19:42:00,1,,,,,,,,EXCLUDED,6,8,8
1458,20126,19:42:30,1,,,,,,,,EXCLUDED,6,8,8
1458,20127,19:43:00,1,,,,,,,,EXCLUDED,6,8,8
1458,20128,19:43:30,1,,,,,,,,EXCLUDED,6,8,8
1458,20129,19:44:00,1,,,,,,,,EXCLUDED,6,8,8
1458,20130,19:44:30,1,,,,,,,,EXCLUDED,6,8,8
1458,20131,19:45:00,1,,,,,,,,EXCLUDED,6,8,8
1458,20132,19:45:30,1,,,,,,,,EXCLUDED,6,8,8
1458,20133,19:46:00,1,,,,,,,,EXCLUDED,6,8,8
1458,20134,19:46:30,1,,,,,,,,EXCLUDED,6,8,8
1458,20135,19:47:00,1,,,,,,,,EXCLUDED,6,8,8
1458,20136,19:47:30,1,,,,,,,,EXCLUDED,6,8,8
1458,20137,19:48:00,1,,,,,,,,EXCLUDED,6,8,8
1458,20138,19:48:30,1,,,,,,,,EXCLUDED,6,8,8
1458,20139,19:49:00,1,,,,,,,,EXCLUDED,6,8,8
1458,20140,19:49:30,1,,,,,,,,EXCLUDED,6,8,8
1458,20141,19:50:00,1,,,,,,,,EXCLUDED,6,8,8
1458,20142,19:50:30,1,,,,,,,,EXCLUDED,6,8,8
1458,20143,19:51:00,1,,,,,,,,EXCLUDED,6,8,8
1458,20144,19:51:30,1,,,,,,,,EXCLUDED,6,8,8
1458,20145,19:52:00,1,,,,,,,,EXCLUDED,6,8,8
1458,20146,19:52:30,1,,,,,,,,EXCLUDED,6,8,8
1458,20147,19:53:00,1,,,,,,,,EXCLUDED,6,8,8
1458,20148,19:53:30,1,,,,,,,,EXCLUDED,6,8,8
1458,20149,19:54:00,1,,,,,,,,EXCLUDED,6,8,8
1458,20150,19:54:30,1,,,,,,,,EXCLUDED,6,8,8
1458,20151,19:55:00,1,,,,,,,,EXCLUDED,6,8,8
1458,20152,19:55:30,1,,,,,,,,EXCLUDED,6,8,8
1458,20153,19:56:00,1,,,,,,,,EXCLUDED,6,8,8
1458,20154,19:56:30,1,,,,,,,,EXCLUDED,6,8,8
1458,20155,19:57:00,1,,,,,,,,EXCLUDED,6,8,8
1458,20156,19:57:30,1,,,,,,,,EXCLUDED,6,8,8
1458,20157,19:58:00,1,,,,,,,,EXCLUDED,6,8,8
1458,20158,19:58:30,1,,,,,,,,EXCLUDED,6,8,8
1458,20159,19:59:00,1,,,,,,,,EXCLUDED,6,8,8
1458,20160,19:59:30,1,,,,,,,,EXCLUDED,6,8,8
1458,20161,20:00:00,1,,,,,,,,EXCLUDED,6,8,8
1458,20162,20:00:30,1,,,,,,,,EXCLUDED,6,8,8
1458,20163,20:01:00,1,,,,,,,,EXCLUDED,6,8,8
1458,20164,20:01:30,1,,,,,,,,EXCLUDED,6,8,8
1458,20165,20:02:00,1,,,,,,,,EXCLUDED,6,8,8
1458,20166,20:02:30,1,,,,,,,,EXCLUDED,6,8,8
1458,20167,20:03:00,1,,,,,,,,EXCLUDED,6,8,8
1458,20168,20:03:30,1,,,,,,,,EXCLUDED,6,8,8
1458,20169,20:04:00,1,,,,,,,,EXCLUDED,6,8,8
1458,20170,20:04:30,1,,,,,,,,EXCLUDED,6,8,8
1458,20171,20:05:00,1,,,,,,,,EXCLUDED,6,8,8
1458,20172,20:05:30,1,,,,,,,,EXCLUDED,6,8,8
1458,20173,20:06:00,1,,,,,,,,EXCLUDED,6,8,8
1458,20174,20:06:30,1,,,,,,,,EXCLUDED,6,8,8
1458,20175,20:07:00,1,,,,,,,,EXCLUDED,6,8,8
1458,20176,20:07:30,1,,,,,,,,EXCLUDED,6,8,8
1458,20177,20:08:00,1,,,,,,,,EXCLUDED,6,8,8
1458,20178,20:08:30,1,,,,,,,,EXCLUDED,6,8,8
1458,20179,20:09:00,1,,,,,,,,EXCLUDED,6,8,8
1458,20180,20:09:30,1,,,,,,,,EXCLUDED,6,8,8
1458,20181,20:10:00,1,,,,,,,,EXCLUDED,6,8,8
1458,20182,20:10:30,1,,,,,,,,EXCLUDED,6,8,8
1458,20183,20:11:00,1,,,,,,,,EXCLUDED,6,8,8
1458,20184,20:11:30,1,,,,,,,,EXCLUDED,6,8,8
1458,20185,20:12:00,1,,,,,,,,EXCLUDED,6,8,8
1458,20186,20:12:30,1,,,,,,,,EXCLUDED,6,8,8
1458,20187,20:13:00,1,,,,,,,,EXCLUDED,6,8,8
1458,20188,20:13:30,1,,,,,,,,EXCLUDED,6,8,8
1458,20189,20:14:00,1,,,,,,,,EXCLUDED,6,8,8
1458,20190,20:14:30,1,,,,,,,,EXCLUDED,6,8,8
1458,20191,20:15:00,1,,,,,,,,EXCLUDED,6,8,8
1458,20192,20:15:30,1,,,,,,,,EXCLUDED,6,8,8
1458,20193,20:16:00,1,,,,,,,,EXCLUDED,6,8,8
1458,20194,20:16:30,1,,,,,,,,EXCLUDED,6,8,8
1458,20195,20:17:00,1,,,,,,,,EXCLUDED,6,8,8
1458,20196,20:17:30,1,,,,,,,,EXCLUDED,6,8,8
1458,20197,20:18:00,1,,,,,,,,EXCLUDED,6,8,8
1458,20198,20:18:30,1,,,,,,,,EXCLUDED,6,8,8
1458,20199,20:19:00,1,,,,,,,,EXCLUDED,6,8,8
1458,20200,20:19:30,1,,,,,,,,EXCLUDED,6,8,8
1458,20201,20:20:00,1,,,,,,,,EXCLUDED,6,8,8
1458,20202,20:20:30,1,,,,,,,,EXCLUDED,6,8,8
1458,20203,20:21:00,1,,,,,,,,EXCLUDED,6,8,8
1458,20204,20:21:30,1,,,,,,,,EXCLUDED,6,8,8
1458,20205,20:22:00,1,,,,,,,,EXCLUDED,6,8,8
1458,20206,20:22:30,1,,,,,,,,EXCLUDED,6,8,8
1458,20207,20:23:00,1,,,,,,,,EXCLUDED,6,8,8
1458,20208,20:23:30,1,,,,,,,,EXCLUDED,6,8,8
1458,20209,20:24:00,1,,,,,,,,EXCLUDED,6,8,8
1458,20210,20:24:30,1,,,,,,,,EXCLUDED,6,8,8
1458,20211,20:25:00,1,,,,,,,,EXCLUDED,6,8,8
1458,20212,20:25:30,1,,,,,,,,EXCLUDED,6,8,8
1458,20213,20:26:00,1,,,,,,,,EXCLUDED,6,8,8
1458,20214,20:26:30,1,,,,,,,,EXCLUDED,6,8,8
1458,20215,20:27:00,1,,,,,,,,EXCLUDED,6,8,8
1458,20216,20:27:30,1,,,,,,,,EXCLUDED,6,8,8
1458,20217,20:28:00,1,,,,,,,,EXCLUDED,6,8,8
1458,20218,20:28:30,1,,,,,,,,EXCLUDED,6,8,8
1458,20219,20:29:00,1,,,,,,,,EXCLUDED,6,8,8
1458,20220,20:29:30,1,,,,,,,,EXCLUDED,6,8,8
1458,20221,20:30:00,1,,,,,,,,EXCLUDED,6,8,8
1458,20222,20:30:30,1,,,,,,,,EXCLUDED,6,8,8
1458,20223,20:31:00,1,,,,,,,,EXCLUDED,6,8,8
1458,20224,20:31:30,1,,,,,,,,EXCLUDED,6,8,8
1458,20225,20:32:00,1,,,,,,,,EXCLUDED,6,8,8
1458,20226,20:32:30,1,,,,,,,,EXCLUDED,6,8,8
1458,20227,20:33:00,1,,,,,,,,EXCLUDED,6,8,8
1458,20228,20:33:30,1,,,,,,,,EXCLUDED,6,8,8
1458,20229,20:34:00,1,,,,,,,,EXCLUDED,6,8,8
1458,20230,20:34:30,1,,,,,,,,EXCLUDED,6,8,8
1458,20231,20:35:00,1,,,,,,,,EXCLUDED,6,8,8
1458,20232,20:35:30,1,,,,,,,,EXCLUDED,6,8,8
1458,20233,20:36:00,1,,,,,,,,EXCLUDED,6,8,8
1458,20234,20:36:30,1,,,,,,,,EXCLUDED,6,8,8
1458,20235,20:37:00,1,,,,,,,,EXCLUDED,6,8,8
1458,20236,20:37:30,1,,,,,,,,EXCLUDED,6,8,8
1458,20237,20:38:00,1,,,,,,,,EXCLUDED,6,8,8
1458,20238,20:38:30,1,,,,,,,,EXCLUDED,6,8,8
1458,20239,20:39:00,1,,,,,,,,EXCLUDED,6,8,8
1458,20240,20:39:30,1,,,,,,,,EXCLUDED,6,8,8
1458,20241,20:40:00,1,,,,,,,,EXCLUDED,6,8,8
1458,20242,20:40:30,1,,,,,,,,EXCLUDED,6,8,8
1458,20243,20:41:00,1,,,,,,,,EXCLUDED,6,8,8
1458,20244,20:41:30,1,,,,,,,,EXCLUDED,6,8,8
1458,20245,20:42:00,1,,,,,,,,EXCLUDED,6,8,8
1458,20246,20:42:30,1,,,,,,,,EXCLUDED,6,8,8
1458,20247,20:43:00,1,,,,,,,,EXCLUDED,6,8,8
1458,20248,20:43:30,1,,,,,,,,EXCLUDED,6,8,8
1458,20249,20:44:00,1,,,,,,,,EXCLUDED,6,8,8
1458,20250,20:44:30,1,,,,,,,,EXCLUDED,6,8,8
1458,20251,20:45:00,1,,,,,,,,EXCLUDED,6,8,8
1458,20252,20:45:30,1,,,,,,,,EXCLUDED,6,8,8
1458,20253,20:46:00,1,,,,,,,,EXCLUDED,6,8,8
1458,20254,20:46:30,1,,,,,,,,EXCLUDED,6,8,8
1458,20255,20:47:00,1,,,,,,,,EXCLUDED,6,8,8
1458,20256,20:47:30,1,,,,,,,,EXCLUDED,6,8,8
1458,20257,20:48:00,1,,,,,,,,EXCLUDED,6,8,8
1458,20258,20:48:30,1,,,,,,,,EXCLUDED,6,8,8
1458,20259,20:49:00,1,,,,,,,,EXCLUDED,6,8,8
1458,20260,20:49:30,1,,,,,,,,EXCLUDED,6,8,8
1458,20261,20:50:00,1,,,,,,,,EXCLUDED,6,8,8
1458,20262,20:50:30,1,,,,,,,,EXCLUDED,6,8,8
1458,20263,20:51:00,1,,,,,,,,EXCLUDED,6,8,8
1458,20264,20:51:30,1,,,,,,,,EXCLUDED,6,8,8
1458,20265,20:52:00,1,,,,,,,,EXCLUDED,6,8,8
1458,20266,20:52:30,1,,,,,,,,EXCLUDED,6,8,8
1458,20267,20:53:00,1,,,,,,,,EXCLUDED,6,8,8
1458,20268,20:53:30,1,,,,,,,,EXCLUDED,6,8,8
1458,20269,20:54:00,1,,,,,,,,EXCLUDED,6,8,8
1458,20270,20:54:30,1,,,,,,,,EXCLUDED,6,8,8
1458,20271,20:55:00,1,,,,,,,,EXCLUDED,6,8,8
1458,20272,20:55:30,1,,,,,,,,EXCLUDED,6,8,8
1458,20273,20:56:00,1,,,,,,,,EXCLUDED,6,8,8
1458,20274,20:56:30,1,,,,,,,,EXCLUDED,6,8,8
1458,20275,20:57:00,1,,,,,,,,EXCLUDED,6,8,8
1458,20276,20:57:30,1,,,,,,,,EXCLUDED,6,8,8
1458,20277,20:58:00,1,,,,,,,,EXCLUDED,6,8,8
1458,20278,20:58:30,1,,,,,,,,EXCLUDED,6,8,8
1458,20279,20:59:00,1,,,,,,,,EXCLUDED,6,8,8
1458,20280,20:59:30,1,,,,,,,,EXCLUDED,6,8,8
1458,20281,21:00:00,1,,,,,,,,EXCLUDED,6,8,8
1458,20282,21:00:30,1,,,,,,,,EXCLUDED,6,8,8
1458,20283,21:01:00,1,,,,,,,,EXCLUDED,6,8,8
1458,20284,21:01:30,1,,,,,,,,EXCLUDED,6,8,8
1458,20285,21:02:00,1,,,,,,,,EXCLUDED,6,8,8
1458,20286,21:02:30,1,,,,,,,,EXCLUDED,6,8,8
1458,20287,21:03:00,1,,,,,,,,EXCLUDED,6,8,8
1458,20288,21:03:30,1,,,,,,,,EXCLUDED,6,8,8
1458,20289,21:04:00,1,,,,,,,,EXCLUDED,6,8,8
1458,20290,21:04:30,1,,,,,,,,EXCLUDED,6,8,8
1458,20291,21:05:00,1,,,,,,,,EXCLUDED,6,8,8
1458,20292,21:05:30,1,,,,,,,,EXCLUDED,6,8,8
1458,20293,21:06:00,1,,,,,,,,EXCLUDED,6,8,8
1458,20294,21:06:30,1,,,,,,,,EXCLUDED,6,8,8
1458,20295,21:07:00,1,,,,,,,,EXCLUDED,6,8,8
1458,20296,21:07:30,1,,,,,,,,EXCLUDED,6,8,8
1458,20297,21:08:00,1,,,,,,,,EXCLUDED,6,8,8
1458,20298,21:08:30,1,,,,,,,,EXCLUDED,6,8,8
1458,20299,21:09:00,1,,,,,,,,EXCLUDED,6,8,8
1458,20300,21:09:30,1,,,,,,,,EXCLUDED,6,8,8
1458,20301,21:10:00,1,,,,,,,,EXCLUDED,6,8,8
1458,20302,21:10:30,1,,,,,,,,EXCLUDED,6,8,8
1458,20303,21:11:00,1,,,,,,,,EXCLUDED,6,8,8
1458,20304,21:11:30,1,,,,,,,,EXCLUDED,6,8,8
1458,20305,21:12:00,1,,,,,,,,EXCLUDED,6,8,8
1458,20306,21:12:30,1,,,,,,,,EXCLUDED,6,8,8
1458,20307,21:13:00,1,,,,,,,,EXCLUDED,6,8,8
1458,20308,21:13:30,1,,,,,,,,EXCLUDED,6,8,8
1458,20309,21:14:00,1,,,,,,,,EXCLUDED,6,8,8
1458,20310,21:14:30,1,,,,,,,,EXCLUDED,6,8,8
1458,20311,21:15:00,1,,,,,,,,EXCLUDED,6,8,8
1458,20312,21:15:30,1,,,,,,,,EXCLUDED,6,8,8
1458,20313,21:16:00,1,,,,,,,,EXCLUDED,6,8,8
1458,20314,21:16:30,1,,,,,,,,EXCLUDED,6,8,8
1458,20315,21:17:00,1,,,,,,,,EXCLUDED,6,8,8
1458,20316,21:17:30,1,,,,,,,,EXCLUDED,6,8,8
1458,20317,21:18:00,1,,,,,,,,EXCLUDED,6,8,8
1458,20318,21:18:30,1,,,,,,,,EXCLUDED,6,8,8
1458,20319,21:19:00,1,,,,,,,,EXCLUDED,6,8,8
1458,20320,21:19:30,1,,,,,,,,EXCLUDED,6,8,8
1458,20321,21:20:00,1,,,,,,,,EXCLUDED,6,8,8
1458,20322,21:20:30,1,,,,,,,,EXCLUDED,6,8,8
1458,20323,21:21:00,1,,,,,,,,EXCLUDED,6,8,8
1458,20324,21:21:30,1,,,,,,,,EXCLUDED,6,8,8
1458,20325,21:22:00,1,,,,,,,,EXCLUDED,6,8,8
1458,20326,21:22:30,1,,,,,,,,EXCLUDED,6,8,8
1458,20327,21:23:00,1,,,,,,,,EXCLUDED,6,8,8
1458,20328,21:23:30,1,,,,,,,,EXCLUDED,6,8,8
1458,20329,21:24:00,1,,,,,,,,EXCLUDED,6,8,8
1458,20330,21:24:30,1,,,,,,,,EXCLUDED,6,8,8
1458,20331,21:25:00,1,,,,,,,,EXCLUDED,6,8,8
1458,20332,21:25:30,1,,,,,,,,EXCLUDED,6,8,8
1458,20333,21:26:00,1,,,,,,,,EXCLUDED,6,8,8
1458,20334,21:26:30,1,,,,,,,,EXCLUDED,6,8,8
1458,20335,21:27:00,1,,,,,,,,EXCLUDED,6,8,8
1458,20336,21:27:30,1,,,,,,,,EXCLUDED,6,8,8
1458,20337,21:28:00,1,,,,,,,,EXCLUDED,6,8,8
1458,20338,21:28:30,1,,,,,,,,EXCLUDED,6,8,8
1458,20339,21:29:00,1,,,,,,,,EXCLUDED,6,8,8
1458,20340,21:29:30,1,,,,,,,,EXCLUDED,6,8,8
1458,20341,21:30:00,1,,,,,,,,EXCLUDED,6,8,8
1458,20342,21:30:30,1,,,,,,,,EXCLUDED,6,8,8
1458,20343,21:31:00,1,,,,,,,,EXCLUDED,6,8,8
1458,20344,21:31:30,1,,,,,,,,EXCLUDED,6,8,8
1458,20345,21:32:00,1,,,,,,,,EXCLUDED,6,8,8
1458,20346,21:32:30,1,,,,,,,,EXCLUDED,6,8,8
1458,20347,21:33:00,1,,,,,,,,EXCLUDED,6,8,8
1458,20348,21:33:30,1,,,,,,,,EXCLUDED,6,8,8
1458,20349,21:34:00,1,,,,,,,,EXCLUDED,6,8,8
1458,20350,21:34:30,1,,,,,,,,EXCLUDED,6,8,8
1458,20351,21:35:00,1,,,,,,,,EXCLUDED,6,8,8
1458,20352,21:35:30,1,,,,,,,,EXCLUDED,6,8,8
1458,20353,21:36:00,1,,,,,,,,EXCLUDED,6,8,8
1458,20354,21:36:30,1,,,,,,,,EXCLUDED,6,8,8
1458,20355,21:37:00,1,,,,,,,,EXCLUDED,6,8,8
1458,20356,21:37:30,1,,,,,,,,EXCLUDED,6,8,8
1458,20357,21:38:00,1,,,,,,,,EXCLUDED,6,8,8
1458,20358,21:38:30,1,,,,,,,,EXCLUDED,6,8,8
1458,20359,21:39:00,1,,,,,,,,EXCLUDED,6,8,8
1458,20360,21:39:30,1,,,,,,,,EXCLUDED,6,8,8
1458,20361,21:40:00,1,,,,,,,,EXCLUDED,6,8,8
1458,20362,21:40:30,1,,,,,,,,EXCLUDED,6,8,8
1458,20363,21:41:00,1,,,,,,,,EXCLUDED,6,8,8
1458,20364,21:41:30,1,,,,,,,,EXCLUDED,6,8,8
1458,20365,21:42:00,1,,,,,,,,EXCLUDED,6,8,8
1458,20366,21:42:30,1,,,,,,,,EXCLUDED,6,8,8
1458,20367,21:43:00,1,,,,,,,,EXCLUDED,6,8,8
1458,20368,21:43:30,1,,,,,,,,EXCLUDED,6,8,8
1458,20369,21:44:00,1,,,,,,,,EXCLUDED,6,8,8
1458,20370,21:44:30,1,,,,,,,,EXCLUDED,6,8,8
1458,20371,21:45:00,1,,,,,,,,EXCLUDED,6,8,8
1458,20372,21:45:30,1,,,,,,,,EXCLUDED,6,8,8
1458,20373,21:46:00,1,,,,,,,,EXCLUDED,6,8,8
1458,20374,21:46:30,1,,,,,,,,EXCLUDED,6,8,8
1458,20375,21:47:00,1,,,,,,,,EXCLUDED,6,8,8
1458,20376,21:47:30,1,,,,,,,,EXCLUDED,6,8,8
1458,20377,21:48:00,1,,,,,,,,EXCLUDED,6,8,8
1458,20378,21:48:30,1,,,,,,,,EXCLUDED,6,8,8
1458,20379,21:49:00,1,,,,,,,,EXCLUDED,6,8,8
1458,20380,21:49:30,1,,,,,,,,EXCLUDED,6,8,8
1458,20381,21:50:00,1,,,,,,,,EXCLUDED,6,8,8
1458,20382,21:50:30,1,,,,,,,,EXCLUDED,6,8,8
1458,20383,21:51:00,1,,,,,,,,EXCLUDED,6,8,8
1458,20384,21:51:30,1,,,,,,,,EXCLUDED,6,8,8
1458,20385,21:52:00,1,,,,,,,,EXCLUDED,6,8,8
1458,20386,21:52:30,1,,,,,,,,EXCLUDED,6,8,8
1458,20387,21:53:00,1,,,,,,,,EXCLUDED,6,8,8
1458,20388,21:53:30,1,,,,,,,,EXCLUDED,6,8,8
1458,20389,21:54:00,1,,,,,,,,EXCLUDED,6,8,8
1458,20390,21:54:30,1,,,,,,,,EXCLUDED,6,8,8
1458,20391,21:55:00,1,,,,,,,,EXCLUDED,6,8,8
1458,20392,21:55:30,1,,,,,,,,EXCLUDED,6,8,8
1458,20393,21:56:00,1,,,,,,,,EXCLUDED,6,8,8
1458,20394,21:56:30,1,,,,,,,,EXCLUDED,6,8,8
1458,20395,21:57:00,1,,,,,,,,EXCLUDED,6,8,8
1458,20396,21:57:30,1,,,,,,,,EXCLUDED,6,8,8
1458,20397,21:58:00,1,,,,,,,,EXCLUDED,6,8,8
1458,20398,21:58:30,1,,,,,,,,EXCLUDED,6,8,8
1458,20399,21:59:00,1,,,,,,,,EXCLUDED,6,8,8
1458,20400,21:59:30,1,,,,,,,,EXCLUDED,6,8,8
1458,20401,22:00:00,1,,,,,,,,EXCLUDED,6,8,8
1458,20402,22:00:30,1,,,,,,,,EXCLUDED,6,8,8
1458,20403,22:01:00,1,,,,,,,,EXCLUDED,6,8,8
1458,20404,22:01:30,1,,,,,,,,EXCLUDED,6,8,8
1458,20405,22:02:00,1,,,,,,,,EXCLUDED,6,8,8
1458,20406,22:02:30,1,,,,,,,,EXCLUDED,6,8,8
1458,20407,22:03:00,1,,,,,,,,EXCLUDED,6,8,8
1458,20408,22:03:30,1,,,,,,,,EXCLUDED,6,8,8
1458,20409,22:04:00,1,,,,,,,,EXCLUDED,6,8,8
1458,20410,22:04:30,1,,,,,,,,EXCLUDED,6,8,8
1458,20411,22:05:00,1,,,,,,,,EXCLUDED,6,8,8
1458,20412,22:05:30,1,,,,,,,,EXCLUDED,6,8,8
1458,20413,22:06:00,1,,,,,,,,EXCLUDED,6,8,8
1458,20414,22:06:30,1,,,,,,,,EXCLUDED,6,8,8
1458,20415,22:07:00,1,,,,,,,,EXCLUDED,6,8,8
1458,20416,22:07:30,1,,,,,,,,EXCLUDED,6,8,8
1458,20417,22:08:00,1,,,,,,,,EXCLUDED,6,8,8
1458,20418,22:08:30,1,,,,,,,,EXCLUDED,6,8,8
1458,20419,22:09:00,1,,,,,,,,EXCLUDED,6,8,8
1458,20420,22:09:30,1,,,,,,,,EXCLUDED,6,8,8
1458,20421,22:10:00,1,,,,,,,,EXCLUDED,6,8,8
1458,20422,22:10:30,1,,,,,,,,EXCLUDED,6,8,8
1458,20423,22:11:00,1,,,,,,,,EXCLUDED,6,8,8
1458,20424,22:11:30,1,,,,,,,,EXCLUDED,6,8,8
1458,20425,22:12:00,1,,,,,,,,EXCLUDED,6,8,8
1458,20426,22:12:30,1,,,,,,,,EXCLUDED,6,8,8
1458,20427,22:13:00,1,,,,,,,,EXCLUDED,6,8,8
1458,20428,22:13:30,1,,,,,,,,EXCLUDED,6,8,8
1458,20429,22:14:00,1,,,,,,,,EXCLUDED,6,8,8
1458,20430,22:14:30,1,,,,,,,,EXCLUDED,6,8,8
1458,20431,22:15:00,1,,,,,,,,EXCLUDED,6,8,8
1458,20432,22:15:30,1,,,,,,,,EXCLUDED,6,8,8
1458,20433,22:16:00,1,,,,,,,,EXCLUDED,6,8,8
1458,20434,22:16:30,1,,,,,,,,EXCLUDED,6,8,8
1458,20435,22:17:00,1,,,,,,,,EXCLUDED,6,8,8
1458,20436,22:17:30,1,,,,,,,,EXCLUDED,6,8,8
1458,20437,22:18:00,1,,,,,,,,EXCLUDED,6,8,8
1458,20438,22:18:30,1,,,,,,,,EXCLUDED,6,8,8
1458,20439,22:19:00,1,,,,,,,,EXCLUDED,6,8,8
1458,20440,22:19:30,1,,,,,,,,EXCLUDED,6,8,8
1458,20441,22:20:00,1,,,,,,,,EXCLUDED,6,8,8
1458,20442,22:20:30,1,,,,,,,,EXCLUDED,6,8,8
1458,20443,22:21:00,1,,,,,,,,EXCLUDED,6,8,8
1458,20444,22:21:30,1,,,,,,,,EXCLUDED,6,8,8
1458,20445,22:22:00,1,,,,,,,,EXCLUDED,6,8,8
1458,20446,22:22:30,1,,,,,,,,EXCLUDED,6,8,8
1458,20447,22:23:00,1,,,,,,,,EXCLUDED,6,8,8
1458,20448,22:23:30,1,,,,,,,,EXCLUDED,6,8,8
1458,20449,22:24:00,1,,,,,,,,EXCLUDED,6,8,8
1458,20450,22:24:30,1,,,,,,,,EXCLUDED,6,8,8
1458,20451,22:25:00,1,,,,,,,,EXCLUDED,6,8,8
1458,20452,22:25:30,1,,,,,,,,EXCLUDED,6,8,8
1458,20453,22:26:00,1,,,,,,,,EXCLUDED,6,8,8
1458,20454,22:26:30,1,,,,,,,,EXCLUDED,6,8,8
1458,20455,22:27:00,1,,,,,,,,EXCLUDED,6,8,8
1458,20456,22:27:30,1,,,,,,,,EXCLUDED,6,8,8
1458,20457,22:28:00,1,,,,,,,,EXCLUDED,6,8,8
1458,20458,22:28:30,1,,,,,,,,EXCLUDED,6,8,8
1458,20459,22:29:00,1,,,,,,,,EXCLUDED,6,8,8
1458,20460,22:29:30,1,,,,,,,,EXCLUDED,6,8,8
1458,20461,22:30:00,1,,,,,,,,EXCLUDED,6,8,8
1458,20462,22:30:30,1,,,,,,,,EXCLUDED,6,8,8
1458,20463,22:31:00,1,,,,,,,,EXCLUDED,6,8,8
1458,20464,22:31:30,1,,,,,,,,EXCLUDED,6,8,8
1458,20465,22:32:00,1,,,,,,,,EXCLUDED,6,8,8
1458,20466,22:32:30,1,,,,,,,,EXCLUDED,6,8,8
1458,20467,22:33:00,1,,,,,,,,EXCLUDED,6,8,8
1458,20468,22:33:30,1,,,,,,,,EXCLUDED,6,8,8
1458,20469,22:34:00,1,,,,,,,,EXCLUDED,6,8,8
1458,20470,22:34:30,1,,,,,,,,EXCLUDED,6,8,8
1458,20471,22:35:00,1,,,,,,,,EXCLUDED,6,8,8
1458,20472,22:35:30,1,,,,,,,,EXCLUDED,6,8,8
1458,20473,22:36:00,1,,,,,,,,EXCLUDED,6,8,8
1458,20474,22:36:30,1,,,,,,,,EXCLUDED,6,8,8
1458,20475,22:37:00,1,,,,,,,,EXCLUDED,6,8,8
1458,20476,22:37:30,1,,,,,,,,EXCLUDED,6,8,8
1458,20477,22:38:00,1,,,,,,,,EXCLUDED,6,8,8
1458,20478,22:38:30,1,,,,,,,,EXCLUDED,6,8,8
1458,20479,22:39:00,1,,,,,,,,EXCLUDED,6,8,8
1458,20480,22:39:30,1,,,,,,,,EXCLUDED,6,8,8
1458,20481,22:40:00,1,,,,,,,,EXCLUDED,6,8,8
1458,20482,22:40:30,1,,,,,,,,EXCLUDED,6,8,8
1458,20483,22:41:00,1,,,,,,,,EXCLUDED,6,8,8
1458,20484,22:41:30,1,,,,,,,,EXCLUDED,6,8,8
1458,20485,22:42:00,1,,,,,,,,EXCLUDED,6,8,8
1458,20486,22:42:30,1,,,,,,,,EXCLUDED,6,8,8
1458,20487,22:43:00,1,,,,,,,,EXCLUDED,6,8,8
1458,20488,22:43:30,1,,,,,,,,EXCLUDED,6,8,8
1458,20489,22:44:00,1,,,,,,,,EXCLUDED,6,8,8
1458,20490,22:44:30,1,,,,,,,,EXCLUDED,6,8,8
1458,20491,22:45:00,1,,,,,,,,EXCLUDED,6,8,8
1458,20492,22:45:30,1,,,,,,,,EXCLUDED,6,8,8
1458,20493,22:46:00,1,,,,,,,,EXCLUDED,6,8,8
1458,20494,22:46:30,1,,,,,,,,EXCLUDED,6,8,8
1458,20495,22:47:00,1,,,,,,,,EXCLUDED,6,8,8
1458,20496,22:47:30,1,,,,,,,,EXCLUDED,6,8,8
1458,20497,22:48:00,1,,,,,,,,EXCLUDED,6,8,8
1458,20498,22:48:30,1,,,,,,,,EXCLUDED,6,8,8
1458,20499,22:49:00,1,,,,,,,,EXCLUDED,6,8,8
1458,20500,22:49:30,1,,,,,,,,EXCLUDED,6,8,8
1458,20501,22:50:00,1,,,,,,,,EXCLUDED,6,8,8
1458,20502,22:50:30,1,,,,,,,,EXCLUDED,6,8,8
1458,20503,22:51:00,1,,,,,,,,EXCLUDED,6,8,8
1458,20504,22:51:30,1,,,,,,,,EXCLUDED,6,8,8
1458,20505,22:52:00,1,,,,,,,,EXCLUDED,6,8,8
1458,20506,22:52:30,1,,,,,,,,EXCLUDED,6,8,8
1458,20507,22:53:00,1,,,,,,,,EXCLUDED,6,8,8
1458,20508,22:53:30,1,,,,,,,,EXCLUDED,6,8,8
1458,20509,22:54:00,1,,,,,,,,EXCLUDED,6,8,8
1458,20510,22:54:30,1,,,,,,,,EXCLUDED,6,8,8
1458,20511,22:55:00,1,,,,,,,,EXCLUDED,6,8,8
1458,20512,22:55:30,1,,,,,,,,EXCLUDED,6,8,8
1458,20513,22:56:00,1,,,,,,,,EXCLUDED,6,8,8
1458,20514,22:56:30,1,,,,,,,,EXCLUDED,6,8,8
1458,20515,22:57:00,1,,,,,,,,EXCLUDED,6,8,8
1458,20516,22:57:30,1,,,,,,,,EXCLUDED,6,8,8
1458,20517,22:58:00,1,,,,,,,,EXCLUDED,6,8,8
1458,20518,22:58:30,1,,,,,,,,EXCLUDED,6,8,8
1458,20519,22:59:00,1,,,,,,,,EXCLUDED,6,8,8
1458,20520,22:59:30,1,,,,,,,,EXCLUDED,6,8,8
1458,20521,23:00:00,1,,,,,,,,EXCLUDED,6,8,8
1458,20522,23:00:30,1,,,,,,,,EXCLUDED,6,8,8
1458,20523,23:01:00,1,,,,,,,,EXCLUDED,6,8,8
1458,20524,23:01:30,1,,,,,,,,EXCLUDED,6,8,8
1458,20525,23:02:00,1,,,,,,,,EXCLUDED,6,8,8
1458,20526,23:02:30,1,,,,,,,,EXCLUDED,6,8,8
1458,20527,23:03:00,1,,,,,,,,EXCLUDED,6,8,8
1458,20528,23:03:30,1,,,,,,,,EXCLUDED,6,8,8
1458,20529,23:04:00,1,,,,,,,,EXCLUDED,6,8,8
1458,20530,23:04:30,1,,,,,,,,EXCLUDED,6,8,8
1458,20531,23:05:00,1,,,,,,,,EXCLUDED,6,8,8
1458,20532,23:05:30,1,,,,,,,,EXCLUDED,6,8,8
1458,20533,23:06:00,1,,,,,,,,EXCLUDED,6,8,8
1458,20534,23:06:30,1,,,,,,,,EXCLUDED,6,8,8
1458,20535,23:07:00,1,,,,,,,,EXCLUDED,6,8,8
1458,20536,23:07:30,1,,,,,,,,EXCLUDED,6,8,8
1458,20537,23:08:00,1,,,,,,,,EXCLUDED,6,8,8
1458,20538,23:08:30,1,,,,,,,,EXCLUDED,6,8,8
1458,20539,23:09:00,1,,,,,,,,EXCLUDED,6,8,8
1458,20540,23:09:30,1,,,,,,,,EXCLUDED,6,8,8
1458,20541,23:10:00,1,,,,,,,,EXCLUDED,6,8,8
1458,20542,23:10:30,1,,,,,,,,EXCLUDED,6,8,8
1458,20543,23:11:00,1,,,,,,,,EXCLUDED,6,8,8
1458,20544,23:11:30,1,,,,,,,,EXCLUDED,6,8,8
1458,20545,23:12:00,1,,,,,,,,EXCLUDED,6,8,8
1458,20546,23:12:30,1,,,,,,,,EXCLUDED,6,8,8
1458,20547,23:13:00,1,,,,,,,,EXCLUDED,6,8,8
1458,20548,23:13:30,1,,,,,,,,EXCLUDED,6,8,8
1458,20549,23:14:00,1,,,,,,,,EXCLUDED,6,8,8
1458,20550,23:14:30,1,,,,,,,,EXCLUDED,6,8,8
1458,20551,23:15:00,1,,,,,,,,EXCLUDED,6,8,8
1458,20552,23:15:30,1,,,,,,,,EXCLUDED,6,8,8
1458,20553,23:16:00,1,,,,,,,,EXCLUDED,6,8,8
1458,20554,23:16:30,1,,,,,,,,EXCLUDED,6,8,8
1458,20555,23:17:00,1,,,,,,,,EXCLUDED,6,8,8
1458,20556,23:17:30,1,,,,,,,,EXCLUDED,6,8,8
1458,20557,23:18:00,1,,,,,,,,EXCLUDED,6,8,8
1458,20558,23:18:30,1,,,,,,,,EXCLUDED,6,8,8
1458,20559,23:19:00,1,,,,,,,,EXCLUDED,6,8,8
1458,20560,23:19:30,1,,,,,,,,EXCLUDED,6,8,8
1458,20561,23:20:00,1,,,,,,,,EXCLUDED,6,8,8
1458,20562,23:20:30,1,,,,,,,,EXCLUDED,6,8,8
1458,20563,23:21:00,1,,,,,,,,EXCLUDED,6,8,8
1458,20564,23:21:30,1,,,,,,,,EXCLUDED,6,8,8
1458,20565,23:22:00,1,,,,,,,,EXCLUDED,6,8,8
1458,20566,23:22:30,1,,,,,,,,EXCLUDED,6,8,8
1458,20567,23:23:00,1,,,,,,,,EXCLUDED,6,8,8
1458,20568,23:23:30,1,,,,,,,,EXCLUDED,6,8,8
1458,20569,23:24:00,1,,,,,,,,EXCLUDED,6,8,8
1458,20570,23:24:30,1,,,,,,,,EXCLUDED,6,8,8
1458,20571,23:25:00,1,,,,,,,,EXCLUDED,6,8,8
1458,20572,23:25:30,1,,,,,,,,EXCLUDED,6,8,8
1458,20573,23:26:00,1,,,,,,,,EXCLUDED,6,8,8
1458,20574,23:26:30,1,,,,,,,,EXCLUDED,6,8,8
1458,20575,23:27:00,1,,,,,,,,EXCLUDED,6,8,8
1458,20576,23:27:30,1,,,,,,,,EXCLUDED,6,8,8
1458,20577,23:28:00,1,,,,,,,,EXCLUDED,6,8,8
1458,20578,23:28:30,1,,,,,,,,EXCLUDED,6,8,8
1458,20579,23:29:00,1,,,,,,,,EXCLUDED,6,8,8
1458,20580,23:29:30,1,,,,,,,,EXCLUDED,6,8,8
1458,20581,23:30:00,1,,,,,,,,EXCLUDED,6,8,8
1458,20582,23:30:30,1,,,,,,,,EXCLUDED,6,8,8
1458,20583,23:31:00,1,,,,,,,,EXCLUDED,6,8,8
1458,20584,23:31:30,1,,,,,,,,EXCLUDED,6,8,8
1458,20585,23:32:00,1,,,,,,,,EXCLUDED,6,8,8
1458,20586,23:32:30,1,,,,,,,,EXCLUDED,6,8,8
1458,20587,23:33:00,1,,,,,,,,EXCLUDED,6,8,8
1458,20588,23:33:30,1,,,,,,,,EXCLUDED,6,8,8
1458,20589,23:34:00,1,,,,,,,,EXCLUDED,6,8,8
1458,20590,23:34:30,1,,,,,,,,EXCLUDED,6,8,8
1458,20591,23:35:00,1,,,,,,,,EXCLUDED,6,8,8
1458,20592,23:35:30,1,,,,,,,,EXCLUDED,6,8,8
1458,20593,23:36:00,1,,,,,,,,EXCLUDED,6,8,8
1458,20594,23:36:30,1,,,,,,,,EXCLUDED,6,8,8
1458,20595,23:37:00,1,,,,,,,,EXCLUDED,6,8,8
1458,20596,23:37:30,1,,,,,,,,EXCLUDED,6,8,8
1458,20597,23:38:00,1,,,,,,,,EXCLUDED,6,8,8
1458,20598,23:38:30,1,,,,,,,,EXCLUDED,6,8,8
1458,20599,23:39:00,1,,,,,,,,EXCLUDED,6,8,8
1458,20600,23:39:30,1,,,,,,,,EXCLUDED,6,8,8
1458,20601,23:40:00,1,,,,,,,,EXCLUDED,6,8,8
1458,20602,23:40:30,1,,,,,,,,EXCLUDED,6,8,8
1458,20603,23:41:00,1,,,,,,,,EXCLUDED,6,8,8
1458,20604,23:41:30,1,,,,,,,,EXCLUDED,6,8,8
1458,20605,23:42:00,1,,,,,,,,EXCLUDED,6,8,8
1458,20606,23:42:30,1,,,,,,,,EXCLUDED,6,8,8
1458,20607,23:43:00,1,,,,,,,,EXCLUDED,6,8,8
1458,20608,23:43:30,1,,,,,,,,EXCLUDED,6,8,8
1458,20609,23:44:00,1,,,,,,,,EXCLUDED,6,8,8
1458,20610,23:44:30,1,,,,,,,,EXCLUDED,6,8,8
1458,20611,23:45:00,1,,,,,,,,EXCLUDED,6,8,8
1458,20612,23:45:30,1,,,,,,,,EXCLUDED,6,8,8
1458,20613,23:46:00,1,,,,,,,,EXCLUDED,6,8,8
1458,20614,23:46:30,1,,,,,,,,EXCLUDED,6,8,8
1458,20615,23:47:00,1,,,,,,,,EXCLUDED,6,8,8
1458,20616,23:47:30,1,,,,,,,,EXCLUDED,6,8,8
1458,20617,23:48:00,1,,,,,,,,EXCLUDED,6,8,8
1458,20618,23:48:30,1,,,,,,,,EXCLUDED,6,8,8
1458,20619,23:49:00,1,,,,,,,,EXCLUDED,6,8,8
1458,20620,23:49:30,1,,,,,,,,EXCLUDED,6,8,8
1458,20621,23:50:00,1,,,,,,,,EXCLUDED,6,8,8
1458,20622,23:50:30,1,,,,,,,,EXCLUDED,6,8,8
1458,20623,23:51:00,1,,,,,,,,EXCLUDED,6,8,8
1458,20624,23:51:30,1,,,,,,,,EXCLUDED,6,8,8
1458,20625,23:52:00,1,,,,,,,,EXCLUDED,6,8,8
1458,20626,23:52:30,1,,,,,,,,EXCLUDED,6,8,8
1458,20627,23:53:00,1,,,,,,,,EXCLUDED,6,8,8
1458,20628,23:53:30,1,,,,,,,,EXCLUDED,6,8,8
1458,20629,23:54:00,1,,,,,,,,EXCLUDED,6,8,8
1458,20630,23:54:30,1,,,,,,,,EXCLUDED,6,8,8
1458,20631,23:55:00,1,,,,,,,,EXCLUDED,6,8,8
1458,20632,23:55:30,1,,,,,,,,EXCLUDED,6,8,8
1458,20633,23:56:00,1,,,,,,,,EXCLUDED,6,8,8
1458,20634,23:56:30,1,,,,,,,,EXCLUDED,6,8,8
1458,20635,23:57:00,1,,,,,,,,EXCLUDED,6,8,8
1458,20636,23:57:30,1,,,,,,,,EXCLUDED,6,8,8
1458,20637,23:58:00,1,,,,,,,,EXCLUDED,6,8,8
1458,20638,23:58:30,1,,,,,,,,EXCLUDED,6,8,8
1458,20639,23:59:00,1,,,,,,,,EXCLUDED,6,8,8
1458,20640,23:59:30,1,,,,,,,,EXCLUDED,6,8,8
1458,20641,0:00:00,1,,,,,,,,EXCLUDED,7,9,8
1458,20642,0:00:30,1,,,,,,,,EXCLUDED,7,9,8
1458,20643,0:01:00,1,,,,,,,,EXCLUDED,7,9,8
1458,20644,0:01:30,1,,,,,,,,EXCLUDED,7,9,8
1458,20645,0:02:00,1,,,,,,,,EXCLUDED,7,9,8
1458,20646,0:02:30,1,,,,,,,,EXCLUDED,7,9,8
1458,20647,0:03:00,1,,,,,,,,EXCLUDED,7,9,8
1458,20648,0:03:30,1,,,,,,,,EXCLUDED,7,9,8
1458,20649,0:04:00,1,,,,,,,,EXCLUDED,7,9,8
1458,20650,0:04:30,1,,,,,,,,EXCLUDED,7,9,8
1458,20651,0:05:00,1,,,,,,,,EXCLUDED,7,9,8
1458,20652,0:05:30,1,,,,,,,,EXCLUDED,7,9,8
1458,20653,0:06:00,1,,,,,,,,EXCLUDED,7,9,8
1458,20654,0:06:30,1,,,,,,,,EXCLUDED,7,9,8
1458,20655,0:07:00,1,,,,,,,,EXCLUDED,7,9,8
1458,20656,0:07:30,1,,,,,,,,EXCLUDED,7,9,8
1458,20657,0:08:00,1,,,,,,,,EXCLUDED,7,9,8
1458,20658,0:08:30,1,,,,,,,,EXCLUDED,7,9,8
1458,20659,0:09:00,1,,,,,,,,EXCLUDED,7,9,8
1458,20660,0:09:30,1,,,,,,,,EXCLUDED,7,9,8
1458,20661,0:10:00,1,,,,,,,,EXCLUDED,7,9,8
1458,20662,0:10:30,1,,,,,,,,EXCLUDED,7,9,8
1458,20663,0:11:00,1,,,,,,,,EXCLUDED,7,9,8
1458,20664,0:11:30,1,,,,,,,,EXCLUDED,7,9,8
1458,20665,0:12:00,1,,,,,,,,EXCLUDED,7,9,8
1458,20666,0:12:30,1,,,,,,,,EXCLUDED,7,9,8
1458,20667,0:13:00,1,,,,,,,,EXCLUDED,7,9,8
1458,20668,0:13:30,1,,,,,,,,EXCLUDED,7,9,8
1458,20669,0:14:00,1,,,,,,,,EXCLUDED,7,9,8
1458,20670,0:14:30,1,,,,,,,,EXCLUDED,7,9,8
1458,20671,0:15:00,1,,,,,,,,EXCLUDED,7,9,8
1458,20672,0:15:30,1,,,,,,,,EXCLUDED,7,9,8
1458,20673,0:16:00,1,,,,,,,,EXCLUDED,7,9,8
1458,20674,0:16:30,1,,,,,,,,EXCLUDED,7,9,8
1458,20675,0:17:00,1,,,,,,,,EXCLUDED,7,9,8
1458,20676,0:17:30,1,,,,,,,,EXCLUDED,7,9,8
1458,20677,0:18:00,1,,,,,,,,EXCLUDED,7,9,8
1458,20678,0:18:30,1,,,,,,,,EXCLUDED,7,9,8
1458,20679,0:19:00,1,,,,,,,,EXCLUDED,7,9,8
1458,20680,0:19:30,1,,,,,,,,EXCLUDED,7,9,8
1458,20681,0:20:00,1,,,,,,,,EXCLUDED,7,9,8
1458,20682,0:20:30,1,,,,,,,,EXCLUDED,7,9,8
1458,20683,0:21:00,1,,,,,,,,EXCLUDED,7,9,8
1458,20684,0:21:30,1,,,,,,,,EXCLUDED,7,9,8
1458,20685,0:22:00,1,,,,,,,,EXCLUDED,7,9,8
1458,20686,0:22:30,1,,,,,,,,EXCLUDED,7,9,8
1458,20687,0:23:00,1,,,,,,,,EXCLUDED,7,9,8
1458,20688,0:23:30,1,,,,,,,,EXCLUDED,7,9,8
1458,20689,0:24:00,1,,,,,,,,EXCLUDED,7,9,8
1458,20690,0:24:30,1,,,,,,,,EXCLUDED,7,9,8
1458,20691,0:25:00,1,,,,,,,,EXCLUDED,7,9,8
1458,20692,0:25:30,1,,,,,,,,EXCLUDED,7,9,8
1458,20693,0:26:00,1,,,,,,,,EXCLUDED,7,9,8
1458,20694,0:26:30,1,,,,,,,,EXCLUDED,7,9,8
1458,20695,0:27:00,1,,,,,,,,EXCLUDED,7,9,8
1458,20696,0:27:30,1,,,,,,,,EXCLUDED,7,9,8
1458,20697,0:28:00,1,,,,,,,,EXCLUDED,7,9,8
1458,20698,0:28:30,1,,,,,,,,EXCLUDED,7,9,8
1458,20699,0:29:00,1,,,,,,,,EXCLUDED,7,9,8
1458,20700,0:29:30,1,,,,,,,,EXCLUDED,7,9,8
1458,20701,0:30:00,1,,,,,,,,EXCLUDED,7,9,8
1458,20702,0:30:30,1,,,,,,,,EXCLUDED,7,9,8
1458,20703,0:31:00,1,,,,,,,,EXCLUDED,7,9,8
1458,20704,0:31:30,1,,,,,,,,EXCLUDED,7,9,8
1458,20705,0:32:00,1,,,,,,,,EXCLUDED,7,9,8
1458,20706,0:32:30,1,,,,,,,,EXCLUDED,7,9,8
1458,20707,0:33:00,1,,,,,,,,EXCLUDED,7,9,8
1458,20708,0:33:30,1,,,,,,,,EXCLUDED,7,9,8
1458,20709,0:34:00,1,,,,,,,,EXCLUDED,7,9,8
1458,20710,0:34:30,1,,,,,,,,EXCLUDED,7,9,8
1458,20711,0:35:00,1,,,,,,,,EXCLUDED,7,9,8
1458,20712,0:35:30,1,,,,,,,,EXCLUDED,7,9,8
1458,20713,0:36:00,1,,,,,,,,EXCLUDED,7,9,8
1458,20714,0:36:30,1,,,,,,,,EXCLUDED,7,9,8
1458,20715,0:37:00,1,,,,,,,,EXCLUDED,7,9,8
1458,20716,0:37:30,1,,,,,,,,EXCLUDED,7,9,8
1458,20717,0:38:00,1,,,,,,,,EXCLUDED,7,9,8
1458,20718,0:38:30,1,,,,,,,,EXCLUDED,7,9,8
1458,20719,0:39:00,1,,,,,,,,EXCLUDED,7,9,8
1458,20720,0:39:30,1,,,,,,,,EXCLUDED,7,9,8
1458,20721,0:40:00,1,,,,,,,,EXCLUDED,7,9,8
1458,20722,0:40:30,1,,,,,,,,EXCLUDED,7,9,8
1458,20723,0:41:00,1,,,,,,,,EXCLUDED,7,9,8
1458,20724,0:41:30,1,,,,,,,,EXCLUDED,7,9,8
1458,20725,0:42:00,1,,,,,,,,EXCLUDED,7,9,8
1458,20726,0:42:30,1,,,,,,,,EXCLUDED,7,9,8
1458,20727,0:43:00,1,,,,,,,,EXCLUDED,7,9,8
1458,20728,0:43:30,1,,,,,,,,EXCLUDED,7,9,8
1458,20729,0:44:00,1,,,,,,,,EXCLUDED,7,9,8
1458,20730,0:44:30,1,,,,,,,,EXCLUDED,7,9,8
1458,20731,0:45:00,1,,,,,,,,EXCLUDED,7,9,8
1458,20732,0:45:30,1,,,,,,,,EXCLUDED,7,9,8
1458,20733,0:46:00,1,,,,,,,,EXCLUDED,7,9,8
1458,20734,0:46:30,1,,,,,,,,EXCLUDED,7,9,8
1458,20735,0:47:00,1,,,,,,,,EXCLUDED,7,9,8
1458,20736,0:47:30,1,,,,,,,,EXCLUDED,7,9,8
1458,20737,0:48:00,1,,,,,,,,EXCLUDED,7,9,8
1458,20738,0:48:30,1,,,,,,,,EXCLUDED,7,9,8
1458,20739,0:49:00,1,,,,,,,,EXCLUDED,7,9,8
1458,20740,0:49:30,1,,,,,,,,EXCLUDED,7,9,8
1458,20741,0:50:00,1,,,,,,,,EXCLUDED,7,9,8
1458,20742,0:50:30,1,,,,,,,,EXCLUDED,7,9,8
1458,20743,0:51:00,1,,,,,,,,EXCLUDED,7,9,8
1458,20744,0:51:30,1,,,,,,,,EXCLUDED,7,9,8
1458,20745,0:52:00,1,,,,,,,,EXCLUDED,7,9,8
1458,20746,0:52:30,1,,,,,,,,EXCLUDED,7,9,8
1458,20747,0:53:00,1,,,,,,,,EXCLUDED,7,9,8
1458,20748,0:53:30,1,,,,,,,,EXCLUDED,7,9,8
1458,20749,0:54:00,1,,,,,,,,EXCLUDED,7,9,8
1458,20750,0:54:30,1,,,,,,,,EXCLUDED,7,9,8
1458,20751,0:55:00,1,,,,,,,,EXCLUDED,7,9,8
1458,20752,0:55:30,1,,,,,,,,EXCLUDED,7,9,8
1458,20753,0:56:00,1,,,,,,,,EXCLUDED,7,9,8
1458,20754,0:56:30,1,,,,,,,,EXCLUDED,7,9,8
1458,20755,0:57:00,1,,,,,,,,EXCLUDED,7,9,8
1458,20756,0:57:30,1,,,,,,,,EXCLUDED,7,9,8
1458,20757,0:58:00,1,,,,,,,,EXCLUDED,7,9,8
1458,20758,0:58:30,1,,,,,,,,EXCLUDED,7,9,8
1458,20759,0:59:00,1,,,,,,,,EXCLUDED,7,9,8
1458,20760,0:59:30,1,,,,,,,,EXCLUDED,7,9,8
1458,20761,1:00:00,1,,,,,,,,EXCLUDED,7,9,8
1458,20762,1:00:30,1,,,,,,,,EXCLUDED,7,9,8
1458,20763,1:01:00,1,,,,,,,,EXCLUDED,7,9,8
1458,20764,1:01:30,1,,,,,,,,EXCLUDED,7,9,8
1458,20765,1:02:00,1,,,,,,,,EXCLUDED,7,9,8
1458,20766,1:02:30,1,,,,,,,,EXCLUDED,7,9,8
1458,20767,1:03:00,1,,,,,,,,EXCLUDED,7,9,8
1458,20768,1:03:30,1,,,,,,,,EXCLUDED,7,9,8
1458,20769,1:04:00,1,,,,,,,,EXCLUDED,7,9,8
1458,20770,1:04:30,1,,,,,,,,EXCLUDED,7,9,8
1458,20771,1:05:00,1,,,,,,,,EXCLUDED,7,9,8
1458,20772,1:05:30,1,,,,,,,,EXCLUDED,7,9,8
1458,20773,1:06:00,1,,,,,,,,EXCLUDED,7,9,8
1458,20774,1:06:30,1,,,,,,,,EXCLUDED,7,9,8
1458,20775,1:07:00,1,,,,,,,,EXCLUDED,7,9,8
1458,20776,1:07:30,1,,,,,,,,EXCLUDED,7,9,8
1458,20777,1:08:00,1,,,,,,,,EXCLUDED,7,9,8
1458,20778,1:08:30,1,,,,,,,,EXCLUDED,7,9,8
1458,20779,1:09:00,1,,,,,,,,EXCLUDED,7,9,8
1458,20780,1:09:30,1,,,,,,,,EXCLUDED,7,9,8
1458,20781,1:10:00,1,,,,,,,,EXCLUDED,7,9,8
1458,20782,1:10:30,1,,,,,,,,EXCLUDED,7,9,8
1458,20783,1:11:00,1,,,,,,,,EXCLUDED,7,9,8
1458,20784,1:11:30,1,,,,,,,,EXCLUDED,7,9,8
1458,20785,1:12:00,1,,,,,,,,EXCLUDED,7,9,8
1458,20786,1:12:30,1,,,,,,,,EXCLUDED,7,9,8
1458,20787,1:13:00,1,,,,,,,,EXCLUDED,7,9,8
1458,20788,1:13:30,1,,,,,,,,EXCLUDED,7,9,8
1458,20789,1:14:00,1,,,,,,,,EXCLUDED,7,9,8
1458,20790,1:14:30,1,,,,,,,,EXCLUDED,7,9,8
1458,20791,1:15:00,1,,,,,,,,EXCLUDED,7,9,8
1458,20792,1:15:30,1,,,,,,,,EXCLUDED,7,9,8
1458,20793,1:16:00,1,,,,,,,,EXCLUDED,7,9,8
1458,20794,1:16:30,1,,,,,,,,EXCLUDED,7,9,8
1458,20795,1:17:00,1,,,,,,,,EXCLUDED,7,9,8
1458,20796,1:17:30,1,,,,,,,,EXCLUDED,7,9,8
1458,20797,1:18:00,1,,,,,,,,EXCLUDED,7,9,8
1458,20798,1:18:30,1,,,,,,,,EXCLUDED,7,9,8
1458,20799,1:19:00,1,,,,,,,,EXCLUDED,7,9,8
1458,20800,1:19:30,1,,,,,,,,EXCLUDED,7,9,8
1458,20801,1:20:00,1,,,,,,,,EXCLUDED,7,9,8
1458,20802,1:20:30,1,,,,,,,,EXCLUDED,7,9,8
1458,20803,1:21:00,1,,,,,,,,EXCLUDED,7,9,8
1458,20804,1:21:30,1,,,,,,,,EXCLUDED,7,9,8
1458,20805,1:22:00,1,,,,,,,,EXCLUDED,7,9,8
1458,20806,1:22:30,1,,,,,,,,EXCLUDED,7,9,8
1458,20807,1:23:00,1,,,,,,,,EXCLUDED,7,9,8
1458,20808,1:23:30,1,,,,,,,,EXCLUDED,7,9,8
1458,20809,1:24:00,1,,,,,,,,EXCLUDED,7,9,8
1458,20810,1:24:30,1,,,,,,,,EXCLUDED,7,9,8
1458,20811,1:25:00,1,,,,,,,,EXCLUDED,7,9,8
1458,20812,1:25:30,1,,,,,,,,EXCLUDED,7,9,8
1458,20813,1:26:00,1,,,,,,,,EXCLUDED,7,9,8
1458,20814,1:26:30,1,,,,,,,,EXCLUDED,7,9,8
1458,20815,1:27:00,1,,,,,,,,EXCLUDED,7,9,8
1458,20816,1:27:30,1,,,,,,,,EXCLUDED,7,9,8
1458,20817,1:28:00,1,,,,,,,,EXCLUDED,7,9,8
1458,20818,1:28:30,1,,,,,,,,EXCLUDED,7,9,8
1458,20819,1:29:00,1,,,,,,,,EXCLUDED,7,9,8
1458,20820,1:29:30,1,,,,,,,,EXCLUDED,7,9,8
1458,20821,1:30:00,1,,,,,,,,EXCLUDED,7,9,8
1458,20822,1:30:30,1,,,,,,,,EXCLUDED,7,9,8
1458,20823,1:31:00,1,,,,,,,,EXCLUDED,7,9,8
1458,20824,1:31:30,1,,,,,,,,EXCLUDED,7,9,8
1458,20825,1:32:00,1,,,,,,,,EXCLUDED,7,9,8
1458,20826,1:32:30,1,,,,,,,,EXCLUDED,7,9,8
1458,20827,1:33:00,1,,,,,,,,EXCLUDED,7,9,8
1458,20828,1:33:30,1,,,,,,,,EXCLUDED,7,9,8
1458,20829,1:34:00,1,,,,,,,,EXCLUDED,7,9,8
1458,20830,1:34:30,1,,,,,,,,EXCLUDED,7,9,8
1458,20831,1:35:00,1,,,,,,,,EXCLUDED,7,9,8
1458,20832,1:35:30,1,,,,,,,,EXCLUDED,7,9,8
1458,20833,1:36:00,1,,,,,,,,EXCLUDED,7,9,8
1458,20834,1:36:30,1,,,,,,,,EXCLUDED,7,9,8
1458,20835,1:37:00,1,,,,,,,,EXCLUDED,7,9,8
1458,20836,1:37:30,1,,,,,,,,EXCLUDED,7,9,8
1458,20837,1:38:00,1,,,,,,,,EXCLUDED,7,9,8
1458,20838,1:38:30,1,,,,,,,,EXCLUDED,7,9,8
1458,20839,1:39:00,1,,,,,,,,EXCLUDED,7,9,8
1458,20840,1:39:30,1,,,,,,,,EXCLUDED,7,9,8
1458,20841,1:40:00,1,,,,,,,,EXCLUDED,7,9,8
1458,20842,1:40:30,1,,,,,,,,EXCLUDED,7,9,8
1458,20843,1:41:00,1,,,,,,,,EXCLUDED,7,9,8
1458,20844,1:41:30,1,,,,,,,,EXCLUDED,7,9,8
1458,20845,1:42:00,1,,,,,,,,EXCLUDED,7,9,8
1458,20846,1:42:30,1,,,,,,,,EXCLUDED,7,9,8
1458,20847,1:43:00,1,,,,,,,,EXCLUDED,7,9,8
1458,20848,1:43:30,1,,,,,,,,EXCLUDED,7,9,8
1458,20849,1:44:00,1,,,,,,,,EXCLUDED,7,9,8
1458,20850,1:44:30,1,,,,,,,,EXCLUDED,7,9,8
1458,20851,1:45:00,1,,,,,,,,EXCLUDED,7,9,8
1458,20852,1:45:30,1,,,,,,,,EXCLUDED,7,9,8
1458,20853,1:46:00,1,,,,,,,,EXCLUDED,7,9,8
1458,20854,1:46:30,1,,,,,,,,EXCLUDED,7,9,8
1458,20855,1:47:00,1,,,,,,,,EXCLUDED,7,9,8
1458,20856,1:47:30,1,,,,,,,,EXCLUDED,7,9,8
1458,20857,1:48:00,1,,,,,,,,EXCLUDED,7,9,8
1458,20858,1:48:30,1,,,,,,,,EXCLUDED,7,9,8
1458,20859,1:49:00,1,,,,,,,,EXCLUDED,7,9,8
1458,20860,1:49:30,1,,,,,,,,EXCLUDED,7,9,8
1458,20861,1:50:00,1,,,,,,,,EXCLUDED,7,9,8
1458,20862,1:50:30,1,,,,,,,,EXCLUDED,7,9,8
1458,20863,1:51:00,1,,,,,,,,EXCLUDED,7,9,8
1458,20864,1:51:30,1,,,,,,,,EXCLUDED,7,9,8
1458,20865,1:52:00,1,,,,,,,,EXCLUDED,7,9,8
1458,20866,1:52:30,1,,,,,,,,EXCLUDED,7,9,8
1458,20867,1:53:00,1,,,,,,,,EXCLUDED,7,9,8
1458,20868,1:53:30,1,,,,,,,,EXCLUDED,7,9,8
1458,20869,1:54:00,1,,,,,,,,EXCLUDED,7,9,8
1458,20870,1:54:30,1,,,,,,,,EXCLUDED,7,9,8
1458,20871,1:55:00,1,,,,,,,,EXCLUDED,7,9,8
1458,20872,1:55:30,1,,,,,,,,EXCLUDED,7,9,8
1458,20873,1:56:00,1,,,,,,,,EXCLUDED,7,9,8
1458,20874,1:56:30,1,,,,,,,,EXCLUDED,7,9,8
1458,20875,1:57:00,1,,,,,,,,EXCLUDED,7,9,8
1458,20876,1:57:30,1,,,,,,,,EXCLUDED,7,9,8
1458,20877,1:58:00,1,,,,,,,,EXCLUDED,7,9,8
1458,20878,1:58:30,1,,,,,,,,EXCLUDED,7,9,8
1458,20879,1:59:00,1,,,,,,,,EXCLUDED,7,9,8
1458,20880,1:59:30,1,,,,,,,,EXCLUDED,7,9,8
1458,20881,2:00:00,1,,,,,,,,EXCLUDED,7,9,8
1458,20882,2:00:30,1,,,,,,,,EXCLUDED,7,9,8
1458,20883,2:01:00,1,,,,,,,,EXCLUDED,7,9,8
1458,20884,2:01:30,1,,,,,,,,EXCLUDED,7,9,8
1458,20885,2:02:00,1,,,,,,,,EXCLUDED,7,9,8
1458,20886,2:02:30,1,,,,,,,,EXCLUDED,7,9,8
1458,20887,2:03:00,1,,,,,,,,EXCLUDED,7,9,8
1458,20888,2:03:30,1,,,,,,,,EXCLUDED,7,9,8
1458,20889,2:04:00,1,,,,,,,,EXCLUDED,7,9,8
1458,20890,2:04:30,1,,,,,,,,EXCLUDED,7,9,8
1458,20891,2:05:00,1,,,,,,,,EXCLUDED,7,9,8
1458,20892,2:05:30,1,,,,,,,,EXCLUDED,7,9,8
1458,20893,2:06:00,1,,,,,,,,EXCLUDED,7,9,8
1458,20894,2:06:30,1,,,,,,,,EXCLUDED,7,9,8
1458,20895,2:07:00,1,,,,,,,,EXCLUDED,7,9,8
1458,20896,2:07:30,1,,,,,,,,EXCLUDED,7,9,8
1458,20897,2:08:00,1,,,,,,,,EXCLUDED,7,9,8
1458,20898,2:08:30,1,,,,,,,,EXCLUDED,7,9,8
1458,20899,2:09:00,1,,,,,,,,EXCLUDED,7,9,8
1458,20900,2:09:30,1,,,,,,,,EXCLUDED,7,9,8
1458,20901,2:10:00,1,,,,,,,,EXCLUDED,7,9,8
1458,20902,2:10:30,1,,,,,,,,EXCLUDED,7,9,8
1458,20903,2:11:00,1,,,,,,,,EXCLUDED,7,9,8
1458,20904,2:11:30,1,,,,,,,,EXCLUDED,7,9,8
1458,20905,2:12:00,1,,,,,,,,EXCLUDED,7,9,8
1458,20906,2:12:30,1,,,,,,,,EXCLUDED,7,9,8
1458,20907,2:13:00,1,,,,,,,,EXCLUDED,7,9,8
1458,20908,2:13:30,1,,,,,,,,EXCLUDED,7,9,8
1458,20909,2:14:00,1,,,,,,,,EXCLUDED,7,9,8
1458,20910,2:14:30,1,,,,,,,,EXCLUDED,7,9,8
1458,20911,2:15:00,1,,,,,,,,EXCLUDED,7,9,8
1458,20912,2:15:30,1,,,,,,,,EXCLUDED,7,9,8
1458,20913,2:16:00,1,,,,,,,,EXCLUDED,7,9,8
1458,20914,2:16:30,1,,,,,,,,EXCLUDED,7,9,8
1458,20915,2:17:00,1,,,,,,,,EXCLUDED,7,9,8
1458,20916,2:17:30,1,,,,,,,,EXCLUDED,7,9,8
1458,20917,2:18:00,1,,,,,,,,EXCLUDED,7,9,8
1458,20918,2:18:30,1,,,,,,,,EXCLUDED,7,9,8
1458,20919,2:19:00,1,,,,,,,,EXCLUDED,7,9,8
1458,20920,2:19:30,1,,,,,,,,EXCLUDED,7,9,8
1458,20921,2:20:00,1,,,,,,,,EXCLUDED,7,9,8
1458,20922,2:20:30,1,,,,,,,,EXCLUDED,7,9,8
1458,20923,2:21:00,1,,,,,,,,EXCLUDED,7,9,8
1458,20924,2:21:30,1,,,,,,,,EXCLUDED,7,9,8
1458,20925,2:22:00,1,,,,,,,,EXCLUDED,7,9,8
1458,20926,2:22:30,1,,,,,,,,EXCLUDED,7,9,8
1458,20927,2:23:00,1,,,,,,,,EXCLUDED,7,9,8
1458,20928,2:23:30,1,,,,,,,,EXCLUDED,7,9,8
1458,20929,2:24:00,1,,,,,,,,EXCLUDED,7,9,8
1458,20930,2:24:30,1,,,,,,,,EXCLUDED,7,9,8
1458,20931,2:25:00,1,,,,,,,,EXCLUDED,7,9,8
1458,20932,2:25:30,1,,,,,,,,EXCLUDED,7,9,8
1458,20933,2:26:00,1,,,,,,,,EXCLUDED,7,9,8
1458,20934,2:26:30,1,,,,,,,,EXCLUDED,7,9,8
1458,20935,2:27:00,1,,,,,,,,EXCLUDED,7,9,8
1458,20936,2:27:30,1,,,,,,,,EXCLUDED,7,9,8
1458,20937,2:28:00,1,,,,,,,,EXCLUDED,7,9,8
1458,20938,2:28:30,1,,,,,,,,EXCLUDED,7,9,8
1458,20939,2:29:00,1,,,,,,,,EXCLUDED,7,9,8
1458,20940,2:29:30,1,,,,,,,,EXCLUDED,7,9,8
1458,20941,2:30:00,1,,,,,,,,EXCLUDED,7,9,8
1458,20942,2:30:30,1,,,,,,,,EXCLUDED,7,9,8
1458,20943,2:31:00,1,,,,,,,,EXCLUDED,7,9,8
1458,20944,2:31:30,1,,,,,,,,EXCLUDED,7,9,8
1458,20945,2:32:00,1,,,,,,,,EXCLUDED,7,9,8
1458,20946,2:32:30,1,,,,,,,,EXCLUDED,7,9,8
1458,20947,2:33:00,1,,,,,,,,EXCLUDED,7,9,8
1458,20948,2:33:30,1,,,,,,,,EXCLUDED,7,9,8
1458,20949,2:34:00,1,,,,,,,,EXCLUDED,7,9,8
1458,20950,2:34:30,1,,,,,,,,EXCLUDED,7,9,8
1458,20951,2:35:00,1,,,,,,,,EXCLUDED,7,9,8
1458,20952,2:35:30,1,,,,,,,,EXCLUDED,7,9,8
1458,20953,2:36:00,1,,,,,,,,EXCLUDED,7,9,8
1458,20954,2:36:30,1,,,,,,,,EXCLUDED,7,9,8
1458,20955,2:37:00,1,,,,,,,,EXCLUDED,7,9,8
1458,20956,2:37:30,1,,,,,,,,EXCLUDED,7,9,8
1458,20957,2:38:00,1,,,,,,,,EXCLUDED,7,9,8
1458,20958,2:38:30,1,,,,,,,,EXCLUDED,7,9,8
1458,20959,2:39:00,1,,,,,,,,EXCLUDED,7,9,8
1458,20960,2:39:30,1,,,,,,,,EXCLUDED,7,9,8
1458,20961,2:40:00,1,,,,,,,,EXCLUDED,7,9,8
1458,20962,2:40:30,1,,,,,,,,EXCLUDED,7,9,8
1458,20963,2:41:00,1,,,,,,,,EXCLUDED,7,9,8
1458,20964,2:41:30,1,,,,,,,,EXCLUDED,7,9,8
1458,20965,2:42:00,1,,,,,,,,EXCLUDED,7,9,8
1458,20966,2:42:30,1,,,,,,,,EXCLUDED,7,9,8
1458,20967,2:43:00,1,,,,,,,,EXCLUDED,7,9,8
1458,20968,2:43:30,1,,,,,,,,EXCLUDED,7,9,8
1458,20969,2:44:00,1,,,,,,,,EXCLUDED,7,9,8
1458,20970,2:44:30,1,,,,,,,,EXCLUDED,7,9,8
1458,20971,2:45:00,1,,,,,,,,EXCLUDED,7,9,8
1458,20972,2:45:30,1,,,,,,,,EXCLUDED,7,9,8
1458,20973,2:46:00,1,,,,,,,,EXCLUDED,7,9,8
1458,20974,2:46:30,1,,,,,,,,EXCLUDED,7,9,8
1458,20975,2:47:00,1,,,,,,,,EXCLUDED,7,9,8
1458,20976,2:47:30,1,,,,,,,,EXCLUDED,7,9,8
1458,20977,2:48:00,1,,,,,,,,EXCLUDED,7,9,8
1458,20978,2:48:30,1,,,,,,,,EXCLUDED,7,9,8
1458,20979,2:49:00,1,,,,,,,,EXCLUDED,7,9,8
1458,20980,2:49:30,1,,,,,,,,EXCLUDED,7,9,8
1458,20981,2:50:00,1,,,,,,,,EXCLUDED,7,9,8
1458,20982,2:50:30,1,,,,,,,,EXCLUDED,7,9,8
1458,20983,2:51:00,1,,,,,,,,EXCLUDED,7,9,8
1458,20984,2:51:30,1,,,,,,,,EXCLUDED,7,9,8
1458,20985,2:52:00,1,,,,,,,,EXCLUDED,7,9,8
1458,20986,2:52:30,1,,,,,,,,EXCLUDED,7,9,8
1458,20987,2:53:00,1,,,,,,,,EXCLUDED,7,9,8
1458,20988,2:53:30,1,,,,,,,,EXCLUDED,7,9,8
1458,20989,2:54:00,1,,,,,,,,EXCLUDED,7,9,8
1458,20990,2:54:30,1,,,,,,,,EXCLUDED,7,9,8
1458,20991,2:55:00,1,,,,,,,,EXCLUDED,7,9,8
1458,20992,2:55:30,1,,,,,,,,EXCLUDED,7,9,8
1458,20993,2:56:00,1,,,,,,,,EXCLUDED,7,9,8
1458,20994,2:56:30,1,,,,,,,,EXCLUDED,7,9,8
1458,20995,2:57:00,1,,,,,,,,EXCLUDED,7,9,8
1458,20996,2:57:30,1,,,,,,,,EXCLUDED,7,9,8
1458,20997,2:58:00,1,,,,,,,,EXCLUDED,7,9,8
1458,20998,2:58:30,1,,,,,,,,EXCLUDED,7,9,8
1458,20999,2:59:00,1,,,,,,,,EXCLUDED,7,9,8
1458,21000,2:59:30,1,,,,,,,,EXCLUDED,7,9,8
1458,21001,3:00:00,1,,,,,,,,EXCLUDED,7,9,8
1458,21002,3:00:30,1,,,,,,,,EXCLUDED,7,9,8
1458,21003,3:01:00,1,,,,,,,,EXCLUDED,7,9,8
1458,21004,3:01:30,1,,,,,,,,EXCLUDED,7,9,8
1458,21005,3:02:00,1,,,,,,,,EXCLUDED,7,9,8
1458,21006,3:02:30,1,,,,,,,,EXCLUDED,7,9,8
1458,21007,3:03:00,1,,,,,,,,EXCLUDED,7,9,8
1458,21008,3:03:30,1,,,,,,,,EXCLUDED,7,9,8
1458,21009,3:04:00,1,,,,,,,,EXCLUDED,7,9,8
1458,21010,3:04:30,1,,,,,,,,EXCLUDED,7,9,8
1458,21011,3:05:00,1,,,,,,,,EXCLUDED,7,9,8
1458,21012,3:05:30,1,,,,,,,,EXCLUDED,7,9,8
1458,21013,3:06:00,1,,,,,,,,EXCLUDED,7,9,8
1458,21014,3:06:30,1,,,,,,,,EXCLUDED,7,9,8
1458,21015,3:07:00,1,,,,,,,,EXCLUDED,7,9,8
1458,21016,3:07:30,1,,,,,,,,EXCLUDED,7,9,8
1458,21017,3:08:00,1,,,,,,,,EXCLUDED,7,9,8
1458,21018,3:08:30,1,,,,,,,,EXCLUDED,7,9,8
1458,21019,3:09:00,1,,,,,,,,EXCLUDED,7,9,8
1458,21020,3:09:30,1,,,,,,,,EXCLUDED,7,9,8
1458,21021,3:10:00,1,,,,,,,,EXCLUDED,7,9,8
1458,21022,3:10:30,1,,,,,,,,EXCLUDED,7,9,8
1458,21023,3:11:00,1,,,,,,,,EXCLUDED,7,9,8
1458,21024,3:11:30,1,,,,,,,,EXCLUDED,7,9,8
1458,21025,3:12:00,1,,,,,,,,EXCLUDED,7,9,8
1458,21026,3:12:30,1,,,,,,,,EXCLUDED,7,9,8
1458,21027,3:13:00,1,,,,,,,,EXCLUDED,7,9,8
1458,21028,3:13:30,1,,,,,,,,EXCLUDED,7,9,8
1458,21029,3:14:00,1,,,,,,,,EXCLUDED,7,9,8
1458,21030,3:14:30,1,,,,,,,,EXCLUDED,7,9,8
1458,21031,3:15:00,1,,,,,,,,EXCLUDED,7,9,8
1458,21032,3:15:30,1,,,,,,,,EXCLUDED,7,9,8
1458,21033,3:16:00,1,,,,,,,,EXCLUDED,7,9,8
1458,21034,3:16:30,1,,,,,,,,EXCLUDED,7,9,8
1458,21035,3:17:00,1,,,,,,,,EXCLUDED,7,9,8
1458,21036,3:17:30,1,,,,,,,,EXCLUDED,7,9,8
1458,21037,3:18:00,1,,,,,,,,EXCLUDED,7,9,8
1458,21038,3:18:30,1,,,,,,,,EXCLUDED,7,9,8
1458,21039,3:19:00,1,,,,,,,,EXCLUDED,7,9,8
1458,21040,3:19:30,1,,,,,,,,EXCLUDED,7,9,8
1458,21041,3:20:00,1,,,,,,,,EXCLUDED,7,9,8
1458,21042,3:20:30,1,,,,,,,,EXCLUDED,7,9,8
1458,21043,3:21:00,1,,,,,,,,EXCLUDED,7,9,8
1458,21044,3:21:30,1,,,,,,,,EXCLUDED,7,9,8
1458,21045,3:22:00,1,,,,,,,,EXCLUDED,7,9,8
1458,21046,3:22:30,1,,,,,,,,EXCLUDED,7,9,8
1458,21047,3:23:00,1,,,,,,,,EXCLUDED,7,9,8
1458,21048,3:23:30,1,,,,,,,,EXCLUDED,7,9,8
1458,21049,3:24:00,1,,,,,,,,EXCLUDED,7,9,8
1458,21050,3:24:30,1,,,,,,,,EXCLUDED,7,9,8
1458,21051,3:25:00,1,,,,,,,,EXCLUDED,7,9,8
1458,21052,3:25:30,1,,,,,,,,EXCLUDED,7,9,8
1458,21053,3:26:00,1,,,,,,,,EXCLUDED,7,9,8
1458,21054,3:26:30,1,,,,,,,,EXCLUDED,7,9,8
1458,21055,3:27:00,1,,,,,,,,EXCLUDED,7,9,8
1458,21056,3:27:30,1,,,,,,,,EXCLUDED,7,9,8
1458,21057,3:28:00,1,,,,,,,,EXCLUDED,7,9,8
1458,21058,3:28:30,1,,,,,,,,EXCLUDED,7,9,8
1458,21059,3:29:00,1,,,,,,,,EXCLUDED,7,9,8
1458,21060,3:29:30,1,,,,,,,,EXCLUDED,7,9,8
1458,21061,3:30:00,1,,,,,,,,EXCLUDED,7,9,8
1458,21062,3:30:30,1,,,,,,,,EXCLUDED,7,9,8
1458,21063,3:31:00,1,,,,,,,,EXCLUDED,7,9,8
1458,21064,3:31:30,1,,,,,,,,EXCLUDED,7,9,8
1458,21065,3:32:00,1,,,,,,,,EXCLUDED,7,9,8
1458,21066,3:32:30,1,,,,,,,,EXCLUDED,7,9,8
1458,21067,3:33:00,1,,,,,,,,EXCLUDED,7,9,8
1458,21068,3:33:30,1,,,,,,,,EXCLUDED,7,9,8
1458,21069,3:34:00,1,,,,,,,,EXCLUDED,7,9,8
1458,21070,3:34:30,1,,,,,,,,EXCLUDED,7,9,8
1458,21071,3:35:00,1,,,,,,,,EXCLUDED,7,9,8
1458,21072,3:35:30,1,,,,,,,,EXCLUDED,7,9,8
1458,21073,3:36:00,1,,,,,,,,EXCLUDED,7,9,8
1458,21074,3:36:30,1,,,,,,,,EXCLUDED,7,9,8
1458,21075,3:37:00,1,,,,,,,,EXCLUDED,7,9,8
1458,21076,3:37:30,1,,,,,,,,EXCLUDED,7,9,8
1458,21077,3:38:00,1,,,,,,,,EXCLUDED,7,9,8
1458,21078,3:38:30,1,,,,,,,,EXCLUDED,7,9,8
1458,21079,3:39:00,1,,,,,,,,EXCLUDED,7,9,8
1458,21080,3:39:30,1,,,,,,,,EXCLUDED,7,9,8
1458,21081,3:40:00,1,,,,,,,,EXCLUDED,7,9,8
1458,21082,3:40:30,1,,,,,,,,EXCLUDED,7,9,8
1458,21083,3:41:00,1,,,,,,,,EXCLUDED,7,9,8
1458,21084,3:41:30,1,,,,,,,,EXCLUDED,7,9,8
1458,21085,3:42:00,1,,,,,,,,EXCLUDED,7,9,8
1458,21086,3:42:30,1,,,,,,,,EXCLUDED,7,9,8
1458,21087,3:43:00,1,,,,,,,,EXCLUDED,7,9,8
1458,21088,3:43:30,1,,,,,,,,EXCLUDED,7,9,8
1458,21089,3:44:00,1,,,,,,,,EXCLUDED,7,9,8
1458,21090,3:44:30,1,,,,,,,,EXCLUDED,7,9,8
1458,21091,3:45:00,1,,,,,,,,EXCLUDED,7,9,8
1458,21092,3:45:30,1,,,,,,,,EXCLUDED,7,9,8
1458,21093,3:46:00,1,,,,,,,,EXCLUDED,7,9,8
1458,21094,3:46:30,1,,,,,,,,EXCLUDED,7,9,8
1458,21095,3:47:00,1,,,,,,,,EXCLUDED,7,9,8
1458,21096,3:47:30,1,,,,,,,,EXCLUDED,7,9,8
1458,21097,3:48:00,1,,,,,,,,EXCLUDED,7,9,8
1458,21098,3:48:30,1,,,,,,,,EXCLUDED,7,9,8
1458,21099,3:49:00,1,,,,,,,,EXCLUDED,7,9,8
1458,21100,3:49:30,1,,,,,,,,EXCLUDED,7,9,8
1458,21101,3:50:00,1,,,,,,,,EXCLUDED,7,9,8
1458,21102,3:50:30,1,,,,,,,,EXCLUDED,7,9,8
1458,21103,3:51:00,1,,,,,,,,EXCLUDED,7,9,8
1458,21104,3:51:30,1,,,,,,,,EXCLUDED,7,9,8
1458,21105,3:52:00,1,,,,,,,,EXCLUDED,7,9,8
1458,21106,3:52:30,1,,,,,,,,EXCLUDED,7,9,8
1458,21107,3:53:00,1,,,,,,,,EXCLUDED,7,9,8
1458,21108,3:53:30,1,,,,,,,,EXCLUDED,7,9,8
1458,21109,3:54:00,1,,,,,,,,EXCLUDED,7,9,8
1458,21110,3:54:30,1,,,,,,,,EXCLUDED,7,9,8
1458,21111,3:55:00,1,,,,,,,,EXCLUDED,7,9,8
1458,21112,3:55:30,1,,,,,,,,EXCLUDED,7,9,8
1458,21113,3:56:00,1,,,,,,,,EXCLUDED,7,9,8
1458,21114,3:56:30,1,,,,,,,,EXCLUDED,7,9,8
1458,21115,3:57:00,1,,,,,,,,EXCLUDED,7,9,8
1458,21116,3:57:30,1,,,,,,,,EXCLUDED,7,9,8
1458,21117,3:58:00,1,,,,,,,,EXCLUDED,7,9,8
1458,21118,3:58:30,1,,,,,,,,EXCLUDED,7,9,8
1458,21119,3:59:00,1,,,,,,,,EXCLUDED,7,9,8
1458,21120,3:59:30,1,,,,,,,,EXCLUDED,7,9,8
1458,21121,4:00:00,1,,,,,,,,EXCLUDED,7,9,8
1458,21122,4:00:30,1,,,,,,,,EXCLUDED,7,9,8
1458,21123,4:01:00,1,,,,,,,,EXCLUDED,7,9,8
1458,21124,4:01:30,1,,,,,,,,EXCLUDED,7,9,8
1458,21125,4:02:00,1,,,,,,,,EXCLUDED,7,9,8
1458,21126,4:02:30,1,,,,,,,,EXCLUDED,7,9,8
1458,21127,4:03:00,1,,,,,,,,EXCLUDED,7,9,8
1458,21128,4:03:30,1,,,,,,,,EXCLUDED,7,9,8
1458,21129,4:04:00,1,,,,,,,,EXCLUDED,7,9,8
1458,21130,4:04:30,1,,,,,,,,EXCLUDED,7,9,8
1458,21131,4:05:00,1,,,,,,,,EXCLUDED,7,9,8
1458,21132,4:05:30,1,,,,,,,,EXCLUDED,7,9,8
1458,21133,4:06:00,1,,,,,,,,EXCLUDED,7,9,8
1458,21134,4:06:30,1,,,,,,,,EXCLUDED,7,9,8
1458,21135,4:07:00,1,,,,,,,,EXCLUDED,7,9,8
1458,21136,4:07:30,1,,,,,,,,EXCLUDED,7,9,8
1458,21137,4:08:00,1,,,,,,,,EXCLUDED,7,9,8
1458,21138,4:08:30,1,,,,,,,,EXCLUDED,7,9,8
1458,21139,4:09:00,1,,,,,,,,EXCLUDED,7,9,8
1458,21140,4:09:30,1,,,,,,,,EXCLUDED,7,9,8
1458,21141,4:10:00,1,,,,,,,,EXCLUDED,7,9,8
1458,21142,4:10:30,1,,,,,,,,EXCLUDED,7,9,8
1458,21143,4:11:00,1,,,,,,,,EXCLUDED,7,9,8
1458,21144,4:11:30,1,,,,,,,,EXCLUDED,7,9,8
1458,21145,4:12:00,1,,,,,,,,EXCLUDED,7,9,8
1458,21146,4:12:30,1,,,,,,,,EXCLUDED,7,9,8
1458,21147,4:13:00,1,,,,,,,,EXCLUDED,7,9,8
1458,21148,4:13:30,1,,,,,,,,EXCLUDED,7,9,8
1458,21149,4:14:00,1,,,,,,,,EXCLUDED,7,9,8
1458,21150,4:14:30,1,,,,,,,,EXCLUDED,7,9,8
1458,21151,4:15:00,1,,,,,,,,EXCLUDED,7,9,8
1458,21152,4:15:30,1,,,,,,,,EXCLUDED,7,9,8
1458,21153,4:16:00,1,,,,,,,,EXCLUDED,7,9,8
1458,21154,4:16:30,1,,,,,,,,EXCLUDED,7,9,8
1458,21155,4:17:00,1,,,,,,,,EXCLUDED,7,9,8
1458,21156,4:17:30,1,,,,,,,,EXCLUDED,7,9,8
1458,21157,4:18:00,1,,,,,,,,EXCLUDED,7,9,8
1458,21158,4:18:30,1,,,,,,,,EXCLUDED,7,9,8
1458,21159,4:19:00,1,,,,,,,,EXCLUDED,7,9,8
1458,21160,4:19:30,1,,,,,,,,EXCLUDED,7,9,8
1458,21161,4:20:00,1,,,,,,,,EXCLUDED,7,9,8
1458,21162,4:20:30,1,,,,,,,,EXCLUDED,7,9,8
1458,21163,4:21:00,1,,,,,,,,EXCLUDED,7,9,8
1458,21164,4:21:30,1,,,,,,,,EXCLUDED,7,9,8
1458,21165,4:22:00,1,,,,,,,,EXCLUDED,7,9,8
1458,21166,4:22:30,1,,,,,,,,EXCLUDED,7,9,8
1458,21167,4:23:00,1,,,,,,,,EXCLUDED,7,9,8
1458,21168,4:23:30,1,,,,,,,,EXCLUDED,7,9,8
1458,21169,4:24:00,1,,,,,,,,EXCLUDED,7,9,8
1458,21170,4:24:30,1,,,,,,,,EXCLUDED,7,9,8
1458,21171,4:25:00,1,,,,,,,,EXCLUDED,7,9,8
1458,21172,4:25:30,1,,,,,,,,EXCLUDED,7,9,8
1458,21173,4:26:00,1,,,,,,,,EXCLUDED,7,9,8
1458,21174,4:26:30,1,,,,,,,,EXCLUDED,7,9,8
1458,21175,4:27:00,1,,,,,,,,EXCLUDED,7,9,8
1458,21176,4:27:30,1,,,,,,,,EXCLUDED,7,9,8
1458,21177,4:28:00,1,,,,,,,,EXCLUDED,7,9,8
1458,21178,4:28:30,1,,,,,,,,EXCLUDED,7,9,8
1458,21179,4:29:00,1,,,,,,,,EXCLUDED,7,9,8
1458,21180,4:29:30,1,,,,,,,,EXCLUDED,7,9,8
1458,21181,4:30:00,1,,,,,,,,EXCLUDED,7,9,8
1458,21182,4:30:30,1,,,,,,,,EXCLUDED,7,9,8
1458,21183,4:31:00,1,,,,,,,,EXCLUDED,7,9,8
1458,21184,4:31:30,1,,,,,,,,EXCLUDED,7,9,8
1458,21185,4:32:00,1,,,,,,,,EXCLUDED,7,9,8
1458,21186,4:32:30,1,,,,,,,,EXCLUDED,7,9,8
1458,21187,4:33:00,1,,,,,,,,EXCLUDED,7,9,8
1458,21188,4:33:30,1,,,,,,,,EXCLUDED,7,9,8
1458,21189,4:34:00,1,,,,,,,,EXCLUDED,7,9,8
1458,21190,4:34:30,1,,,,,,,,EXCLUDED,7,9,8
1458,21191,4:35:00,1,,,,,,,,EXCLUDED,7,9,8
1458,21192,4:35:30,1,,,,,,,,EXCLUDED,7,9,8
1458,21193,4:36:00,1,,,,,,,,EXCLUDED,7,9,8
1458,21194,4:36:30,1,,,,,,,,EXCLUDED,7,9,8
1458,21195,4:37:00,1,,,,,,,,EXCLUDED,7,9,8
1458,21196,4:37:30,1,,,,,,,,EXCLUDED,7,9,8
1458,21197,4:38:00,1,,,,,,,,EXCLUDED,7,9,8
1458,21198,4:38:30,1,,,,,,,,EXCLUDED,7,9,8
1458,21199,4:39:00,1,,,,,,,,EXCLUDED,7,9,8
1458,21200,4:39:30,1,,,,,,,,EXCLUDED,7,9,8
1458,21201,4:40:00,1,,,,,,,,EXCLUDED,7,9,8
1458,21202,4:40:30,1,,,,,,,,EXCLUDED,7,9,8
1458,21203,4:41:00,1,,,,,,,,EXCLUDED,7,9,8
1458,21204,4:41:30,1,,,,,,,,EXCLUDED,7,9,8
1458,21205,4:42:00,1,,,,,,,,EXCLUDED,7,9,8
1458,21206,4:42:30,1,,,,,,,,EXCLUDED,7,9,8
1458,21207,4:43:00,1,,,,,,,,EXCLUDED,7,9,8
1458,21208,4:43:30,1,,,,,,,,EXCLUDED,7,9,8
1458,21209,4:44:00,1,,,,,,,,EXCLUDED,7,9,8
1458,21210,4:44:30,1,,,,,,,,EXCLUDED,7,9,8
1458,21211,4:45:00,1,,,,,,,,EXCLUDED,7,9,8
1458,21212,4:45:30,1,,,,,,,,EXCLUDED,7,9,8
1458,21213,4:46:00,1,,,,,,,,EXCLUDED,7,9,8
1458,21214,4:46:30,1,,,,,,,,EXCLUDED,7,9,8
1458,21215,4:47:00,1,,,,,,,,EXCLUDED,7,9,8
1458,21216,4:47:30,1,,,,,,,,EXCLUDED,7,9,8
1458,21217,4:48:00,1,,,,,,,,EXCLUDED,7,9,8
1458,21218,4:48:30,1,,,,,,,,EXCLUDED,7,9,8
1458,21219,4:49:00,1,,,,,,,,EXCLUDED,7,9,8
1458,21220,4:49:30,1,,,,,,,,EXCLUDED,7,9,8
1458,21221,4:50:00,1,,,,,,,,EXCLUDED,7,9,8
1458,21222,4:50:30,1,,,,,,,,EXCLUDED,7,9,8
1458,21223,4:51:00,1,,,,,,,,EXCLUDED,7,9,8
1458,21224,4:51:30,1,,,,,,,,EXCLUDED,7,9,8
1458,21225,4:52:00,1,,,,,,,,EXCLUDED,7,9,8
1458,21226,4:52:30,1,,,,,,,,EXCLUDED,7,9,8
1458,21227,4:53:00,1,,,,,,,,EXCLUDED,7,9,8
1458,21228,4:53:30,1,,,,,,,,EXCLUDED,7,9,8
1458,21229,4:54:00,1,,,,,,,,EXCLUDED,7,9,8
1458,21230,4:54:30,1,,,,,,,,EXCLUDED,7,9,8
1458,21231,4:55:00,1,,,,,,,,EXCLUDED,7,9,8
1458,21232,4:55:30,1,,,,,,,,EXCLUDED,7,9,8
1458,21233,4:56:00,1,,,,,,,,EXCLUDED,7,9,8
1458,21234,4:56:30,1,,,,,,,,EXCLUDED,7,9,8
1458,21235,4:57:00,1,,,,,,,,EXCLUDED,7,9,8
1458,21236,4:57:30,1,,,,,,,,EXCLUDED,7,9,8
1458,21237,4:58:00,1,,,,,,,,EXCLUDED,7,9,8
1458,21238,4:58:30,1,,,,,,,,EXCLUDED,7,9,8
1458,21239,4:59:00,1,,,,,,,,EXCLUDED,7,9,8
1458,21240,4:59:30,1,,,,,,,,EXCLUDED,7,9,8
1458,21241,5:00:00,1,,,,,,,,EXCLUDED,7,9,8
1458,21242,5:00:30,1,,,,,,,,EXCLUDED,7,9,8
1458,21243,5:01:00,1,,,,,,,,EXCLUDED,7,9,8
1458,21244,5:01:30,1,,,,,,,,EXCLUDED,7,9,8
1458,21245,5:02:00,1,,,,,,,,EXCLUDED,7,9,8
1458,21246,5:02:30,1,,,,,,,,EXCLUDED,7,9,8
1458,21247,5:03:00,1,,,,,,,,EXCLUDED,7,9,8
1458,21248,5:03:30,1,,,,,,,,EXCLUDED,7,9,8
1458,21249,5:04:00,1,,,,,,,,EXCLUDED,7,9,8
1458,21250,5:04:30,1,,,,,,,,EXCLUDED,7,9,8
1458,21251,5:05:00,1,,,,,,,,EXCLUDED,7,9,8
1458,21252,5:05:30,1,,,,,,,,EXCLUDED,7,9,8
1458,21253,5:06:00,1,,,,,,,,EXCLUDED,7,9,8
1458,21254,5:06:30,1,,,,,,,,EXCLUDED,7,9,8
1458,21255,5:07:00,1,,,,,,,,EXCLUDED,7,9,8
1458,21256,5:07:30,1,,,,,,,,EXCLUDED,7,9,8
1458,21257,5:08:00,1,,,,,,,,EXCLUDED,7,9,8
1458,21258,5:08:30,1,,,,,,,,EXCLUDED,7,9,8
1458,21259,5:09:00,1,,,,,,,,EXCLUDED,7,9,8
1458,21260,5:09:30,1,,,,,,,,EXCLUDED,7,9,8
1458,21261,5:10:00,1,,,,,,,,EXCLUDED,7,9,8
1458,21262,5:10:30,1,,,,,,,,EXCLUDED,7,9,8
1458,21263,5:11:00,1,,,,,,,,EXCLUDED,7,9,8
1458,21264,5:11:30,1,,,,,,,,EXCLUDED,7,9,8
1458,21265,5:12:00,1,,,,,,,,EXCLUDED,7,9,8
1458,21266,5:12:30,1,,,,,,,,EXCLUDED,7,9,8
1458,21267,5:13:00,1,,,,,,,,EXCLUDED,7,9,8
1458,21268,5:13:30,1,,,,,,,,EXCLUDED,7,9,8
1458,21269,5:14:00,1,,,,,,,,EXCLUDED,7,9,8
1458,21270,5:14:30,1,,,,,,,,EXCLUDED,7,9,8
1458,21271,5:15:00,1,,,,,,,,EXCLUDED,7,9,8
1458,21272,5:15:30,1,,,,,,,,EXCLUDED,7,9,8
1458,21273,5:16:00,1,,,,,,,,EXCLUDED,7,9,8
1458,21274,5:16:30,1,,,,,,,,EXCLUDED,7,9,8
1458,21275,5:17:00,1,,,,,,,,EXCLUDED,7,9,8
1458,21276,5:17:30,1,,,,,,,,EXCLUDED,7,9,8
1458,21277,5:18:00,1,,,,,,,,EXCLUDED,7,9,8
1458,21278,5:18:30,1,,,,,,,,EXCLUDED,7,9,8
1458,21279,5:19:00,1,,,,,,,,EXCLUDED,7,9,8
1458,21280,5:19:30,1,,,,,,,,EXCLUDED,7,9,8
1458,21281,5:20:00,1,,,,,,,,EXCLUDED,7,9,8
1458,21282,5:20:30,1,,,,,,,,EXCLUDED,7,9,8
1458,21283,5:21:00,1,,,,,,,,EXCLUDED,7,9,8
1458,21284,5:21:30,1,,,,,,,,EXCLUDED,7,9,8
1458,21285,5:22:00,1,,,,,,,,EXCLUDED,7,9,8
1458,21286,5:22:30,1,,,,,,,,EXCLUDED,7,9,8
1458,21287,5:23:00,1,,,,,,,,EXCLUDED,7,9,8
1458,21288,5:23:30,1,,,,,,,,EXCLUDED,7,9,8
1458,21289,5:24:00,1,,,,,,,,EXCLUDED,7,9,8
1458,21290,5:24:30,1,,,,,,,,EXCLUDED,7,9,8
1458,21291,5:25:00,1,,,,,,,,EXCLUDED,7,9,8
1458,21292,5:25:30,1,,,,,,,,EXCLUDED,7,9,8
1458,21293,5:26:00,1,,,,,,,,EXCLUDED,7,9,8
1458,21294,5:26:30,1,,,,,,,,EXCLUDED,7,9,8
1458,21295,5:27:00,1,,,,,,,,EXCLUDED,7,9,8
1458,21296,5:27:30,1,,,,,,,,EXCLUDED,7,9,8
1458,21297,5:28:00,1,,,,,,,,EXCLUDED,7,9,8
1458,21298,5:28:30,1,,,,,,,,EXCLUDED,7,9,8
1458,21299,5:29:00,1,,,,,,,,EXCLUDED,7,9,8
1458,21300,5:29:30,1,,,,,,,,EXCLUDED,7,9,8
1458,21301,5:30:00,1,,,,,,,,EXCLUDED,7,9,8
1458,21302,5:30:30,1,,,,,,,,EXCLUDED,7,9,8
1458,21303,5:31:00,1,,,,,,,,EXCLUDED,7,9,8
1458,21304,5:31:30,1,,,,,,,,EXCLUDED,7,9,8
1458,21305,5:32:00,1,,,,,,,,EXCLUDED,7,9,8
1458,21306,5:32:30,1,,,,,,,,EXCLUDED,7,9,8
1458,21307,5:33:00,1,,,,,,,,EXCLUDED,7,9,8
1458,21308,5:33:30,1,,,,,,,,EXCLUDED,7,9,8
1458,21309,5:34:00,1,,,,,,,,EXCLUDED,7,9,8
1458,21310,5:34:30,1,,,,,,,,EXCLUDED,7,9,8
1458,21311,5:35:00,1,,,,,,,,EXCLUDED,7,9,8
1458,21312,5:35:30,1,,,,,,,,EXCLUDED,7,9,8
1458,21313,5:36:00,1,,,,,,,,EXCLUDED,7,9,8
1458,21314,5:36:30,1,,,,,,,,EXCLUDED,7,9,8
1458,21315,5:37:00,1,,,,,,,,EXCLUDED,7,9,8
1458,21316,5:37:30,1,,,,,,,,EXCLUDED,7,9,8
1458,21317,5:38:00,1,,,,,,,,EXCLUDED,7,9,8
1458,21318,5:38:30,1,,,,,,,,EXCLUDED,7,9,8
1458,21319,5:39:00,1,,,,,,,,EXCLUDED,7,9,8
1458,21320,5:39:30,1,,,,,,,,EXCLUDED,7,9,8
1458,21321,5:40:00,1,,,,,,,,EXCLUDED,7,9,8
1458,21322,5:40:30,1,,,,,,,,EXCLUDED,7,9,8
1458,21323,5:41:00,1,,,,,,,,EXCLUDED,7,9,8
1458,21324,5:41:30,1,,,,,,,,EXCLUDED,7,9,8
1458,21325,5:42:00,1,,,,,,,,EXCLUDED,7,9,8
1458,21326,5:42:30,1,,,,,,,,EXCLUDED,7,9,8
1458,21327,5:43:00,1,,,,,,,,EXCLUDED,7,9,8
1458,21328,5:43:30,1,,,,,,,,EXCLUDED,7,9,8
1458,21329,5:44:00,1,,,,,,,,EXCLUDED,7,9,8
1458,21330,5:44:30,1,,,,,,,,EXCLUDED,7,9,8
1458,21331,5:45:00,1,,,,,,,,EXCLUDED,7,9,8
1458,21332,5:45:30,1,,,,,,,,EXCLUDED,7,9,8
1458,21333,5:46:00,1,,,,,,,,EXCLUDED,7,9,8
1458,21334,5:46:30,1,,,,,,,,EXCLUDED,7,9,8
1458,21335,5:47:00,1,,,,,,,,EXCLUDED,7,9,8
1458,21336,5:47:30,1,,,,,,,,EXCLUDED,7,9,8
1458,21337,5:48:00,1,,,,,,,,EXCLUDED,7,9,8
1458,21338,5:48:30,1,,,,,,,,EXCLUDED,7,9,8
1458,21339,5:49:00,1,,,,,,,,EXCLUDED,7,9,8
1458,21340,5:49:30,1,,,,,,,,EXCLUDED,7,9,8
1458,21341,5:50:00,1,,,,,,,,EXCLUDED,7,9,8
1458,21342,5:50:30,1,,,,,,,,EXCLUDED,7,9,8
1458,21343,5:51:00,1,,,,,,,,EXCLUDED,7,9,8
1458,21344,5:51:30,1,,,,,,,,EXCLUDED,7,9,8
1458,21345,5:52:00,1,,,,,,,,EXCLUDED,7,9,8
1458,21346,5:52:30,1,,,,,,,,EXCLUDED,7,9,8
1458,21347,5:53:00,1,,,,,,,,EXCLUDED,7,9,8
1458,21348,5:53:30,1,,,,,,,,EXCLUDED,7,9,8
1458,21349,5:54:00,1,,,,,,,,EXCLUDED,7,9,8
1458,21350,5:54:30,1,,,,,,,,EXCLUDED,7,9,8
1458,21351,5:55:00,1,,,,,,,,EXCLUDED,7,9,8
1458,21352,5:55:30,1,,,,,,,,EXCLUDED,7,9,8
1458,21353,5:56:00,1,,,,,,,,EXCLUDED,7,9,8
1458,21354,5:56:30,1,,,,,,,,EXCLUDED,7,9,8
1458,21355,5:57:00,1,,,,,,,,EXCLUDED,7,9,8
1458,21356,5:57:30,1,,,,,,,,EXCLUDED,7,9,8
1458,21357,5:58:00,1,,,,,,,,EXCLUDED,7,9,8
1458,21358,5:58:30,1,,,,,,,,EXCLUDED,7,9,8
1458,21359,5:59:00,1,,,,,,,,EXCLUDED,7,9,8
1458,21360,5:59:30,1,,,,,,,,EXCLUDED,7,9,8
1458,21361,6:00:00,1,,,,,,,,EXCLUDED,7,9,8
1458,21362,6:00:30,1,,,,,,,,EXCLUDED,7,9,8
1458,21363,6:01:00,1,,,,,,,,EXCLUDED,7,9,8
1458,21364,6:01:30,1,,,,,,,,EXCLUDED,7,9,8
1458,21365,6:02:00,1,,,,,,,,EXCLUDED,7,9,8
1458,21366,6:02:30,1,,,,,,,,EXCLUDED,7,9,8
1458,21367,6:03:00,1,,,,,,,,EXCLUDED,7,9,8
1458,21368,6:03:30,1,,,,,,,,EXCLUDED,7,9,8
1458,21369,6:04:00,1,,,,,,,,EXCLUDED,7,9,8
1458,21370,6:04:30,1,,,,,,,,EXCLUDED,7,9,8
1458,21371,6:05:00,1,,,,,,,,EXCLUDED,7,9,8
1458,21372,6:05:30,1,,,,,,,,EXCLUDED,7,9,8
1458,21373,6:06:00,1,,,,,,,,EXCLUDED,7,9,8
1458,21374,6:06:30,1,,,,,,,,EXCLUDED,7,9,8
1458,21375,6:07:00,1,,,,,,,,EXCLUDED,7,9,8
1458,21376,6:07:30,1,,,,,,,,EXCLUDED,7,9,8
1458,21377,6:08:00,1,,,,,,,,EXCLUDED,7,9,8
1458,21378,6:08:30,1,,,,,,,,EXCLUDED,7,9,8
1458,21379,6:09:00,1,,,,,,,,EXCLUDED,7,9,8
1458,21380,6:09:30,1,,,,,,,,EXCLUDED,7,9,8
1458,21381,6:10:00,1,,,,,,,,EXCLUDED,7,9,8
1458,21382,6:10:30,1,,,,,,,,EXCLUDED,7,9,8
1458,21383,6:11:00,1,,,,,,,,EXCLUDED,7,9,8
1458,21384,6:11:30,1,,,,,,,,EXCLUDED,7,9,8
1458,21385,6:12:00,1,,,,,,,,EXCLUDED,7,9,8
1458,21386,6:12:30,1,,,,,,,,EXCLUDED,7,9,8
1458,21387,6:13:00,1,,,,,,,,EXCLUDED,7,9,8
1458,21388,6:13:30,1,,,,,,,,EXCLUDED,7,9,8
1458,21389,6:14:00,1,,,,,,,,EXCLUDED,7,9,8
1458,21390,6:14:30,1,,,,,,,,EXCLUDED,7,9,8
1458,21391,6:15:00,1,,,,,,,,EXCLUDED,7,9,8
1458,21392,6:15:30,1,,,,,,,,EXCLUDED,7,9,8
1458,21393,6:16:00,1,,,,,,,,EXCLUDED,7,9,8
1458,21394,6:16:30,1,,,,,,,,EXCLUDED,7,9,8
1458,21395,6:17:00,1,,,,,,,,EXCLUDED,7,9,8
1458,21396,6:17:30,1,,,,,,,,EXCLUDED,7,9,8
1458,21397,6:18:00,1,,,,,,,,EXCLUDED,7,9,8
1458,21398,6:18:30,1,,,,,,,,EXCLUDED,7,9,8
1458,21399,6:19:00,1,,,,,,,,EXCLUDED,7,9,8
1458,21400,6:19:30,1,,,,,,,,EXCLUDED,7,9,8
1458,21401,6:20:00,1,,,,,,,,EXCLUDED,7,9,8
1458,21402,6:20:30,1,,,,,,,,EXCLUDED,7,9,8
1458,21403,6:21:00,1,,,,,,,,EXCLUDED,7,9,8
1458,21404,6:21:30,1,,,,,,,,EXCLUDED,7,9,8
1458,21405,6:22:00,1,,,,,,,,EXCLUDED,7,9,8
1458,21406,6:22:30,1,,,,,,,,EXCLUDED,7,9,8
1458,21407,6:23:00,1,,,,,,,,EXCLUDED,7,9,8
1458,21408,6:23:30,1,,,,,,,,EXCLUDED,7,9,8
1458,21409,6:24:00,1,,,,,,,,EXCLUDED,7,9,8
1458,21410,6:24:30,1,,,,,,,,EXCLUDED,7,9,8
1458,21411,6:25:00,1,,,,,,,,EXCLUDED,7,9,8
1458,21412,6:25:30,1,,,,,,,,EXCLUDED,7,9,8
1458,21413,6:26:00,1,,,,,,,,EXCLUDED,7,9,8
1458,21414,6:26:30,1,,,,,,,,EXCLUDED,7,9,8
1458,21415,6:27:00,1,,,,,,,,EXCLUDED,7,9,8
1458,21416,6:27:30,1,,,,,,,,EXCLUDED,7,9,8
1458,21417,6:28:00,1,,,,,,,,EXCLUDED,7,9,8
1458,21418,6:28:30,1,,,,,,,,EXCLUDED,7,9,8
1458,21419,6:29:00,1,,,,,,,,EXCLUDED,7,9,8
1458,21420,6:29:30,1,,,,,,,,EXCLUDED,7,9,8
1458,21421,6:30:00,1,,,,,,,,EXCLUDED,7,9,8
1458,21422,6:30:30,1,,,,,,,,EXCLUDED,7,9,8
1458,21423,6:31:00,1,,,,,,,,EXCLUDED,7,9,8
1458,21424,6:31:30,1,,,,,,,,EXCLUDED,7,9,8
1458,21425,6:32:00,1,,,,,,,,EXCLUDED,7,9,8
1458,21426,6:32:30,1,,,,,,,,EXCLUDED,7,9,8
1458,21427,6:33:00,1,,,,,,,,EXCLUDED,7,9,8
1458,21428,6:33:30,1,,,,,,,,EXCLUDED,7,9,8
1458,21429,6:34:00,1,,,,,,,,EXCLUDED,7,9,8
1458,21430,6:34:30,1,,,,,,,,EXCLUDED,7,9,8
1458,21431,6:35:00,1,,,,,,,,EXCLUDED,7,9,8
1458,21432,6:35:30,1,,,,,,,,EXCLUDED,7,9,8
1458,21433,6:36:00,1,,,,,,,,EXCLUDED,7,9,8
1458,21434,6:36:30,1,,,,,,,,EXCLUDED,7,9,8
1458,21435,6:37:00,1,,,,,,,,EXCLUDED,7,9,8
1458,21436,6:37:30,1,,,,,,,,EXCLUDED,7,9,8
1458,21437,6:38:00,1,,,,,,,,EXCLUDED,7,9,8
1458,21438,6:38:30,1,,,,,,,,EXCLUDED,7,9,8
1458,21439,6:39:00,1,,,,,,,,EXCLUDED,7,9,8
1458,21440,6:39:30,1,,,,,,,,EXCLUDED,7,9,8
1458,21441,6:40:00,1,,,,,,,,EXCLUDED,7,9,8
1458,21442,6:40:30,1,,,,,,,,EXCLUDED,7,9,8
1458,21443,6:41:00,1,,,,,,,,EXCLUDED,7,9,8
1458,21444,6:41:30,1,,,,,,,,EXCLUDED,7,9,8
1458,21445,6:42:00,1,,,,,,,,EXCLUDED,7,9,8
1458,21446,6:42:30,1,,,,,,,,EXCLUDED,7,9,8
1458,21447,6:43:00,1,,,,,,,,EXCLUDED,7,9,8
1458,21448,6:43:30,1,,,,,,,,EXCLUDED,7,9,8
1458,21449,6:44:00,1,,,,,,,,EXCLUDED,7,9,8
1458,21450,6:44:30,1,,,,,,,,EXCLUDED,7,9,8
1458,21451,6:45:00,1,,,,,,,,EXCLUDED,7,9,8
1458,21452,6:45:30,1,,,,,,,,EXCLUDED,7,9,8
1458,21453,6:46:00,1,,,,,,,,EXCLUDED,7,9,8
1458,21454,6:46:30,1,,,,,,,,EXCLUDED,7,9,8
1458,21455,6:47:00,1,,,,,,,,EXCLUDED,7,9,8
1458,21456,6:47:30,1,,,,,,,,EXCLUDED,7,9,8
1458,21457,6:48:00,1,,,,,,,,EXCLUDED,7,9,8
1458,21458,6:48:30,1,,,,,,,,EXCLUDED,7,9,8
1458,21459,6:49:00,1,,,,,,,,EXCLUDED,7,9,8
1458,21460,6:49:30,1,,,,,,,,EXCLUDED,7,9,8
1458,21461,6:50:00,1,,,,,,,,EXCLUDED,7,9,8
1458,21462,6:50:30,1,,,,,,,,EXCLUDED,7,9,8
1458,21463,6:51:00,1,,,,,,,,EXCLUDED,7,9,8
1458,21464,6:51:30,1,,,,,,,,EXCLUDED,7,9,8
1458,21465,6:52:00,1,,,,,,,,EXCLUDED,7,9,8
1458,21466,6:52:30,1,,,,,,,,EXCLUDED,7,9,8
1458,21467,6:53:00,1,,,,,,,,EXCLUDED,7,9,8
1458,21468,6:53:30,1,,,,,,,,EXCLUDED,7,9,8
1458,21469,6:54:00,1,,,,,,,,EXCLUDED,7,9,8
1458,21470,6:54:30,1,,,,,,,,EXCLUDED,7,9,8
1458,21471,6:55:00,1,,,,,,,,EXCLUDED,7,9,8
1458,21472,6:55:30,1,,,,,,,,EXCLUDED,7,9,8
1458,21473,6:56:00,1,,,,,,,,EXCLUDED,7,9,8
1458,21474,6:56:30,1,,,,,,,,EXCLUDED,7,9,8
1458,21475,6:57:00,1,,,,,,,,EXCLUDED,7,9,8
1458,21476,6:57:30,1,,,,,,,,EXCLUDED,7,9,8
1458,21477,6:58:00,1,,,,,,,,EXCLUDED,7,9,8
1458,21478,6:58:30,1,,,,,,,,EXCLUDED,7,9,8
1458,21479,6:59:00,1,,,,,,,,EXCLUDED,7,9,8
1458,21480,6:59:30,1,,,,,,,,EXCLUDED,7,9,8
1458,21481,7:00:00,1,,,,,,,,EXCLUDED,7,9,8
1458,21482,7:00:30,1,,,,,,,,EXCLUDED,7,9,8
1458,21483,7:01:00,1,,,,,,,,EXCLUDED,7,9,8
1458,21484,7:01:30,1,,,,,,,,EXCLUDED,7,9,8
1458,21485,7:02:00,1,,,,,,,,EXCLUDED,7,9,8
1458,21486,7:02:30,1,,,,,,,,EXCLUDED,7,9,8
1458,21487,7:03:00,1,,,,,,,,EXCLUDED,7,9,8
1458,21488,7:03:30,1,,,,,,,,EXCLUDED,7,9,8
1458,21489,7:04:00,1,,,,,,,,EXCLUDED,7,9,8
1458,21490,7:04:30,1,,,,,,,,EXCLUDED,7,9,8
1458,21491,7:05:00,1,,,,,,,,EXCLUDED,7,9,8
1458,21492,7:05:30,1,,,,,,,,EXCLUDED,7,9,8
1458,21493,7:06:00,1,,,,,,,,EXCLUDED,7,9,8
1458,21494,7:06:30,1,,,,,,,,EXCLUDED,7,9,8
1458,21495,7:07:00,1,,,,,,,,EXCLUDED,7,9,8
1458,21496,7:07:30,1,,,,,,,,EXCLUDED,7,9,8
1458,21497,7:08:00,1,,,,,,,,EXCLUDED,7,9,8
1458,21498,7:08:30,1,,,,,,,,EXCLUDED,7,9,8
1458,21499,7:09:00,1,,,,,,,,EXCLUDED,7,9,8
1458,21500,7:09:30,1,,,,,,,,EXCLUDED,7,9,8
1458,21501,7:10:00,1,,,,,,,,EXCLUDED,7,9,8
1458,21502,7:10:30,1,,,,,,,,EXCLUDED,7,9,8
1458,21503,7:11:00,1,,,,,,,,EXCLUDED,7,9,8
1458,21504,7:11:30,1,,,,,,,,EXCLUDED,7,9,8
1458,21505,7:12:00,1,,,,,,,,EXCLUDED,7,9,8
1458,21506,7:12:30,1,,,,,,,,EXCLUDED,7,9,8
1458,21507,7:13:00,1,,,,,,,,EXCLUDED,7,9,8
1458,21508,7:13:30,1,,,,,,,,EXCLUDED,7,9,8
1458,21509,7:14:00,1,,,,,,,,EXCLUDED,7,9,8
1458,21510,7:14:30,1,,,,,,,,EXCLUDED,7,9,8
1458,21511,7:15:00,1,,,,,,,,EXCLUDED,7,9,8
1458,21512,7:15:30,1,,,,,,,,EXCLUDED,7,9,8
1458,21513,7:16:00,1,,,,,,,,EXCLUDED,7,9,8
1458,21514,7:16:30,1,,,,,,,,EXCLUDED,7,9,8
1458,21515,7:17:00,1,,,,,,,,EXCLUDED,7,9,8
1458,21516,7:17:30,1,,,,,,,,EXCLUDED,7,9,8
1458,21517,7:18:00,1,,,,,,,,EXCLUDED,7,9,8
1458,21518,7:18:30,1,,,,,,,,EXCLUDED,7,9,8
1458,21519,7:19:00,1,,,,,,,,EXCLUDED,7,9,8
1458,21520,7:19:30,1,,,,,,,,EXCLUDED,7,9,8
1458,21521,7:20:00,1,,,,,,,,EXCLUDED,7,9,8
1458,21522,7:20:30,1,,,,,,,,EXCLUDED,7,9,8
1458,21523,7:21:00,1,,,,,,,,EXCLUDED,7,9,8
1458,21524,7:21:30,1,,,,,,,,EXCLUDED,7,9,8
1458,21525,7:22:00,1,,,,,,,,EXCLUDED,7,9,8
1458,21526,7:22:30,1,,,,,,,,EXCLUDED,7,9,8
1458,21527,7:23:00,1,,,,,,,,EXCLUDED,7,9,8
1458,21528,7:23:30,1,,,,,,,,EXCLUDED,7,9,8
1458,21529,7:24:00,1,,,,,,,,EXCLUDED,7,9,8
1458,21530,7:24:30,1,,,,,,,,EXCLUDED,7,9,8
1458,21531,7:25:00,1,,,,,,,,EXCLUDED,7,9,8
1458,21532,7:25:30,1,,,,,,,,EXCLUDED,7,9,8
1458,21533,7:26:00,1,,,,,,,,EXCLUDED,7,9,8
1458,21534,7:26:30,1,,,,,,,,EXCLUDED,7,9,8
1458,21535,7:27:00,1,,,,,,,,EXCLUDED,7,9,8
1458,21536,7:27:30,1,,,,,,,,EXCLUDED,7,9,8
1458,21537,7:28:00,1,,,,,,,,EXCLUDED,7,9,8
1458,21538,7:28:30,1,,,,,,,,EXCLUDED,7,9,8
1458,21539,7:29:00,1,,,,,,,,EXCLUDED,7,9,8
1458,21540,7:29:30,1,,,,,,,,EXCLUDED,7,9,8
1458,21541,7:30:00,1,,,,,,,,EXCLUDED,7,9,8
1458,21542,7:30:30,1,,,,,,,,EXCLUDED,7,9,8
1458,21543,7:31:00,1,,,,,,,,EXCLUDED,7,9,8
1458,21544,7:31:30,1,,,,,,,,EXCLUDED,7,9,8
1458,21545,7:32:00,1,,,,,,,,EXCLUDED,7,9,8
1458,21546,7:32:30,1,,,,,,,,EXCLUDED,7,9,8
1458,21547,7:33:00,1,,,,,,,,EXCLUDED,7,9,8
1458,21548,7:33:30,1,,,,,,,,EXCLUDED,7,9,8
1458,21549,7:34:00,1,,,,,,,,EXCLUDED,7,9,8
1458,21550,7:34:30,1,,,,,,,,EXCLUDED,7,9,8
1458,21551,7:35:00,1,,,,,,,,EXCLUDED,7,9,8
1458,21552,7:35:30,1,,,,,,,,EXCLUDED,7,9,8
1458,21553,7:36:00,1,,,,,,,,EXCLUDED,7,9,8
1458,21554,7:36:30,1,,,,,,,,EXCLUDED,7,9,8
1458,21555,7:37:00,1,,,,,,,,EXCLUDED,7,9,8
1458,21556,7:37:30,1,,,,,,,,EXCLUDED,7,9,8
1458,21557,7:38:00,1,,,,,,,,EXCLUDED,7,9,8
1458,21558,7:38:30,1,,,,,,,,EXCLUDED,7,9,8
1458,21559,7:39:00,1,,,,,,,,EXCLUDED,7,9,8
1458,21560,7:39:30,1,,,,,,,,EXCLUDED,7,9,8
1458,21561,7:40:00,1,,,,,,,,EXCLUDED,7,9,8
1458,21562,7:40:30,1,,,,,,,,EXCLUDED,7,9,8
1458,21563,7:41:00,1,,,,,,,,EXCLUDED,7,9,8
1458,21564,7:41:30,1,,,,,,,,EXCLUDED,7,9,8
1458,21565,7:42:00,1,,,,,,,,EXCLUDED,7,9,8
1458,21566,7:42:30,1,,,,,,,,EXCLUDED,7,9,8
1458,21567,7:43:00,1,,,,,,,,EXCLUDED,7,9,8
1458,21568,7:43:30,1,,,,,,,,EXCLUDED,7,9,8
1458,21569,7:44:00,1,,,,,,,,EXCLUDED,7,9,8
1458,21570,7:44:30,1,,,,,,,,EXCLUDED,7,9,8
1458,21571,7:45:00,1,,,,,,,,EXCLUDED,7,9,8
1458,21572,7:45:30,1,,,,,,,,EXCLUDED,7,9,8
1458,21573,7:46:00,1,,,,,,,,EXCLUDED,7,9,8
1458,21574,7:46:30,1,,,,,,,,EXCLUDED,7,9,8
1458,21575,7:47:00,1,,,,,,,,EXCLUDED,7,9,8
1458,21576,7:47:30,1,,,,,,,,EXCLUDED,7,9,8
1458,21577,7:48:00,1,,,,,,,,EXCLUDED,7,9,8
1458,21578,7:48:30,1,,,,,,,,EXCLUDED,7,9,8
1458,21579,7:49:00,1,,,,,,,,EXCLUDED,7,9,8
1458,21580,7:49:30,1,,,,,,,,EXCLUDED,7,9,8
1458,21581,7:50:00,1,,,,,,,,EXCLUDED,7,9,8
1458,21582,7:50:30,1,,,,,,,,EXCLUDED,7,9,8
1458,21583,7:51:00,1,,,,,,,,EXCLUDED,7,9,8
1458,21584,7:51:30,1,,,,,,,,EXCLUDED,7,9,8
1458,21585,7:52:00,1,,,,,,,,EXCLUDED,7,9,8
1458,21586,7:52:30,1,,,,,,,,EXCLUDED,7,9,8
1458,21587,7:53:00,1,,,,,,,,EXCLUDED,7,9,8
1458,21588,7:53:30,1,,,,,,,,EXCLUDED,7,9,8
1458,21589,7:54:00,1,,,,,,,,EXCLUDED,7,9,8
1458,21590,7:54:30,1,,,,,,,,EXCLUDED,7,9,8
1458,21591,7:55:00,1,,,,,,,,EXCLUDED,7,9,8
1458,21592,7:55:30,1,,,,,,,,EXCLUDED,7,9,8
1458,21593,7:56:00,1,,,,,,,,EXCLUDED,7,9,8
1458,21594,7:56:30,1,,,,,,,,EXCLUDED,7,9,8
1458,21595,7:57:00,1,,,,,,,,EXCLUDED,7,9,8
1458,21596,7:57:30,1,,,,,,,,EXCLUDED,7,9,8
1458,21597,7:58:00,1,,,,,,,,EXCLUDED,7,9,8
1458,21598,7:58:30,1,,,,,,,,EXCLUDED,7,9,8
1458,21599,7:59:00,1,,,,,,,,EXCLUDED,7,9,8
1458,21600,7:59:30,1,,,,,,,,EXCLUDED,7,9,8
1458,21601,8:00:00,1,,,,,,,,EXCLUDED,7,9,8
1458,21602,8:00:30,1,,,,,,,,EXCLUDED,7,9,8
1458,21603,8:01:00,1,,,,,,,,EXCLUDED,7,9,8
1458,21604,8:01:30,1,,,,,,,,EXCLUDED,7,9,8
1458,21605,8:02:00,1,,,,,,,,EXCLUDED,7,9,8
1458,21606,8:02:30,1,,,,,,,,EXCLUDED,7,9,8
1458,21607,8:03:00,1,,,,,,,,EXCLUDED,7,9,8
1458,21608,8:03:30,1,,,,,,,,EXCLUDED,7,9,8
1458,21609,8:04:00,1,,,,,,,,EXCLUDED,7,9,8
1458,21610,8:04:30,1,,,,,,,,EXCLUDED,7,9,8
1458,21611,8:05:00,1,,,,,,,,EXCLUDED,7,9,8
1458,21612,8:05:30,1,,,,,,,,EXCLUDED,7,9,8
1458,21613,8:06:00,1,,,,,,,,EXCLUDED,7,9,8
1458,21614,8:06:30,1,,,,,,,,EXCLUDED,7,9,8
1458,21615,8:07:00,1,,,,,,,,EXCLUDED,7,9,8
1458,21616,8:07:30,1,,,,,,,,EXCLUDED,7,9,8
1458,21617,8:08:00,1,,,,,,,,EXCLUDED,7,9,8
1458,21618,8:08:30,1,,,,,,,,EXCLUDED,7,9,8
1458,21619,8:09:00,1,,,,,,,,EXCLUDED,7,9,8
1458,21620,8:09:30,1,,,,,,,,EXCLUDED,7,9,8
1458,21621,8:10:00,1,,,,,,,,EXCLUDED,7,9,8
1458,21622,8:10:30,1,,,,,,,,EXCLUDED,7,9,8
1458,21623,8:11:00,1,,,,,,,,EXCLUDED,7,9,8
1458,21624,8:11:30,1,,,,,,,,EXCLUDED,7,9,8
1458,21625,8:12:00,1,,,,,,,,EXCLUDED,7,9,8
1458,21626,8:12:30,1,,,,,,,,EXCLUDED,7,9,8
1458,21627,8:13:00,1,,,,,,,,EXCLUDED,7,9,8
1458,21628,8:13:30,1,,,,,,,,EXCLUDED,7,9,8
1458,21629,8:14:00,1,,,,,,,,EXCLUDED,7,9,8
1458,21630,8:14:30,1,,,,,,,,EXCLUDED,7,9,8
1458,21631,8:15:00,1,,,,,,,,EXCLUDED,7,9,8
1458,21632,8:15:30,1,,,,,,,,EXCLUDED,7,9,8
1458,21633,8:16:00,1,,,,,,,,EXCLUDED,7,9,8
1458,21634,8:16:30,1,,,,,,,,EXCLUDED,7,9,8
1458,21635,8:17:00,1,,,,,,,,EXCLUDED,7,9,8
1458,21636,8:17:30,1,,,,,,,,EXCLUDED,7,9,8
1458,21637,8:18:00,1,,,,,,,,EXCLUDED,7,9,8
1458,21638,8:18:30,1,,,,,,,,EXCLUDED,7,9,8
1458,21639,8:19:00,1,,,,,,,,EXCLUDED,7,9,8
1458,21640,8:19:30,1,,,,,,,,EXCLUDED,7,9,8
1458,21641,8:20:00,1,,,,,,,,EXCLUDED,7,9,8
1458,21642,8:20:30,1,,,,,,,,EXCLUDED,7,9,8
1458,21643,8:21:00,1,,,,,,,,EXCLUDED,7,9,8
1458,21644,8:21:30,1,,,,,,,,EXCLUDED,7,9,8
1458,21645,8:22:00,1,,,,,,,,EXCLUDED,7,9,8
1458,21646,8:22:30,1,,,,,,,,EXCLUDED,7,9,8
1458,21647,8:23:00,1,,,,,,,,EXCLUDED,7,9,8
1458,21648,8:23:30,1,,,,,,,,EXCLUDED,7,9,8
1458,21649,8:24:00,1,,,,,,,,EXCLUDED,7,9,8
1458,21650,8:24:30,1,,,,,,,,EXCLUDED,7,9,8
1458,21651,8:25:00,1,,,,,,,,EXCLUDED,7,9,8
1458,21652,8:25:30,1,,,,,,,,EXCLUDED,7,9,8
1458,21653,8:26:00,1,,,,,,,,EXCLUDED,7,9,8
1458,21654,8:26:30,1,,,,,,,,EXCLUDED,7,9,8
1458,21655,8:27:00,1,,,,,,,,EXCLUDED,7,9,8
1458,21656,8:27:30,1,,,,,,,,EXCLUDED,7,9,8
1458,21657,8:28:00,1,,,,,,,,EXCLUDED,7,9,8
1458,21658,8:28:30,1,,,,,,,,EXCLUDED,7,9,8
1458,21659,8:29:00,1,,,,,,,,EXCLUDED,7,9,8
1458,21660,8:29:30,1,,,,,,,,EXCLUDED,7,9,8
1458,21661,8:30:00,1,,,,,,,,EXCLUDED,7,9,8
1458,21662,8:30:30,1,,,,,,,,EXCLUDED,7,9,8
1458,21663,8:31:00,1,,,,,,,,EXCLUDED,7,9,8
1458,21664,8:31:30,1,,,,,,,,EXCLUDED,7,9,8
1458,21665,8:32:00,1,,,,,,,,EXCLUDED,7,9,8
1458,21666,8:32:30,1,,,,,,,,EXCLUDED,7,9,8
1458,21667,8:33:00,1,,,,,,,,EXCLUDED,7,9,8
1458,21668,8:33:30,1,,,,,,,,EXCLUDED,7,9,8
1458,21669,8:34:00,1,,,,,,,,EXCLUDED,7,9,8
1458,21670,8:34:30,1,,,,,,,,EXCLUDED,7,9,8
1458,21671,8:35:00,1,,,,,,,,EXCLUDED,7,9,8
1458,21672,8:35:30,1,,,,,,,,EXCLUDED,7,9,8
1458,21673,8:36:00,1,,,,,,,,EXCLUDED,7,9,8
1458,21674,8:36:30,1,,,,,,,,EXCLUDED,7,9,8
1458,21675,8:37:00,1,,,,,,,,EXCLUDED,7,9,8
1458,21676,8:37:30,1,,,,,,,,EXCLUDED,7,9,8
1458,21677,8:38:00,1,,,,,,,,EXCLUDED,7,9,8
1458,21678,8:38:30,1,,,,,,,,EXCLUDED,7,9,8
1458,21679,8:39:00,1,,,,,,,,EXCLUDED,7,9,8
1458,21680,8:39:30,1,,,,,,,,EXCLUDED,7,9,8
1458,21681,8:40:00,1,,,,,,,,EXCLUDED,7,9,8
1458,21682,8:40:30,1,,,,,,,,EXCLUDED,7,9,8
1458,21683,8:41:00,1,,,,,,,,EXCLUDED,7,9,8
1458,21684,8:41:30,1,,,,,,,,EXCLUDED,7,9,8
1458,21685,8:42:00,1,,,,,,,,EXCLUDED,7,9,8
1458,21686,8:42:30,1,,,,,,,,EXCLUDED,7,9,8
1458,21687,8:43:00,1,,,,,,,,EXCLUDED,7,9,8
1458,21688,8:43:30,1,,,,,,,,EXCLUDED,7,9,8
1458,21689,8:44:00,1,,,,,,,,EXCLUDED,7,9,8
1458,21690,8:44:30,1,,,,,,,,EXCLUDED,7,9,8
1458,21691,8:45:00,1,,,,,,,,EXCLUDED,7,9,8
1458,21692,8:45:30,1,,,,,,,,EXCLUDED,7,9,8
1458,21693,8:46:00,1,,,,,,,,EXCLUDED,7,9,8
1458,21694,8:46:30,1,,,,,,,,EXCLUDED,7,9,8
1458,21695,8:47:00,1,,,,,,,,EXCLUDED,7,9,8
1458,21696,8:47:30,1,,,,,,,,EXCLUDED,7,9,8
1458,21697,8:48:00,1,,,,,,,,EXCLUDED,7,9,8
1458,21698,8:48:30,1,,,,,,,,EXCLUDED,7,9,8
1458,21699,8:49:00,1,,,,,,,,EXCLUDED,7,9,8
1458,21700,8:49:30,1,,,,,,,,EXCLUDED,7,9,8
1458,21701,8:50:00,1,,,,,,,,EXCLUDED,7,9,8
1458,21702,8:50:30,1,,,,,,,,EXCLUDED,7,9,8
1458,21703,8:51:00,1,,,,,,,,EXCLUDED,7,9,8
1458,21704,8:51:30,1,,,,,,,,EXCLUDED,7,9,8
1458,21705,8:52:00,1,,,,,,,,EXCLUDED,7,9,8
1458,21706,8:52:30,1,,,,,,,,EXCLUDED,7,9,8
1458,21707,8:53:00,1,,,,,,,,EXCLUDED,7,9,8
1458,21708,8:53:30,1,,,,,,,,EXCLUDED,7,9,8
1458,21709,8:54:00,1,,,,,,,,EXCLUDED,7,9,8
1458,21710,8:54:30,1,,,,,,,,EXCLUDED,7,9,8
1458,21711,8:55:00,1,,,,,,,,EXCLUDED,7,9,8
1458,21712,8:55:30,1,,,,,,,,EXCLUDED,7,9,8
1458,21713,8:56:00,1,,,,,,,,EXCLUDED,7,9,8
1458,21714,8:56:30,1,,,,,,,,EXCLUDED,7,9,8
1458,21715,8:57:00,1,,,,,,,,EXCLUDED,7,9,8
1458,21716,8:57:30,1,,,,,,,,EXCLUDED,7,9,8
1458,21717,8:58:00,1,,,,,,,,EXCLUDED,7,9,8
1458,21718,8:58:30,1,,,,,,,,EXCLUDED,7,9,8
1458,21719,8:59:00,1,,,,,,,,EXCLUDED,7,9,8
1458,21720,8:59:30,1,,,,,,,,EXCLUDED,7,9,8
1458,21721,9:00:00,1,,,,,,,,EXCLUDED,7,9,8
1458,21722,9:00:30,1,,,,,,,,EXCLUDED,7,9,8
1458,21723,9:01:00,1,,,,,,,,EXCLUDED,7,9,8
1458,21724,9:01:30,1,,,,,,,,EXCLUDED,7,9,8
1458,21725,9:02:00,1,,,,,,,,EXCLUDED,7,9,8
1458,21726,9:02:30,1,,,,,,,,EXCLUDED,7,9,8
1458,21727,9:03:00,1,,,,,,,,EXCLUDED,7,9,8
1458,21728,9:03:30,1,,,,,,,,EXCLUDED,7,9,8
1458,21729,9:04:00,1,,,,,,,,EXCLUDED,7,9,8
1458,21730,9:04:30,1,,,,,,,,EXCLUDED,7,9,8
1458,21731,9:05:00,1,,,,,,,,EXCLUDED,7,9,8
1458,21732,9:05:30,1,,,,,,,,EXCLUDED,7,9,8
1458,21733,9:06:00,1,,,,,,,,EXCLUDED,7,9,8
1458,21734,9:06:30,1,,,,,,,,EXCLUDED,7,9,8
1458,21735,9:07:00,1,,,,,,,,EXCLUDED,7,9,8
1458,21736,9:07:30,1,,,,,,,,EXCLUDED,7,9,8
1458,21737,9:08:00,1,,,,,,,,EXCLUDED,7,9,8
1458,21738,9:08:30,1,,,,,,,,EXCLUDED,7,9,8
1458,21739,9:09:00,1,,,,,,,,EXCLUDED,7,9,8
1458,21740,9:09:30,1,,,,,,,,EXCLUDED,7,9,8
1458,21741,9:10:00,1,,,,,,,,EXCLUDED,7,9,8
1458,21742,9:10:30,1,,,,,,,,EXCLUDED,7,9,8
1458,21743,9:11:00,1,,,,,,,,EXCLUDED,7,9,8
1458,21744,9:11:30,1,,,,,,,,EXCLUDED,7,9,8
1458,21745,9:12:00,1,,,,,,,,EXCLUDED,7,9,8
1458,21746,9:12:30,1,,,,,,,,EXCLUDED,7,9,8
1458,21747,9:13:00,1,,,,,,,,EXCLUDED,7,9,8
1458,21748,9:13:30,1,,,,,,,,EXCLUDED,7,9,8
1458,21749,9:14:00,1,,,,,,,,EXCLUDED,7,9,8
1458,21750,9:14:30,1,,,,,,,,EXCLUDED,7,9,8
1458,21751,9:15:00,1,,,,,,,,EXCLUDED,7,9,8
1458,21752,9:15:30,1,,,,,,,,EXCLUDED,7,9,8
1458,21753,9:16:00,1,,,,,,,,EXCLUDED,7,9,8
1458,21754,9:16:30,1,,,,,,,,EXCLUDED,7,9,8
1458,21755,9:17:00,1,,,,,,,,EXCLUDED,7,9,8
1458,21756,9:17:30,1,,,,,,,,EXCLUDED,7,9,8
1458,21757,9:18:00,1,,,,,,,,EXCLUDED,7,9,8
1458,21758,9:18:30,1,,,,,,,,EXCLUDED,7,9,8
1458,21759,9:19:00,1,,,,,,,,EXCLUDED,7,9,8
1458,21760,9:19:30,1,,,,,,,,EXCLUDED,7,9,8
1458,21761,9:20:00,1,,,,,,,,EXCLUDED,7,9,8
1458,21762,9:20:30,1,,,,,,,,EXCLUDED,7,9,8
1458,21763,9:21:00,1,,,,,,,,EXCLUDED,7,9,8
1458,21764,9:21:30,1,,,,,,,,EXCLUDED,7,9,8
1458,21765,9:22:00,1,,,,,,,,EXCLUDED,7,9,8
1458,21766,9:22:30,1,,,,,,,,EXCLUDED,7,9,8
1458,21767,9:23:00,1,,,,,,,,EXCLUDED,7,9,8
1458,21768,9:23:30,1,,,,,,,,EXCLUDED,7,9,8
1458,21769,9:24:00,1,,,,,,,,EXCLUDED,7,9,8
1458,21770,9:24:30,1,,,,,,,,EXCLUDED,7,9,8
1458,21771,9:25:00,1,,,,,,,,EXCLUDED,7,9,8
1458,21772,9:25:30,1,,,,,,,,EXCLUDED,7,9,8
1458,21773,9:26:00,1,,,,,,,,EXCLUDED,7,9,8
1458,21774,9:26:30,1,,,,,,,,EXCLUDED,7,9,8
1458,21775,9:27:00,1,,,,,,,,EXCLUDED,7,9,8
1458,21776,9:27:30,1,,,,,,,,EXCLUDED,7,9,8
1458,21777,9:28:00,1,,,,,,,,EXCLUDED,7,9,8
1458,21778,9:28:30,1,,,,,,,,EXCLUDED,7,9,8
1458,21779,9:29:00,1,,,,,,,,EXCLUDED,7,9,8
1458,21780,9:29:30,1,,,,,,,,EXCLUDED,7,9,8
1458,21781,9:30:00,1,,,,,,,,EXCLUDED,7,9,8
1458,21782,9:30:30,1,,,,,,,,EXCLUDED,7,9,8
1458,21783,9:31:00,1,,,,,,,,EXCLUDED,7,9,8
1458,21784,9:31:30,1,,,,,,,,EXCLUDED,7,9,8
1458,21785,9:32:00,1,,,,,,,,EXCLUDED,7,9,8
1458,21786,9:32:30,1,,,,,,,,EXCLUDED,7,9,8
1458,21787,9:33:00,1,,,,,,,,EXCLUDED,7,9,8
1458,21788,9:33:30,1,,,,,,,,EXCLUDED,7,9,8
1458,21789,9:34:00,1,,,,,,,,EXCLUDED,7,9,8
1458,21790,9:34:30,1,,,,,,,,EXCLUDED,7,9,8
1458,21791,9:35:00,1,,,,,,,,EXCLUDED,7,9,8
1458,21792,9:35:30,1,,,,,,,,EXCLUDED,7,9,8
1458,21793,9:36:00,1,,,,,,,,EXCLUDED,7,9,8
1458,21794,9:36:30,1,,,,,,,,EXCLUDED,7,9,8
1458,21795,9:37:00,1,,,,,,,,EXCLUDED,7,9,8
1458,21796,9:37:30,1,,,,,,,,EXCLUDED,7,9,8
1458,21797,9:38:00,1,,,,,,,,EXCLUDED,7,9,8
1458,21798,9:38:30,1,,,,,,,,EXCLUDED,7,9,8
1458,21799,9:39:00,1,,,,,,,,EXCLUDED,7,9,8
1458,21800,9:39:30,1,,,,,,,,EXCLUDED,7,9,8
1458,21801,9:40:00,1,,,,,,,,EXCLUDED,7,9,8
1458,21802,9:40:30,1,,,,,,,,EXCLUDED,7,9,8
1458,21803,9:41:00,1,,,,,,,,EXCLUDED,7,9,8
1458,21804,9:41:30,1,,,,,,,,EXCLUDED,7,9,8
1458,21805,9:42:00,1,,,,,,,,EXCLUDED,7,9,8
1458,21806,9:42:30,1,,,,,,,,EXCLUDED,7,9,8
1458,21807,9:43:00,1,,,,,,,,EXCLUDED,7,9,8
1458,21808,9:43:30,1,,,,,,,,EXCLUDED,7,9,8
1458,21809,9:44:00,1,,,,,,,,EXCLUDED,7,9,8
1458,21810,9:44:30,1,,,,,,,,EXCLUDED,7,9,8
1458,21811,9:45:00,1,,,,,,,,EXCLUDED,7,9,8
1458,21812,9:45:30,1,,,,,,,,EXCLUDED,7,9,8
1458,21813,9:46:00,1,,,,,,,,EXCLUDED,7,9,8
1458,21814,9:46:30,1,,,,,,,,EXCLUDED,7,9,8
1458,21815,9:47:00,1,,,,,,,,EXCLUDED,7,9,8
1458,21816,9:47:30,1,,,,,,,,EXCLUDED,7,9,8
1458,21817,9:48:00,1,,,,,,,,EXCLUDED,7,9,8
1458,21818,9:48:30,1,,,,,,,,EXCLUDED,7,9,8
1458,21819,9:49:00,1,,,,,,,,EXCLUDED,7,9,8
1458,21820,9:49:30,1,,,,,,,,EXCLUDED,7,9,8
1458,21821,9:50:00,1,,,,,,,,EXCLUDED,7,9,8
1458,21822,9:50:30,1,,,,,,,,EXCLUDED,7,9,8
1458,21823,9:51:00,1,,,,,,,,EXCLUDED,7,9,8
1458,21824,9:51:30,1,,,,,,,,EXCLUDED,7,9,8
1458,21825,9:52:00,1,,,,,,,,EXCLUDED,7,9,8
1458,21826,9:52:30,1,,,,,,,,EXCLUDED,7,9,8
1458,21827,9:53:00,1,,,,,,,,EXCLUDED,7,9,8
1458,21828,9:53:30,1,,,,,,,,EXCLUDED,7,9,8
1458,21829,9:54:00,1,,,,,,,,EXCLUDED,7,9,8
1458,21830,9:54:30,1,,,,,,,,EXCLUDED,7,9,8
1458,21831,9:55:00,1,,,,,,,,EXCLUDED,7,9,8
1458,21832,9:55:30,1,,,,,,,,EXCLUDED,7,9,8
1458,21833,9:56:00,1,,,,,,,,EXCLUDED,7,9,8
1458,21834,9:56:30,1,,,,,,,,EXCLUDED,7,9,8
1458,21835,9:57:00,1,,,,,,,,EXCLUDED,7,9,8
1458,21836,9:57:30,1,,,,,,,,EXCLUDED,7,9,8
1458,21837,9:58:00,1,,,,,,,,EXCLUDED,7,9,8
1458,21838,9:58:30,1,,,,,,,,EXCLUDED,7,9,8
1458,21839,9:59:00,1,,,,,,,,EXCLUDED,7,9,8
1458,21840,9:59:30,1,,,,,,,,EXCLUDED,7,9,8
1458,21841,10:00:00,1,,,,,,,,EXCLUDED,7,9,8
1458,21842,10:00:30,1,,,,,,,,EXCLUDED,7,9,8
1458,21843,10:01:00,1,,,,,,,,EXCLUDED,7,9,8
1458,21844,10:01:30,1,,,,,,,,EXCLUDED,7,9,8
1458,21845,10:02:00,1,,,,,,,,EXCLUDED,7,9,8
1458,21846,10:02:30,1,,,,,,,,EXCLUDED,7,9,8
1458,21847,10:03:00,1,,,,,,,,EXCLUDED,7,9,8
1458,21848,10:03:30,1,,,,,,,,EXCLUDED,7,9,8
1458,21849,10:04:00,1,,,,,,,,EXCLUDED,7,9,8
1458,21850,10:04:30,1,,,,,,,,EXCLUDED,7,9,8
1458,21851,10:05:00,1,,,,,,,,EXCLUDED,7,9,8
1458,21852,10:05:30,1,,,,,,,,EXCLUDED,7,9,8
1458,21853,10:06:00,1,,,,,,,,EXCLUDED,7,9,8
1458,21854,10:06:30,1,,,,,,,,EXCLUDED,7,9,8
1458,21855,10:07:00,1,,,,,,,,EXCLUDED,7,9,8
1458,21856,10:07:30,1,,,,,,,,EXCLUDED,7,9,8
1458,21857,10:08:00,1,,,,,,,,EXCLUDED,7,9,8
1458,21858,10:08:30,1,,,,,,,,EXCLUDED,7,9,8
1458,21859,10:09:00,1,,,,,,,,EXCLUDED,7,9,8
1458,21860,10:09:30,1,,,,,,,,EXCLUDED,7,9,8
1458,21861,10:10:00,1,,,,,,,,EXCLUDED,7,9,8
1458,21862,10:10:30,1,,,,,,,,EXCLUDED,7,9,8
1458,21863,10:11:00,1,,,,,,,,EXCLUDED,7,9,8
1458,21864,10:11:30,1,,,,,,,,EXCLUDED,7,9,8
1458,21865,10:12:00,1,,,,,,,,EXCLUDED,7,9,8
1458,21866,10:12:30,1,,,,,,,,EXCLUDED,7,9,8
1458,21867,10:13:00,1,,,,,,,,EXCLUDED,7,9,8
1458,21868,10:13:30,1,,,,,,,,EXCLUDED,7,9,8
1458,21869,10:14:00,1,,,,,,,,EXCLUDED,7,9,8
1458,21870,10:14:30,1,,,,,,,,EXCLUDED,7,9,8
1458,21871,10:15:00,1,,,,,,,,EXCLUDED,7,9,8
1458,21872,10:15:30,1,,,,,,,,EXCLUDED,7,9,8
1458,21873,10:16:00,1,,,,,,,,EXCLUDED,7,9,8
1458,21874,10:16:30,1,,,,,,,,EXCLUDED,7,9,8
1458,21875,10:17:00,1,,,,,,,,EXCLUDED,7,9,8
1458,21876,10:17:30,1,,,,,,,,EXCLUDED,7,9,8
1458,21877,10:18:00,1,,,,,,,,EXCLUDED,7,9,8
1458,21878,10:18:30,1,,,,,,,,EXCLUDED,7,9,8
1458,21879,10:19:00,1,,,,,,,,EXCLUDED,7,9,8
1458,21880,10:19:30,1,,,,,,,,EXCLUDED,7,9,8
1458,21881,10:20:00,1,,,,,,,,EXCLUDED,7,9,8
1458,21882,10:20:30,1,,,,,,,,EXCLUDED,7,9,8
1458,21883,10:21:00,1,,,,,,,,EXCLUDED,7,9,8
1458,21884,10:21:30,1,,,,,,,,EXCLUDED,7,9,8
1458,21885,10:22:00,1,,,,,,,,EXCLUDED,7,9,8
1458,21886,10:22:30,1,,,,,,,,EXCLUDED,7,9,8
1458,21887,10:23:00,1,,,,,,,,EXCLUDED,7,9,8
1458,21888,10:23:30,1,,,,,,,,EXCLUDED,7,9,8
1458,21889,10:24:00,1,,,,,,,,EXCLUDED,7,9,8
1458,21890,10:24:30,1,,,,,,,,EXCLUDED,7,9,8
1458,21891,10:25:00,1,,,,,,,,EXCLUDED,7,9,8
1458,21892,10:25:30,1,,,,,,,,EXCLUDED,7,9,8
1458,21893,10:26:00,1,,,,,,,,EXCLUDED,7,9,8
1458,21894,10:26:30,1,,,,,,,,EXCLUDED,7,9,8
1458,21895,10:27:00,1,,,,,,,,EXCLUDED,7,9,8
1458,21896,10:27:30,1,,,,,,,,EXCLUDED,7,9,8
1458,21897,10:28:00,1,,,,,,,,EXCLUDED,7,9,8
1458,21898,10:28:30,1,,,,,,,,EXCLUDED,7,9,8
1458,21899,10:29:00,1,,,,,,,,EXCLUDED,7,9,8
1458,21900,10:29:30,1,,,,,,,,EXCLUDED,7,9,8
1458,21901,10:30:00,1,,,,,,,,EXCLUDED,7,9,8
1458,21902,10:30:30,1,,,,,,,,EXCLUDED,7,9,8
1458,21903,10:31:00,1,,,,,,,,EXCLUDED,7,9,8
1458,21904,10:31:30,1,,,,,,,,EXCLUDED,7,9,8
1458,21905,10:32:00,1,,,,,,,,EXCLUDED,7,9,8
1458,21906,10:32:30,1,,,,,,,,EXCLUDED,7,9,8
1458,21907,10:33:00,1,,,,,,,,EXCLUDED,7,9,8
1458,21908,10:33:30,1,,,,,,,,EXCLUDED,7,9,8
1458,21909,10:34:00,1,,,,,,,,EXCLUDED,7,9,8
1458,21910,10:34:30,1,,,,,,,,EXCLUDED,7,9,8
1458,21911,10:35:00,1,,,,,,,,EXCLUDED,7,9,8
1458,21912,10:35:30,1,,,,,,,,EXCLUDED,7,9,8
1458,21913,10:36:00,1,,,,,,,,EXCLUDED,7,9,8
1458,21914,10:36:30,1,,,,,,,,EXCLUDED,7,9,8
1458,21915,10:37:00,1,,,,,,,,EXCLUDED,7,9,8
1458,21916,10:37:30,1,,,,,,,,EXCLUDED,7,9,8
1458,21917,10:38:00,1,,,,,,,,EXCLUDED,7,9,8
1458,21918,10:38:30,1,,,,,,,,EXCLUDED,7,9,8
1458,21919,10:39:00,1,,,,,,,,EXCLUDED,7,9,8
1458,21920,10:39:30,1,,,,,,,,EXCLUDED,7,9,8
1458,21921,10:40:00,1,,,,,,,,EXCLUDED,7,9,8
1458,21922,10:40:30,1,,,,,,,,EXCLUDED,7,9,8
1458,21923,10:41:00,1,,,,,,,,EXCLUDED,7,9,8
1458,21924,10:41:30,1,,,,,,,,EXCLUDED,7,9,8
1458,21925,10:42:00,1,,,,,,,,EXCLUDED,7,9,8
1458,21926,10:42:30,1,,,,,,,,EXCLUDED,7,9,8
1458,21927,10:43:00,1,,,,,,,,EXCLUDED,7,9,8
1458,21928,10:43:30,1,,,,,,,,EXCLUDED,7,9,8
1458,21929,10:44:00,1,,,,,,,,EXCLUDED,7,9,8
1458,21930,10:44:30,1,,,,,,,,EXCLUDED,7,9,8
1458,21931,10:45:00,1,,,,,,,,EXCLUDED,7,9,8
1458,21932,10:45:30,1,,,,,,,,EXCLUDED,7,9,8
1458,21933,10:46:00,1,,,,,,,,EXCLUDED,7,9,8
1458,21934,10:46:30,1,,,,,,,,EXCLUDED,7,9,8
1458,21935,10:47:00,1,,,,,,,,EXCLUDED,7,9,8
1458,21936,10:47:30,1,,,,,,,,EXCLUDED,7,9,8
1458,21937,10:48:00,1,,,,,,,,EXCLUDED,7,9,8
1458,21938,10:48:30,1,,,,,,,,EXCLUDED,7,9,8
1458,21939,10:49:00,1,,,,,,,,EXCLUDED,7,9,8
1458,21940,10:49:30,1,,,,,,,,EXCLUDED,7,9,8
1458,21941,10:50:00,1,,,,,,,,EXCLUDED,7,9,8
1458,21942,10:50:30,1,,,,,,,,EXCLUDED,7,9,8
1458,21943,10:51:00,1,,,,,,,,EXCLUDED,7,9,8
1458,21944,10:51:30,1,,,,,,,,EXCLUDED,7,9,8
1458,21945,10:52:00,1,,,,,,,,EXCLUDED,7,9,8
1458,21946,10:52:30,1,,,,,,,,EXCLUDED,7,9,8
1458,21947,10:53:00,1,,,,,,,,EXCLUDED,7,9,8
1458,21948,10:53:30,1,,,,,,,,EXCLUDED,7,9,8
1458,21949,10:54:00,1,,,,,,,,EXCLUDED,7,9,8
1458,21950,10:54:30,1,,,,,,,,EXCLUDED,7,9,8
1458,21951,10:55:00,1,,,,,,,,EXCLUDED,7,9,8
1458,21952,10:55:30,1,,,,,,,,EXCLUDED,7,9,8
1458,21953,10:56:00,1,,,,,,,,EXCLUDED,7,9,8
1458,21954,10:56:30,1,,,,,,,,EXCLUDED,7,9,8
1458,21955,10:57:00,1,,,,,,,,EXCLUDED,7,9,8
1458,21956,10:57:30,1,,,,,,,,EXCLUDED,7,9,8
1458,21957,10:58:00,1,,,,,,,,EXCLUDED,7,9,8
1458,21958,10:58:30,1,,,,,,,,EXCLUDED,7,9,8
1458,21959,10:59:00,1,,,,,,,,EXCLUDED,7,9,8
1458,21960,10:59:30,1,,,,,,,,EXCLUDED,7,9,8
1458,21961,11:00:00,1,,,,,,,,EXCLUDED,7,9,8
1458,21962,11:00:30,1,,,,,,,,EXCLUDED,7,9,8
1458,21963,11:01:00,1,,,,,,,,EXCLUDED,7,9,8
1458,21964,11:01:30,1,,,,,,,,EXCLUDED,7,9,8
1458,21965,11:02:00,1,,,,,,,,EXCLUDED,7,9,8
1458,21966,11:02:30,1,,,,,,,,EXCLUDED,7,9,8
1458,21967,11:03:00,1,,,,,,,,EXCLUDED,7,9,8
1458,21968,11:03:30,1,,,,,,,,EXCLUDED,7,9,8
1458,21969,11:04:00,1,,,,,,,,EXCLUDED,7,9,8
1458,21970,11:04:30,1,,,,,,,,EXCLUDED,7,9,8
1458,21971,11:05:00,1,,,,,,,,EXCLUDED,7,9,8
1458,21972,11:05:30,1,,,,,,,,EXCLUDED,7,9,8
1458,21973,11:06:00,1,,,,,,,,EXCLUDED,7,9,8
1458,21974,11:06:30,1,,,,,,,,EXCLUDED,7,9,8
1458,21975,11:07:00,1,,,,,,,,EXCLUDED,7,9,8
1458,21976,11:07:30,1,,,,,,,,EXCLUDED,7,9,8
1458,21977,11:08:00,1,,,,,,,,EXCLUDED,7,9,8
1458,21978,11:08:30,1,,,,,,,,EXCLUDED,7,9,8
1458,21979,11:09:00,1,,,,,,,,EXCLUDED,7,9,8
1458,21980,11:09:30,1,,,,,,,,EXCLUDED,7,9,8
1458,21981,11:10:00,1,,,,,,,,EXCLUDED,7,9,8
1458,21982,11:10:30,1,,,,,,,,EXCLUDED,7,9,8
1458,21983,11:11:00,1,,,,,,,,EXCLUDED,7,9,8
1458,21984,11:11:30,1,,,,,,,,EXCLUDED,7,9,8
1458,21985,11:12:00,1,,,,,,,,EXCLUDED,7,9,8
1458,21986,11:12:30,1,,,,,,,,EXCLUDED,7,9,8
1458,21987,11:13:00,1,,,,,,,,EXCLUDED,7,9,8
1458,21988,11:13:30,1,,,,,,,,EXCLUDED,7,9,8
1458,21989,11:14:00,1,,,,,,,,EXCLUDED,7,9,8
1458,21990,11:14:30,1,,,,,,,,EXCLUDED,7,9,8
1458,21991,11:15:00,1,,,,,,,,EXCLUDED,7,9,8
1458,21992,11:15:30,1,,,,,,,,EXCLUDED,7,9,8
1458,21993,11:16:00,1,,,,,,,,EXCLUDED,7,9,8
1458,21994,11:16:30,1,,,,,,,,EXCLUDED,7,9,8
1458,21995,11:17:00,1,,,,,,,,EXCLUDED,7,9,8
1458,21996,11:17:30,1,,,,,,,,EXCLUDED,7,9,8
1458,21997,11:18:00,1,,,,,,,,EXCLUDED,7,9,8
1458,21998,11:18:30,1,,,,,,,,EXCLUDED,7,9,8
1458,21999,11:19:00,1,,,,,,,,EXCLUDED,7,9,8
1458,22000,11:19:30,1,,,,,,,,EXCLUDED,7,9,8
1458,22001,11:20:00,1,,,,,,,,EXCLUDED,7,9,8
1458,22002,11:20:30,1,,,,,,,,EXCLUDED,7,9,8
1458,22003,11:21:00,1,,,,,,,,EXCLUDED,7,9,8
1458,22004,11:21:30,1,,,,,,,,EXCLUDED,7,9,8
1458,22005,11:22:00,1,,,,,,,,EXCLUDED,7,9,8
1458,22006,11:22:30,1,,,,,,,,EXCLUDED,7,9,8
1458,22007,11:23:00,1,,,,,,,,EXCLUDED,7,9,8
1458,22008,11:23:30,1,,,,,,,,EXCLUDED,7,9,8
1458,22009,11:24:00,1,,,,,,,,EXCLUDED,7,9,8
1458,22010,11:24:30,1,,,,,,,,EXCLUDED,7,9,8
1458,22011,11:25:00,1,,,,,,,,EXCLUDED,7,9,8
1458,22012,11:25:30,1,,,,,,,,EXCLUDED,7,9,8
1458,22013,11:26:00,1,,,,,,,,EXCLUDED,7,9,8
1458,22014,11:26:30,1,,,,,,,,EXCLUDED,7,9,8
1458,22015,11:27:00,1,,,,,,,,EXCLUDED,7,9,8
1458,22016,11:27:30,1,,,,,,,,EXCLUDED,7,9,8
1458,22017,11:28:00,1,,,,,,,,EXCLUDED,7,9,8
1458,22018,11:28:30,1,,,,,,,,EXCLUDED,7,9,8
1458,22019,11:29:00,1,,,,,,,,EXCLUDED,7,9,8
1458,22020,11:29:30,1,,,,,,,,EXCLUDED,7,9,8
1458,22021,11:30:00,1,,,,,,,,EXCLUDED,7,9,8
1458,22022,11:30:30,1,,,,,,,,EXCLUDED,7,9,8
1458,22023,11:31:00,1,,,,,,,,EXCLUDED,7,9,8
1458,22024,11:31:30,1,,,,,,,,EXCLUDED,7,9,8
1458,22025,11:32:00,1,,,,,,,,EXCLUDED,7,9,8
1458,22026,11:32:30,1,,,,,,,,EXCLUDED,7,9,8
1458,22027,11:33:00,1,,,,,,,,EXCLUDED,7,9,8
1458,22028,11:33:30,1,,,,,,,,EXCLUDED,7,9,8
1458,22029,11:34:00,1,,,,,,,,EXCLUDED,7,9,8
1458,22030,11:34:30,1,,,,,,,,EXCLUDED,7,9,8
1458,22031,11:35:00,1,,,,,,,,EXCLUDED,7,9,8
1458,22032,11:35:30,1,,,,,,,,EXCLUDED,7,9,8
1458,22033,11:36:00,1,,,,,,,,EXCLUDED,7,9,8
1458,22034,11:36:30,1,,,,,,,,EXCLUDED,7,9,8
1458,22035,11:37:00,1,,,,,,,,EXCLUDED,7,9,8
1458,22036,11:37:30,1,,,,,,,,EXCLUDED,7,9,8
1458,22037,11:38:00,1,,,,,,,,EXCLUDED,7,9,8
1458,22038,11:38:30,1,,,,,,,,EXCLUDED,7,9,8
1458,22039,11:39:00,1,,,,,,,,EXCLUDED,7,9,8
1458,22040,11:39:30,1,,,,,,,,EXCLUDED,7,9,8
1458,22041,11:40:00,1,,,,,,,,EXCLUDED,7,9,8
1458,22042,11:40:30,1,,,,,,,,EXCLUDED,7,9,8
1458,22043,11:41:00,1,,,,,,,,EXCLUDED,7,9,8
1458,22044,11:41:30,1,,,,,,,,EXCLUDED,7,9,8
1458,22045,11:42:00,1,,,,,,,,EXCLUDED,7,9,8
1458,22046,11:42:30,1,,,,,,,,EXCLUDED,7,9,8
1458,22047,11:43:00,1,,,,,,,,EXCLUDED,7,9,8
1458,22048,11:43:30,1,,,,,,,,EXCLUDED,7,9,8
1458,22049,11:44:00,1,,,,,,,,EXCLUDED,7,9,8
1458,22050,11:44:30,1,,,,,,,,EXCLUDED,7,9,8
1458,22051,11:45:00,1,,,,,,,,EXCLUDED,7,9,8
1458,22052,11:45:30,1,,,,,,,,EXCLUDED,7,9,8
1458,22053,11:46:00,1,,,,,,,,EXCLUDED,7,9,8
1458,22054,11:46:30,1,,,,,,,,EXCLUDED,7,9,8
1458,22055,11:47:00,1,,,,,,,,EXCLUDED,7,9,8
1458,22056,11:47:30,1,,,,,,,,EXCLUDED,7,9,8
1458,22057,11:48:00,1,,,,,,,,EXCLUDED,7,9,8
1458,22058,11:48:30,1,,,,,,,,EXCLUDED,7,9,8
1458,22059,11:49:00,1,,,,,,,,EXCLUDED,7,9,8
1458,22060,11:49:30,1,,,,,,,,EXCLUDED,7,9,8
1458,22061,11:50:00,1,,,,,,,,EXCLUDED,7,9,8
1458,22062,11:50:30,1,,,,,,,,EXCLUDED,7,9,8
1458,22063,11:51:00,1,,,,,,,,EXCLUDED,7,9,8
1458,22064,11:51:30,1,,,,,,,,EXCLUDED,7,9,8
1458,22065,11:52:00,1,,,,,,,,EXCLUDED,7,9,8
1458,22066,11:52:30,1,,,,,,,,EXCLUDED,7,9,8
1458,22067,11:53:00,1,,,,,,,,EXCLUDED,7,9,8
1458,22068,11:53:30,1,,,,,,,,EXCLUDED,7,9,8
1458,22069,11:54:00,1,,,,,,,,EXCLUDED,7,9,8
1458,22070,11:54:30,1,,,,,,,,EXCLUDED,7,9,8
1458,22071,11:55:00,1,,,,,,,,EXCLUDED,7,9,8
1458,22072,11:55:30,1,,,,,,,,EXCLUDED,7,9,8
1458,22073,11:56:00,1,,,,,,,,EXCLUDED,7,9,8
1458,22074,11:56:30,1,,,,,,,,EXCLUDED,7,9,8
1458,22075,11:57:00,1,,,,,,,,EXCLUDED,7,9,8
1458,22076,11:57:30,1,,,,,,,,EXCLUDED,7,9,8
1458,22077,11:58:00,1,,,,,,,,EXCLUDED,7,9,8
1458,22078,11:58:30,1,,,,,,,,EXCLUDED,7,9,8
1458,22079,11:59:00,1,,,,,,,,EXCLUDED,7,9,8
1458,22080,11:59:30,1,,,,,,,,EXCLUDED,7,9,8
1458,22081,12:00:00,1,,,,,,,,EXCLUDED,7,9,9
1458,22082,12:00:30,1,,,,,,,,EXCLUDED,7,9,9
1458,22083,12:01:00,1,,,,,,,,EXCLUDED,7,9,9
1458,22084,12:01:30,1,,,,,,,,EXCLUDED,7,9,9
1458,22085,12:02:00,1,,,,,,,,EXCLUDED,7,9,9
1458,22086,12:02:30,1,,,,,,,,EXCLUDED,7,9,9
1458,22087,12:03:00,1,,,,,,,,EXCLUDED,7,9,9
1458,22088,12:03:30,1,,,,,,,,EXCLUDED,7,9,9
1458,22089,12:04:00,1,,,,,,,,EXCLUDED,7,9,9
1458,22090,12:04:30,1,,,,,,,,EXCLUDED,7,9,9
1458,22091,12:05:00,1,,,,,,,,EXCLUDED,7,9,9
1458,22092,12:05:30,1,,,,,,,,EXCLUDED,7,9,9
1458,22093,12:06:00,1,,,,,,,,EXCLUDED,7,9,9
1458,22094,12:06:30,1,,,,,,,,EXCLUDED,7,9,9
1458,22095,12:07:00,1,,,,,,,,EXCLUDED,7,9,9
1458,22096,12:07:30,1,,,,,,,,EXCLUDED,7,9,9
1458,22097,12:08:00,1,,,,,,,,EXCLUDED,7,9,9
1458,22098,12:08:30,1,,,,,,,,EXCLUDED,7,9,9
1458,22099,12:09:00,1,,,,,,,,EXCLUDED,7,9,9
1458,22100,12:09:30,1,,,,,,,,EXCLUDED,7,9,9
1458,22101,12:10:00,1,,,,,,,,EXCLUDED,7,9,9
1458,22102,12:10:30,1,,,,,,,,EXCLUDED,7,9,9
1458,22103,12:11:00,1,,,,,,,,EXCLUDED,7,9,9
1458,22104,12:11:30,1,,,,,,,,EXCLUDED,7,9,9
1458,22105,12:12:00,1,,,,,,,,EXCLUDED,7,9,9
1458,22106,12:12:30,1,,,,,,,,EXCLUDED,7,9,9
1458,22107,12:13:00,1,,,,,,,,EXCLUDED,7,9,9
1458,22108,12:13:30,1,,,,,,,,EXCLUDED,7,9,9
1458,22109,12:14:00,1,,,,,,,,EXCLUDED,7,9,9
1458,22110,12:14:30,1,,,,,,,,EXCLUDED,7,9,9
1458,22111,12:15:00,1,,,,,,,,EXCLUDED,7,9,9
1458,22112,12:15:30,1,,,,,,,,EXCLUDED,7,9,9
1458,22113,12:16:00,1,,,,,,,,EXCLUDED,7,9,9
1458,22114,12:16:30,1,,,,,,,,EXCLUDED,7,9,9
1458,22115,12:17:00,1,,,,,,,,EXCLUDED,7,9,9
1458,22116,12:17:30,1,,,,,,,,EXCLUDED,7,9,9
1458,22117,12:18:00,1,,,,,,,,EXCLUDED,7,9,9
1458,22118,12:18:30,1,,,,,,,,EXCLUDED,7,9,9
1458,22119,12:19:00,1,,,,,,,,EXCLUDED,7,9,9
1458,22120,12:19:30,1,,,,,,,,EXCLUDED,7,9,9
1458,22121,12:20:00,1,,,,,,,,EXCLUDED,7,9,9
1458,22122,12:20:30,1,,,,,,,,EXCLUDED,7,9,9
1458,22123,12:21:00,1,,,,,,,,EXCLUDED,7,9,9
1458,22124,12:21:30,1,,,,,,,,EXCLUDED,7,9,9
1458,22125,12:22:00,1,,,,,,,,EXCLUDED,7,9,9
1458,22126,12:22:30,1,,,,,,,,EXCLUDED,7,9,9
1458,22127,12:23:00,1,,,,,,,,EXCLUDED,7,9,9
1458,22128,12:23:30,1,,,,,,,,EXCLUDED,7,9,9
1458,22129,12:24:00,1,,,,,,,,EXCLUDED,7,9,9
1458,22130,12:24:30,1,,,,,,,,EXCLUDED,7,9,9
1458,22131,12:25:00,1,,,,,,,,EXCLUDED,7,9,9
1458,22132,12:25:30,1,,,,,,,,EXCLUDED,7,9,9
1458,22133,12:26:00,1,,,,,,,,EXCLUDED,7,9,9
1458,22134,12:26:30,1,,,,,,,,EXCLUDED,7,9,9
1458,22135,12:27:00,1,,,,,,,,EXCLUDED,7,9,9
1458,22136,12:27:30,1,,,,,,,,EXCLUDED,7,9,9
1458,22137,12:28:00,1,,,,,,,,EXCLUDED,7,9,9
1458,22138,12:28:30,1,,,,,,,,EXCLUDED,7,9,9
1458,22139,12:29:00,1,,,,,,,,EXCLUDED,7,9,9
1458,22140,12:29:30,1,,,,,,,,EXCLUDED,7,9,9
1458,22141,12:30:00,1,,,,,,,,EXCLUDED,7,9,9
1458,22142,12:30:30,1,,,,,,,,EXCLUDED,7,9,9
1458,22143,12:31:00,1,,,,,,,,EXCLUDED,7,9,9
1458,22144,12:31:30,1,,,,,,,,EXCLUDED,7,9,9
1458,22145,12:32:00,1,,,,,,,,EXCLUDED,7,9,9
1458,22146,12:32:30,1,,,,,,,,EXCLUDED,7,9,9
1458,22147,12:33:00,1,,,,,,,,EXCLUDED,7,9,9
1458,22148,12:33:30,1,,,,,,,,EXCLUDED,7,9,9
1458,22149,12:34:00,1,,,,,,,,EXCLUDED,7,9,9
1458,22150,12:34:30,1,,,,,,,,EXCLUDED,7,9,9
1458,22151,12:35:00,1,,,,,,,,EXCLUDED,7,9,9
1458,22152,12:35:30,1,,,,,,,,EXCLUDED,7,9,9
1458,22153,12:36:00,1,,,,,,,,EXCLUDED,7,9,9
1458,22154,12:36:30,1,,,,,,,,EXCLUDED,7,9,9
1458,22155,12:37:00,1,,,,,,,,EXCLUDED,7,9,9
1458,22156,12:37:30,1,,,,,,,,EXCLUDED,7,9,9
1458,22157,12:38:00,1,,,,,,,,EXCLUDED,7,9,9
1458,22158,12:38:30,1,,,,,,,,EXCLUDED,7,9,9
1458,22159,12:39:00,1,,,,,,,,EXCLUDED,7,9,9
1458,22160,12:39:30,1,,,,,,,,EXCLUDED,7,9,9
1458,22161,12:40:00,1,,,,,,,,EXCLUDED,7,9,9
1458,22162,12:40:30,1,,,,,,,,EXCLUDED,7,9,9
1458,22163,12:41:00,1,,,,,,,,EXCLUDED,7,9,9
1458,22164,12:41:30,1,,,,,,,,EXCLUDED,7,9,9
1458,22165,12:42:00,1,,,,,,,,EXCLUDED,7,9,9
1458,22166,12:42:30,1,,,,,,,,EXCLUDED,7,9,9
1458,22167,12:43:00,1,,,,,,,,EXCLUDED,7,9,9
1458,22168,12:43:30,1,,,,,,,,EXCLUDED,7,9,9
1458,22169,12:44:00,1,,,,,,,,EXCLUDED,7,9,9
1458,22170,12:44:30,1,,,,,,,,EXCLUDED,7,9,9
1458,22171,12:45:00,1,,,,,,,,EXCLUDED,7,9,9
1458,22172,12:45:30,1,,,,,,,,EXCLUDED,7,9,9
1458,22173,12:46:00,1,,,,,,,,EXCLUDED,7,9,9
1458,22174,12:46:30,1,,,,,,,,EXCLUDED,7,9,9
1458,22175,12:47:00,1,,,,,,,,EXCLUDED,7,9,9
1458,22176,12:47:30,1,,,,,,,,EXCLUDED,7,9,9
1458,22177,12:48:00,1,,,,,,,,EXCLUDED,7,9,9
1458,22178,12:48:30,1,,,,,,,,EXCLUDED,7,9,9
1458,22179,12:49:00,1,,,,,,,,EXCLUDED,7,9,9
1458,22180,12:49:30,1,,,,,,,,EXCLUDED,7,9,9
1458,22181,12:50:00,1,,,,,,,,EXCLUDED,7,9,9
1458,22182,12:50:30,1,,,,,,,,EXCLUDED,7,9,9
1458,22183,12:51:00,1,,,,,,,,EXCLUDED,7,9,9
1458,22184,12:51:30,1,,,,,,,,EXCLUDED,7,9,9
1458,22185,12:52:00,1,,,,,,,,EXCLUDED,7,9,9
1458,22186,12:52:30,1,,,,,,,,EXCLUDED,7,9,9
1458,22187,12:53:00,1,,,,,,,,EXCLUDED,7,9,9
1458,22188,12:53:30,1,,,,,,,,EXCLUDED,7,9,9
1458,22189,12:54:00,1,,,,,,,,EXCLUDED,7,9,9
1458,22190,12:54:30,1,,,,,,,,EXCLUDED,7,9,9
1458,22191,12:55:00,1,,,,,,,,EXCLUDED,7,9,9
1458,22192,12:55:30,1,,,,,,,,EXCLUDED,7,9,9
1458,22193,12:56:00,1,,,,,,,,EXCLUDED,7,9,9
1458,22194,12:56:30,1,,,,,,,,EXCLUDED,7,9,9
1458,22195,12:57:00,1,,,,,,,,EXCLUDED,7,9,9
1458,22196,12:57:30,1,,,,,,,,EXCLUDED,7,9,9
1458,22197,12:58:00,1,,,,,,,,EXCLUDED,7,9,9
1458,22198,12:58:30,1,,,,,,,,EXCLUDED,7,9,9
1458,22199,12:59:00,1,,,,,,,,EXCLUDED,7,9,9
1458,22200,12:59:30,1,,,,,,,,EXCLUDED,7,9,9
1458,22201,13:00:00,1,,,,,,,,EXCLUDED,7,9,9
1458,22202,13:00:30,1,,,,,,,,EXCLUDED,7,9,9
1458,22203,13:01:00,1,,,,,,,,EXCLUDED,7,9,9
1458,22204,13:01:30,1,,,,,,,,EXCLUDED,7,9,9
1458,22205,13:02:00,1,,,,,,,,EXCLUDED,7,9,9
1458,22206,13:02:30,1,,,,,,,,EXCLUDED,7,9,9
1458,22207,13:03:00,1,,,,,,,,EXCLUDED,7,9,9
1458,22208,13:03:30,1,,,,,,,,EXCLUDED,7,9,9
1458,22209,13:04:00,1,,,,,,,,EXCLUDED,7,9,9
1458,22210,13:04:30,1,,,,,,,,EXCLUDED,7,9,9
1458,22211,13:05:00,1,,,,,,,,EXCLUDED,7,9,9
1458,22212,13:05:30,1,,,,,,,,EXCLUDED,7,9,9
1458,22213,13:06:00,1,,,,,,,,EXCLUDED,7,9,9
1458,22214,13:06:30,1,,,,,,,,EXCLUDED,7,9,9
1458,22215,13:07:00,1,,,,,,,,EXCLUDED,7,9,9
1458,22216,13:07:30,1,,,,,,,,EXCLUDED,7,9,9
1458,22217,13:08:00,1,,,,,,,,EXCLUDED,7,9,9
1458,22218,13:08:30,1,,,,,,,,EXCLUDED,7,9,9
1458,22219,13:09:00,1,,,,,,,,EXCLUDED,7,9,9
1458,22220,13:09:30,1,,,,,,,,EXCLUDED,7,9,9
1458,22221,13:10:00,1,,,,,,,,EXCLUDED,7,9,9
1458,22222,13:10:30,1,,,,,,,,EXCLUDED,7,9,9
1458,22223,13:11:00,1,,,,,,,,EXCLUDED,7,9,9
1458,22224,13:11:30,1,,,,,,,,EXCLUDED,7,9,9
1458,22225,13:12:00,1,,,,,,,,EXCLUDED,7,9,9
1458,22226,13:12:30,1,,,,,,,,EXCLUDED,7,9,9
1458,22227,13:13:00,1,,,,,,,,EXCLUDED,7,9,9
1458,22228,13:13:30,1,,,,,,,,EXCLUDED,7,9,9
1458,22229,13:14:00,1,,,,,,,,EXCLUDED,7,9,9
1458,22230,13:14:30,1,,,,,,,,EXCLUDED,7,9,9
1458,22231,13:15:00,1,,,,,,,,EXCLUDED,7,9,9
1458,22232,13:15:30,1,,,,,,,,EXCLUDED,7,9,9
1458,22233,13:16:00,1,,,,,,,,EXCLUDED,7,9,9
1458,22234,13:16:30,1,,,,,,,,EXCLUDED,7,9,9
1458,22235,13:17:00,1,,,,,,,,EXCLUDED,7,9,9
1458,22236,13:17:30,1,,,,,,,,EXCLUDED,7,9,9
1458,22237,13:18:00,1,,,,,,,,EXCLUDED,7,9,9
1458,22238,13:18:30,1,,,,,,,,EXCLUDED,7,9,9
1458,22239,13:19:00,1,,,,,,,,EXCLUDED,7,9,9
1458,22240,13:19:30,1,,,,,,,,EXCLUDED,7,9,9
1458,22241,13:20:00,1,,,,,,,,EXCLUDED,7,9,9
1458,22242,13:20:30,1,,,,,,,,EXCLUDED,7,9,9
1458,22243,13:21:00,1,,,,,,,,EXCLUDED,7,9,9
1458,22244,13:21:30,1,,,,,,,,EXCLUDED,7,9,9
1458,22245,13:22:00,1,,,,,,,,EXCLUDED,7,9,9
1458,22246,13:22:30,1,,,,,,,,EXCLUDED,7,9,9
1458,22247,13:23:00,1,,,,,,,,EXCLUDED,7,9,9
1458,22248,13:23:30,1,,,,,,,,EXCLUDED,7,9,9
1458,22249,13:24:00,1,,,,,,,,EXCLUDED,7,9,9
1458,22250,13:24:30,1,,,,,,,,EXCLUDED,7,9,9
1458,22251,13:25:00,1,,,,,,,,EXCLUDED,7,9,9
1458,22252,13:25:30,1,,,,,,,,EXCLUDED,7,9,9
1458,22253,13:26:00,1,,,,,,,,EXCLUDED,7,9,9
1458,22254,13:26:30,1,,,,,,,,EXCLUDED,7,9,9
1458,22255,13:27:00,1,,,,,,,,EXCLUDED,7,9,9
1458,22256,13:27:30,1,,,,,,,,EXCLUDED,7,9,9
1458,22257,13:28:00,1,,,,,,,,EXCLUDED,7,9,9
1458,22258,13:28:30,1,,,,,,,,EXCLUDED,7,9,9
1458,22259,13:29:00,1,,,,,,,,EXCLUDED,7,9,9
1458,22260,13:29:30,1,,,,,,,,EXCLUDED,7,9,9
1458,22261,13:30:00,1,,,,,,,,EXCLUDED,7,9,9
1458,22262,13:30:30,1,,,,,,,,EXCLUDED,7,9,9
1458,22263,13:31:00,1,,,,,,,,EXCLUDED,7,9,9
1458,22264,13:31:30,1,,,,,,,,EXCLUDED,7,9,9
1458,22265,13:32:00,1,,,,,,,,EXCLUDED,7,9,9
1458,22266,13:32:30,1,,,,,,,,EXCLUDED,7,9,9
1458,22267,13:33:00,1,,,,,,,,EXCLUDED,7,9,9
1458,22268,13:33:30,1,,,,,,,,EXCLUDED,7,9,9
1458,22269,13:34:00,1,,,,,,,,EXCLUDED,7,9,9
1458,22270,13:34:30,1,,,,,,,,EXCLUDED,7,9,9
1458,22271,13:35:00,1,,,,,,,,EXCLUDED,7,9,9
1458,22272,13:35:30,1,,,,,,,,EXCLUDED,7,9,9
1458,22273,13:36:00,1,,,,,,,,EXCLUDED,7,9,9
1458,22274,13:36:30,1,,,,,,,,EXCLUDED,7,9,9
1458,22275,13:37:00,1,,,,,,,,EXCLUDED,7,9,9
1458,22276,13:37:30,1,,,,,,,,EXCLUDED,7,9,9
1458,22277,13:38:00,1,,,,,,,,EXCLUDED,7,9,9
1458,22278,13:38:30,1,,,,,,,,EXCLUDED,7,9,9
1458,22279,13:39:00,1,,,,,,,,EXCLUDED,7,9,9
1458,22280,13:39:30,1,,,,,,,,EXCLUDED,7,9,9
1458,22281,13:40:00,1,,,,,,,,EXCLUDED,7,9,9
1458,22282,13:40:30,1,,,,,,,,EXCLUDED,7,9,9
1458,22283,13:41:00,1,,,,,,,,EXCLUDED,7,9,9
1458,22284,13:41:30,1,,,,,,,,EXCLUDED,7,9,9
1458,22285,13:42:00,1,,,,,,,,EXCLUDED,7,9,9
1458,22286,13:42:30,1,,,,,,,,EXCLUDED,7,9,9
1458,22287,13:43:00,1,,,,,,,,EXCLUDED,7,9,9
1458,22288,13:43:30,1,,,,,,,,EXCLUDED,7,9,9
1458,22289,13:44:00,1,,,,,,,,EXCLUDED,7,9,9
1458,22290,13:44:30,1,,,,,,,,EXCLUDED,7,9,9
1458,22291,13:45:00,1,,,,,,,,EXCLUDED,7,9,9
1458,22292,13:45:30,1,,,,,,,,EXCLUDED,7,9,9
1458,22293,13:46:00,1,,,,,,,,EXCLUDED,7,9,9
1458,22294,13:46:30,1,,,,,,,,EXCLUDED,7,9,9
1458,22295,13:47:00,1,,,,,,,,EXCLUDED,7,9,9
1458,22296,13:47:30,1,,,,,,,,EXCLUDED,7,9,9
1458,22297,13:48:00,1,,,,,,,,EXCLUDED,7,9,9
1458,22298,13:48:30,1,,,,,,,,EXCLUDED,7,9,9
1458,22299,13:49:00,1,,,,,,,,EXCLUDED,7,9,9
1458,22300,13:49:30,1,,,,,,,,EXCLUDED,7,9,9
1458,22301,13:50:00,1,,,,,,,,EXCLUDED,7,9,9
1458,22302,13:50:30,1,,,,,,,,EXCLUDED,7,9,9
1458,22303,13:51:00,1,,,,,,,,EXCLUDED,7,9,9
1458,22304,13:51:30,1,,,,,,,,EXCLUDED,7,9,9
1458,22305,13:52:00,1,,,,,,,,EXCLUDED,7,9,9
1458,22306,13:52:30,1,,,,,,,,EXCLUDED,7,9,9
1458,22307,13:53:00,1,,,,,,,,EXCLUDED,7,9,9
1458,22308,13:53:30,1,,,,,,,,EXCLUDED,7,9,9
1458,22309,13:54:00,1,,,,,,,,EXCLUDED,7,9,9
1458,22310,13:54:30,1,,,,,,,,EXCLUDED,7,9,9
1458,22311,13:55:00,1,,,,,,,,EXCLUDED,7,9,9
1458,22312,13:55:30,1,,,,,,,,EXCLUDED,7,9,9
1458,22313,13:56:00,1,,,,,,,,EXCLUDED,7,9,9
1458,22314,13:56:30,1,,,,,,,,EXCLUDED,7,9,9
1458,22315,13:57:00,1,,,,,,,,EXCLUDED,7,9,9
1458,22316,13:57:30,1,,,,,,,,EXCLUDED,7,9,9
1458,22317,13:58:00,1,,,,,,,,EXCLUDED,7,9,9
1458,22318,13:58:30,1,,,,,,,,EXCLUDED,7,9,9
1458,22319,13:59:00,1,,,,,,,,EXCLUDED,7,9,9
1458,22320,13:59:30,1,,,,,,,,EXCLUDED,7,9,9
1458,22321,14:00:00,1,,,,,,,,EXCLUDED,7,9,9
1458,22322,14:00:30,1,,,,,,,,EXCLUDED,7,9,9
1458,22323,14:01:00,1,,,,,,,,EXCLUDED,7,9,9
1458,22324,14:01:30,1,,,,,,,,EXCLUDED,7,9,9
1458,22325,14:02:00,1,,,,,,,,EXCLUDED,7,9,9
1458,22326,14:02:30,1,,,,,,,,EXCLUDED,7,9,9
1458,22327,14:03:00,1,,,,,,,,EXCLUDED,7,9,9
1458,22328,14:03:30,1,,,,,,,,EXCLUDED,7,9,9
1458,22329,14:04:00,1,,,,,,,,EXCLUDED,7,9,9
1458,22330,14:04:30,1,,,,,,,,EXCLUDED,7,9,9
1458,22331,14:05:00,1,,,,,,,,EXCLUDED,7,9,9
1458,22332,14:05:30,1,,,,,,,,EXCLUDED,7,9,9
1458,22333,14:06:00,1,,,,,,,,EXCLUDED,7,9,9
1458,22334,14:06:30,1,,,,,,,,EXCLUDED,7,9,9
1458,22335,14:07:00,1,,,,,,,,EXCLUDED,7,9,9
1458,22336,14:07:30,1,,,,,,,,EXCLUDED,7,9,9
1458,22337,14:08:00,1,,,,,,,,EXCLUDED,7,9,9
1458,22338,14:08:30,1,,,,,,,,EXCLUDED,7,9,9
1458,22339,14:09:00,1,,,,,,,,EXCLUDED,7,9,9
1458,22340,14:09:30,1,,,,,,,,EXCLUDED,7,9,9
1458,22341,14:10:00,1,,,,,,,,EXCLUDED,7,9,9
1458,22342,14:10:30,1,,,,,,,,EXCLUDED,7,9,9
1458,22343,14:11:00,1,,,,,,,,EXCLUDED,7,9,9
1458,22344,14:11:30,1,,,,,,,,EXCLUDED,7,9,9
1458,22345,14:12:00,1,,,,,,,,EXCLUDED,7,9,9
1458,22346,14:12:30,1,,,,,,,,EXCLUDED,7,9,9
1458,22347,14:13:00,1,,,,,,,,EXCLUDED,7,9,9
1458,22348,14:13:30,1,,,,,,,,EXCLUDED,7,9,9
1458,22349,14:14:00,1,,,,,,,,EXCLUDED,7,9,9
1458,22350,14:14:30,1,,,,,,,,EXCLUDED,7,9,9
1458,22351,14:15:00,1,,,,,,,,EXCLUDED,7,9,9
1458,22352,14:15:30,1,,,,,,,,EXCLUDED,7,9,9
1458,22353,14:16:00,1,,,,,,,,EXCLUDED,7,9,9
1458,22354,14:16:30,1,,,,,,,,EXCLUDED,7,9,9
1458,22355,14:17:00,1,,,,,,,,EXCLUDED,7,9,9
1458,22356,14:17:30,1,,,,,,,,EXCLUDED,7,9,9
1458,22357,14:18:00,1,,,,,,,,EXCLUDED,7,9,9
1458,22358,14:18:30,1,,,,,,,,EXCLUDED,7,9,9
1458,22359,14:19:00,1,,,,,,,,EXCLUDED,7,9,9
1458,22360,14:19:30,1,,,,,,,,EXCLUDED,7,9,9
1458,22361,14:20:00,1,,,,,,,,EXCLUDED,7,9,9
1458,22362,14:20:30,1,,,,,,,,EXCLUDED,7,9,9
1458,22363,14:21:00,1,,,,,,,,EXCLUDED,7,9,9
1458,22364,14:21:30,1,,,,,,,,EXCLUDED,7,9,9
1458,22365,14:22:00,1,,,,,,,,EXCLUDED,7,9,9
1458,22366,14:22:30,1,,,,,,,,EXCLUDED,7,9,9
1458,22367,14:23:00,1,,,,,,,,EXCLUDED,7,9,9
1458,22368,14:23:30,1,,,,,,,,EXCLUDED,7,9,9
1458,22369,14:24:00,1,,,,,,,,EXCLUDED,7,9,9
1458,22370,14:24:30,1,,,,,,,,EXCLUDED,7,9,9
1458,22371,14:25:00,1,,,,,,,,EXCLUDED,7,9,9
1458,22372,14:25:30,1,,,,,,,,EXCLUDED,7,9,9
1458,22373,14:26:00,1,,,,,,,,EXCLUDED,7,9,9
1458,22374,14:26:30,1,,,,,,,,EXCLUDED,7,9,9
1458,22375,14:27:00,1,,,,,,,,EXCLUDED,7,9,9
1458,22376,14:27:30,1,,,,,,,,EXCLUDED,7,9,9
1458,22377,14:28:00,1,,,,,,,,EXCLUDED,7,9,9
1458,22378,14:28:30,1,,,,,,,,EXCLUDED,7,9,9
1458,22379,14:29:00,1,,,,,,,,EXCLUDED,7,9,9
1458,22380,14:29:30,1,,,,,,,,EXCLUDED,7,9,9
1458,22381,14:30:00,1,,,,,,,,EXCLUDED,7,9,9
1458,22382,14:30:30,1,,,,,,,,EXCLUDED,7,9,9
1458,22383,14:31:00,1,,,,,,,,EXCLUDED,7,9,9
1458,22384,14:31:30,1,,,,,,,,EXCLUDED,7,9,9
1458,22385,14:32:00,1,,,,,,,,EXCLUDED,7,9,9
1458,22386,14:32:30,1,,,,,,,,EXCLUDED,7,9,9
1458,22387,14:33:00,1,,,,,,,,EXCLUDED,7,9,9
1458,22388,14:33:30,1,,,,,,,,EXCLUDED,7,9,9
1458,22389,14:34:00,1,,,,,,,,EXCLUDED,7,9,9
1458,22390,14:34:30,1,,,,,,,,EXCLUDED,7,9,9
1458,22391,14:35:00,1,,,,,,,,EXCLUDED,7,9,9
1458,22392,14:35:30,1,,,,,,,,EXCLUDED,7,9,9
1458,22393,14:36:00,1,,,,,,,,EXCLUDED,7,9,9
1458,22394,14:36:30,1,,,,,,,,EXCLUDED,7,9,9
1458,22395,14:37:00,1,,,,,,,,EXCLUDED,7,9,9
1458,22396,14:37:30,1,,,,,,,,EXCLUDED,7,9,9
1458,22397,14:38:00,1,,,,,,,,EXCLUDED,7,9,9
1458,22398,14:38:30,1,,,,,,,,EXCLUDED,7,9,9
1458,22399,14:39:00,1,,,,,,,,EXCLUDED,7,9,9
1458,22400,14:39:30,1,,,,,,,,EXCLUDED,7,9,9
1458,22401,14:40:00,1,,,,,,,,EXCLUDED,7,9,9
1458,22402,14:40:30,1,,,,,,,,EXCLUDED,7,9,9
1458,22403,14:41:00,1,,,,,,,,EXCLUDED,7,9,9
1458,22404,14:41:30,1,,,,,,,,EXCLUDED,7,9,9
1458,22405,14:42:00,1,,,,,,,,EXCLUDED,7,9,9
1458,22406,14:42:30,1,,,,,,,,EXCLUDED,7,9,9
1458,22407,14:43:00,1,,,,,,,,EXCLUDED,7,9,9
1458,22408,14:43:30,1,,,,,,,,EXCLUDED,7,9,9
1458,22409,14:44:00,1,,,,,,,,EXCLUDED,7,9,9
1458,22410,14:44:30,1,,,,,,,,EXCLUDED,7,9,9
1458,22411,14:45:00,1,,,,,,,,EXCLUDED,7,9,9
1458,22412,14:45:30,1,,,,,,,,EXCLUDED,7,9,9
1458,22413,14:46:00,1,,,,,,,,EXCLUDED,7,9,9
1458,22414,14:46:30,1,,,,,,,,EXCLUDED,7,9,9
1458,22415,14:47:00,1,,,,,,,,EXCLUDED,7,9,9
1458,22416,14:47:30,1,,,,,,,,EXCLUDED,7,9,9
1458,22417,14:48:00,1,,,,,,,,EXCLUDED,7,9,9
1458,22418,14:48:30,1,,,,,,,,EXCLUDED,7,9,9
1458,22419,14:49:00,1,,,,,,,,EXCLUDED,7,9,9
1458,22420,14:49:30,1,,,,,,,,EXCLUDED,7,9,9
1458,22421,14:50:00,1,,,,,,,,EXCLUDED,7,9,9
1458,22422,14:50:30,1,,,,,,,,EXCLUDED,7,9,9
1458,22423,14:51:00,1,,,,,,,,EXCLUDED,7,9,9
1458,22424,14:51:30,1,,,,,,,,EXCLUDED,7,9,9
1458,22425,14:52:00,1,,,,,,,,EXCLUDED,7,9,9
1458,22426,14:52:30,1,,,,,,,,EXCLUDED,7,9,9
1458,22427,14:53:00,1,,,,,,,,EXCLUDED,7,9,9
1458,22428,14:53:30,1,,,,,,,,EXCLUDED,7,9,9
1458,22429,14:54:00,1,,,,,,,,EXCLUDED,7,9,9
1458,22430,14:54:30,1,,,,,,,,EXCLUDED,7,9,9
1458,22431,14:55:00,1,,,,,,,,EXCLUDED,7,9,9
1458,22432,14:55:30,1,,,,,,,,EXCLUDED,7,9,9
1458,22433,14:56:00,1,,,,,,,,EXCLUDED,7,9,9
1458,22434,14:56:30,1,,,,,,,,EXCLUDED,7,9,9
1458,22435,14:57:00,1,,,,,,,,EXCLUDED,7,9,9
1458,22436,14:57:30,1,,,,,,,,EXCLUDED,7,9,9
1458,22437,14:58:00,1,,,,,,,,EXCLUDED,7,9,9
1458,22438,14:58:30,1,,,,,,,,EXCLUDED,7,9,9
1458,22439,14:59:00,1,,,,,,,,EXCLUDED,7,9,9
1458,22440,14:59:30,1,,,,,,,,EXCLUDED,7,9,9
1458,22441,15:00:00,1,,,,,,,,EXCLUDED,7,9,9
1458,22442,15:00:30,1,,,,,,,,EXCLUDED,7,9,9
1458,22443,15:01:00,1,,,,,,,,EXCLUDED,7,9,9
1458,22444,15:01:30,1,,,,,,,,EXCLUDED,7,9,9
1458,22445,15:02:00,1,,,,,,,,EXCLUDED,7,9,9
1458,22446,15:02:30,1,,,,,,,,EXCLUDED,7,9,9
1458,22447,15:03:00,1,,,,,,,,EXCLUDED,7,9,9
1458,22448,15:03:30,1,,,,,,,,EXCLUDED,7,9,9
1458,22449,15:04:00,1,,,,,,,,EXCLUDED,7,9,9
1458,22450,15:04:30,1,,,,,,,,EXCLUDED,7,9,9
1458,22451,15:05:00,1,,,,,,,,EXCLUDED,7,9,9
1458,22452,15:05:30,1,,,,,,,,EXCLUDED,7,9,9
1458,22453,15:06:00,1,,,,,,,,EXCLUDED,7,9,9
1458,22454,15:06:30,1,,,,,,,,EXCLUDED,7,9,9
1458,22455,15:07:00,1,,,,,,,,EXCLUDED,7,9,9
1458,22456,15:07:30,1,,,,,,,,EXCLUDED,7,9,9
1458,22457,15:08:00,1,,,,,,,,EXCLUDED,7,9,9
1458,22458,15:08:30,1,,,,,,,,EXCLUDED,7,9,9
1458,22459,15:09:00,1,,,,,,,,EXCLUDED,7,9,9
1458,22460,15:09:30,1,,,,,,,,EXCLUDED,7,9,9
1458,22461,15:10:00,1,,,,,,,,EXCLUDED,7,9,9
1458,22462,15:10:30,1,,,,,,,,EXCLUDED,7,9,9
1458,22463,15:11:00,1,,,,,,,,EXCLUDED,7,9,9
1458,22464,15:11:30,1,,,,,,,,EXCLUDED,7,9,9
1458,22465,15:12:00,1,,,,,,,,EXCLUDED,7,9,9
1458,22466,15:12:30,1,,,,,,,,EXCLUDED,7,9,9
1458,22467,15:13:00,1,,,,,,,,EXCLUDED,7,9,9
1458,22468,15:13:30,1,,,,,,,,EXCLUDED,7,9,9
1458,22469,15:14:00,1,,,,,,,,EXCLUDED,7,9,9
1458,22470,15:14:30,1,,,,,,,,EXCLUDED,7,9,9
1458,22471,15:15:00,1,,,,,,,,EXCLUDED,7,9,9
1458,22472,15:15:30,1,,,,,,,,EXCLUDED,7,9,9
1458,22473,15:16:00,1,,,,,,,,EXCLUDED,7,9,9
1458,22474,15:16:30,1,,,,,,,,EXCLUDED,7,9,9
1458,22475,15:17:00,1,,,,,,,,EXCLUDED,7,9,9
1458,22476,15:17:30,1,,,,,,,,EXCLUDED,7,9,9
1458,22477,15:18:00,1,,,,,,,,EXCLUDED,7,9,9
1458,22478,15:18:30,1,,,,,,,,EXCLUDED,7,9,9
1458,22479,15:19:00,1,,,,,,,,EXCLUDED,7,9,9
1458,22480,15:19:30,1,,,,,,,,EXCLUDED,7,9,9
1458,22481,15:20:00,1,,,,,,,,EXCLUDED,7,9,9
1458,22482,15:20:30,1,,,,,,,,EXCLUDED,7,9,9
1458,22483,15:21:00,1,,,,,,,,EXCLUDED,7,9,9
1458,22484,15:21:30,1,,,,,,,,EXCLUDED,7,9,9
1458,22485,15:22:00,1,,,,,,,,EXCLUDED,7,9,9
1458,22486,15:22:30,1,,,,,,,,EXCLUDED,7,9,9
1458,22487,15:23:00,1,,,,,,,,EXCLUDED,7,9,9
1458,22488,15:23:30,1,,,,,,,,EXCLUDED,7,9,9
1458,22489,15:24:00,1,,,,,,,,EXCLUDED,7,9,9
1458,22490,15:24:30,1,,,,,,,,EXCLUDED,7,9,9
1458,22491,15:25:00,1,,,,,,,,EXCLUDED,7,9,9
1458,22492,15:25:30,1,,,,,,,,EXCLUDED,7,9,9
1458,22493,15:26:00,1,,,,,,,,EXCLUDED,7,9,9
1458,22494,15:26:30,1,,,,,,,,EXCLUDED,7,9,9
1458,22495,15:27:00,1,,,,,,,,EXCLUDED,7,9,9
1458,22496,15:27:30,1,,,,,,,,EXCLUDED,7,9,9
1458,22497,15:28:00,1,,,,,,,,EXCLUDED,7,9,9
1458,22498,15:28:30,1,,,,,,,,EXCLUDED,7,9,9
1458,22499,15:29:00,1,,,,,,,,EXCLUDED,7,9,9
1458,22500,15:29:30,1,,,,,,,,EXCLUDED,7,9,9
1458,22501,15:30:00,1,,,,,,,,EXCLUDED,7,9,9
1458,22502,15:30:30,1,,,,,,,,EXCLUDED,7,9,9
1458,22503,15:31:00,1,,,,,,,,EXCLUDED,7,9,9
1458,22504,15:31:30,1,,,,,,,,EXCLUDED,7,9,9
1458,22505,15:32:00,1,,,,,,,,EXCLUDED,7,9,9
1458,22506,15:32:30,1,,,,,,,,EXCLUDED,7,9,9
1458,22507,15:33:00,1,,,,,,,,EXCLUDED,7,9,9
1458,22508,15:33:30,1,,,,,,,,EXCLUDED,7,9,9
1458,22509,15:34:00,1,,,,,,,,EXCLUDED,7,9,9
1458,22510,15:34:30,1,,,,,,,,EXCLUDED,7,9,9
1458,22511,15:35:00,1,,,,,,,,EXCLUDED,7,9,9
1458,22512,15:35:30,1,,,,,,,,EXCLUDED,7,9,9
1458,22513,15:36:00,1,,,,,,,,EXCLUDED,7,9,9
1458,22514,15:36:30,1,,,,,,,,EXCLUDED,7,9,9
1458,22515,15:37:00,1,,,,,,,,EXCLUDED,7,9,9
1458,22516,15:37:30,1,,,,,,,,EXCLUDED,7,9,9
1458,22517,15:38:00,1,,,,,,,,EXCLUDED,7,9,9
1458,22518,15:38:30,1,,,,,,,,EXCLUDED,7,9,9
1458,22519,15:39:00,1,,,,,,,,EXCLUDED,7,9,9
1458,22520,15:39:30,1,,,,,,,,EXCLUDED,7,9,9
1458,22521,15:40:00,1,,,,,,,,EXCLUDED,7,9,9
1458,22522,15:40:30,1,,,,,,,,EXCLUDED,7,9,9
1458,22523,15:41:00,1,,,,,,,,EXCLUDED,7,9,9
1458,22524,15:41:30,1,,,,,,,,EXCLUDED,7,9,9
1458,22525,15:42:00,1,,,,,,,,EXCLUDED,7,9,9
1458,22526,15:42:30,1,,,,,,,,EXCLUDED,7,9,9
1458,22527,15:43:00,1,,,,,,,,EXCLUDED,7,9,9
1458,22528,15:43:30,1,,,,,,,,EXCLUDED,7,9,9
1458,22529,15:44:00,1,,,,,,,,EXCLUDED,7,9,9
1458,22530,15:44:30,1,,,,,,,,EXCLUDED,7,9,9
1458,22531,15:45:00,1,,,,,,,,EXCLUDED,7,9,9
1458,22532,15:45:30,1,,,,,,,,EXCLUDED,7,9,9
1458,22533,15:46:00,1,,,,,,,,EXCLUDED,7,9,9
1458,22534,15:46:30,1,,,,,,,,EXCLUDED,7,9,9
1458,22535,15:47:00,1,,,,,,,,EXCLUDED,7,9,9
1458,22536,15:47:30,1,,,,,,,,EXCLUDED,7,9,9
1458,22537,15:48:00,1,,,,,,,,EXCLUDED,7,9,9
1458,22538,15:48:30,1,,,,,,,,EXCLUDED,7,9,9
1458,22539,15:49:00,1,,,,,,,,EXCLUDED,7,9,9
1458,22540,15:49:30,1,,,,,,,,EXCLUDED,7,9,9
1458,22541,15:50:00,1,,,,,,,,EXCLUDED,7,9,9
1458,22542,15:50:30,1,,,,,,,,EXCLUDED,7,9,9
1458,22543,15:51:00,1,,,,,,,,EXCLUDED,7,9,9
1458,22544,15:51:30,1,,,,,,,,EXCLUDED,7,9,9
1458,22545,15:52:00,1,,,,,,,,EXCLUDED,7,9,9
1458,22546,15:52:30,1,,,,,,,,EXCLUDED,7,9,9
1458,22547,15:53:00,1,,,,,,,,EXCLUDED,7,9,9
1458,22548,15:53:30,1,,,,,,,,EXCLUDED,7,9,9
1458,22549,15:54:00,1,,,,,,,,EXCLUDED,7,9,9
1458,22550,15:54:30,1,,,,,,,,EXCLUDED,7,9,9
1458,22551,15:55:00,1,,,,,,,,EXCLUDED,7,9,9
1458,22552,15:55:30,1,,,,,,,,EXCLUDED,7,9,9
1458,22553,15:56:00,1,,,,,,,,EXCLUDED,7,9,9
1458,22554,15:56:30,1,,,,,,,,EXCLUDED,7,9,9
1458,22555,15:57:00,1,,,,,,,,EXCLUDED,7,9,9
1458,22556,15:57:30,1,,,,,,,,EXCLUDED,7,9,9
1458,22557,15:58:00,1,,,,,,,,EXCLUDED,7,9,9
1458,22558,15:58:30,1,,,,,,,,EXCLUDED,7,9,9
1458,22559,15:59:00,1,,,,,,,,EXCLUDED,7,9,9
1458,22560,15:59:30,1,,,,,,,,EXCLUDED,7,9,9
1458,22561,16:00:00,1,,,,,,,,EXCLUDED,7,9,9
1458,22562,16:00:30,1,,,,,,,,EXCLUDED,7,9,9
1458,22563,16:01:00,1,,,,,,,,EXCLUDED,7,9,9
1458,22564,16:01:30,1,,,,,,,,EXCLUDED,7,9,9
1458,22565,16:02:00,1,,,,,,,,EXCLUDED,7,9,9
1458,22566,16:02:30,1,,,,,,,,EXCLUDED,7,9,9
1458,22567,16:03:00,1,,,,,,,,EXCLUDED,7,9,9
1458,22568,16:03:30,1,,,,,,,,EXCLUDED,7,9,9
1458,22569,16:04:00,1,,,,,,,,EXCLUDED,7,9,9
1458,22570,16:04:30,1,,,,,,,,EXCLUDED,7,9,9
1458,22571,16:05:00,1,,,,,,,,EXCLUDED,7,9,9
1458,22572,16:05:30,1,,,,,,,,EXCLUDED,7,9,9
1458,22573,16:06:00,1,,,,,,,,EXCLUDED,7,9,9
1458,22574,16:06:30,1,,,,,,,,EXCLUDED,7,9,9
1458,22575,16:07:00,1,,,,,,,,EXCLUDED,7,9,9
1458,22576,16:07:30,1,,,,,,,,EXCLUDED,7,9,9
1458,22577,16:08:00,1,,,,,,,,EXCLUDED,7,9,9
1458,22578,16:08:30,1,,,,,,,,EXCLUDED,7,9,9
1458,22579,16:09:00,1,,,,,,,,EXCLUDED,7,9,9
1458,22580,16:09:30,1,,,,,,,,EXCLUDED,7,9,9
1458,22581,16:10:00,1,,,,,,,,EXCLUDED,7,9,9
1458,22582,16:10:30,1,,,,,,,,EXCLUDED,7,9,9
1458,22583,16:11:00,1,,,,,,,,EXCLUDED,7,9,9
1458,22584,16:11:30,1,,,,,,,,EXCLUDED,7,9,9
1458,22585,16:12:00,1,,,,,,,,EXCLUDED,7,9,9
1458,22586,16:12:30,1,,,,,,,,EXCLUDED,7,9,9
1458,22587,16:13:00,1,,,,,,,,EXCLUDED,7,9,9
1458,22588,16:13:30,1,,,,,,,,EXCLUDED,7,9,9
1458,22589,16:14:00,1,,,,,,,,EXCLUDED,7,9,9
1458,22590,16:14:30,1,,,,,,,,EXCLUDED,7,9,9
1458,22591,16:15:00,1,,,,,,,,EXCLUDED,7,9,9
1458,22592,16:15:30,1,,,,,,,,EXCLUDED,7,9,9
1458,22593,16:16:00,1,,,,,,,,EXCLUDED,7,9,9
1458,22594,16:16:30,1,,,,,,,,EXCLUDED,7,9,9
1458,22595,16:17:00,1,,,,,,,,EXCLUDED,7,9,9
1458,22596,16:17:30,1,,,,,,,,EXCLUDED,7,9,9
1458,22597,16:18:00,1,,,,,,,,EXCLUDED,7,9,9
1458,22598,16:18:30,1,,,,,,,,EXCLUDED,7,9,9
1458,22599,16:19:00,1,,,,,,,,EXCLUDED,7,9,9
1458,22600,16:19:30,1,,,,,,,,EXCLUDED,7,9,9
1458,22601,16:20:00,1,,,,,,,,EXCLUDED,7,9,9
1458,22602,16:20:30,1,,,,,,,,EXCLUDED,7,9,9
1458,22603,16:21:00,1,,,,,,,,EXCLUDED,7,9,9
1458,22604,16:21:30,1,,,,,,,,EXCLUDED,7,9,9
1458,22605,16:22:00,1,,,,,,,,EXCLUDED,7,9,9
1458,22606,16:22:30,1,,,,,,,,EXCLUDED,7,9,9
1458,22607,16:23:00,1,,,,,,,,EXCLUDED,7,9,9
1458,22608,16:23:30,1,,,,,,,,EXCLUDED,7,9,9
1458,22609,16:24:00,1,,,,,,,,EXCLUDED,7,9,9
1458,22610,16:24:30,1,,,,,,,,EXCLUDED,7,9,9
1458,22611,16:25:00,1,,,,,,,,EXCLUDED,7,9,9
1458,22612,16:25:30,1,,,,,,,,EXCLUDED,7,9,9
1458,22613,16:26:00,1,,,,,,,,EXCLUDED,7,9,9
1458,22614,16:26:30,1,,,,,,,,EXCLUDED,7,9,9
1458,22615,16:27:00,1,,,,,,,,EXCLUDED,7,9,9
1458,22616,16:27:30,1,,,,,,,,EXCLUDED,7,9,9
1458,22617,16:28:00,1,,,,,,,,EXCLUDED,7,9,9
1458,22618,16:28:30,1,,,,,,,,EXCLUDED,7,9,9
1458,22619,16:29:00,1,,,,,,,,EXCLUDED,7,9,9
1458,22620,16:29:30,1,,,,,,,,EXCLUDED,7,9,9
1458,22621,16:30:00,1,,,,,,,,EXCLUDED,7,9,9
1458,22622,16:30:30,1,,,,,,,,EXCLUDED,7,9,9
1458,22623,16:31:00,1,,,,,,,,EXCLUDED,7,9,9
1458,22624,16:31:30,1,,,,,,,,EXCLUDED,7,9,9
1458,22625,16:32:00,1,,,,,,,,EXCLUDED,7,9,9
1458,22626,16:32:30,1,,,,,,,,EXCLUDED,7,9,9
1458,22627,16:33:00,1,,,,,,,,EXCLUDED,7,9,9
1458,22628,16:33:30,1,,,,,,,,EXCLUDED,7,9,9
1458,22629,16:34:00,1,,,,,,,,EXCLUDED,7,9,9
1458,22630,16:34:30,1,,,,,,,,EXCLUDED,7,9,9
1458,22631,16:35:00,1,,,,,,,,EXCLUDED,7,9,9
1458,22632,16:35:30,1,,,,,,,,EXCLUDED,7,9,9
1458,22633,16:36:00,1,,,,,,,,EXCLUDED,7,9,9
1458,22634,16:36:30,1,,,,,,,,EXCLUDED,7,9,9
1458,22635,16:37:00,1,,,,,,,,EXCLUDED,7,9,9
1458,22636,16:37:30,1,,,,,,,,EXCLUDED,7,9,9
1458,22637,16:38:00,1,,,,,,,,EXCLUDED,7,9,9
1458,22638,16:38:30,1,,,,,,,,EXCLUDED,7,9,9
1458,22639,16:39:00,1,,,,,,,,EXCLUDED,7,9,9
1458,22640,16:39:30,1,,,,,,,,EXCLUDED,7,9,9
1458,22641,16:40:00,1,,,,,,,,EXCLUDED,7,9,9
1458,22642,16:40:30,1,,,,,,,,EXCLUDED,7,9,9
1458,22643,16:41:00,1,,,,,,,,EXCLUDED,7,9,9
1458,22644,16:41:30,1,,,,,,,,EXCLUDED,7,9,9
1458,22645,16:42:00,1,,,,,,,,EXCLUDED,7,9,9
1458,22646,16:42:30,1,,,,,,,,EXCLUDED,7,9,9
1458,22647,16:43:00,1,,,,,,,,EXCLUDED,7,9,9
1458,22648,16:43:30,1,,,,,,,,EXCLUDED,7,9,9
1458,22649,16:44:00,1,,,,,,,,EXCLUDED,7,9,9
1458,22650,16:44:30,1,,,,,,,,EXCLUDED,7,9,9
1458,22651,16:45:00,1,,,,,,,,EXCLUDED,7,9,9
1458,22652,16:45:30,1,,,,,,,,EXCLUDED,7,9,9
1458,22653,16:46:00,1,,,,,,,,EXCLUDED,7,9,9
1458,22654,16:46:30,1,,,,,,,,EXCLUDED,7,9,9
1458,22655,16:47:00,1,,,,,,,,EXCLUDED,7,9,9
1458,22656,16:47:30,1,,,,,,,,EXCLUDED,7,9,9
1458,22657,16:48:00,1,,,,,,,,EXCLUDED,7,9,9
1458,22658,16:48:30,1,,,,,,,,EXCLUDED,7,9,9
1458,22659,16:49:00,1,,,,,,,,EXCLUDED,7,9,9
1458,22660,16:49:30,1,,,,,,,,EXCLUDED,7,9,9
1458,22661,16:50:00,1,,,,,,,,EXCLUDED,7,9,9
1458,22662,16:50:30,1,,,,,,,,EXCLUDED,7,9,9
1458,22663,16:51:00,1,,,,,,,,EXCLUDED,7,9,9
1458,22664,16:51:30,1,,,,,,,,EXCLUDED,7,9,9
1458,22665,16:52:00,1,,,,,,,,EXCLUDED,7,9,9
1458,22666,16:52:30,1,,,,,,,,EXCLUDED,7,9,9
1458,22667,16:53:00,1,,,,,,,,EXCLUDED,7,9,9
1458,22668,16:53:30,1,,,,,,,,EXCLUDED,7,9,9
1458,22669,16:54:00,1,,,,,,,,EXCLUDED,7,9,9
1458,22670,16:54:30,1,,,,,,,,EXCLUDED,7,9,9
1458,22671,16:55:00,1,,,,,,,,EXCLUDED,7,9,9
1458,22672,16:55:30,1,,,,,,,,EXCLUDED,7,9,9
1458,22673,16:56:00,1,,,,,,,,EXCLUDED,7,9,9
1458,22674,16:56:30,1,,,,,,,,EXCLUDED,7,9,9
1458,22675,16:57:00,1,,,,,,,,EXCLUDED,7,9,9
1458,22676,16:57:30,1,,,,,,,,EXCLUDED,7,9,9
1458,22677,16:58:00,1,,,,,,,,EXCLUDED,7,9,9
1458,22678,16:58:30,1,,,,,,,,EXCLUDED,7,9,9
1458,22679,16:59:00,1,,,,,,,,EXCLUDED,7,9,9
1458,22680,16:59:30,1,,,,,,,,EXCLUDED,7,9,9
1458,22681,17:00:00,1,,,,,,,,EXCLUDED,7,9,9
1458,22682,17:00:30,1,,,,,,,,EXCLUDED,7,9,9
1458,22683,17:01:00,1,,,,,,,,EXCLUDED,7,9,9
1458,22684,17:01:30,1,,,,,,,,EXCLUDED,7,9,9
1458,22685,17:02:00,1,,,,,,,,EXCLUDED,7,9,9
1458,22686,17:02:30,1,,,,,,,,EXCLUDED,7,9,9
1458,22687,17:03:00,1,,,,,,,,EXCLUDED,7,9,9
1458,22688,17:03:30,1,,,,,,,,EXCLUDED,7,9,9
1458,22689,17:04:00,1,,,,,,,,EXCLUDED,7,9,9
1458,22690,17:04:30,1,,,,,,,,EXCLUDED,7,9,9
1458,22691,17:05:00,1,,,,,,,,EXCLUDED,7,9,9
1458,22692,17:05:30,1,,,,,,,,EXCLUDED,7,9,9
1458,22693,17:06:00,1,,,,,,,,EXCLUDED,7,9,9
1458,22694,17:06:30,1,,,,,,,,EXCLUDED,7,9,9
1458,22695,17:07:00,1,,,,,,,,EXCLUDED,7,9,9
1458,22696,17:07:30,1,,,,,,,,EXCLUDED,7,9,9
1458,22697,17:08:00,1,,,,,,,,EXCLUDED,7,9,9
1458,22698,17:08:30,1,,,,,,,,EXCLUDED,7,9,9
1458,22699,17:09:00,1,,,,,,,,EXCLUDED,7,9,9
1458,22700,17:09:30,1,,,,,,,,EXCLUDED,7,9,9
1458,22701,17:10:00,1,,,,,,,,EXCLUDED,7,9,9
1458,22702,17:10:30,1,,,,,,,,EXCLUDED,7,9,9
1458,22703,17:11:00,1,,,,,,,,EXCLUDED,7,9,9
1458,22704,17:11:30,1,,,,,,,,EXCLUDED,7,9,9
1458,22705,17:12:00,1,,,,,,,,EXCLUDED,7,9,9
1458,22706,17:12:30,1,,,,,,,,EXCLUDED,7,9,9
1458,22707,17:13:00,1,,,,,,,,EXCLUDED,7,9,9
1458,22708,17:13:30,1,,,,,,,,EXCLUDED,7,9,9
1458,22709,17:14:00,1,,,,,,,,EXCLUDED,7,9,9
1458,22710,17:14:30,1,,,,,,,,EXCLUDED,7,9,9
1458,22711,17:15:00,1,,,,,,,,EXCLUDED,7,9,9
1458,22712,17:15:30,1,,,,,,,,EXCLUDED,7,9,9
1458,22713,17:16:00,1,,,,,,,,EXCLUDED,7,9,9
1458,22714,17:16:30,1,,,,,,,,EXCLUDED,7,9,9
1458,22715,17:17:00,1,,,,,,,,EXCLUDED,7,9,9
1458,22716,17:17:30,1,,,,,,,,EXCLUDED,7,9,9
1458,22717,17:18:00,1,,,,,,,,EXCLUDED,7,9,9
1458,22718,17:18:30,1,,,,,,,,EXCLUDED,7,9,9
1458,22719,17:19:00,1,,,,,,,,EXCLUDED,7,9,9
1458,22720,17:19:30,1,,,,,,,,EXCLUDED,7,9,9
1458,22721,17:20:00,1,,,,,,,,EXCLUDED,7,9,9
1458,22722,17:20:30,1,,,,,,,,EXCLUDED,7,9,9
1458,22723,17:21:00,1,,,,,,,,EXCLUDED,7,9,9
1458,22724,17:21:30,1,,,,,,,,EXCLUDED,7,9,9
1458,22725,17:22:00,1,,,,,,,,EXCLUDED,7,9,9
1458,22726,17:22:30,1,,,,,,,,EXCLUDED,7,9,9
1458,22727,17:23:00,1,,,,,,,,EXCLUDED,7,9,9
1458,22728,17:23:30,1,,,,,,,,EXCLUDED,7,9,9
1458,22729,17:24:00,1,,,,,,,,EXCLUDED,7,9,9
1458,22730,17:24:30,1,,,,,,,,EXCLUDED,7,9,9
1458,22731,17:25:00,1,,,,,,,,EXCLUDED,7,9,9
1458,22732,17:25:30,1,,,,,,,,EXCLUDED,7,9,9
1458,22733,17:26:00,1,,,,,,,,EXCLUDED,7,9,9
1458,22734,17:26:30,1,,,,,,,,EXCLUDED,7,9,9
1458,22735,17:27:00,1,,,,,,,,EXCLUDED,7,9,9
1458,22736,17:27:30,1,,,,,,,,EXCLUDED,7,9,9
1458,22737,17:28:00,1,,,,,,,,EXCLUDED,7,9,9
1458,22738,17:28:30,1,,,,,,,,EXCLUDED,7,9,9
1458,22739,17:29:00,1,,,,,,,,EXCLUDED,7,9,9
1458,22740,17:29:30,1,,,,,,,,EXCLUDED,7,9,9
1458,22741,17:30:00,1,,,,,,,,EXCLUDED,7,9,9
1458,22742,17:30:30,1,,,,,,,,EXCLUDED,7,9,9
1458,22743,17:31:00,1,,,,,,,,EXCLUDED,7,9,9
1458,22744,17:31:30,1,,,,,,,,EXCLUDED,7,9,9
1458,22745,17:32:00,1,,,,,,,,EXCLUDED,7,9,9
1458,22746,17:32:30,1,,,,,,,,EXCLUDED,7,9,9
1458,22747,17:33:00,1,,,,,,,,EXCLUDED,7,9,9
1458,22748,17:33:30,1,,,,,,,,EXCLUDED,7,9,9
1458,22749,17:34:00,1,,,,,,,,EXCLUDED,7,9,9
1458,22750,17:34:30,1,,,,,,,,EXCLUDED,7,9,9
1458,22751,17:35:00,1,,,,,,,,EXCLUDED,7,9,9
1458,22752,17:35:30,1,,,,,,,,EXCLUDED,7,9,9
1458,22753,17:36:00,1,,,,,,,,EXCLUDED,7,9,9
1458,22754,17:36:30,1,,,,,,,,EXCLUDED,7,9,9
1458,22755,17:37:00,1,,,,,,,,EXCLUDED,7,9,9
1458,22756,17:37:30,1,,,,,,,,EXCLUDED,7,9,9
1458,22757,17:38:00,1,,,,,,,,EXCLUDED,7,9,9
1458,22758,17:38:30,1,,,,,,,,EXCLUDED,7,9,9
1458,22759,17:39:00,1,,,,,,,,EXCLUDED,7,9,9
1458,22760,17:39:30,1,,,,,,,,EXCLUDED,7,9,9
1458,22761,17:40:00,1,,,,,,,,EXCLUDED,7,9,9
1458,22762,17:40:30,1,,,,,,,,EXCLUDED,7,9,9
1458,22763,17:41:00,1,,,,,,,,EXCLUDED,7,9,9
1458,22764,17:41:30,1,,,,,,,,EXCLUDED,7,9,9
1458,22765,17:42:00,1,,,,,,,,EXCLUDED,7,9,9
1458,22766,17:42:30,1,,,,,,,,EXCLUDED,7,9,9
1458,22767,17:43:00,1,,,,,,,,EXCLUDED,7,9,9
1458,22768,17:43:30,1,,,,,,,,EXCLUDED,7,9,9
1458,22769,17:44:00,1,,,,,,,,EXCLUDED,7,9,9
1458,22770,17:44:30,1,,,,,,,,EXCLUDED,7,9,9
1458,22771,17:45:00,1,,,,,,,,EXCLUDED,7,9,9
1458,22772,17:45:30,1,,,,,,,,EXCLUDED,7,9,9
1458,22773,17:46:00,1,,,,,,,,EXCLUDED,7,9,9
1458,22774,17:46:30,1,,,,,,,,EXCLUDED,7,9,9
1458,22775,17:47:00,1,,,,,,,,EXCLUDED,7,9,9
1458,22776,17:47:30,1,,,,,,,,EXCLUDED,7,9,9
1458,22777,17:48:00,1,,,,,,,,EXCLUDED,7,9,9
1458,22778,17:48:30,1,,,,,,,,EXCLUDED,7,9,9
1458,22779,17:49:00,1,,,,,,,,EXCLUDED,7,9,9
1458,22780,17:49:30,1,,,,,,,,EXCLUDED,7,9,9
1458,22781,17:50:00,1,,,,,,,,EXCLUDED,7,9,9
1458,22782,17:50:30,1,,,,,,,,EXCLUDED,7,9,9
1458,22783,17:51:00,1,,,,,,,,EXCLUDED,7,9,9
1458,22784,17:51:30,1,,,,,,,,EXCLUDED,7,9,9
1458,22785,17:52:00,1,,,,,,,,EXCLUDED,7,9,9
1458,22786,17:52:30,1,,,,,,,,EXCLUDED,7,9,9
1458,22787,17:53:00,1,,,,,,,,EXCLUDED,7,9,9
1458,22788,17:53:30,1,,,,,,,,EXCLUDED,7,9,9
1458,22789,17:54:00,1,,,,,,,,EXCLUDED,7,9,9
1458,22790,17:54:30,1,,,,,,,,EXCLUDED,7,9,9
1458,22791,17:55:00,1,,,,,,,,EXCLUDED,7,9,9
1458,22792,17:55:30,1,,,,,,,,EXCLUDED,7,9,9
1458,22793,17:56:00,1,,,,,,,,EXCLUDED,7,9,9
1458,22794,17:56:30,1,,,,,,,,EXCLUDED,7,9,9
1458,22795,17:57:00,1,,,,,,,,EXCLUDED,7,9,9
1458,22796,17:57:30,1,,,,,,,,EXCLUDED,7,9,9
1458,22797,17:58:00,1,,,,,,,,EXCLUDED,7,9,9
1458,22798,17:58:30,1,,,,,,,,EXCLUDED,7,9,9
1458,22799,17:59:00,1,,,,,,,,EXCLUDED,7,9,9
1458,22800,17:59:30,1,,,,,,,,EXCLUDED,7,9,9
1458,22801,18:00:00,1,,,,,,,,EXCLUDED,7,9,9
1458,22802,18:00:30,1,,,,,,,,EXCLUDED,7,9,9
1458,22803,18:01:00,1,,,,,,,,EXCLUDED,7,9,9
1458,22804,18:01:30,1,,,,,,,,EXCLUDED,7,9,9
1458,22805,18:02:00,1,,,,,,,,EXCLUDED,7,9,9
1458,22806,18:02:30,1,,,,,,,,EXCLUDED,7,9,9
1458,22807,18:03:00,1,,,,,,,,EXCLUDED,7,9,9
1458,22808,18:03:30,1,,,,,,,,EXCLUDED,7,9,9
1458,22809,18:04:00,1,,,,,,,,EXCLUDED,7,9,9
1458,22810,18:04:30,1,,,,,,,,EXCLUDED,7,9,9
1458,22811,18:05:00,1,,,,,,,,EXCLUDED,7,9,9
1458,22812,18:05:30,1,,,,,,,,EXCLUDED,7,9,9
1458,22813,18:06:00,1,,,,,,,,EXCLUDED,7,9,9
1458,22814,18:06:30,1,,,,,,,,EXCLUDED,7,9,9
1458,22815,18:07:00,1,,,,,,,,EXCLUDED,7,9,9
1458,22816,18:07:30,1,,,,,,,,EXCLUDED,7,9,9
1458,22817,18:08:00,1,,,,,,,,EXCLUDED,7,9,9
1458,22818,18:08:30,1,,,,,,,,EXCLUDED,7,9,9
1458,22819,18:09:00,1,,,,,,,,EXCLUDED,7,9,9
1458,22820,18:09:30,1,,,,,,,,EXCLUDED,7,9,9
1458,22821,18:10:00,1,,,,,,,,EXCLUDED,7,9,9
1458,22822,18:10:30,1,,,,,,,,EXCLUDED,7,9,9
1458,22823,18:11:00,1,,,,,,,,EXCLUDED,7,9,9
1458,22824,18:11:30,1,,,,,,,,EXCLUDED,7,9,9
1458,22825,18:12:00,1,,,,,,,,EXCLUDED,7,9,9
1458,22826,18:12:30,1,,,,,,,,EXCLUDED,7,9,9
1458,22827,18:13:00,1,,,,,,,,EXCLUDED,7,9,9
1458,22828,18:13:30,1,,,,,,,,EXCLUDED,7,9,9
1458,22829,18:14:00,1,,,,,,,,EXCLUDED,7,9,9
1458,22830,18:14:30,1,,,,,,,,EXCLUDED,7,9,9
1458,22831,18:15:00,1,,,,,,,,EXCLUDED,7,9,9
1458,22832,18:15:30,1,,,,,,,,EXCLUDED,7,9,9
1458,22833,18:16:00,1,,,,,,,,EXCLUDED,7,9,9
1458,22834,18:16:30,1,,,,,,,,EXCLUDED,7,9,9
1458,22835,18:17:00,1,,,,,,,,EXCLUDED,7,9,9
1458,22836,18:17:30,1,,,,,,,,EXCLUDED,7,9,9
1458,22837,18:18:00,1,,,,,,,,EXCLUDED,7,9,9
1458,22838,18:18:30,1,,,,,,,,EXCLUDED,7,9,9
1458,22839,18:19:00,1,,,,,,,,EXCLUDED,7,9,9
1458,22840,18:19:30,1,,,,,,,,EXCLUDED,7,9,9
1458,22841,18:20:00,1,,,,,,,,EXCLUDED,7,9,9
1458,22842,18:20:30,1,,,,,,,,EXCLUDED,7,9,9
1458,22843,18:21:00,1,,,,,,,,EXCLUDED,7,9,9
1458,22844,18:21:30,1,,,,,,,,EXCLUDED,7,9,9
1458,22845,18:22:00,1,,,,,,,,EXCLUDED,7,9,9
1458,22846,18:22:30,1,,,,,,,,EXCLUDED,7,9,9
1458,22847,18:23:00,1,,,,,,,,EXCLUDED,7,9,9
1458,22848,18:23:30,1,,,,,,,,EXCLUDED,7,9,9
1458,22849,18:24:00,1,,,,,,,,EXCLUDED,7,9,9
1458,22850,18:24:30,1,,,,,,,,EXCLUDED,7,9,9
1458,22851,18:25:00,1,,,,,,,,EXCLUDED,7,9,9
1458,22852,18:25:30,1,,,,,,,,EXCLUDED,7,9,9
1458,22853,18:26:00,1,,,,,,,,EXCLUDED,7,9,9
1458,22854,18:26:30,1,,,,,,,,EXCLUDED,7,9,9
1458,22855,18:27:00,1,,,,,,,,EXCLUDED,7,9,9
1458,22856,18:27:30,1,,,,,,,,EXCLUDED,7,9,9
1458,22857,18:28:00,1,,,,,,,,EXCLUDED,7,9,9
1458,22858,18:28:30,1,,,,,,,,EXCLUDED,7,9,9
1458,22859,18:29:00,1,,,,,,,,EXCLUDED,7,9,9
1458,22860,18:29:30,1,,,,,,,,EXCLUDED,7,9,9
1458,22861,18:30:00,1,,,,,,,,EXCLUDED,7,9,9
1458,22862,18:30:30,1,,,,,,,,EXCLUDED,7,9,9
1458,22863,18:31:00,1,,,,,,,,EXCLUDED,7,9,9
1458,22864,18:31:30,1,,,,,,,,EXCLUDED,7,9,9
1458,22865,18:32:00,1,,,,,,,,EXCLUDED,7,9,9
1458,22866,18:32:30,1,,,,,,,,EXCLUDED,7,9,9
1458,22867,18:33:00,1,,,,,,,,EXCLUDED,7,9,9
1458,22868,18:33:30,1,,,,,,,,EXCLUDED,7,9,9
1458,22869,18:34:00,1,,,,,,,,EXCLUDED,7,9,9
1458,22870,18:34:30,1,,,,,,,,EXCLUDED,7,9,9
1458,22871,18:35:00,1,,,,,,,,EXCLUDED,7,9,9
1458,22872,18:35:30,1,,,,,,,,EXCLUDED,7,9,9
1458,22873,18:36:00,1,,,,,,,,EXCLUDED,7,9,9
1458,22874,18:36:30,1,,,,,,,,EXCLUDED,7,9,9
1458,22875,18:37:00,1,,,,,,,,EXCLUDED,7,9,9
1458,22876,18:37:30,1,,,,,,,,EXCLUDED,7,9,9
1458,22877,18:38:00,1,,,,,,,,EXCLUDED,7,9,9
1458,22878,18:38:30,1,,,,,,,,EXCLUDED,7,9,9
1458,22879,18:39:00,1,,,,,,,,EXCLUDED,7,9,9
1458,22880,18:39:30,1,,,,,,,,EXCLUDED,7,9,9
1458,22881,18:40:00,1,,,,,,,,EXCLUDED,7,9,9
1458,22882,18:40:30,1,,,,,,,,EXCLUDED,7,9,9
1458,22883,18:41:00,1,,,,,,,,EXCLUDED,7,9,9
1458,22884,18:41:30,1,,,,,,,,EXCLUDED,7,9,9
1458,22885,18:42:00,1,,,,,,,,EXCLUDED,7,9,9
1458,22886,18:42:30,1,,,,,,,,EXCLUDED,7,9,9
1458,22887,18:43:00,1,,,,,,,,EXCLUDED,7,9,9
1458,22888,18:43:30,1,,,,,,,,EXCLUDED,7,9,9
1458,22889,18:44:00,1,,,,,,,,EXCLUDED,7,9,9
1458,22890,18:44:30,1,,,,,,,,EXCLUDED,7,9,9
1458,22891,18:45:00,1,,,,,,,,EXCLUDED,7,9,9
1458,22892,18:45:30,1,,,,,,,,EXCLUDED,7,9,9
1458,22893,18:46:00,1,,,,,,,,EXCLUDED,7,9,9
1458,22894,18:46:30,1,,,,,,,,EXCLUDED,7,9,9
1458,22895,18:47:00,1,,,,,,,,EXCLUDED,7,9,9
1458,22896,18:47:30,1,,,,,,,,EXCLUDED,7,9,9
1458,22897,18:48:00,1,,,,,,,,EXCLUDED,7,9,9
1458,22898,18:48:30,1,,,,,,,,EXCLUDED,7,9,9
1458,22899,18:49:00,1,,,,,,,,EXCLUDED,7,9,9
1458,22900,18:49:30,1,,,,,,,,EXCLUDED,7,9,9
1458,22901,18:50:00,1,,,,,,,,EXCLUDED,7,9,9
1458,22902,18:50:30,1,,,,,,,,EXCLUDED,7,9,9
1458,22903,18:51:00,1,,,,,,,,EXCLUDED,7,9,9
1458,22904,18:51:30,1,,,,,,,,EXCLUDED,7,9,9
1458,22905,18:52:00,1,,,,,,,,EXCLUDED,7,9,9
1458,22906,18:52:30,1,,,,,,,,EXCLUDED,7,9,9
1458,22907,18:53:00,1,,,,,,,,EXCLUDED,7,9,9
1458,22908,18:53:30,1,,,,,,,,EXCLUDED,7,9,9
1458,22909,18:54:00,1,,,,,,,,EXCLUDED,7,9,9
1458,22910,18:54:30,1,,,,,,,,EXCLUDED,7,9,9
1458,22911,18:55:00,1,,,,,,,,EXCLUDED,7,9,9
1458,22912,18:55:30,1,,,,,,,,EXCLUDED,7,9,9
1458,22913,18:56:00,1,,,,,,,,EXCLUDED,7,9,9
1458,22914,18:56:30,1,,,,,,,,EXCLUDED,7,9,9
1458,22915,18:57:00,1,,,,,,,,EXCLUDED,7,9,9
1458,22916,18:57:30,1,,,,,,,,EXCLUDED,7,9,9
1458,22917,18:58:00,1,,,,,,,,EXCLUDED,7,9,9
1458,22918,18:58:30,1,,,,,,,,EXCLUDED,7,9,9
1458,22919,18:59:00,1,,,,,,,,EXCLUDED,7,9,9
1458,22920,18:59:30,1,,,,,,,,EXCLUDED,7,9,9
1458,22921,19:00:00,1,,,,,,,,EXCLUDED,7,9,9
1458,22922,19:00:30,1,,,,,,,,EXCLUDED,7,9,9
1458,22923,19:01:00,1,,,,,,,,EXCLUDED,7,9,9
1458,22924,19:01:30,1,,,,,,,,EXCLUDED,7,9,9
1458,22925,19:02:00,1,,,,,,,,EXCLUDED,7,9,9
1458,22926,19:02:30,1,,,,,,,,EXCLUDED,7,9,9
1458,22927,19:03:00,1,,,,,,,,EXCLUDED,7,9,9
1458,22928,19:03:30,1,,,,,,,,EXCLUDED,7,9,9
1458,22929,19:04:00,1,,,,,,,,EXCLUDED,7,9,9
1458,22930,19:04:30,1,,,,,,,,EXCLUDED,7,9,9
1458,22931,19:05:00,1,,,,,,,,EXCLUDED,7,9,9
1458,22932,19:05:30,1,,,,,,,,EXCLUDED,7,9,9
1458,22933,19:06:00,1,,,,,,,,EXCLUDED,7,9,9
1458,22934,19:06:30,1,,,,,,,,EXCLUDED,7,9,9
1458,22935,19:07:00,1,,,,,,,,EXCLUDED,7,9,9
1458,22936,19:07:30,1,,,,,,,,EXCLUDED,7,9,9
1458,22937,19:08:00,1,,,,,,,,EXCLUDED,7,9,9
1458,22938,19:08:30,1,,,,,,,,EXCLUDED,7,9,9
1458,22939,19:09:00,1,,,,,,,,EXCLUDED,7,9,9
1458,22940,19:09:30,1,,,,,,,,EXCLUDED,7,9,9
1458,22941,19:10:00,1,,,,,,,,EXCLUDED,7,9,9
1458,22942,19:10:30,1,,,,,,,,EXCLUDED,7,9,9
1458,22943,19:11:00,1,,,,,,,,EXCLUDED,7,9,9
1458,22944,19:11:30,1,,,,,,,,EXCLUDED,7,9,9
1458,22945,19:12:00,1,,,,,,,,EXCLUDED,7,9,9
1458,22946,19:12:30,1,,,,,,,,EXCLUDED,7,9,9
1458,22947,19:13:00,1,,,,,,,,EXCLUDED,7,9,9
1458,22948,19:13:30,1,,,,,,,,EXCLUDED,7,9,9
1458,22949,19:14:00,1,,,,,,,,EXCLUDED,7,9,9
1458,22950,19:14:30,1,,,,,,,,EXCLUDED,7,9,9
1458,22951,19:15:00,1,,,,,,,,EXCLUDED,7,9,9
1458,22952,19:15:30,1,,,,,,,,EXCLUDED,7,9,9
1458,22953,19:16:00,1,,,,,,,,EXCLUDED,7,9,9
1458,22954,19:16:30,1,,,,,,,,EXCLUDED,7,9,9
1458,22955,19:17:00,1,,,,,,,,EXCLUDED,7,9,9
1458,22956,19:17:30,1,,,,,,,,EXCLUDED,7,9,9
1458,22957,19:18:00,1,,,,,,,,EXCLUDED,7,9,9
1458,22958,19:18:30,1,,,,,,,,EXCLUDED,7,9,9
1458,22959,19:19:00,1,,,,,,,,EXCLUDED,7,9,9
1458,22960,19:19:30,1,,,,,,,,EXCLUDED,7,9,9
1458,22961,19:20:00,1,,,,,,,,EXCLUDED,7,9,9
1458,22962,19:20:30,1,,,,,,,,EXCLUDED,7,9,9
1458,22963,19:21:00,1,,,,,,,,EXCLUDED,7,9,9
1458,22964,19:21:30,1,,,,,,,,EXCLUDED,7,9,9
1458,22965,19:22:00,1,,,,,,,,EXCLUDED,7,9,9
1458,22966,19:22:30,1,,,,,,,,EXCLUDED,7,9,9
1458,22967,19:23:00,1,,,,,,,,EXCLUDED,7,9,9
1458,22968,19:23:30,1,,,,,,,,EXCLUDED,7,9,9
1458,22969,19:24:00,1,,,,,,,,EXCLUDED,7,9,9
1458,22970,19:24:30,1,,,,,,,,EXCLUDED,7,9,9
1458,22971,19:25:00,1,,,,,,,,EXCLUDED,7,9,9
1458,22972,19:25:30,1,,,,,,,,EXCLUDED,7,9,9
1458,22973,19:26:00,1,,,,,,,,EXCLUDED,7,9,9
1458,22974,19:26:30,1,,,,,,,,EXCLUDED,7,9,9
1458,22975,19:27:00,1,,,,,,,,EXCLUDED,7,9,9
1458,22976,19:27:30,1,,,,,,,,EXCLUDED,7,9,9
1458,22977,19:28:00,1,,,,,,,,EXCLUDED,7,9,9
1458,22978,19:28:30,1,,,,,,,,EXCLUDED,7,9,9
1458,22979,19:29:00,1,,,,,,,,EXCLUDED,7,9,9
1458,22980,19:29:30,1,,,,,,,,EXCLUDED,7,9,9
1458,22981,19:30:00,1,,,,,,,,EXCLUDED,7,9,9
1458,22982,19:30:30,1,,,,,,,,EXCLUDED,7,9,9
1458,22983,19:31:00,1,,,,,,,,EXCLUDED,7,9,9
1458,22984,19:31:30,1,,,,,,,,EXCLUDED,7,9,9
1458,22985,19:32:00,1,,,,,,,,EXCLUDED,7,9,9
1458,22986,19:32:30,1,,,,,,,,EXCLUDED,7,9,9
1458,22987,19:33:00,1,,,,,,,,EXCLUDED,7,9,9
1458,22988,19:33:30,1,,,,,,,,EXCLUDED,7,9,9
1458,22989,19:34:00,1,,,,,,,,EXCLUDED,7,9,9
1458,22990,19:34:30,1,,,,,,,,EXCLUDED,7,9,9
1458,22991,19:35:00,1,,,,,,,,EXCLUDED,7,9,9
1458,22992,19:35:30,1,,,,,,,,EXCLUDED,7,9,9
1458,22993,19:36:00,1,,,,,,,,EXCLUDED,7,9,9
1458,22994,19:36:30,1,,,,,,,,EXCLUDED,7,9,9
1458,22995,19:37:00,1,,,,,,,,EXCLUDED,7,9,9
1458,22996,19:37:30,1,,,,,,,,EXCLUDED,7,9,9
1458,22997,19:38:00,1,,,,,,,,EXCLUDED,7,9,9
1458,22998,19:38:30,1,,,,,,,,EXCLUDED,7,9,9
1458,22999,19:39:00,1,,,,,,,,EXCLUDED,7,9,9
1458,23000,19:39:30,1,,,,,,,,EXCLUDED,7,9,9
1458,23001,19:40:00,1,,,,,,,,EXCLUDED,7,9,9
1458,23002,19:40:30,1,,,,,,,,EXCLUDED,7,9,9
1458,23003,19:41:00,1,,,,,,,,EXCLUDED,7,9,9
1458,23004,19:41:30,1,,,,,,,,EXCLUDED,7,9,9
1458,23005,19:42:00,1,,,,,,,,EXCLUDED,7,9,9
1458,23006,19:42:30,1,,,,,,,,EXCLUDED,7,9,9
1458,23007,19:43:00,1,,,,,,,,EXCLUDED,7,9,9
1458,23008,19:43:30,1,,,,,,,,EXCLUDED,7,9,9
1458,23009,19:44:00,1,,,,,,,,EXCLUDED,7,9,9
1458,23010,19:44:30,1,,,,,,,,EXCLUDED,7,9,9
1458,23011,19:45:00,1,,,,,,,,EXCLUDED,7,9,9
1458,23012,19:45:30,1,,,,,,,,EXCLUDED,7,9,9
1458,23013,19:46:00,1,,,,,,,,EXCLUDED,7,9,9
1458,23014,19:46:30,1,,,,,,,,EXCLUDED,7,9,9
1458,23015,19:47:00,1,,,,,,,,EXCLUDED,7,9,9
1458,23016,19:47:30,1,,,,,,,,EXCLUDED,7,9,9
1458,23017,19:48:00,1,,,,,,,,EXCLUDED,7,9,9
1458,23018,19:48:30,1,,,,,,,,EXCLUDED,7,9,9
1458,23019,19:49:00,1,,,,,,,,EXCLUDED,7,9,9
1458,23020,19:49:30,1,,,,,,,,EXCLUDED,7,9,9
1458,23021,19:50:00,1,,,,,,,,EXCLUDED,7,9,9
1458,23022,19:50:30,1,,,,,,,,EXCLUDED,7,9,9
1458,23023,19:51:00,1,,,,,,,,EXCLUDED,7,9,9
1458,23024,19:51:30,1,,,,,,,,EXCLUDED,7,9,9
1458,23025,19:52:00,1,,,,,,,,EXCLUDED,7,9,9
1458,23026,19:52:30,1,,,,,,,,EXCLUDED,7,9,9
1458,23027,19:53:00,1,,,,,,,,EXCLUDED,7,9,9
1458,23028,19:53:30,1,,,,,,,,EXCLUDED,7,9,9
1458,23029,19:54:00,1,,,,,,,,EXCLUDED,7,9,9
1458,23030,19:54:30,1,,,,,,,,EXCLUDED,7,9,9
1458,23031,19:55:00,1,,,,,,,,EXCLUDED,7,9,9
1458,23032,19:55:30,1,,,,,,,,EXCLUDED,7,9,9
1458,23033,19:56:00,1,,,,,,,,EXCLUDED,7,9,9
1458,23034,19:56:30,1,,,,,,,,EXCLUDED,7,9,9
1458,23035,19:57:00,1,,,,,,,,EXCLUDED,7,9,9
1458,23036,19:57:30,1,,,,,,,,EXCLUDED,7,9,9
1458,23037,19:58:00,1,,,,,,,,EXCLUDED,7,9,9
1458,23038,19:58:30,1,,,,,,,,EXCLUDED,7,9,9
1458,23039,19:59:00,1,,,,,,,,EXCLUDED,7,9,9
1458,23040,19:59:30,1,,,,,,,,EXCLUDED,7,9,9
1458,23041,20:00:00,1,,,,,,,,EXCLUDED,7,9,9
1458,23042,20:00:30,1,,,,,,,,EXCLUDED,7,9,9
1458,23043,20:01:00,1,,,,,,,,EXCLUDED,7,9,9
1458,23044,20:01:30,1,,,,,,,,EXCLUDED,7,9,9
1458,23045,20:02:00,1,,,,,,,,EXCLUDED,7,9,9
1458,23046,20:02:30,1,,,,,,,,EXCLUDED,7,9,9
1458,23047,20:03:00,1,,,,,,,,EXCLUDED,7,9,9
1458,23048,20:03:30,1,,,,,,,,EXCLUDED,7,9,9
1458,23049,20:04:00,1,,,,,,,,EXCLUDED,7,9,9
1458,23050,20:04:30,1,,,,,,,,EXCLUDED,7,9,9
1458,23051,20:05:00,1,,,,,,,,EXCLUDED,7,9,9
1458,23052,20:05:30,1,,,,,,,,EXCLUDED,7,9,9
1458,23053,20:06:00,1,,,,,,,,EXCLUDED,7,9,9
1458,23054,20:06:30,1,,,,,,,,EXCLUDED,7,9,9
1458,23055,20:07:00,1,,,,,,,,EXCLUDED,7,9,9
1458,23056,20:07:30,1,,,,,,,,EXCLUDED,7,9,9
1458,23057,20:08:00,1,,,,,,,,EXCLUDED,7,9,9
1458,23058,20:08:30,1,,,,,,,,EXCLUDED,7,9,9
1458,23059,20:09:00,1,,,,,,,,EXCLUDED,7,9,9
1458,23060,20:09:30,1,,,,,,,,EXCLUDED,7,9,9
1458,23061,20:10:00,1,,,,,,,,EXCLUDED,7,9,9
1458,23062,20:10:30,1,,,,,,,,EXCLUDED,7,9,9
1458,23063,20:11:00,1,,,,,,,,EXCLUDED,7,9,9
1458,23064,20:11:30,1,,,,,,,,EXCLUDED,7,9,9
1458,23065,20:12:00,1,,,,,,,,EXCLUDED,7,9,9
1458,23066,20:12:30,1,,,,,,,,EXCLUDED,7,9,9
1458,23067,20:13:00,1,,,,,,,,EXCLUDED,7,9,9
1458,23068,20:13:30,1,,,,,,,,EXCLUDED,7,9,9
1458,23069,20:14:00,1,,,,,,,,EXCLUDED,7,9,9
1458,23070,20:14:30,1,,,,,,,,EXCLUDED,7,9,9
1458,23071,20:15:00,1,,,,,,,,EXCLUDED,7,9,9
1458,23072,20:15:30,1,,,,,,,,EXCLUDED,7,9,9
1458,23073,20:16:00,1,,,,,,,,EXCLUDED,7,9,9
1458,23074,20:16:30,1,,,,,,,,EXCLUDED,7,9,9
1458,23075,20:17:00,1,,,,,,,,EXCLUDED,7,9,9
1458,23076,20:17:30,1,,,,,,,,EXCLUDED,7,9,9
1458,23077,20:18:00,1,,,,,,,,EXCLUDED,7,9,9
1458,23078,20:18:30,1,,,,,,,,EXCLUDED,7,9,9
1458,23079,20:19:00,1,,,,,,,,EXCLUDED,7,9,9
1458,23080,20:19:30,1,,,,,,,,EXCLUDED,7,9,9
1458,23081,20:20:00,1,,,,,,,,EXCLUDED,7,9,9
1458,23082,20:20:30,1,,,,,,,,EXCLUDED,7,9,9
1458,23083,20:21:00,1,,,,,,,,EXCLUDED,7,9,9
1458,23084,20:21:30,1,,,,,,,,EXCLUDED,7,9,9
1458,23085,20:22:00,1,,,,,,,,EXCLUDED,7,9,9
1458,23086,20:22:30,1,,,,,,,,EXCLUDED,7,9,9
1458,23087,20:23:00,1,,,,,,,,EXCLUDED,7,9,9
1458,23088,20:23:30,1,,,,,,,,EXCLUDED,7,9,9
1458,23089,20:24:00,1,,,,,,,,EXCLUDED,7,9,9
1458,23090,20:24:30,1,,,,,,,,EXCLUDED,7,9,9
1458,23091,20:25:00,1,,,,,,,,EXCLUDED,7,9,9
1458,23092,20:25:30,1,,,,,,,,EXCLUDED,7,9,9
1458,23093,20:26:00,1,,,,,,,,EXCLUDED,7,9,9
1458,23094,20:26:30,1,,,,,,,,EXCLUDED,7,9,9
1458,23095,20:27:00,1,,,,,,,,EXCLUDED,7,9,9
1458,23096,20:27:30,1,,,,,,,,EXCLUDED,7,9,9
1458,23097,20:28:00,1,,,,,,,,EXCLUDED,7,9,9
1458,23098,20:28:30,1,,,,,,,,EXCLUDED,7,9,9
1458,23099,20:29:00,1,,,,,,,,EXCLUDED,7,9,9
1458,23100,20:29:30,1,,,,,,,,EXCLUDED,7,9,9
1458,23101,20:30:00,1,,,,,,,,EXCLUDED,7,9,9
1458,23102,20:30:30,1,,,,,,,,EXCLUDED,7,9,9
1458,23103,20:31:00,1,,,,,,,,EXCLUDED,7,9,9
1458,23104,20:31:30,1,,,,,,,,EXCLUDED,7,9,9
1458,23105,20:32:00,1,,,,,,,,EXCLUDED,7,9,9
1458,23106,20:32:30,1,,,,,,,,EXCLUDED,7,9,9
1458,23107,20:33:00,1,,,,,,,,EXCLUDED,7,9,9
1458,23108,20:33:30,1,,,,,,,,EXCLUDED,7,9,9
1458,23109,20:34:00,1,,,,,,,,EXCLUDED,7,9,9
1458,23110,20:34:30,1,,,,,,,,EXCLUDED,7,9,9
1458,23111,20:35:00,1,,,,,,,,EXCLUDED,7,9,9
1458,23112,20:35:30,1,,,,,,,,EXCLUDED,7,9,9
1458,23113,20:36:00,1,,,,,,,,EXCLUDED,7,9,9
1458,23114,20:36:30,1,,,,,,,,EXCLUDED,7,9,9
1458,23115,20:37:00,1,,,,,,,,EXCLUDED,7,9,9
1458,23116,20:37:30,1,,,,,,,,EXCLUDED,7,9,9
1458,23117,20:38:00,1,,,,,,,,EXCLUDED,7,9,9
1458,23118,20:38:30,1,,,,,,,,EXCLUDED,7,9,9
1458,23119,20:39:00,1,,,,,,,,EXCLUDED,7,9,9
1458,23120,20:39:30,1,,,,,,,,EXCLUDED,7,9,9
1458,23121,20:40:00,1,,,,,,,,EXCLUDED,7,9,9
1458,23122,20:40:30,1,,,,,,,,EXCLUDED,7,9,9
1458,23123,20:41:00,1,,,,,,,,EXCLUDED,7,9,9
1458,23124,20:41:30,1,,,,,,,,EXCLUDED,7,9,9
1458,23125,20:42:00,1,,,,,,,,EXCLUDED,7,9,9
1458,23126,20:42:30,1,,,,,,,,EXCLUDED,7,9,9
1458,23127,20:43:00,1,,,,,,,,EXCLUDED,7,9,9
1458,23128,20:43:30,1,,,,,,,,EXCLUDED,7,9,9
1458,23129,20:44:00,1,,,,,,,,EXCLUDED,7,9,9
1458,23130,20:44:30,1,,,,,,,,EXCLUDED,7,9,9
1458,23131,20:45:00,1,,,,,,,,EXCLUDED,7,9,9
1458,23132,20:45:30,1,,,,,,,,EXCLUDED,7,9,9
1458,23133,20:46:00,1,,,,,,,,EXCLUDED,7,9,9
1458,23134,20:46:30,1,,,,,,,,EXCLUDED,7,9,9
1458,23135,20:47:00,1,,,,,,,,EXCLUDED,7,9,9
1458,23136,20:47:30,1,,,,,,,,EXCLUDED,7,9,9
1458,23137,20:48:00,1,,,,,,,,EXCLUDED,7,9,9
1458,23138,20:48:30,1,,,,,,,,EXCLUDED,7,9,9
1458,23139,20:49:00,1,,,,,,,,EXCLUDED,7,9,9
1458,23140,20:49:30,1,,,,,,,,EXCLUDED,7,9,9
1458,23141,20:50:00,1,,,,,,,,EXCLUDED,7,9,9
1458,23142,20:50:30,1,,,,,,,,EXCLUDED,7,9,9
1458,23143,20:51:00,1,,,,,,,,EXCLUDED,7,9,9
1458,23144,20:51:30,1,,,,,,,,EXCLUDED,7,9,9
1458,23145,20:52:00,1,,,,,,,,EXCLUDED,7,9,9
1458,23146,20:52:30,1,,,,,,,,EXCLUDED,7,9,9
1458,23147,20:53:00,1,,,,,,,,EXCLUDED,7,9,9
1458,23148,20:53:30,1,,,,,,,,EXCLUDED,7,9,9
1458,23149,20:54:00,1,,,,,,,,EXCLUDED,7,9,9
1458,23150,20:54:30,1,,,,,,,,EXCLUDED,7,9,9
1458,23151,20:55:00,1,,,,,,,,EXCLUDED,7,9,9
1458,23152,20:55:30,1,,,,,,,,EXCLUDED,7,9,9
1458,23153,20:56:00,1,,,,,,,,EXCLUDED,7,9,9
1458,23154,20:56:30,1,,,,,,,,EXCLUDED,7,9,9
1458,23155,20:57:00,1,,,,,,,,EXCLUDED,7,9,9
1458,23156,20:57:30,1,,,,,,,,EXCLUDED,7,9,9
1458,23157,20:58:00,1,,,,,,,,EXCLUDED,7,9,9
1458,23158,20:58:30,1,,,,,,,,EXCLUDED,7,9,9
1458,23159,20:59:00,1,,,,,,,,EXCLUDED,7,9,9
1458,23160,20:59:30,1,,,,,,,,EXCLUDED,7,9,9
1458,23161,21:00:00,1,,,,,,,,EXCLUDED,7,9,9
1458,23162,21:00:30,1,,,,,,,,EXCLUDED,7,9,9
1458,23163,21:01:00,1,,,,,,,,EXCLUDED,7,9,9
1458,23164,21:01:30,1,,,,,,,,EXCLUDED,7,9,9
1458,23165,21:02:00,1,,,,,,,,EXCLUDED,7,9,9
1458,23166,21:02:30,1,,,,,,,,EXCLUDED,7,9,9
1458,23167,21:03:00,1,,,,,,,,EXCLUDED,7,9,9
1458,23168,21:03:30,1,,,,,,,,EXCLUDED,7,9,9
1458,23169,21:04:00,1,,,,,,,,EXCLUDED,7,9,9
1458,23170,21:04:30,1,,,,,,,,EXCLUDED,7,9,9
1458,23171,21:05:00,1,,,,,,,,EXCLUDED,7,9,9
1458,23172,21:05:30,1,,,,,,,,EXCLUDED,7,9,9
1458,23173,21:06:00,1,,,,,,,,EXCLUDED,7,9,9
1458,23174,21:06:30,1,,,,,,,,EXCLUDED,7,9,9
1458,23175,21:07:00,1,,,,,,,,EXCLUDED,7,9,9
1458,23176,21:07:30,1,,,,,,,,EXCLUDED,7,9,9
1458,23177,21:08:00,1,,,,,,,,EXCLUDED,7,9,9
1458,23178,21:08:30,1,,,,,,,,EXCLUDED,7,9,9
1458,23179,21:09:00,1,,,,,,,,EXCLUDED,7,9,9
1458,23180,21:09:30,1,,,,,,,,EXCLUDED,7,9,9
1458,23181,21:10:00,1,,,,,,,,EXCLUDED,7,9,9
1458,23182,21:10:30,1,,,,,,,,EXCLUDED,7,9,9
1458,23183,21:11:00,1,,,,,,,,EXCLUDED,7,9,9
1458,23184,21:11:30,1,,,,,,,,EXCLUDED,7,9,9
1458,23185,21:12:00,1,,,,,,,,EXCLUDED,7,9,9
1458,23186,21:12:30,1,,,,,,,,EXCLUDED,7,9,9
1458,23187,21:13:00,1,,,,,,,,EXCLUDED,7,9,9
1458,23188,21:13:30,1,,,,,,,,EXCLUDED,7,9,9
1458,23189,21:14:00,1,,,,,,,,EXCLUDED,7,9,9
1458,23190,21:14:30,1,,,,,,,,EXCLUDED,7,9,9
1458,23191,21:15:00,1,,,,,,,,EXCLUDED,7,9,9
1458,23192,21:15:30,1,,,,,,,,EXCLUDED,7,9,9
1458,23193,21:16:00,1,,,,,,,,EXCLUDED,7,9,9
1458,23194,21:16:30,1,,,,,,,,EXCLUDED,7,9,9
1458,23195,21:17:00,1,,,,,,,,EXCLUDED,7,9,9
1458,23196,21:17:30,1,,,,,,,,EXCLUDED,7,9,9
1458,23197,21:18:00,1,,,,,,,,EXCLUDED,7,9,9
1458,23198,21:18:30,1,,,,,,,,EXCLUDED,7,9,9
1458,23199,21:19:00,1,,,,,,,,EXCLUDED,7,9,9
1458,23200,21:19:30,1,,,,,,,,EXCLUDED,7,9,9
1458,23201,21:20:00,1,,,,,,,,EXCLUDED,7,9,9
1458,23202,21:20:30,1,,,,,,,,EXCLUDED,7,9,9
1458,23203,21:21:00,1,,,,,,,,EXCLUDED,7,9,9
1458,23204,21:21:30,1,,,,,,,,EXCLUDED,7,9,9
1458,23205,21:22:00,1,,,,,,,,EXCLUDED,7,9,9
1458,23206,21:22:30,1,,,,,,,,EXCLUDED,7,9,9
1458,23207,21:23:00,1,,,,,,,,EXCLUDED,7,9,9
1458,23208,21:23:30,1,,,,,,,,EXCLUDED,7,9,9
1458,23209,21:24:00,1,,,,,,,,EXCLUDED,7,9,9
1458,23210,21:24:30,1,,,,,,,,EXCLUDED,7,9,9
1458,23211,21:25:00,1,,,,,,,,EXCLUDED,7,9,9
1458,23212,21:25:30,1,,,,,,,,EXCLUDED,7,9,9
1458,23213,21:26:00,1,,,,,,,,EXCLUDED,7,9,9
1458,23214,21:26:30,1,,,,,,,,EXCLUDED,7,9,9
1458,23215,21:27:00,1,,,,,,,,EXCLUDED,7,9,9
1458,23216,21:27:30,1,,,,,,,,EXCLUDED,7,9,9
1458,23217,21:28:00,1,,,,,,,,EXCLUDED,7,9,9
1458,23218,21:28:30,1,,,,,,,,EXCLUDED,7,9,9
1458,23219,21:29:00,1,,,,,,,,EXCLUDED,7,9,9
1458,23220,21:29:30,1,,,,,,,,EXCLUDED,7,9,9
1458,23221,21:30:00,1,,,,,,,,EXCLUDED,7,9,9
1458,23222,21:30:30,1,,,,,,,,EXCLUDED,7,9,9
1458,23223,21:31:00,1,,,,,,,,EXCLUDED,7,9,9
1458,23224,21:31:30,1,,,,,,,,EXCLUDED,7,9,9
1458,23225,21:32:00,1,,,,,,,,EXCLUDED,7,9,9
1458,23226,21:32:30,1,,,,,,,,EXCLUDED,7,9,9
1458,23227,21:33:00,1,,,,,,,,EXCLUDED,7,9,9
1458,23228,21:33:30,1,,,,,,,,EXCLUDED,7,9,9
1458,23229,21:34:00,1,,,,,,,,EXCLUDED,7,9,9
1458,23230,21:34:30,1,,,,,,,,EXCLUDED,7,9,9
1458,23231,21:35:00,1,,,,,,,,EXCLUDED,7,9,9
1458,23232,21:35:30,1,,,,,,,,EXCLUDED,7,9,9
1458,23233,21:36:00,1,,,,,,,,EXCLUDED,7,9,9
1458,23234,21:36:30,1,,,,,,,,EXCLUDED,7,9,9
1458,23235,21:37:00,1,,,,,,,,EXCLUDED,7,9,9
1458,23236,21:37:30,1,,,,,,,,EXCLUDED,7,9,9
1458,23237,21:38:00,1,,,,,,,,EXCLUDED,7,9,9
1458,23238,21:38:30,1,,,,,,,,EXCLUDED,7,9,9
1458,23239,21:39:00,1,,,,,,,,EXCLUDED,7,9,9
1458,23240,21:39:30,1,,,,,,,,EXCLUDED,7,9,9
1458,23241,21:40:00,1,,,,,,,,EXCLUDED,7,9,9
1458,23242,21:40:30,1,,,,,,,,EXCLUDED,7,9,9
1458,23243,21:41:00,1,,,,,,,,EXCLUDED,7,9,9
1458,23244,21:41:30,1,,,,,,,,EXCLUDED,7,9,9
1458,23245,21:42:00,1,,,,,,,,EXCLUDED,7,9,9
1458,23246,21:42:30,1,,,,,,,,EXCLUDED,7,9,9
1458,23247,21:43:00,1,,,,,,,,EXCLUDED,7,9,9
1458,23248,21:43:30,1,,,,,,,,EXCLUDED,7,9,9
1458,23249,21:44:00,1,,,,,,,,EXCLUDED,7,9,9
1458,23250,21:44:30,1,,,,,,,,EXCLUDED,7,9,9
1458,23251,21:45:00,1,,,,,,,,EXCLUDED,7,9,9
1458,23252,21:45:30,1,,,,,,,,EXCLUDED,7,9,9
1458,23253,21:46:00,1,,,,,,,,EXCLUDED,7,9,9
1458,23254,21:46:30,1,,,,,,,,EXCLUDED,7,9,9
1458,23255,21:47:00,1,,,,,,,,EXCLUDED,7,9,9
1458,23256,21:47:30,1,,,,,,,,EXCLUDED,7,9,9
1458,23257,21:48:00,1,,,,,,,,EXCLUDED,7,9,9
1458,23258,21:48:30,1,,,,,,,,EXCLUDED,7,9,9
1458,23259,21:49:00,1,,,,,,,,EXCLUDED,7,9,9
1458,23260,21:49:30,1,,,,,,,,EXCLUDED,7,9,9
1458,23261,21:50:00,1,,,,,,,,EXCLUDED,7,9,9
1458,23262,21:50:30,1,,,,,,,,EXCLUDED,7,9,9
1458,23263,21:51:00,1,,,,,,,,EXCLUDED,7,9,9
1458,23264,21:51:30,1,,,,,,,,EXCLUDED,7,9,9
1458,23265,21:52:00,1,,,,,,,,EXCLUDED,7,9,9
1458,23266,21:52:30,1,,,,,,,,EXCLUDED,7,9,9
1458,23267,21:53:00,1,,,,,,,,EXCLUDED,7,9,9
1458,23268,21:53:30,1,,,,,,,,EXCLUDED,7,9,9
1458,23269,21:54:00,1,,,,,,,,EXCLUDED,7,9,9
1458,23270,21:54:30,1,,,,,,,,EXCLUDED,7,9,9
1458,23271,21:55:00,1,,,,,,,,EXCLUDED,7,9,9
1458,23272,21:55:30,1,,,,,,,,EXCLUDED,7,9,9
1458,23273,21:56:00,1,,,,,,,,EXCLUDED,7,9,9
1458,23274,21:56:30,1,,,,,,,,EXCLUDED,7,9,9
1458,23275,21:57:00,1,,,,,,,,EXCLUDED,7,9,9
1458,23276,21:57:30,1,,,,,,,,EXCLUDED,7,9,9
1458,23277,21:58:00,1,,,,,,,,EXCLUDED,7,9,9
1458,23278,21:58:30,1,,,,,,,,EXCLUDED,7,9,9
1458,23279,21:59:00,1,,,,,,,,EXCLUDED,7,9,9
1458,23280,21:59:30,1,,,,,,,,EXCLUDED,7,9,9
1458,23281,22:00:00,1,,,,,,,,EXCLUDED,7,9,9
1458,23282,22:00:30,1,,,,,,,,EXCLUDED,7,9,9
1458,23283,22:01:00,1,,,,,,,,EXCLUDED,7,9,9
1458,23284,22:01:30,1,,,,,,,,EXCLUDED,7,9,9
1458,23285,22:02:00,1,,,,,,,,EXCLUDED,7,9,9
1458,23286,22:02:30,1,,,,,,,,EXCLUDED,7,9,9
1458,23287,22:03:00,1,,,,,,,,EXCLUDED,7,9,9
1458,23288,22:03:30,1,,,,,,,,EXCLUDED,7,9,9
1458,23289,22:04:00,1,,,,,,,,EXCLUDED,7,9,9
1458,23290,22:04:30,1,,,,,,,,EXCLUDED,7,9,9
1458,23291,22:05:00,1,,,,,,,,EXCLUDED,7,9,9
1458,23292,22:05:30,1,,,,,,,,EXCLUDED,7,9,9
1458,23293,22:06:00,1,,,,,,,,EXCLUDED,7,9,9
1458,23294,22:06:30,1,,,,,,,,EXCLUDED,7,9,9
1458,23295,22:07:00,1,,,,,,,,EXCLUDED,7,9,9
1458,23296,22:07:30,1,,,,,,,,EXCLUDED,7,9,9
1458,23297,22:08:00,1,,,,,,,,EXCLUDED,7,9,9
1458,23298,22:08:30,1,,,,,,,,EXCLUDED,7,9,9
1458,23299,22:09:00,1,,,,,,,,EXCLUDED,7,9,9
1458,23300,22:09:30,1,,,,,,,,EXCLUDED,7,9,9
1458,23301,22:10:00,1,,,,,,,,EXCLUDED,7,9,9
1458,23302,22:10:30,1,,,,,,,,EXCLUDED,7,9,9
1458,23303,22:11:00,1,,,,,,,,EXCLUDED,7,9,9
1458,23304,22:11:30,1,,,,,,,,EXCLUDED,7,9,9
1458,23305,22:12:00,1,,,,,,,,EXCLUDED,7,9,9
1458,23306,22:12:30,1,,,,,,,,EXCLUDED,7,9,9
1458,23307,22:13:00,1,,,,,,,,EXCLUDED,7,9,9
1458,23308,22:13:30,1,,,,,,,,EXCLUDED,7,9,9
1458,23309,22:14:00,1,,,,,,,,EXCLUDED,7,9,9
1458,23310,22:14:30,1,,,,,,,,EXCLUDED,7,9,9
1458,23311,22:15:00,1,,,,,,,,EXCLUDED,7,9,9
1458,23312,22:15:30,1,,,,,,,,EXCLUDED,7,9,9
1458,23313,22:16:00,1,,,,,,,,EXCLUDED,7,9,9
1458,23314,22:16:30,1,,,,,,,,EXCLUDED,7,9,9
1458,23315,22:17:00,1,,,,,,,,EXCLUDED,7,9,9
1458,23316,22:17:30,1,,,,,,,,EXCLUDED,7,9,9
1458,23317,22:18:00,1,,,,,,,,EXCLUDED,7,9,9
1458,23318,22:18:30,1,,,,,,,,EXCLUDED,7,9,9
1458,23319,22:19:00,1,,,,,,,,EXCLUDED,7,9,9
1458,23320,22:19:30,1,,,,,,,,EXCLUDED,7,9,9
1458,23321,22:20:00,1,,,,,,,,EXCLUDED,7,9,9
1458,23322,22:20:30,1,,,,,,,,EXCLUDED,7,9,9
1458,23323,22:21:00,1,,,,,,,,EXCLUDED,7,9,9
1458,23324,22:21:30,1,,,,,,,,EXCLUDED,7,9,9
1458,23325,22:22:00,1,,,,,,,,EXCLUDED,7,9,9
1458,23326,22:22:30,1,,,,,,,,EXCLUDED,7,9,9
1458,23327,22:23:00,1,,,,,,,,EXCLUDED,7,9,9
1458,23328,22:23:30,1,,,,,,,,EXCLUDED,7,9,9
1458,23329,22:24:00,1,,,,,,,,EXCLUDED,7,9,9
1458,23330,22:24:30,1,,,,,,,,EXCLUDED,7,9,9
1458,23331,22:25:00,1,,,,,,,,EXCLUDED,7,9,9
1458,23332,22:25:30,1,,,,,,,,EXCLUDED,7,9,9
1458,23333,22:26:00,1,,,,,,,,EXCLUDED,7,9,9
1458,23334,22:26:30,1,,,,,,,,EXCLUDED,7,9,9
1458,23335,22:27:00,1,,,,,,,,EXCLUDED,7,9,9
1458,23336,22:27:30,1,,,,,,,,EXCLUDED,7,9,9
1458,23337,22:28:00,1,,,,,,,,EXCLUDED,7,9,9
1458,23338,22:28:30,1,,,,,,,,EXCLUDED,7,9,9
1458,23339,22:29:00,1,,,,,,,,EXCLUDED,7,9,9
1458,23340,22:29:30,1,,,,,,,,EXCLUDED,7,9,9
1458,23341,22:30:00,1,,,,,,,,EXCLUDED,7,9,9
1458,23342,22:30:30,1,,,,,,,,EXCLUDED,7,9,9
1458,23343,22:31:00,1,,,,,,,,EXCLUDED,7,9,9
1458,23344,22:31:30,1,,,,,,,,EXCLUDED,7,9,9
1458,23345,22:32:00,1,,,,,,,,EXCLUDED,7,9,9
1458,23346,22:32:30,1,,,,,,,,EXCLUDED,7,9,9
1458,23347,22:33:00,1,,,,,,,,EXCLUDED,7,9,9
1458,23348,22:33:30,1,,,,,,,,EXCLUDED,7,9,9
1458,23349,22:34:00,1,,,,,,,,EXCLUDED,7,9,9
1458,23350,22:34:30,1,,,,,,,,EXCLUDED,7,9,9
1458,23351,22:35:00,1,,,,,,,,EXCLUDED,7,9,9
1458,23352,22:35:30,1,,,,,,,,EXCLUDED,7,9,9
1458,23353,22:36:00,1,,,,,,,,EXCLUDED,7,9,9
1458,23354,22:36:30,1,,,,,,,,EXCLUDED,7,9,9
1458,23355,22:37:00,1,,,,,,,,EXCLUDED,7,9,9
1458,23356,22:37:30,1,,,,,,,,EXCLUDED,7,9,9
1458,23357,22:38:00,1,,,,,,,,EXCLUDED,7,9,9
1458,23358,22:38:30,1,,,,,,,,EXCLUDED,7,9,9
1458,23359,22:39:00,1,,,,,,,,EXCLUDED,7,9,9
1458,23360,22:39:30,1,,,,,,,,EXCLUDED,7,9,9
1458,23361,22:40:00,1,,,,,,,,EXCLUDED,7,9,9
1458,23362,22:40:30,1,,,,,,,,EXCLUDED,7,9,9
1458,23363,22:41:00,1,,,,,,,,EXCLUDED,7,9,9
1458,23364,22:41:30,1,,,,,,,,EXCLUDED,7,9,9
1458,23365,22:42:00,1,,,,,,,,EXCLUDED,7,9,9
1458,23366,22:42:30,1,,,,,,,,EXCLUDED,7,9,9
1458,23367,22:43:00,1,,,,,,,,EXCLUDED,7,9,9
1458,23368,22:43:30,1,,,,,,,,EXCLUDED,7,9,9
1458,23369,22:44:00,1,,,,,,,,EXCLUDED,7,9,9
1458,23370,22:44:30,1,,,,,,,,EXCLUDED,7,9,9
1458,23371,22:45:00,1,,,,,,,,EXCLUDED,7,9,9
1458,23372,22:45:30,1,,,,,,,,EXCLUDED,7,9,9
1458,23373,22:46:00,1,,,,,,,,EXCLUDED,7,9,9
1458,23374,22:46:30,1,,,,,,,,EXCLUDED,7,9,9
1458,23375,22:47:00,1,,,,,,,,EXCLUDED,7,9,9
1458,23376,22:47:30,1,,,,,,,,EXCLUDED,7,9,9
1458,23377,22:48:00,1,,,,,,,,EXCLUDED,7,9,9
1458,23378,22:48:30,1,,,,,,,,EXCLUDED,7,9,9
1458,23379,22:49:00,1,,,,,,,,EXCLUDED,7,9,9
1458,23380,22:49:30,1,,,,,,,,EXCLUDED,7,9,9
1458,23381,22:50:00,1,,,,,,,,EXCLUDED,7,9,9
1458,23382,22:50:30,1,,,,,,,,EXCLUDED,7,9,9
1458,23383,22:51:00,1,,,,,,,,EXCLUDED,7,9,9
1458,23384,22:51:30,1,,,,,,,,EXCLUDED,7,9,9
1458,23385,22:52:00,1,,,,,,,,EXCLUDED,7,9,9
1458,23386,22:52:30,1,,,,,,,,EXCLUDED,7,9,9
1458,23387,22:53:00,1,,,,,,,,EXCLUDED,7,9,9
1458,23388,22:53:30,1,,,,,,,,EXCLUDED,7,9,9
1458,23389,22:54:00,1,,,,,,,,EXCLUDED,7,9,9
1458,23390,22:54:30,1,,,,,,,,EXCLUDED,7,9,9
1458,23391,22:55:00,1,,,,,,,,EXCLUDED,7,9,9
1458,23392,22:55:30,1,,,,,,,,EXCLUDED,7,9,9
1458,23393,22:56:00,1,,,,,,,,EXCLUDED,7,9,9
1458,23394,22:56:30,1,,,,,,,,EXCLUDED,7,9,9
1458,23395,22:57:00,1,,,,,,,,EXCLUDED,7,9,9
1458,23396,22:57:30,1,,,,,,,,EXCLUDED,7,9,9
1458,23397,22:58:00,1,,,,,,,,EXCLUDED,7,9,9
1458,23398,22:58:30,1,,,,,,,,EXCLUDED,7,9,9
1458,23399,22:59:00,1,,,,,,,,EXCLUDED,7,9,9
1458,23400,22:59:30,1,,,,,,,,EXCLUDED,7,9,9
1458,23401,23:00:00,1,,,,,,,,EXCLUDED,7,9,9
1458,23402,23:00:30,1,,,,,,,,EXCLUDED,7,9,9
1458,23403,23:01:00,1,,,,,,,,EXCLUDED,7,9,9
1458,23404,23:01:30,1,,,,,,,,EXCLUDED,7,9,9
1458,23405,23:02:00,1,,,,,,,,EXCLUDED,7,9,9
1458,23406,23:02:30,1,,,,,,,,EXCLUDED,7,9,9
1458,23407,23:03:00,1,,,,,,,,EXCLUDED,7,9,9
1458,23408,23:03:30,1,,,,,,,,EXCLUDED,7,9,9
1458,23409,23:04:00,1,,,,,,,,EXCLUDED,7,9,9
1458,23410,23:04:30,1,,,,,,,,EXCLUDED,7,9,9
1458,23411,23:05:00,1,,,,,,,,EXCLUDED,7,9,9
1458,23412,23:05:30,1,,,,,,,,EXCLUDED,7,9,9
1458,23413,23:06:00,1,,,,,,,,EXCLUDED,7,9,9
1458,23414,23:06:30,1,,,,,,,,EXCLUDED,7,9,9
1458,23415,23:07:00,1,,,,,,,,EXCLUDED,7,9,9
1458,23416,23:07:30,1,,,,,,,,EXCLUDED,7,9,9
1458,23417,23:08:00,1,,,,,,,,EXCLUDED,7,9,9
1458,23418,23:08:30,1,,,,,,,,EXCLUDED,7,9,9
1458,23419,23:09:00,1,,,,,,,,EXCLUDED,7,9,9
1458,23420,23:09:30,1,,,,,,,,EXCLUDED,7,9,9
1458,23421,23:10:00,1,,,,,,,,EXCLUDED,7,9,9
1458,23422,23:10:30,1,,,,,,,,EXCLUDED,7,9,9
1458,23423,23:11:00,1,,,,,,,,EXCLUDED,7,9,9
1458,23424,23:11:30,1,,,,,,,,EXCLUDED,7,9,9
1458,23425,23:12:00,1,,,,,,,,EXCLUDED,7,9,9
1458,23426,23:12:30,1,,,,,,,,EXCLUDED,7,9,9
1458,23427,23:13:00,1,,,,,,,,EXCLUDED,7,9,9
1458,23428,23:13:30,1,,,,,,,,EXCLUDED,7,9,9
1458,23429,23:14:00,1,,,,,,,,EXCLUDED,7,9,9
1458,23430,23:14:30,1,,,,,,,,EXCLUDED,7,9,9
1458,23431,23:15:00,1,,,,,,,,EXCLUDED,7,9,9
1458,23432,23:15:30,1,,,,,,,,EXCLUDED,7,9,9
1458,23433,23:16:00,1,,,,,,,,EXCLUDED,7,9,9
1458,23434,23:16:30,1,,,,,,,,EXCLUDED,7,9,9
1458,23435,23:17:00,1,,,,,,,,EXCLUDED,7,9,9
1458,23436,23:17:30,1,,,,,,,,EXCLUDED,7,9,9
1458,23437,23:18:00,1,,,,,,,,EXCLUDED,7,9,9
1458,23438,23:18:30,1,,,,,,,,EXCLUDED,7,9,9
1458,23439,23:19:00,1,,,,,,,,EXCLUDED,7,9,9
1458,23440,23:19:30,1,,,,,,,,EXCLUDED,7,9,9
1458,23441,23:20:00,1,,,,,,,,EXCLUDED,7,9,9
1458,23442,23:20:30,1,,,,,,,,EXCLUDED,7,9,9
1458,23443,23:21:00,1,,,,,,,,EXCLUDED,7,9,9
1458,23444,23:21:30,1,,,,,,,,EXCLUDED,7,9,9
1458,23445,23:22:00,1,,,,,,,,EXCLUDED,7,9,9
1458,23446,23:22:30,1,,,,,,,,EXCLUDED,7,9,9
1458,23447,23:23:00,1,,,,,,,,EXCLUDED,7,9,9
1458,23448,23:23:30,1,,,,,,,,EXCLUDED,7,9,9
1458,23449,23:24:00,1,,,,,,,,EXCLUDED,7,9,9
1458,23450,23:24:30,1,,,,,,,,EXCLUDED,7,9,9
1458,23451,23:25:00,1,,,,,,,,EXCLUDED,7,9,9
1458,23452,23:25:30,1,,,,,,,,EXCLUDED,7,9,9
1458,23453,23:26:00,1,,,,,,,,EXCLUDED,7,9,9
1458,23454,23:26:30,1,,,,,,,,EXCLUDED,7,9,9
1458,23455,23:27:00,1,,,,,,,,EXCLUDED,7,9,9
1458,23456,23:27:30,1,,,,,,,,EXCLUDED,7,9,9
1458,23457,23:28:00,1,,,,,,,,EXCLUDED,7,9,9
1458,23458,23:28:30,1,,,,,,,,EXCLUDED,7,9,9
1458,23459,23:29:00,1,,,,,,,,EXCLUDED,7,9,9
1458,23460,23:29:30,1,,,,,,,,EXCLUDED,7,9,9
1458,23461,23:30:00,1,,,,,,,,EXCLUDED,7,9,9
1458,23462,23:30:30,1,,,,,,,,EXCLUDED,7,9,9
1458,23463,23:31:00,1,,,,,,,,EXCLUDED,7,9,9
1458,23464,23:31:30,1,,,,,,,,EXCLUDED,7,9,9
1458,23465,23:32:00,1,,,,,,,,EXCLUDED,7,9,9
1458,23466,23:32:30,1,,,,,,,,EXCLUDED,7,9,9
1458,23467,23:33:00,1,,,,,,,,EXCLUDED,7,9,9
1458,23468,23:33:30,1,,,,,,,,EXCLUDED,7,9,9
1458,23469,23:34:00,1,,,,,,,,EXCLUDED,7,9,9
1458,23470,23:34:30,1,,,,,,,,EXCLUDED,7,9,9
1458,23471,23:35:00,1,,,,,,,,EXCLUDED,7,9,9
1458,23472,23:35:30,1,,,,,,,,EXCLUDED,7,9,9
1458,23473,23:36:00,1,,,,,,,,EXCLUDED,7,9,9
1458,23474,23:36:30,1,,,,,,,,EXCLUDED,7,9,9
1458,23475,23:37:00,1,,,,,,,,EXCLUDED,7,9,9
1458,23476,23:37:30,1,,,,,,,,EXCLUDED,7,9,9
1458,23477,23:38:00,1,,,,,,,,EXCLUDED,7,9,9
1458,23478,23:38:30,1,,,,,,,,EXCLUDED,7,9,9
1458,23479,23:39:00,1,,,,,,,,EXCLUDED,7,9,9
1458,23480,23:39:30,1,,,,,,,,EXCLUDED,7,9,9
1458,23481,23:40:00,1,,,,,,,,EXCLUDED,7,9,9
1458,23482,23:40:30,1,,,,,,,,EXCLUDED,7,9,9
1458,23483,23:41:00,1,,,,,,,,EXCLUDED,7,9,9
1458,23484,23:41:30,1,,,,,,,,EXCLUDED,7,9,9
1458,23485,23:42:00,1,,,,,,,,EXCLUDED,7,9,9
1458,23486,23:42:30,1,,,,,,,,EXCLUDED,7,9,9
1458,23487,23:43:00,1,,,,,,,,EXCLUDED,7,9,9
1458,23488,23:43:30,1,,,,,,,,EXCLUDED,7,9,9
1458,23489,23:44:00,1,,,,,,,,EXCLUDED,7,9,9
1458,23490,23:44:30,1,,,,,,,,EXCLUDED,7,9,9
1458,23491,23:45:00,1,,,,,,,,EXCLUDED,7,9,9
1458,23492,23:45:30,1,,,,,,,,EXCLUDED,7,9,9
1458,23493,23:46:00,1,,,,,,,,EXCLUDED,7,9,9
1458,23494,23:46:30,1,,,,,,,,EXCLUDED,7,9,9
1458,23495,23:47:00,1,,,,,,,,EXCLUDED,7,9,9
1458,23496,23:47:30,1,,,,,,,,EXCLUDED,7,9,9
1458,23497,23:48:00,1,,,,,,,,EXCLUDED,7,9,9
1458,23498,23:48:30,1,,,,,,,,EXCLUDED,7,9,9
1458,23499,23:49:00,1,,,,,,,,EXCLUDED,7,9,9
1458,23500,23:49:30,1,,,,,,,,EXCLUDED,7,9,9
1458,23501,23:50:00,1,,,,,,,,EXCLUDED,7,9,9
1458,23502,23:50:30,1,,,,,,,,EXCLUDED,7,9,9
1458,23503,23:51:00,1,,,,,,,,EXCLUDED,7,9,9
1458,23504,23:51:30,1,,,,,,,,EXCLUDED,7,9,9
1458,23505,23:52:00,1,,,,,,,,EXCLUDED,7,9,9
1458,23506,23:52:30,1,,,,,,,,EXCLUDED,7,9,9
1458,23507,23:53:00,1,,,,,,,,EXCLUDED,7,9,9
1458,23508,23:53:30,1,,,,,,,,EXCLUDED,7,9,9
1458,23509,23:54:00,1,,,,,,,,EXCLUDED,7,9,9
1458,23510,23:54:30,1,,,,,,,,EXCLUDED,7,9,9
1458,23511,23:55:00,1,,,,,,,,EXCLUDED,7,9,9
1458,23512,23:55:30,1,,,,,,,,EXCLUDED,7,9,9
1458,23513,23:56:00,1,,,,,,,,EXCLUDED,7,9,9
1458,23514,23:56:30,1,,,,,,,,EXCLUDED,7,9,9
1458,23515,23:57:00,1,,,,,,,,EXCLUDED,7,9,9
1458,23516,23:57:30,1,,,,,,,,EXCLUDED,7,9,9
1458,23517,23:58:00,1,,,,,,,,EXCLUDED,7,9,9
1458,23518,23:58:30,1,,,,,,,,EXCLUDED,7,9,9
1458,23519,23:59:00,1,,,,,,,,EXCLUDED,7,9,9
1458,23520,23:59:30,1,,,,,,,,EXCLUDED,7,9,9
1458,23521,0:00:00,1,,,,,,,,EXCLUDED,1,10,9
1458,23522,0:00:30,1,,,,,,,,EXCLUDED,1,10,9
1458,23523,0:01:00,1,,,,,,,,EXCLUDED,1,10,9
1458,23524,0:01:30,1,,,,,,,,EXCLUDED,1,10,9
1458,23525,0:02:00,1,,,,,,,,EXCLUDED,1,10,9
1458,23526,0:02:30,1,,,,,,,,EXCLUDED,1,10,9
1458,23527,0:03:00,1,,,,,,,,EXCLUDED,1,10,9
1458,23528,0:03:30,1,,,,,,,,EXCLUDED,1,10,9
1458,23529,0:04:00,1,,,,,,,,EXCLUDED,1,10,9
1458,23530,0:04:30,1,,,,,,,,EXCLUDED,1,10,9
1458,23531,0:05:00,1,,,,,,,,EXCLUDED,1,10,9
1458,23532,0:05:30,1,,,,,,,,EXCLUDED,1,10,9
1458,23533,0:06:00,1,,,,,,,,EXCLUDED,1,10,9
1458,23534,0:06:30,1,,,,,,,,EXCLUDED,1,10,9
1458,23535,0:07:00,1,,,,,,,,EXCLUDED,1,10,9
1458,23536,0:07:30,1,,,,,,,,EXCLUDED,1,10,9
1458,23537,0:08:00,1,,,,,,,,EXCLUDED,1,10,9
1458,23538,0:08:30,1,,,,,,,,EXCLUDED,1,10,9
1458,23539,0:09:00,1,,,,,,,,EXCLUDED,1,10,9
1458,23540,0:09:30,1,,,,,,,,EXCLUDED,1,10,9
1458,23541,0:10:00,1,,,,,,,,EXCLUDED,1,10,9
1458,23542,0:10:30,1,,,,,,,,EXCLUDED,1,10,9
1458,23543,0:11:00,1,,,,,,,,EXCLUDED,1,10,9
1458,23544,0:11:30,1,,,,,,,,EXCLUDED,1,10,9
1458,23545,0:12:00,1,,,,,,,,EXCLUDED,1,10,9
1458,23546,0:12:30,1,,,,,,,,EXCLUDED,1,10,9
1458,23547,0:13:00,1,,,,,,,,EXCLUDED,1,10,9
1458,23548,0:13:30,1,,,,,,,,EXCLUDED,1,10,9
1458,23549,0:14:00,1,,,,,,,,EXCLUDED,1,10,9
1458,23550,0:14:30,1,,,,,,,,EXCLUDED,1,10,9
1458,23551,0:15:00,1,,,,,,,,EXCLUDED,1,10,9
1458,23552,0:15:30,1,,,,,,,,EXCLUDED,1,10,9
1458,23553,0:16:00,1,,,,,,,,EXCLUDED,1,10,9
1458,23554,0:16:30,1,,,,,,,,EXCLUDED,1,10,9
1458,23555,0:17:00,1,,,,,,,,EXCLUDED,1,10,9
1458,23556,0:17:30,1,,,,,,,,EXCLUDED,1,10,9
1458,23557,0:18:00,1,,,,,,,,EXCLUDED,1,10,9
1458,23558,0:18:30,1,,,,,,,,EXCLUDED,1,10,9
1458,23559,0:19:00,1,,,,,,,,EXCLUDED,1,10,9
1458,23560,0:19:30,1,,,,,,,,EXCLUDED,1,10,9
1458,23561,0:20:00,1,,,,,,,,EXCLUDED,1,10,9
1458,23562,0:20:30,1,,,,,,,,EXCLUDED,1,10,9
1458,23563,0:21:00,1,,,,,,,,EXCLUDED,1,10,9
1458,23564,0:21:30,1,,,,,,,,EXCLUDED,1,10,9
1458,23565,0:22:00,1,,,,,,,,EXCLUDED,1,10,9
1458,23566,0:22:30,1,,,,,,,,EXCLUDED,1,10,9
1458,23567,0:23:00,1,,,,,,,,EXCLUDED,1,10,9
1458,23568,0:23:30,1,,,,,,,,EXCLUDED,1,10,9
1458,23569,0:24:00,1,,,,,,,,EXCLUDED,1,10,9
1458,23570,0:24:30,1,,,,,,,,EXCLUDED,1,10,9
1458,23571,0:25:00,1,,,,,,,,EXCLUDED,1,10,9
1458,23572,0:25:30,1,,,,,,,,EXCLUDED,1,10,9
1458,23573,0:26:00,1,,,,,,,,EXCLUDED,1,10,9
1458,23574,0:26:30,1,,,,,,,,EXCLUDED,1,10,9
1458,23575,0:27:00,1,,,,,,,,EXCLUDED,1,10,9
1458,23576,0:27:30,1,,,,,,,,EXCLUDED,1,10,9
1458,23577,0:28:00,1,,,,,,,,EXCLUDED,1,10,9
1458,23578,0:28:30,1,,,,,,,,EXCLUDED,1,10,9
1458,23579,0:29:00,1,,,,,,,,EXCLUDED,1,10,9
1458,23580,0:29:30,1,,,,,,,,EXCLUDED,1,10,9
1458,23581,0:30:00,1,,,,,,,,EXCLUDED,1,10,9
1458,23582,0:30:30,1,,,,,,,,EXCLUDED,1,10,9
1458,23583,0:31:00,1,,,,,,,,EXCLUDED,1,10,9
1458,23584,0:31:30,1,,,,,,,,EXCLUDED,1,10,9
1458,23585,0:32:00,1,,,,,,,,EXCLUDED,1,10,9
1458,23586,0:32:30,1,,,,,,,,EXCLUDED,1,10,9
1458,23587,0:33:00,1,,,,,,,,EXCLUDED,1,10,9
1458,23588,0:33:30,1,,,,,,,,EXCLUDED,1,10,9
1458,23589,0:34:00,1,,,,,,,,EXCLUDED,1,10,9
1458,23590,0:34:30,1,,,,,,,,EXCLUDED,1,10,9
1458,23591,0:35:00,1,,,,,,,,EXCLUDED,1,10,9
1458,23592,0:35:30,1,,,,,,,,EXCLUDED,1,10,9
1458,23593,0:36:00,1,,,,,,,,EXCLUDED,1,10,9
1458,23594,0:36:30,1,,,,,,,,EXCLUDED,1,10,9
1458,23595,0:37:00,1,,,,,,,,EXCLUDED,1,10,9
1458,23596,0:37:30,1,,,,,,,,EXCLUDED,1,10,9
1458,23597,0:38:00,1,,,,,,,,EXCLUDED,1,10,9
1458,23598,0:38:30,1,,,,,,,,EXCLUDED,1,10,9
1458,23599,0:39:00,1,,,,,,,,EXCLUDED,1,10,9
1458,23600,0:39:30,1,,,,,,,,EXCLUDED,1,10,9
1458,23601,0:40:00,1,,,,,,,,EXCLUDED,1,10,9
1458,23602,0:40:30,1,,,,,,,,EXCLUDED,1,10,9
1458,23603,0:41:00,1,,,,,,,,EXCLUDED,1,10,9
1458,23604,0:41:30,1,,,,,,,,EXCLUDED,1,10,9
1458,23605,0:42:00,1,,,,,,,,EXCLUDED,1,10,9
1458,23606,0:42:30,1,,,,,,,,EXCLUDED,1,10,9
1458,23607,0:43:00,1,,,,,,,,EXCLUDED,1,10,9
1458,23608,0:43:30,1,,,,,,,,EXCLUDED,1,10,9
1458,23609,0:44:00,1,,,,,,,,EXCLUDED,1,10,9
1458,23610,0:44:30,1,,,,,,,,EXCLUDED,1,10,9
1458,23611,0:45:00,1,,,,,,,,EXCLUDED,1,10,9
1458,23612,0:45:30,1,,,,,,,,EXCLUDED,1,10,9
1458,23613,0:46:00,1,,,,,,,,EXCLUDED,1,10,9
1458,23614,0:46:30,1,,,,,,,,EXCLUDED,1,10,9
1458,23615,0:47:00,1,,,,,,,,EXCLUDED,1,10,9
1458,23616,0:47:30,1,,,,,,,,EXCLUDED,1,10,9
1458,23617,0:48:00,1,,,,,,,,EXCLUDED,1,10,9
1458,23618,0:48:30,1,,,,,,,,EXCLUDED,1,10,9
1458,23619,0:49:00,1,,,,,,,,EXCLUDED,1,10,9
1458,23620,0:49:30,1,,,,,,,,EXCLUDED,1,10,9
1458,23621,0:50:00,1,,,,,,,,EXCLUDED,1,10,9
1458,23622,0:50:30,1,,,,,,,,EXCLUDED,1,10,9
1458,23623,0:51:00,1,,,,,,,,EXCLUDED,1,10,9
1458,23624,0:51:30,1,,,,,,,,EXCLUDED,1,10,9
1458,23625,0:52:00,1,,,,,,,,EXCLUDED,1,10,9
1458,23626,0:52:30,1,,,,,,,,EXCLUDED,1,10,9
1458,23627,0:53:00,1,,,,,,,,EXCLUDED,1,10,9
1458,23628,0:53:30,1,,,,,,,,EXCLUDED,1,10,9
1458,23629,0:54:00,1,,,,,,,,EXCLUDED,1,10,9
1458,23630,0:54:30,1,,,,,,,,EXCLUDED,1,10,9
1458,23631,0:55:00,1,,,,,,,,EXCLUDED,1,10,9
1458,23632,0:55:30,1,,,,,,,,EXCLUDED,1,10,9
1458,23633,0:56:00,1,,,,,,,,EXCLUDED,1,10,9
1458,23634,0:56:30,1,,,,,,,,EXCLUDED,1,10,9
1458,23635,0:57:00,1,,,,,,,,EXCLUDED,1,10,9
1458,23636,0:57:30,1,,,,,,,,EXCLUDED,1,10,9
1458,23637,0:58:00,1,,,,,,,,EXCLUDED,1,10,9
1458,23638,0:58:30,1,,,,,,,,EXCLUDED,1,10,9
1458,23639,0:59:00,1,,,,,,,,EXCLUDED,1,10,9
1458,23640,0:59:30,1,,,,,,,,EXCLUDED,1,10,9
1458,23641,1:00:00,1,,,,,,,,EXCLUDED,1,10,9
1458,23642,1:00:30,1,,,,,,,,EXCLUDED,1,10,9
1458,23643,1:01:00,1,,,,,,,,EXCLUDED,1,10,9
1458,23644,1:01:30,1,,,,,,,,EXCLUDED,1,10,9
1458,23645,1:02:00,1,,,,,,,,EXCLUDED,1,10,9
1458,23646,1:02:30,1,,,,,,,,EXCLUDED,1,10,9
1458,23647,1:03:00,1,,,,,,,,EXCLUDED,1,10,9
1458,23648,1:03:30,1,,,,,,,,EXCLUDED,1,10,9
1458,23649,1:04:00,1,,,,,,,,EXCLUDED,1,10,9
1458,23650,1:04:30,1,,,,,,,,EXCLUDED,1,10,9
1458,23651,1:05:00,1,,,,,,,,EXCLUDED,1,10,9
1458,23652,1:05:30,1,,,,,,,,EXCLUDED,1,10,9
1458,23653,1:06:00,1,,,,,,,,EXCLUDED,1,10,9
1458,23654,1:06:30,1,,,,,,,,EXCLUDED,1,10,9
1458,23655,1:07:00,1,,,,,,,,EXCLUDED,1,10,9
1458,23656,1:07:30,1,,,,,,,,EXCLUDED,1,10,9
1458,23657,1:08:00,1,,,,,,,,EXCLUDED,1,10,9
1458,23658,1:08:30,1,,,,,,,,EXCLUDED,1,10,9
1458,23659,1:09:00,1,,,,,,,,EXCLUDED,1,10,9
1458,23660,1:09:30,1,,,,,,,,EXCLUDED,1,10,9
1458,23661,1:10:00,1,,,,,,,,EXCLUDED,1,10,9
1458,23662,1:10:30,1,,,,,,,,EXCLUDED,1,10,9
1458,23663,1:11:00,1,,,,,,,,EXCLUDED,1,10,9
1458,23664,1:11:30,1,,,,,,,,EXCLUDED,1,10,9
1458,23665,1:12:00,1,,,,,,,,EXCLUDED,1,10,9
1458,23666,1:12:30,1,,,,,,,,EXCLUDED,1,10,9
1458,23667,1:13:00,1,,,,,,,,EXCLUDED,1,10,9
1458,23668,1:13:30,1,,,,,,,,EXCLUDED,1,10,9
1458,23669,1:14:00,1,,,,,,,,EXCLUDED,1,10,9
1458,23670,1:14:30,1,,,,,,,,EXCLUDED,1,10,9
1458,23671,1:15:00,1,,,,,,,,EXCLUDED,1,10,9
1458,23672,1:15:30,1,,,,,,,,EXCLUDED,1,10,9
1458,23673,1:16:00,1,,,,,,,,EXCLUDED,1,10,9
1458,23674,1:16:30,1,,,,,,,,EXCLUDED,1,10,9
1458,23675,1:17:00,1,,,,,,,,EXCLUDED,1,10,9
1458,23676,1:17:30,1,,,,,,,,EXCLUDED,1,10,9
1458,23677,1:18:00,1,,,,,,,,EXCLUDED,1,10,9
1458,23678,1:18:30,1,,,,,,,,EXCLUDED,1,10,9
1458,23679,1:19:00,1,,,,,,,,EXCLUDED,1,10,9
1458,23680,1:19:30,1,,,,,,,,EXCLUDED,1,10,9
1458,23681,1:20:00,1,,,,,,,,EXCLUDED,1,10,9
1458,23682,1:20:30,1,,,,,,,,EXCLUDED,1,10,9
1458,23683,1:21:00,1,,,,,,,,EXCLUDED,1,10,9
1458,23684,1:21:30,1,,,,,,,,EXCLUDED,1,10,9
1458,23685,1:22:00,1,,,,,,,,EXCLUDED,1,10,9
1458,23686,1:22:30,1,,,,,,,,EXCLUDED,1,10,9
1458,23687,1:23:00,1,,,,,,,,EXCLUDED,1,10,9
1458,23688,1:23:30,1,,,,,,,,EXCLUDED,1,10,9
1458,23689,1:24:00,1,,,,,,,,EXCLUDED,1,10,9
1458,23690,1:24:30,1,,,,,,,,EXCLUDED,1,10,9
1458,23691,1:25:00,1,,,,,,,,EXCLUDED,1,10,9
1458,23692,1:25:30,1,,,,,,,,EXCLUDED,1,10,9
1458,23693,1:26:00,1,,,,,,,,EXCLUDED,1,10,9
1458,23694,1:26:30,1,,,,,,,,EXCLUDED,1,10,9
1458,23695,1:27:00,1,,,,,,,,EXCLUDED,1,10,9
1458,23696,1:27:30,1,,,,,,,,EXCLUDED,1,10,9
1458,23697,1:28:00,1,,,,,,,,EXCLUDED,1,10,9
1458,23698,1:28:30,1,,,,,,,,EXCLUDED,1,10,9
1458,23699,1:29:00,1,,,,,,,,EXCLUDED,1,10,9
1458,23700,1:29:30,1,,,,,,,,EXCLUDED,1,10,9
1458,23701,1:30:00,1,,,,,,,,EXCLUDED,1,10,9
1458,23702,1:30:30,1,,,,,,,,EXCLUDED,1,10,9
1458,23703,1:31:00,1,,,,,,,,EXCLUDED,1,10,9
1458,23704,1:31:30,1,,,,,,,,EXCLUDED,1,10,9
1458,23705,1:32:00,1,,,,,,,,EXCLUDED,1,10,9
1458,23706,1:32:30,1,,,,,,,,EXCLUDED,1,10,9
1458,23707,1:33:00,1,,,,,,,,EXCLUDED,1,10,9
1458,23708,1:33:30,1,,,,,,,,EXCLUDED,1,10,9
1458,23709,1:34:00,1,,,,,,,,EXCLUDED,1,10,9
1458,23710,1:34:30,1,,,,,,,,EXCLUDED,1,10,9
1458,23711,1:35:00,1,,,,,,,,EXCLUDED,1,10,9
1458,23712,1:35:30,1,,,,,,,,EXCLUDED,1,10,9
1458,23713,1:36:00,1,,,,,,,,EXCLUDED,1,10,9
1458,23714,1:36:30,1,,,,,,,,EXCLUDED,1,10,9
1458,23715,1:37:00,1,,,,,,,,EXCLUDED,1,10,9
1458,23716,1:37:30,1,,,,,,,,EXCLUDED,1,10,9
1458,23717,1:38:00,1,,,,,,,,EXCLUDED,1,10,9
1458,23718,1:38:30,1,,,,,,,,EXCLUDED,1,10,9
1458,23719,1:39:00,1,,,,,,,,EXCLUDED,1,10,9
1458,23720,1:39:30,1,,,,,,,,EXCLUDED,1,10,9
1458,23721,1:40:00,1,,,,,,,,EXCLUDED,1,10,9
1458,23722,1:40:30,1,,,,,,,,EXCLUDED,1,10,9
1458,23723,1:41:00,1,,,,,,,,EXCLUDED,1,10,9
1458,23724,1:41:30,1,,,,,,,,EXCLUDED,1,10,9
1458,23725,1:42:00,1,,,,,,,,EXCLUDED,1,10,9
1458,23726,1:42:30,1,,,,,,,,EXCLUDED,1,10,9
1458,23727,1:43:00,1,,,,,,,,EXCLUDED,1,10,9
1458,23728,1:43:30,1,,,,,,,,EXCLUDED,1,10,9
1458,23729,1:44:00,1,,,,,,,,EXCLUDED,1,10,9
1458,23730,1:44:30,1,,,,,,,,EXCLUDED,1,10,9
1458,23731,1:45:00,1,,,,,,,,EXCLUDED,1,10,9
1458,23732,1:45:30,1,,,,,,,,EXCLUDED,1,10,9
1458,23733,1:46:00,1,,,,,,,,EXCLUDED,1,10,9
1458,23734,1:46:30,1,,,,,,,,EXCLUDED,1,10,9
1458,23735,1:47:00,1,,,,,,,,EXCLUDED,1,10,9
1458,23736,1:47:30,1,,,,,,,,EXCLUDED,1,10,9
1458,23737,1:48:00,1,,,,,,,,EXCLUDED,1,10,9
1458,23738,1:48:30,1,,,,,,,,EXCLUDED,1,10,9
1458,23739,1:49:00,1,,,,,,,,EXCLUDED,1,10,9
1458,23740,1:49:30,1,,,,,,,,EXCLUDED,1,10,9
1458,23741,1:50:00,1,,,,,,,,EXCLUDED,1,10,9
1458,23742,1:50:30,1,,,,,,,,EXCLUDED,1,10,9
1458,23743,1:51:00,1,,,,,,,,EXCLUDED,1,10,9
1458,23744,1:51:30,1,,,,,,,,EXCLUDED,1,10,9
1458,23745,1:52:00,1,,,,,,,,EXCLUDED,1,10,9
1458,23746,1:52:30,1,,,,,,,,EXCLUDED,1,10,9
1458,23747,1:53:00,1,,,,,,,,EXCLUDED,1,10,9
1458,23748,1:53:30,1,,,,,,,,EXCLUDED,1,10,9
1458,23749,1:54:00,1,,,,,,,,EXCLUDED,1,10,9
1458,23750,1:54:30,1,,,,,,,,EXCLUDED,1,10,9
1458,23751,1:55:00,1,,,,,,,,EXCLUDED,1,10,9
1458,23752,1:55:30,1,,,,,,,,EXCLUDED,1,10,9
1458,23753,1:56:00,1,,,,,,,,EXCLUDED,1,10,9
1458,23754,1:56:30,1,,,,,,,,EXCLUDED,1,10,9
1458,23755,1:57:00,1,,,,,,,,EXCLUDED,1,10,9
1458,23756,1:57:30,1,,,,,,,,EXCLUDED,1,10,9
1458,23757,1:58:00,1,,,,,,,,EXCLUDED,1,10,9
1458,23758,1:58:30,1,,,,,,,,EXCLUDED,1,10,9
1458,23759,1:59:00,1,,,,,,,,EXCLUDED,1,10,9
1458,23760,1:59:30,1,,,,,,,,EXCLUDED,1,10,9
1458,23761,2:00:00,1,,,,,,,,EXCLUDED,1,10,9
1458,23762,2:00:30,1,,,,,,,,EXCLUDED,1,10,9
1458,23763,2:01:00,1,,,,,,,,EXCLUDED,1,10,9
1458,23764,2:01:30,1,,,,,,,,EXCLUDED,1,10,9
1458,23765,2:02:00,1,,,,,,,,EXCLUDED,1,10,9
1458,23766,2:02:30,1,,,,,,,,EXCLUDED,1,10,9
1458,23767,2:03:00,1,,,,,,,,EXCLUDED,1,10,9
1458,23768,2:03:30,1,,,,,,,,EXCLUDED,1,10,9
1458,23769,2:04:00,1,,,,,,,,EXCLUDED,1,10,9
1458,23770,2:04:30,1,,,,,,,,EXCLUDED,1,10,9
1458,23771,2:05:00,1,,,,,,,,EXCLUDED,1,10,9
1458,23772,2:05:30,1,,,,,,,,EXCLUDED,1,10,9
1458,23773,2:06:00,1,,,,,,,,EXCLUDED,1,10,9
1458,23774,2:06:30,1,,,,,,,,EXCLUDED,1,10,9
1458,23775,2:07:00,1,,,,,,,,EXCLUDED,1,10,9
1458,23776,2:07:30,1,,,,,,,,EXCLUDED,1,10,9
1458,23777,2:08:00,1,,,,,,,,EXCLUDED,1,10,9
1458,23778,2:08:30,1,,,,,,,,EXCLUDED,1,10,9
1458,23779,2:09:00,1,,,,,,,,EXCLUDED,1,10,9
1458,23780,2:09:30,1,,,,,,,,EXCLUDED,1,10,9
1458,23781,2:10:00,1,,,,,,,,EXCLUDED,1,10,9
1458,23782,2:10:30,1,,,,,,,,EXCLUDED,1,10,9
1458,23783,2:11:00,1,,,,,,,,EXCLUDED,1,10,9
1458,23784,2:11:30,1,,,,,,,,EXCLUDED,1,10,9
1458,23785,2:12:00,1,,,,,,,,EXCLUDED,1,10,9
1458,23786,2:12:30,1,,,,,,,,EXCLUDED,1,10,9
1458,23787,2:13:00,1,,,,,,,,EXCLUDED,1,10,9
1458,23788,2:13:30,1,,,,,,,,EXCLUDED,1,10,9
1458,23789,2:14:00,1,,,,,,,,EXCLUDED,1,10,9
1458,23790,2:14:30,1,,,,,,,,EXCLUDED,1,10,9
1458,23791,2:15:00,1,,,,,,,,EXCLUDED,1,10,9
1458,23792,2:15:30,1,,,,,,,,EXCLUDED,1,10,9
1458,23793,2:16:00,1,,,,,,,,EXCLUDED,1,10,9
1458,23794,2:16:30,1,,,,,,,,EXCLUDED,1,10,9
1458,23795,2:17:00,1,,,,,,,,EXCLUDED,1,10,9
1458,23796,2:17:30,1,,,,,,,,EXCLUDED,1,10,9
1458,23797,2:18:00,1,,,,,,,,EXCLUDED,1,10,9
1458,23798,2:18:30,1,,,,,,,,EXCLUDED,1,10,9
1458,23799,2:19:00,1,,,,,,,,EXCLUDED,1,10,9
1458,23800,2:19:30,1,,,,,,,,EXCLUDED,1,10,9
1458,23801,2:20:00,1,,,,,,,,EXCLUDED,1,10,9
1458,23802,2:20:30,1,,,,,,,,EXCLUDED,1,10,9
1458,23803,2:21:00,1,,,,,,,,EXCLUDED,1,10,9
1458,23804,2:21:30,1,,,,,,,,EXCLUDED,1,10,9
1458,23805,2:22:00,1,,,,,,,,EXCLUDED,1,10,9
1458,23806,2:22:30,1,,,,,,,,EXCLUDED,1,10,9
1458,23807,2:23:00,1,,,,,,,,EXCLUDED,1,10,9
1458,23808,2:23:30,1,,,,,,,,EXCLUDED,1,10,9
1458,23809,2:24:00,1,,,,,,,,EXCLUDED,1,10,9
1458,23810,2:24:30,1,,,,,,,,EXCLUDED,1,10,9
1458,23811,2:25:00,1,,,,,,,,EXCLUDED,1,10,9
1458,23812,2:25:30,1,,,,,,,,EXCLUDED,1,10,9
1458,23813,2:26:00,1,,,,,,,,EXCLUDED,1,10,9
1458,23814,2:26:30,1,,,,,,,,EXCLUDED,1,10,9
1458,23815,2:27:00,1,,,,,,,,EXCLUDED,1,10,9
1458,23816,2:27:30,1,,,,,,,,EXCLUDED,1,10,9
1458,23817,2:28:00,1,,,,,,,,EXCLUDED,1,10,9
1458,23818,2:28:30,1,,,,,,,,EXCLUDED,1,10,9
1458,23819,2:29:00,1,,,,,,,,EXCLUDED,1,10,9
1458,23820,2:29:30,1,,,,,,,,EXCLUDED,1,10,9
1458,23821,2:30:00,1,,,,,,,,EXCLUDED,1,10,9
1458,23822,2:30:30,1,,,,,,,,EXCLUDED,1,10,9
1458,23823,2:31:00,1,,,,,,,,EXCLUDED,1,10,9
1458,23824,2:31:30,1,,,,,,,,EXCLUDED,1,10,9
1458,23825,2:32:00,1,,,,,,,,EXCLUDED,1,10,9
1458,23826,2:32:30,1,,,,,,,,EXCLUDED,1,10,9
1458,23827,2:33:00,1,,,,,,,,EXCLUDED,1,10,9
1458,23828,2:33:30,1,,,,,,,,EXCLUDED,1,10,9
1458,23829,2:34:00,1,,,,,,,,EXCLUDED,1,10,9
1458,23830,2:34:30,1,,,,,,,,EXCLUDED,1,10,9
1458,23831,2:35:00,1,,,,,,,,EXCLUDED,1,10,9
1458,23832,2:35:30,1,,,,,,,,EXCLUDED,1,10,9
1458,23833,2:36:00,1,,,,,,,,EXCLUDED,1,10,9
1458,23834,2:36:30,1,,,,,,,,EXCLUDED,1,10,9
1458,23835,2:37:00,1,,,,,,,,EXCLUDED,1,10,9
1458,23836,2:37:30,1,,,,,,,,EXCLUDED,1,10,9
1458,23837,2:38:00,1,,,,,,,,EXCLUDED,1,10,9
1458,23838,2:38:30,1,,,,,,,,EXCLUDED,1,10,9
1458,23839,2:39:00,1,,,,,,,,EXCLUDED,1,10,9
1458,23840,2:39:30,1,,,,,,,,EXCLUDED,1,10,9
1458,23841,2:40:00,1,,,,,,,,EXCLUDED,1,10,9
1458,23842,2:40:30,1,,,,,,,,EXCLUDED,1,10,9
1458,23843,2:41:00,1,,,,,,,,EXCLUDED,1,10,9
1458,23844,2:41:30,1,,,,,,,,EXCLUDED,1,10,9
1458,23845,2:42:00,1,,,,,,,,EXCLUDED,1,10,9
1458,23846,2:42:30,1,,,,,,,,EXCLUDED,1,10,9
1458,23847,2:43:00,1,,,,,,,,EXCLUDED,1,10,9
1458,23848,2:43:30,1,,,,,,,,EXCLUDED,1,10,9
1458,23849,2:44:00,1,,,,,,,,EXCLUDED,1,10,9
1458,23850,2:44:30,1,,,,,,,,EXCLUDED,1,10,9
1458,23851,2:45:00,1,,,,,,,,EXCLUDED,1,10,9
1458,23852,2:45:30,1,,,,,,,,EXCLUDED,1,10,9
1458,23853,2:46:00,1,,,,,,,,EXCLUDED,1,10,9
1458,23854,2:46:30,1,,,,,,,,EXCLUDED,1,10,9
1458,23855,2:47:00,1,,,,,,,,EXCLUDED,1,10,9
1458,23856,2:47:30,1,,,,,,,,EXCLUDED,1,10,9
1458,23857,2:48:00,1,,,,,,,,EXCLUDED,1,10,9
1458,23858,2:48:30,1,,,,,,,,EXCLUDED,1,10,9
1458,23859,2:49:00,1,,,,,,,,EXCLUDED,1,10,9
1458,23860,2:49:30,1,,,,,,,,EXCLUDED,1,10,9
1458,23861,2:50:00,1,,,,,,,,EXCLUDED,1,10,9
1458,23862,2:50:30,1,,,,,,,,EXCLUDED,1,10,9
1458,23863,2:51:00,1,,,,,,,,EXCLUDED,1,10,9
1458,23864,2:51:30,1,,,,,,,,EXCLUDED,1,10,9
1458,23865,2:52:00,1,,,,,,,,EXCLUDED,1,10,9
1458,23866,2:52:30,1,,,,,,,,EXCLUDED,1,10,9
1458,23867,2:53:00,1,,,,,,,,EXCLUDED,1,10,9
1458,23868,2:53:30,1,,,,,,,,EXCLUDED,1,10,9
1458,23869,2:54:00,1,,,,,,,,EXCLUDED,1,10,9
1458,23870,2:54:30,1,,,,,,,,EXCLUDED,1,10,9
1458,23871,2:55:00,1,,,,,,,,EXCLUDED,1,10,9
1458,23872,2:55:30,1,,,,,,,,EXCLUDED,1,10,9
1458,23873,2:56:00,1,,,,,,,,EXCLUDED,1,10,9
1458,23874,2:56:30,1,,,,,,,,EXCLUDED,1,10,9
1458,23875,2:57:00,1,,,,,,,,EXCLUDED,1,10,9
1458,23876,2:57:30,1,,,,,,,,EXCLUDED,1,10,9
1458,23877,2:58:00,1,,,,,,,,EXCLUDED,1,10,9
1458,23878,2:58:30,1,,,,,,,,EXCLUDED,1,10,9
1458,23879,2:59:00,1,,,,,,,,EXCLUDED,1,10,9
1458,23880,2:59:30,1,,,,,,,,EXCLUDED,1,10,9
1458,23881,3:00:00,1,,,,,,,,EXCLUDED,1,10,9
1458,23882,3:00:30,1,,,,,,,,EXCLUDED,1,10,9
1458,23883,3:01:00,1,,,,,,,,EXCLUDED,1,10,9
1458,23884,3:01:30,1,,,,,,,,EXCLUDED,1,10,9
1458,23885,3:02:00,1,,,,,,,,EXCLUDED,1,10,9
1458,23886,3:02:30,1,,,,,,,,EXCLUDED,1,10,9
1458,23887,3:03:00,1,,,,,,,,EXCLUDED,1,10,9
1458,23888,3:03:30,1,,,,,,,,EXCLUDED,1,10,9
1458,23889,3:04:00,1,,,,,,,,EXCLUDED,1,10,9
1458,23890,3:04:30,1,,,,,,,,EXCLUDED,1,10,9
1458,23891,3:05:00,1,,,,,,,,EXCLUDED,1,10,9
1458,23892,3:05:30,1,,,,,,,,EXCLUDED,1,10,9
1458,23893,3:06:00,1,,,,,,,,EXCLUDED,1,10,9
1458,23894,3:06:30,1,,,,,,,,EXCLUDED,1,10,9
1458,23895,3:07:00,1,,,,,,,,EXCLUDED,1,10,9
1458,23896,3:07:30,1,,,,,,,,EXCLUDED,1,10,9
1458,23897,3:08:00,1,,,,,,,,EXCLUDED,1,10,9
1458,23898,3:08:30,1,,,,,,,,EXCLUDED,1,10,9
1458,23899,3:09:00,1,,,,,,,,EXCLUDED,1,10,9
1458,23900,3:09:30,1,,,,,,,,EXCLUDED,1,10,9
1458,23901,3:10:00,1,,,,,,,,EXCLUDED,1,10,9
1458,23902,3:10:30,1,,,,,,,,EXCLUDED,1,10,9
1458,23903,3:11:00,1,,,,,,,,EXCLUDED,1,10,9
1458,23904,3:11:30,1,,,,,,,,EXCLUDED,1,10,9
1458,23905,3:12:00,1,,,,,,,,EXCLUDED,1,10,9
1458,23906,3:12:30,1,,,,,,,,EXCLUDED,1,10,9
1458,23907,3:13:00,1,,,,,,,,EXCLUDED,1,10,9
1458,23908,3:13:30,1,,,,,,,,EXCLUDED,1,10,9
1458,23909,3:14:00,1,,,,,,,,EXCLUDED,1,10,9
1458,23910,3:14:30,1,,,,,,,,EXCLUDED,1,10,9
1458,23911,3:15:00,1,,,,,,,,EXCLUDED,1,10,9
1458,23912,3:15:30,1,,,,,,,,EXCLUDED,1,10,9
1458,23913,3:16:00,1,,,,,,,,EXCLUDED,1,10,9
1458,23914,3:16:30,1,,,,,,,,EXCLUDED,1,10,9
1458,23915,3:17:00,1,,,,,,,,EXCLUDED,1,10,9
1458,23916,3:17:30,1,,,,,,,,EXCLUDED,1,10,9
1458,23917,3:18:00,1,,,,,,,,EXCLUDED,1,10,9
1458,23918,3:18:30,1,,,,,,,,EXCLUDED,1,10,9
1458,23919,3:19:00,1,,,,,,,,EXCLUDED,1,10,9
1458,23920,3:19:30,1,,,,,,,,EXCLUDED,1,10,9
1458,23921,3:20:00,1,,,,,,,,EXCLUDED,1,10,9
1458,23922,3:20:30,1,,,,,,,,EXCLUDED,1,10,9
1458,23923,3:21:00,1,,,,,,,,EXCLUDED,1,10,9
1458,23924,3:21:30,1,,,,,,,,EXCLUDED,1,10,9
1458,23925,3:22:00,1,,,,,,,,EXCLUDED,1,10,9
1458,23926,3:22:30,1,,,,,,,,EXCLUDED,1,10,9
1458,23927,3:23:00,1,,,,,,,,EXCLUDED,1,10,9
1458,23928,3:23:30,1,,,,,,,,EXCLUDED,1,10,9
1458,23929,3:24:00,1,,,,,,,,EXCLUDED,1,10,9
1458,23930,3:24:30,1,,,,,,,,EXCLUDED,1,10,9
1458,23931,3:25:00,1,,,,,,,,EXCLUDED,1,10,9
1458,23932,3:25:30,1,,,,,,,,EXCLUDED,1,10,9
1458,23933,3:26:00,1,,,,,,,,EXCLUDED,1,10,9
1458,23934,3:26:30,1,,,,,,,,EXCLUDED,1,10,9
1458,23935,3:27:00,1,,,,,,,,EXCLUDED,1,10,9
1458,23936,3:27:30,1,,,,,,,,EXCLUDED,1,10,9
1458,23937,3:28:00,1,,,,,,,,EXCLUDED,1,10,9
1458,23938,3:28:30,1,,,,,,,,EXCLUDED,1,10,9
1458,23939,3:29:00,1,,,,,,,,EXCLUDED,1,10,9
1458,23940,3:29:30,1,,,,,,,,EXCLUDED,1,10,9
1458,23941,3:30:00,1,,,,,,,,EXCLUDED,1,10,9
1458,23942,3:30:30,1,,,,,,,,EXCLUDED,1,10,9
1458,23943,3:31:00,1,,,,,,,,EXCLUDED,1,10,9
1458,23944,3:31:30,1,,,,,,,,EXCLUDED,1,10,9
1458,23945,3:32:00,1,,,,,,,,EXCLUDED,1,10,9
1458,23946,3:32:30,1,,,,,,,,EXCLUDED,1,10,9
1458,23947,3:33:00,1,,,,,,,,EXCLUDED,1,10,9
1458,23948,3:33:30,1,,,,,,,,EXCLUDED,1,10,9
1458,23949,3:34:00,1,,,,,,,,EXCLUDED,1,10,9
1458,23950,3:34:30,1,,,,,,,,EXCLUDED,1,10,9
1458,23951,3:35:00,1,,,,,,,,EXCLUDED,1,10,9
1458,23952,3:35:30,1,,,,,,,,EXCLUDED,1,10,9
1458,23953,3:36:00,1,,,,,,,,EXCLUDED,1,10,9
1458,23954,3:36:30,1,,,,,,,,EXCLUDED,1,10,9
1458,23955,3:37:00,1,,,,,,,,EXCLUDED,1,10,9
1458,23956,3:37:30,1,,,,,,,,EXCLUDED,1,10,9
1458,23957,3:38:00,1,,,,,,,,EXCLUDED,1,10,9
1458,23958,3:38:30,1,,,,,,,,EXCLUDED,1,10,9
1458,23959,3:39:00,1,,,,,,,,EXCLUDED,1,10,9
1458,23960,3:39:30,1,,,,,,,,EXCLUDED,1,10,9
1458,23961,3:40:00,1,,,,,,,,EXCLUDED,1,10,9
1458,23962,3:40:30,1,,,,,,,,EXCLUDED,1,10,9
1458,23963,3:41:00,1,,,,,,,,EXCLUDED,1,10,9
1458,23964,3:41:30,1,,,,,,,,EXCLUDED,1,10,9
1458,23965,3:42:00,1,,,,,,,,EXCLUDED,1,10,9
1458,23966,3:42:30,1,,,,,,,,EXCLUDED,1,10,9
1458,23967,3:43:00,1,,,,,,,,EXCLUDED,1,10,9
1458,23968,3:43:30,1,,,,,,,,EXCLUDED,1,10,9
1458,23969,3:44:00,1,,,,,,,,EXCLUDED,1,10,9
1458,23970,3:44:30,1,,,,,,,,EXCLUDED,1,10,9
1458,23971,3:45:00,1,,,,,,,,EXCLUDED,1,10,9
1458,23972,3:45:30,1,,,,,,,,EXCLUDED,1,10,9
1458,23973,3:46:00,1,,,,,,,,EXCLUDED,1,10,9
1458,23974,3:46:30,1,,,,,,,,EXCLUDED,1,10,9
1458,23975,3:47:00,1,,,,,,,,EXCLUDED,1,10,9
1458,23976,3:47:30,1,,,,,,,,EXCLUDED,1,10,9
1458,23977,3:48:00,1,,,,,,,,EXCLUDED,1,10,9
1458,23978,3:48:30,1,,,,,,,,EXCLUDED,1,10,9
1458,23979,3:49:00,1,,,,,,,,EXCLUDED,1,10,9
1458,23980,3:49:30,1,,,,,,,,EXCLUDED,1,10,9
1458,23981,3:50:00,1,,,,,,,,EXCLUDED,1,10,9
1458,23982,3:50:30,1,,,,,,,,EXCLUDED,1,10,9
1458,23983,3:51:00,1,,,,,,,,EXCLUDED,1,10,9
1458,23984,3:51:30,1,,,,,,,,EXCLUDED,1,10,9
1458,23985,3:52:00,1,,,,,,,,EXCLUDED,1,10,9
1458,23986,3:52:30,1,,,,,,,,EXCLUDED,1,10,9
1458,23987,3:53:00,1,,,,,,,,EXCLUDED,1,10,9
1458,23988,3:53:30,1,,,,,,,,EXCLUDED,1,10,9
1458,23989,3:54:00,1,,,,,,,,EXCLUDED,1,10,9
1458,23990,3:54:30,1,,,,,,,,EXCLUDED,1,10,9
1458,23991,3:55:00,1,,,,,,,,EXCLUDED,1,10,9
1458,23992,3:55:30,1,,,,,,,,EXCLUDED,1,10,9
1458,23993,3:56:00,1,,,,,,,,EXCLUDED,1,10,9
1458,23994,3:56:30,1,,,,,,,,EXCLUDED,1,10,9
1458,23995,3:57:00,1,,,,,,,,EXCLUDED,1,10,9
1458,23996,3:57:30,1,,,,,,,,EXCLUDED,1,10,9
1458,23997,3:58:00,1,,,,,,,,EXCLUDED,1,10,9
1458,23998,3:58:30,1,,,,,,,,EXCLUDED,1,10,9
1458,23999,3:59:00,1,,,,,,,,EXCLUDED,1,10,9
1458,24000,3:59:30,1,,,,,,,,EXCLUDED,1,10,9
1458,24001,4:00:00,1,,,,,,,,EXCLUDED,1,10,9
1458,24002,4:00:30,1,,,,,,,,EXCLUDED,1,10,9
1458,24003,4:01:00,1,,,,,,,,EXCLUDED,1,10,9
1458,24004,4:01:30,1,,,,,,,,EXCLUDED,1,10,9
1458,24005,4:02:00,1,,,,,,,,EXCLUDED,1,10,9
1458,24006,4:02:30,1,,,,,,,,EXCLUDED,1,10,9
1458,24007,4:03:00,1,,,,,,,,EXCLUDED,1,10,9
1458,24008,4:03:30,1,,,,,,,,EXCLUDED,1,10,9
1458,24009,4:04:00,1,,,,,,,,EXCLUDED,1,10,9
1458,24010,4:04:30,1,,,,,,,,EXCLUDED,1,10,9
1458,24011,4:05:00,1,,,,,,,,EXCLUDED,1,10,9
1458,24012,4:05:30,1,,,,,,,,EXCLUDED,1,10,9
1458,24013,4:06:00,1,,,,,,,,EXCLUDED,1,10,9
1458,24014,4:06:30,1,,,,,,,,EXCLUDED,1,10,9
1458,24015,4:07:00,1,,,,,,,,EXCLUDED,1,10,9
1458,24016,4:07:30,1,,,,,,,,EXCLUDED,1,10,9
1458,24017,4:08:00,1,,,,,,,,EXCLUDED,1,10,9
1458,24018,4:08:30,1,,,,,,,,EXCLUDED,1,10,9
1458,24019,4:09:00,1,,,,,,,,EXCLUDED,1,10,9
1458,24020,4:09:30,1,,,,,,,,EXCLUDED,1,10,9
1458,24021,4:10:00,1,,,,,,,,EXCLUDED,1,10,9
1458,24022,4:10:30,1,,,,,,,,EXCLUDED,1,10,9
1458,24023,4:11:00,1,,,,,,,,EXCLUDED,1,10,9
1458,24024,4:11:30,1,,,,,,,,EXCLUDED,1,10,9
1458,24025,4:12:00,1,,,,,,,,EXCLUDED,1,10,9
1458,24026,4:12:30,1,,,,,,,,EXCLUDED,1,10,9
1458,24027,4:13:00,1,,,,,,,,EXCLUDED,1,10,9
1458,24028,4:13:30,1,,,,,,,,EXCLUDED,1,10,9
1458,24029,4:14:00,1,,,,,,,,EXCLUDED,1,10,9
1458,24030,4:14:30,1,,,,,,,,EXCLUDED,1,10,9
1458,24031,4:15:00,1,,,,,,,,EXCLUDED,1,10,9
1458,24032,4:15:30,1,,,,,,,,EXCLUDED,1,10,9
1458,24033,4:16:00,1,,,,,,,,EXCLUDED,1,10,9
1458,24034,4:16:30,1,,,,,,,,EXCLUDED,1,10,9
1458,24035,4:17:00,1,,,,,,,,EXCLUDED,1,10,9
1458,24036,4:17:30,1,,,,,,,,EXCLUDED,1,10,9
1458,24037,4:18:00,1,,,,,,,,EXCLUDED,1,10,9
1458,24038,4:18:30,1,,,,,,,,EXCLUDED,1,10,9
1458,24039,4:19:00,1,,,,,,,,EXCLUDED,1,10,9
1458,24040,4:19:30,1,,,,,,,,EXCLUDED,1,10,9
1458,24041,4:20:00,1,,,,,,,,EXCLUDED,1,10,9
1458,24042,4:20:30,1,,,,,,,,EXCLUDED,1,10,9
1458,24043,4:21:00,1,,,,,,,,EXCLUDED,1,10,9
1458,24044,4:21:30,1,,,,,,,,EXCLUDED,1,10,9
1458,24045,4:22:00,1,,,,,,,,EXCLUDED,1,10,9
1458,24046,4:22:30,1,,,,,,,,EXCLUDED,1,10,9
1458,24047,4:23:00,1,,,,,,,,EXCLUDED,1,10,9
1458,24048,4:23:30,1,,,,,,,,EXCLUDED,1,10,9
1458,24049,4:24:00,1,,,,,,,,EXCLUDED,1,10,9
1458,24050,4:24:30,1,,,,,,,,EXCLUDED,1,10,9
1458,24051,4:25:00,1,,,,,,,,EXCLUDED,1,10,9
1458,24052,4:25:30,1,,,,,,,,EXCLUDED,1,10,9
1458,24053,4:26:00,1,,,,,,,,EXCLUDED,1,10,9
1458,24054,4:26:30,1,,,,,,,,EXCLUDED,1,10,9
1458,24055,4:27:00,1,,,,,,,,EXCLUDED,1,10,9
1458,24056,4:27:30,1,,,,,,,,EXCLUDED,1,10,9
1458,24057,4:28:00,1,,,,,,,,EXCLUDED,1,10,9
1458,24058,4:28:30,1,,,,,,,,EXCLUDED,1,10,9
1458,24059,4:29:00,1,,,,,,,,EXCLUDED,1,10,9
1458,24060,4:29:30,1,,,,,,,,EXCLUDED,1,10,9
1458,24061,4:30:00,1,,,,,,,,EXCLUDED,1,10,9
1458,24062,4:30:30,1,,,,,,,,EXCLUDED,1,10,9
1458,24063,4:31:00,1,,,,,,,,EXCLUDED,1,10,9
1458,24064,4:31:30,1,,,,,,,,EXCLUDED,1,10,9
1458,24065,4:32:00,1,,,,,,,,EXCLUDED,1,10,9
1458,24066,4:32:30,1,,,,,,,,EXCLUDED,1,10,9
1458,24067,4:33:00,1,,,,,,,,EXCLUDED,1,10,9
1458,24068,4:33:30,1,,,,,,,,EXCLUDED,1,10,9
1458,24069,4:34:00,1,,,,,,,,EXCLUDED,1,10,9
1458,24070,4:34:30,1,,,,,,,,EXCLUDED,1,10,9
1458,24071,4:35:00,1,,,,,,,,EXCLUDED,1,10,9
1458,24072,4:35:30,1,,,,,,,,EXCLUDED,1,10,9
1458,24073,4:36:00,1,,,,,,,,EXCLUDED,1,10,9
1458,24074,4:36:30,1,,,,,,,,EXCLUDED,1,10,9
1458,24075,4:37:00,1,,,,,,,,EXCLUDED,1,10,9
1458,24076,4:37:30,1,,,,,,,,EXCLUDED,1,10,9
1458,24077,4:38:00,1,,,,,,,,EXCLUDED,1,10,9
1458,24078,4:38:30,1,,,,,,,,EXCLUDED,1,10,9
1458,24079,4:39:00,1,,,,,,,,EXCLUDED,1,10,9
1458,24080,4:39:30,1,,,,,,,,EXCLUDED,1,10,9
1458,24081,4:40:00,1,,,,,,,,EXCLUDED,1,10,9
1458,24082,4:40:30,1,,,,,,,,EXCLUDED,1,10,9
1458,24083,4:41:00,1,,,,,,,,EXCLUDED,1,10,9
1458,24084,4:41:30,1,,,,,,,,EXCLUDED,1,10,9
1458,24085,4:42:00,1,,,,,,,,EXCLUDED,1,10,9
1458,24086,4:42:30,1,,,,,,,,EXCLUDED,1,10,9
1458,24087,4:43:00,1,,,,,,,,EXCLUDED,1,10,9
1458,24088,4:43:30,1,,,,,,,,EXCLUDED,1,10,9
1458,24089,4:44:00,1,,,,,,,,EXCLUDED,1,10,9
1458,24090,4:44:30,1,,,,,,,,EXCLUDED,1,10,9
1458,24091,4:45:00,1,,,,,,,,EXCLUDED,1,10,9
1458,24092,4:45:30,1,,,,,,,,EXCLUDED,1,10,9
1458,24093,4:46:00,1,,,,,,,,EXCLUDED,1,10,9
1458,24094,4:46:30,1,,,,,,,,EXCLUDED,1,10,9
1458,24095,4:47:00,1,,,,,,,,EXCLUDED,1,10,9
1458,24096,4:47:30,1,,,,,,,,EXCLUDED,1,10,9
1458,24097,4:48:00,1,,,,,,,,EXCLUDED,1,10,9
1458,24098,4:48:30,1,,,,,,,,EXCLUDED,1,10,9
1458,24099,4:49:00,1,,,,,,,,EXCLUDED,1,10,9
1458,24100,4:49:30,1,,,,,,,,EXCLUDED,1,10,9
1458,24101,4:50:00,1,,,,,,,,EXCLUDED,1,10,9
1458,24102,4:50:30,1,,,,,,,,EXCLUDED,1,10,9
1458,24103,4:51:00,1,,,,,,,,EXCLUDED,1,10,9
1458,24104,4:51:30,1,,,,,,,,EXCLUDED,1,10,9
1458,24105,4:52:00,1,,,,,,,,EXCLUDED,1,10,9
1458,24106,4:52:30,1,,,,,,,,EXCLUDED,1,10,9
1458,24107,4:53:00,1,,,,,,,,EXCLUDED,1,10,9
1458,24108,4:53:30,1,,,,,,,,EXCLUDED,1,10,9
1458,24109,4:54:00,1,,,,,,,,EXCLUDED,1,10,9
1458,24110,4:54:30,1,,,,,,,,EXCLUDED,1,10,9
1458,24111,4:55:00,1,,,,,,,,EXCLUDED,1,10,9
1458,24112,4:55:30,1,,,,,,,,EXCLUDED,1,10,9
1458,24113,4:56:00,1,,,,,,,,EXCLUDED,1,10,9
1458,24114,4:56:30,1,,,,,,,,EXCLUDED,1,10,9
1458,24115,4:57:00,1,,,,,,,,EXCLUDED,1,10,9
1458,24116,4:57:30,1,,,,,,,,EXCLUDED,1,10,9
1458,24117,4:58:00,1,,,,,,,,EXCLUDED,1,10,9
1458,24118,4:58:30,1,,,,,,,,EXCLUDED,1,10,9
1458,24119,4:59:00,1,,,,,,,,EXCLUDED,1,10,9
1458,24120,4:59:30,1,,,,,,,,EXCLUDED,1,10,9
1458,24121,5:00:00,1,,,,,,,,EXCLUDED,1,10,9
1458,24122,5:00:30,1,,,,,,,,EXCLUDED,1,10,9
1458,24123,5:01:00,1,,,,,,,,EXCLUDED,1,10,9
1458,24124,5:01:30,1,,,,,,,,EXCLUDED,1,10,9
1458,24125,5:02:00,1,,,,,,,,EXCLUDED,1,10,9
1458,24126,5:02:30,1,,,,,,,,EXCLUDED,1,10,9
1458,24127,5:03:00,1,,,,,,,,EXCLUDED,1,10,9
1458,24128,5:03:30,1,,,,,,,,EXCLUDED,1,10,9
1458,24129,5:04:00,1,,,,,,,,EXCLUDED,1,10,9
1458,24130,5:04:30,1,,,,,,,,EXCLUDED,1,10,9
1458,24131,5:05:00,1,,,,,,,,EXCLUDED,1,10,9
1458,24132,5:05:30,1,,,,,,,,EXCLUDED,1,10,9
1458,24133,5:06:00,1,,,,,,,,EXCLUDED,1,10,9
1458,24134,5:06:30,1,,,,,,,,EXCLUDED,1,10,9
1458,24135,5:07:00,1,,,,,,,,EXCLUDED,1,10,9
1458,24136,5:07:30,1,,,,,,,,EXCLUDED,1,10,9
1458,24137,5:08:00,1,,,,,,,,EXCLUDED,1,10,9
1458,24138,5:08:30,1,,,,,,,,EXCLUDED,1,10,9
1458,24139,5:09:00,1,,,,,,,,EXCLUDED,1,10,9
1458,24140,5:09:30,1,,,,,,,,EXCLUDED,1,10,9
1458,24141,5:10:00,1,,,,,,,,EXCLUDED,1,10,9
1458,24142,5:10:30,1,,,,,,,,EXCLUDED,1,10,9
1458,24143,5:11:00,1,,,,,,,,EXCLUDED,1,10,9
1458,24144,5:11:30,1,,,,,,,,EXCLUDED,1,10,9
1458,24145,5:12:00,1,,,,,,,,EXCLUDED,1,10,9
1458,24146,5:12:30,1,,,,,,,,EXCLUDED,1,10,9
1458,24147,5:13:00,1,,,,,,,,EXCLUDED,1,10,9
1458,24148,5:13:30,1,,,,,,,,EXCLUDED,1,10,9
1458,24149,5:14:00,1,,,,,,,,EXCLUDED,1,10,9
1458,24150,5:14:30,1,,,,,,,,EXCLUDED,1,10,9
1458,24151,5:15:00,1,,,,,,,,EXCLUDED,1,10,9
1458,24152,5:15:30,1,,,,,,,,EXCLUDED,1,10,9
1458,24153,5:16:00,1,,,,,,,,EXCLUDED,1,10,9
1458,24154,5:16:30,1,,,,,,,,EXCLUDED,1,10,9
1458,24155,5:17:00,1,,,,,,,,EXCLUDED,1,10,9
1458,24156,5:17:30,1,,,,,,,,EXCLUDED,1,10,9
1458,24157,5:18:00,1,,,,,,,,EXCLUDED,1,10,9
1458,24158,5:18:30,1,,,,,,,,EXCLUDED,1,10,9
1458,24159,5:19:00,1,,,,,,,,EXCLUDED,1,10,9
1458,24160,5:19:30,1,,,,,,,,EXCLUDED,1,10,9
1458,24161,5:20:00,1,,,,,,,,EXCLUDED,1,10,9
1458,24162,5:20:30,1,,,,,,,,EXCLUDED,1,10,9
1458,24163,5:21:00,1,,,,,,,,EXCLUDED,1,10,9
1458,24164,5:21:30,1,,,,,,,,EXCLUDED,1,10,9
1458,24165,5:22:00,1,,,,,,,,EXCLUDED,1,10,9
1458,24166,5:22:30,1,,,,,,,,EXCLUDED,1,10,9
1458,24167,5:23:00,1,,,,,,,,EXCLUDED,1,10,9
1458,24168,5:23:30,1,,,,,,,,EXCLUDED,1,10,9
1458,24169,5:24:00,1,,,,,,,,EXCLUDED,1,10,9
1458,24170,5:24:30,1,,,,,,,,EXCLUDED,1,10,9
1458,24171,5:25:00,1,,,,,,,,EXCLUDED,1,10,9
1458,24172,5:25:30,1,,,,,,,,EXCLUDED,1,10,9
1458,24173,5:26:00,1,,,,,,,,EXCLUDED,1,10,9
1458,24174,5:26:30,1,,,,,,,,EXCLUDED,1,10,9
1458,24175,5:27:00,1,,,,,,,,EXCLUDED,1,10,9
1458,24176,5:27:30,1,,,,,,,,EXCLUDED,1,10,9
1458,24177,5:28:00,1,,,,,,,,EXCLUDED,1,10,9
1458,24178,5:28:30,1,,,,,,,,EXCLUDED,1,10,9
1458,24179,5:29:00,1,,,,,,,,EXCLUDED,1,10,9
1458,24180,5:29:30,1,,,,,,,,EXCLUDED,1,10,9
1458,24181,5:30:00,1,,,,,,,,EXCLUDED,1,10,9
1458,24182,5:30:30,1,,,,,,,,EXCLUDED,1,10,9
1458,24183,5:31:00,1,,,,,,,,EXCLUDED,1,10,9
1458,24184,5:31:30,1,,,,,,,,EXCLUDED,1,10,9
1458,24185,5:32:00,1,,,,,,,,EXCLUDED,1,10,9
1458,24186,5:32:30,1,,,,,,,,EXCLUDED,1,10,9
1458,24187,5:33:00,1,,,,,,,,EXCLUDED,1,10,9
1458,24188,5:33:30,1,,,,,,,,EXCLUDED,1,10,9
1458,24189,5:34:00,1,,,,,,,,EXCLUDED,1,10,9
1458,24190,5:34:30,1,,,,,,,,EXCLUDED,1,10,9
1458,24191,5:35:00,1,,,,,,,,EXCLUDED,1,10,9
1458,24192,5:35:30,1,,,,,,,,EXCLUDED,1,10,9
1458,24193,5:36:00,1,,,,,,,,EXCLUDED,1,10,9
1458,24194,5:36:30,1,,,,,,,,EXCLUDED,1,10,9
1458,24195,5:37:00,1,,,,,,,,EXCLUDED,1,10,9
1458,24196,5:37:30,1,,,,,,,,EXCLUDED,1,10,9
1458,24197,5:38:00,1,,,,,,,,EXCLUDED,1,10,9
1458,24198,5:38:30,1,,,,,,,,EXCLUDED,1,10,9
1458,24199,5:39:00,1,,,,,,,,EXCLUDED,1,10,9
1458,24200,5:39:30,1,,,,,,,,EXCLUDED,1,10,9
1458,24201,5:40:00,1,,,,,,,,EXCLUDED,1,10,9
1458,24202,5:40:30,1,,,,,,,,EXCLUDED,1,10,9
1458,24203,5:41:00,1,,,,,,,,EXCLUDED,1,10,9
1458,24204,5:41:30,1,,,,,,,,EXCLUDED,1,10,9
1458,24205,5:42:00,1,,,,,,,,EXCLUDED,1,10,9
1458,24206,5:42:30,1,,,,,,,,EXCLUDED,1,10,9
1458,24207,5:43:00,1,,,,,,,,EXCLUDED,1,10,9
1458,24208,5:43:30,1,,,,,,,,EXCLUDED,1,10,9
1458,24209,5:44:00,1,,,,,,,,EXCLUDED,1,10,9
1458,24210,5:44:30,1,,,,,,,,EXCLUDED,1,10,9
1458,24211,5:45:00,1,,,,,,,,EXCLUDED,1,10,9
1458,24212,5:45:30,1,,,,,,,,EXCLUDED,1,10,9
1458,24213,5:46:00,1,,,,,,,,EXCLUDED,1,10,9
1458,24214,5:46:30,1,,,,,,,,EXCLUDED,1,10,9
1458,24215,5:47:00,1,,,,,,,,EXCLUDED,1,10,9
1458,24216,5:47:30,1,,,,,,,,EXCLUDED,1,10,9
1458,24217,5:48:00,1,,,,,,,,EXCLUDED,1,10,9
1458,24218,5:48:30,1,,,,,,,,EXCLUDED,1,10,9
1458,24219,5:49:00,1,,,,,,,,EXCLUDED,1,10,9
1458,24220,5:49:30,1,,,,,,,,EXCLUDED,1,10,9
1458,24221,5:50:00,1,,,,,,,,EXCLUDED,1,10,9
1458,24222,5:50:30,1,,,,,,,,EXCLUDED,1,10,9
1458,24223,5:51:00,1,,,,,,,,EXCLUDED,1,10,9
1458,24224,5:51:30,1,,,,,,,,EXCLUDED,1,10,9
1458,24225,5:52:00,1,,,,,,,,EXCLUDED,1,10,9
1458,24226,5:52:30,1,,,,,,,,EXCLUDED,1,10,9
1458,24227,5:53:00,1,,,,,,,,EXCLUDED,1,10,9
1458,24228,5:53:30,1,,,,,,,,EXCLUDED,1,10,9
1458,24229,5:54:00,1,,,,,,,,EXCLUDED,1,10,9
1458,24230,5:54:30,1,,,,,,,,EXCLUDED,1,10,9
1458,24231,5:55:00,1,,,,,,,,EXCLUDED,1,10,9
1458,24232,5:55:30,1,,,,,,,,EXCLUDED,1,10,9
1458,24233,5:56:00,1,,,,,,,,EXCLUDED,1,10,9
1458,24234,5:56:30,1,,,,,,,,EXCLUDED,1,10,9
1458,24235,5:57:00,1,,,,,,,,EXCLUDED,1,10,9
1458,24236,5:57:30,1,,,,,,,,EXCLUDED,1,10,9
1458,24237,5:58:00,1,,,,,,,,EXCLUDED,1,10,9
1458,24238,5:58:30,1,,,,,,,,EXCLUDED,1,10,9
1458,24239,5:59:00,1,,,,,,,,EXCLUDED,1,10,9
1458,24240,5:59:30,1,,,,,,,,EXCLUDED,1,10,9
1458,24241,6:00:00,1,,,,,,,,EXCLUDED,1,10,9
1458,24242,6:00:30,1,,,,,,,,EXCLUDED,1,10,9
1458,24243,6:01:00,1,,,,,,,,EXCLUDED,1,10,9
1458,24244,6:01:30,1,,,,,,,,EXCLUDED,1,10,9
1458,24245,6:02:00,1,,,,,,,,EXCLUDED,1,10,9
1458,24246,6:02:30,1,,,,,,,,EXCLUDED,1,10,9
1458,24247,6:03:00,1,,,,,,,,EXCLUDED,1,10,9
1458,24248,6:03:30,1,,,,,,,,EXCLUDED,1,10,9
1458,24249,6:04:00,1,,,,,,,,EXCLUDED,1,10,9
1458,24250,6:04:30,1,,,,,,,,EXCLUDED,1,10,9
1458,24251,6:05:00,1,,,,,,,,EXCLUDED,1,10,9
1458,24252,6:05:30,1,,,,,,,,EXCLUDED,1,10,9
1458,24253,6:06:00,1,,,,,,,,EXCLUDED,1,10,9
1458,24254,6:06:30,1,,,,,,,,EXCLUDED,1,10,9
1458,24255,6:07:00,1,,,,,,,,EXCLUDED,1,10,9
1458,24256,6:07:30,1,,,,,,,,EXCLUDED,1,10,9
1458,24257,6:08:00,1,,,,,,,,EXCLUDED,1,10,9
1458,24258,6:08:30,1,,,,,,,,EXCLUDED,1,10,9
1458,24259,6:09:00,1,,,,,,,,EXCLUDED,1,10,9
1458,24260,6:09:30,1,,,,,,,,EXCLUDED,1,10,9
1458,24261,6:10:00,1,,,,,,,,EXCLUDED,1,10,9
1458,24262,6:10:30,1,,,,,,,,EXCLUDED,1,10,9
1458,24263,6:11:00,1,,,,,,,,EXCLUDED,1,10,9
1458,24264,6:11:30,1,,,,,,,,EXCLUDED,1,10,9
1458,24265,6:12:00,1,,,,,,,,EXCLUDED,1,10,9
1458,24266,6:12:30,1,,,,,,,,EXCLUDED,1,10,9
1458,24267,6:13:00,1,,,,,,,,EXCLUDED,1,10,9
1458,24268,6:13:30,1,,,,,,,,EXCLUDED,1,10,9
1458,24269,6:14:00,1,,,,,,,,EXCLUDED,1,10,9
1458,24270,6:14:30,1,,,,,,,,EXCLUDED,1,10,9
1458,24271,6:15:00,1,,,,,,,,EXCLUDED,1,10,9
1458,24272,6:15:30,1,,,,,,,,EXCLUDED,1,10,9
1458,24273,6:16:00,1,,,,,,,,EXCLUDED,1,10,9
1458,24274,6:16:30,1,,,,,,,,EXCLUDED,1,10,9
1458,24275,6:17:00,1,,,,,,,,EXCLUDED,1,10,9
1458,24276,6:17:30,1,,,,,,,,EXCLUDED,1,10,9
1458,24277,6:18:00,1,,,,,,,,EXCLUDED,1,10,9
1458,24278,6:18:30,1,,,,,,,,EXCLUDED,1,10,9
1458,24279,6:19:00,1,,,,,,,,EXCLUDED,1,10,9
1458,24280,6:19:30,1,,,,,,,,EXCLUDED,1,10,9
1458,24281,6:20:00,1,,,,,,,,EXCLUDED,1,10,9
1458,24282,6:20:30,1,,,,,,,,EXCLUDED,1,10,9
1458,24283,6:21:00,1,,,,,,,,EXCLUDED,1,10,9
1458,24284,6:21:30,1,,,,,,,,EXCLUDED,1,10,9
1458,24285,6:22:00,1,,,,,,,,EXCLUDED,1,10,9
1458,24286,6:22:30,1,,,,,,,,EXCLUDED,1,10,9
1458,24287,6:23:00,1,,,,,,,,EXCLUDED,1,10,9
1458,24288,6:23:30,1,,,,,,,,EXCLUDED,1,10,9
1458,24289,6:24:00,1,,,,,,,,EXCLUDED,1,10,9
1458,24290,6:24:30,1,,,,,,,,EXCLUDED,1,10,9
1458,24291,6:25:00,1,,,,,,,,EXCLUDED,1,10,9
1458,24292,6:25:30,1,,,,,,,,EXCLUDED,1,10,9
1458,24293,6:26:00,1,,,,,,,,EXCLUDED,1,10,9
1458,24294,6:26:30,1,,,,,,,,EXCLUDED,1,10,9
1458,24295,6:27:00,1,,,,,,,,EXCLUDED,1,10,9
1458,24296,6:27:30,1,,,,,,,,EXCLUDED,1,10,9
1458,24297,6:28:00,1,,,,,,,,EXCLUDED,1,10,9
1458,24298,6:28:30,1,,,,,,,,EXCLUDED,1,10,9
1458,24299,6:29:00,1,,,,,,,,EXCLUDED,1,10,9
1458,24300,6:29:30,1,,,,,,,,EXCLUDED,1,10,9
1458,24301,6:30:00,1,,,,,,,,EXCLUDED,1,10,9
1458,24302,6:30:30,1,,,,,,,,EXCLUDED,1,10,9
1458,24303,6:31:00,1,,,,,,,,EXCLUDED,1,10,9
1458,24304,6:31:30,1,,,,,,,,EXCLUDED,1,10,9
1458,24305,6:32:00,1,,,,,,,,EXCLUDED,1,10,9
1458,24306,6:32:30,1,,,,,,,,EXCLUDED,1,10,9
1458,24307,6:33:00,1,,,,,,,,EXCLUDED,1,10,9
1458,24308,6:33:30,1,,,,,,,,EXCLUDED,1,10,9
1458,24309,6:34:00,1,,,,,,,,EXCLUDED,1,10,9
1458,24310,6:34:30,1,,,,,,,,EXCLUDED,1,10,9
1458,24311,6:35:00,1,,,,,,,,EXCLUDED,1,10,9
1458,24312,6:35:30,1,,,,,,,,EXCLUDED,1,10,9
1458,24313,6:36:00,1,,,,,,,,EXCLUDED,1,10,9
1458,24314,6:36:30,1,,,,,,,,EXCLUDED,1,10,9
1458,24315,6:37:00,1,,,,,,,,EXCLUDED,1,10,9
1458,24316,6:37:30,1,,,,,,,,EXCLUDED,1,10,9
1458,24317,6:38:00,1,,,,,,,,EXCLUDED,1,10,9
1458,24318,6:38:30,1,,,,,,,,EXCLUDED,1,10,9
1458,24319,6:39:00,1,,,,,,,,EXCLUDED,1,10,9
1458,24320,6:39:30,1,,,,,,,,EXCLUDED,1,10,9
1458,24321,6:40:00,1,,,,,,,,EXCLUDED,1,10,9
1458,24322,6:40:30,1,,,,,,,,EXCLUDED,1,10,9
1458,24323,6:41:00,1,,,,,,,,EXCLUDED,1,10,9
1458,24324,6:41:30,1,,,,,,,,EXCLUDED,1,10,9
1458,24325,6:42:00,1,,,,,,,,EXCLUDED,1,10,9
1458,24326,6:42:30,1,,,,,,,,EXCLUDED,1,10,9
1458,24327,6:43:00,1,,,,,,,,EXCLUDED,1,10,9
1458,24328,6:43:30,1,,,,,,,,EXCLUDED,1,10,9
1458,24329,6:44:00,1,,,,,,,,EXCLUDED,1,10,9
1458,24330,6:44:30,1,,,,,,,,EXCLUDED,1,10,9
1458,24331,6:45:00,1,,,,,,,,EXCLUDED,1,10,9
1458,24332,6:45:30,1,,,,,,,,EXCLUDED,1,10,9
1458,24333,6:46:00,1,,,,,,,,EXCLUDED,1,10,9
1458,24334,6:46:30,1,,,,,,,,EXCLUDED,1,10,9
1458,24335,6:47:00,1,,,,,,,,EXCLUDED,1,10,9
1458,24336,6:47:30,1,,,,,,,,EXCLUDED,1,10,9
1458,24337,6:48:00,1,,,,,,,,EXCLUDED,1,10,9
1458,24338,6:48:30,1,,,,,,,,EXCLUDED,1,10,9
1458,24339,6:49:00,1,,,,,,,,EXCLUDED,1,10,9
1458,24340,6:49:30,1,,,,,,,,EXCLUDED,1,10,9
1458,24341,6:50:00,1,,,,,,,,EXCLUDED,1,10,9
1458,24342,6:50:30,1,,,,,,,,EXCLUDED,1,10,9
1458,24343,6:51:00,1,,,,,,,,EXCLUDED,1,10,9
1458,24344,6:51:30,1,,,,,,,,EXCLUDED,1,10,9
1458,24345,6:52:00,1,,,,,,,,EXCLUDED,1,10,9
1458,24346,6:52:30,1,,,,,,,,EXCLUDED,1,10,9
1458,24347,6:53:00,1,,,,,,,,EXCLUDED,1,10,9
1458,24348,6:53:30,1,,,,,,,,EXCLUDED,1,10,9
1458,24349,6:54:00,1,,,,,,,,EXCLUDED,1,10,9
1458,24350,6:54:30,1,,,,,,,,EXCLUDED,1,10,9
1458,24351,6:55:00,1,,,,,,,,EXCLUDED,1,10,9
1458,24352,6:55:30,1,,,,,,,,EXCLUDED,1,10,9
1458,24353,6:56:00,1,,,,,,,,EXCLUDED,1,10,9
1458,24354,6:56:30,1,,,,,,,,EXCLUDED,1,10,9
1458,24355,6:57:00,1,,,,,,,,EXCLUDED,1,10,9
1458,24356,6:57:30,1,,,,,,,,EXCLUDED,1,10,9
1458,24357,6:58:00,1,,,,,,,,EXCLUDED,1,10,9
1458,24358,6:58:30,1,,,,,,,,EXCLUDED,1,10,9
1458,24359,6:59:00,1,,,,,,,,EXCLUDED,1,10,9
1458,24360,6:59:30,1,,,,,,,,EXCLUDED,1,10,9
1458,24361,7:00:00,1,,,,,,,,EXCLUDED,1,10,9
1458,24362,7:00:30,1,,,,,,,,EXCLUDED,1,10,9
1458,24363,7:01:00,1,,,,,,,,EXCLUDED,1,10,9
1458,24364,7:01:30,1,,,,,,,,EXCLUDED,1,10,9
1458,24365,7:02:00,1,,,,,,,,EXCLUDED,1,10,9
1458,24366,7:02:30,1,,,,,,,,EXCLUDED,1,10,9
1458,24367,7:03:00,1,,,,,,,,EXCLUDED,1,10,9
1458,24368,7:03:30,1,,,,,,,,EXCLUDED,1,10,9
1458,24369,7:04:00,1,,,,,,,,EXCLUDED,1,10,9
1458,24370,7:04:30,1,,,,,,,,EXCLUDED,1,10,9
1458,24371,7:05:00,1,,,,,,,,EXCLUDED,1,10,9
1458,24372,7:05:30,1,,,,,,,,EXCLUDED,1,10,9
1458,24373,7:06:00,1,,,,,,,,EXCLUDED,1,10,9
1458,24374,7:06:30,1,,,,,,,,EXCLUDED,1,10,9
1458,24375,7:07:00,1,,,,,,,,EXCLUDED,1,10,9
1458,24376,7:07:30,1,,,,,,,,EXCLUDED,1,10,9
1458,24377,7:08:00,1,,,,,,,,EXCLUDED,1,10,9
1458,24378,7:08:30,1,,,,,,,,EXCLUDED,1,10,9
1458,24379,7:09:00,1,,,,,,,,EXCLUDED,1,10,9
1458,24380,7:09:30,1,,,,,,,,EXCLUDED,1,10,9
1458,24381,7:10:00,1,,,,,,,,EXCLUDED,1,10,9
1458,24382,7:10:30,1,,,,,,,,EXCLUDED,1,10,9
1458,24383,7:11:00,1,,,,,,,,EXCLUDED,1,10,9
1458,24384,7:11:30,1,,,,,,,,EXCLUDED,1,10,9
1458,24385,7:12:00,1,,,,,,,,EXCLUDED,1,10,9
1458,24386,7:12:30,1,,,,,,,,EXCLUDED,1,10,9
1458,24387,7:13:00,1,,,,,,,,EXCLUDED,1,10,9
1458,24388,7:13:30,1,,,,,,,,EXCLUDED,1,10,9
1458,24389,7:14:00,1,,,,,,,,EXCLUDED,1,10,9
1458,24390,7:14:30,1,,,,,,,,EXCLUDED,1,10,9
1458,24391,7:15:00,1,,,,,,,,EXCLUDED,1,10,9
1458,24392,7:15:30,1,,,,,,,,EXCLUDED,1,10,9
1458,24393,7:16:00,1,,,,,,,,EXCLUDED,1,10,9
1458,24394,7:16:30,1,,,,,,,,EXCLUDED,1,10,9
1458,24395,7:17:00,1,,,,,,,,EXCLUDED,1,10,9
1458,24396,7:17:30,1,,,,,,,,EXCLUDED,1,10,9
1458,24397,7:18:00,1,,,,,,,,EXCLUDED,1,10,9
1458,24398,7:18:30,1,,,,,,,,EXCLUDED,1,10,9
1458,24399,7:19:00,1,,,,,,,,EXCLUDED,1,10,9
1458,24400,7:19:30,1,,,,,,,,EXCLUDED,1,10,9
1458,24401,7:20:00,1,,,,,,,,EXCLUDED,1,10,9
1458,24402,7:20:30,1,,,,,,,,EXCLUDED,1,10,9
1458,24403,7:21:00,1,,,,,,,,EXCLUDED,1,10,9
1458,24404,7:21:30,1,,,,,,,,EXCLUDED,1,10,9
1458,24405,7:22:00,1,,,,,,,,EXCLUDED,1,10,9
1458,24406,7:22:30,1,,,,,,,,EXCLUDED,1,10,9
1458,24407,7:23:00,1,,,,,,,,EXCLUDED,1,10,9
1458,24408,7:23:30,1,,,,,,,,EXCLUDED,1,10,9
1458,24409,7:24:00,1,,,,,,,,EXCLUDED,1,10,9
1458,24410,7:24:30,1,,,,,,,,EXCLUDED,1,10,9
1458,24411,7:25:00,1,,,,,,,,EXCLUDED,1,10,9
1458,24412,7:25:30,1,,,,,,,,EXCLUDED,1,10,9
1458,24413,7:26:00,1,,,,,,,,EXCLUDED,1,10,9
1458,24414,7:26:30,1,,,,,,,,EXCLUDED,1,10,9
1458,24415,7:27:00,1,,,,,,,,EXCLUDED,1,10,9
1458,24416,7:27:30,1,,,,,,,,EXCLUDED,1,10,9
1458,24417,7:28:00,1,,,,,,,,EXCLUDED,1,10,9
1458,24418,7:28:30,1,,,,,,,,EXCLUDED,1,10,9
1458,24419,7:29:00,1,,,,,,,,EXCLUDED,1,10,9
1458,24420,7:29:30,1,,,,,,,,EXCLUDED,1,10,9
1458,24421,7:30:00,1,,,,,,,,EXCLUDED,1,10,9
1458,24422,7:30:30,1,,,,,,,,EXCLUDED,1,10,9
1458,24423,7:31:00,1,,,,,,,,EXCLUDED,1,10,9
1458,24424,7:31:30,1,,,,,,,,EXCLUDED,1,10,9
1458,24425,7:32:00,1,,,,,,,,EXCLUDED,1,10,9
1458,24426,7:32:30,1,,,,,,,,EXCLUDED,1,10,9
1458,24427,7:33:00,1,,,,,,,,EXCLUDED,1,10,9
1458,24428,7:33:30,1,,,,,,,,EXCLUDED,1,10,9
1458,24429,7:34:00,1,,,,,,,,EXCLUDED,1,10,9
1458,24430,7:34:30,1,,,,,,,,EXCLUDED,1,10,9
1458,24431,7:35:00,1,,,,,,,,EXCLUDED,1,10,9
1458,24432,7:35:30,1,,,,,,,,EXCLUDED,1,10,9
1458,24433,7:36:00,1,,,,,,,,EXCLUDED,1,10,9
1458,24434,7:36:30,1,,,,,,,,EXCLUDED,1,10,9
1458,24435,7:37:00,1,,,,,,,,EXCLUDED,1,10,9
1458,24436,7:37:30,1,,,,,,,,EXCLUDED,1,10,9
1458,24437,7:38:00,1,,,,,,,,EXCLUDED,1,10,9
1458,24438,7:38:30,1,,,,,,,,EXCLUDED,1,10,9
1458,24439,7:39:00,1,,,,,,,,EXCLUDED,1,10,9
1458,24440,7:39:30,1,,,,,,,,EXCLUDED,1,10,9
1458,24441,7:40:00,1,,,,,,,,EXCLUDED,1,10,9
1458,24442,7:40:30,1,,,,,,,,EXCLUDED,1,10,9
1458,24443,7:41:00,1,,,,,,,,EXCLUDED,1,10,9
1458,24444,7:41:30,1,,,,,,,,EXCLUDED,1,10,9
1458,24445,7:42:00,1,,,,,,,,EXCLUDED,1,10,9
1458,24446,7:42:30,1,,,,,,,,EXCLUDED,1,10,9
1458,24447,7:43:00,1,,,,,,,,EXCLUDED,1,10,9
1458,24448,7:43:30,1,,,,,,,,EXCLUDED,1,10,9
1458,24449,7:44:00,1,,,,,,,,EXCLUDED,1,10,9
1458,24450,7:44:30,1,,,,,,,,EXCLUDED,1,10,9
1458,24451,7:45:00,1,,,,,,,,EXCLUDED,1,10,9
1458,24452,7:45:30,1,,,,,,,,EXCLUDED,1,10,9
1458,24453,7:46:00,1,,,,,,,,EXCLUDED,1,10,9
1458,24454,7:46:30,1,,,,,,,,EXCLUDED,1,10,9
1458,24455,7:47:00,1,,,,,,,,EXCLUDED,1,10,9
1458,24456,7:47:30,1,,,,,,,,EXCLUDED,1,10,9
1458,24457,7:48:00,1,,,,,,,,EXCLUDED,1,10,9
1458,24458,7:48:30,1,,,,,,,,EXCLUDED,1,10,9
1458,24459,7:49:00,1,,,,,,,,EXCLUDED,1,10,9
1458,24460,7:49:30,1,,,,,,,,EXCLUDED,1,10,9
1458,24461,7:50:00,1,,,,,,,,EXCLUDED,1,10,9
1458,24462,7:50:30,1,,,,,,,,EXCLUDED,1,10,9
1458,24463,7:51:00,1,,,,,,,,EXCLUDED,1,10,9
1458,24464,7:51:30,1,,,,,,,,EXCLUDED,1,10,9
1458,24465,7:52:00,1,,,,,,,,EXCLUDED,1,10,9
1458,24466,7:52:30,1,,,,,,,,EXCLUDED,1,10,9
1458,24467,7:53:00,1,,,,,,,,EXCLUDED,1,10,9
1458,24468,7:53:30,1,,,,,,,,EXCLUDED,1,10,9
1458,24469,7:54:00,1,,,,,,,,EXCLUDED,1,10,9
1458,24470,7:54:30,1,,,,,,,,EXCLUDED,1,10,9
1458,24471,7:55:00,1,,,,,,,,EXCLUDED,1,10,9
1458,24472,7:55:30,1,,,,,,,,EXCLUDED,1,10,9
1458,24473,7:56:00,1,,,,,,,,EXCLUDED,1,10,9
1458,24474,7:56:30,1,,,,,,,,EXCLUDED,1,10,9
1458,24475,7:57:00,1,,,,,,,,EXCLUDED,1,10,9
1458,24476,7:57:30,1,,,,,,,,EXCLUDED,1,10,9
1458,24477,7:58:00,1,,,,,,,,EXCLUDED,1,10,9
1458,24478,7:58:30,1,,,,,,,,EXCLUDED,1,10,9
1458,24479,7:59:00,1,,,,,,,,EXCLUDED,1,10,9
1458,24480,7:59:30,1,,,,,,,,EXCLUDED,1,10,9
1458,24481,8:00:00,1,,,,,,,,EXCLUDED,1,10,9
1458,24482,8:00:30,1,,,,,,,,EXCLUDED,1,10,9
1458,24483,8:01:00,1,,,,,,,,EXCLUDED,1,10,9
1458,24484,8:01:30,1,,,,,,,,EXCLUDED,1,10,9
1458,24485,8:02:00,1,,,,,,,,EXCLUDED,1,10,9
1458,24486,8:02:30,1,,,,,,,,EXCLUDED,1,10,9
1458,24487,8:03:00,1,,,,,,,,EXCLUDED,1,10,9
1458,24488,8:03:30,1,,,,,,,,EXCLUDED,1,10,9
1458,24489,8:04:00,1,,,,,,,,EXCLUDED,1,10,9
1458,24490,8:04:30,1,,,,,,,,EXCLUDED,1,10,9
1458,24491,8:05:00,1,,,,,,,,EXCLUDED,1,10,9
1458,24492,8:05:30,1,,,,,,,,EXCLUDED,1,10,9
1458,24493,8:06:00,1,,,,,,,,EXCLUDED,1,10,9
1458,24494,8:06:30,1,,,,,,,,EXCLUDED,1,10,9
1458,24495,8:07:00,1,,,,,,,,EXCLUDED,1,10,9
1458,24496,8:07:30,1,,,,,,,,EXCLUDED,1,10,9
1458,24497,8:08:00,1,,,,,,,,EXCLUDED,1,10,9
1458,24498,8:08:30,1,,,,,,,,EXCLUDED,1,10,9
1458,24499,8:09:00,1,,,,,,,,EXCLUDED,1,10,9
1458,24500,8:09:30,1,,,,,,,,EXCLUDED,1,10,9
1458,24501,8:10:00,1,,,,,,,,EXCLUDED,1,10,9
1458,24502,8:10:30,1,,,,,,,,EXCLUDED,1,10,9
1458,24503,8:11:00,1,,,,,,,,EXCLUDED,1,10,9
1458,24504,8:11:30,1,,,,,,,,EXCLUDED,1,10,9
1458,24505,8:12:00,1,,,,,,,,EXCLUDED,1,10,9
1458,24506,8:12:30,1,,,,,,,,EXCLUDED,1,10,9
1458,24507,8:13:00,1,,,,,,,,EXCLUDED,1,10,9
1458,24508,8:13:30,1,,,,,,,,EXCLUDED,1,10,9
1458,24509,8:14:00,1,,,,,,,,EXCLUDED,1,10,9
1458,24510,8:14:30,1,,,,,,,,EXCLUDED,1,10,9
1458,24511,8:15:00,1,,,,,,,,EXCLUDED,1,10,9
1458,24512,8:15:30,1,,,,,,,,EXCLUDED,1,10,9
1458,24513,8:16:00,1,,,,,,,,EXCLUDED,1,10,9
1458,24514,8:16:30,1,,,,,,,,EXCLUDED,1,10,9
1458,24515,8:17:00,1,,,,,,,,EXCLUDED,1,10,9
1458,24516,8:17:30,1,,,,,,,,EXCLUDED,1,10,9
1458,24517,8:18:00,1,,,,,,,,EXCLUDED,1,10,9
1458,24518,8:18:30,1,,,,,,,,EXCLUDED,1,10,9
1458,24519,8:19:00,1,,,,,,,,EXCLUDED,1,10,9
1458,24520,8:19:30,1,,,,,,,,EXCLUDED,1,10,9
1458,24521,8:20:00,1,,,,,,,,EXCLUDED,1,10,9
1458,24522,8:20:30,1,,,,,,,,EXCLUDED,1,10,9
1458,24523,8:21:00,1,,,,,,,,EXCLUDED,1,10,9
1458,24524,8:21:30,1,,,,,,,,EXCLUDED,1,10,9
1458,24525,8:22:00,1,,,,,,,,EXCLUDED,1,10,9
1458,24526,8:22:30,1,,,,,,,,EXCLUDED,1,10,9
1458,24527,8:23:00,1,,,,,,,,EXCLUDED,1,10,9
1458,24528,8:23:30,1,,,,,,,,EXCLUDED,1,10,9
1458,24529,8:24:00,1,,,,,,,,EXCLUDED,1,10,9
1458,24530,8:24:30,1,,,,,,,,EXCLUDED,1,10,9
1458,24531,8:25:00,1,,,,,,,,EXCLUDED,1,10,9
1458,24532,8:25:30,1,,,,,,,,EXCLUDED,1,10,9
1458,24533,8:26:00,1,,,,,,,,EXCLUDED,1,10,9
1458,24534,8:26:30,1,,,,,,,,EXCLUDED,1,10,9
1458,24535,8:27:00,1,,,,,,,,EXCLUDED,1,10,9
1458,24536,8:27:30,1,,,,,,,,EXCLUDED,1,10,9
1458,24537,8:28:00,1,,,,,,,,EXCLUDED,1,10,9
1458,24538,8:28:30,1,,,,,,,,EXCLUDED,1,10,9
1458,24539,8:29:00,1,,,,,,,,EXCLUDED,1,10,9
1458,24540,8:29:30,1,,,,,,,,EXCLUDED,1,10,9
1458,24541,8:30:00,1,,,,,,,,EXCLUDED,1,10,9
1458,24542,8:30:30,1,,,,,,,,EXCLUDED,1,10,9
1458,24543,8:31:00,1,,,,,,,,EXCLUDED,1,10,9
1458,24544,8:31:30,1,,,,,,,,EXCLUDED,1,10,9
1458,24545,8:32:00,1,,,,,,,,EXCLUDED,1,10,9
1458,24546,8:32:30,1,,,,,,,,EXCLUDED,1,10,9
1458,24547,8:33:00,1,,,,,,,,EXCLUDED,1,10,9
1458,24548,8:33:30,1,,,,,,,,EXCLUDED,1,10,9
1458,24549,8:34:00,1,,,,,,,,EXCLUDED,1,10,9
1458,24550,8:34:30,1,,,,,,,,EXCLUDED,1,10,9
1458,24551,8:35:00,1,,,,,,,,EXCLUDED,1,10,9
1458,24552,8:35:30,1,,,,,,,,EXCLUDED,1,10,9
1458,24553,8:36:00,1,,,,,,,,EXCLUDED,1,10,9
1458,24554,8:36:30,1,,,,,,,,EXCLUDED,1,10,9
1458,24555,8:37:00,1,,,,,,,,EXCLUDED,1,10,9
1458,24556,8:37:30,1,,,,,,,,EXCLUDED,1,10,9
1458,24557,8:38:00,1,,,,,,,,EXCLUDED,1,10,9
1458,24558,8:38:30,1,,,,,,,,EXCLUDED,1,10,9
1458,24559,8:39:00,1,,,,,,,,EXCLUDED,1,10,9
1458,24560,8:39:30,1,,,,,,,,EXCLUDED,1,10,9
1458,24561,8:40:00,1,,,,,,,,EXCLUDED,1,10,9
1458,24562,8:40:30,1,,,,,,,,EXCLUDED,1,10,9
1458,24563,8:41:00,1,,,,,,,,EXCLUDED,1,10,9
1458,24564,8:41:30,1,,,,,,,,EXCLUDED,1,10,9
1458,24565,8:42:00,1,,,,,,,,EXCLUDED,1,10,9
1458,24566,8:42:30,1,,,,,,,,EXCLUDED,1,10,9
1458,24567,8:43:00,1,,,,,,,,EXCLUDED,1,10,9
1458,24568,8:43:30,1,,,,,,,,EXCLUDED,1,10,9
1458,24569,8:44:00,1,,,,,,,,EXCLUDED,1,10,9
1458,24570,8:44:30,1,,,,,,,,EXCLUDED,1,10,9
1458,24571,8:45:00,1,,,,,,,,EXCLUDED,1,10,9
1458,24572,8:45:30,1,,,,,,,,EXCLUDED,1,10,9
1458,24573,8:46:00,1,,,,,,,,EXCLUDED,1,10,9
1458,24574,8:46:30,1,,,,,,,,EXCLUDED,1,10,9
1458,24575,8:47:00,1,,,,,,,,EXCLUDED,1,10,9
1458,24576,8:47:30,1,,,,,,,,EXCLUDED,1,10,9
1458,24577,8:48:00,1,,,,,,,,EXCLUDED,1,10,9
1458,24578,8:48:30,1,,,,,,,,EXCLUDED,1,10,9
1458,24579,8:49:00,1,,,,,,,,EXCLUDED,1,10,9
1458,24580,8:49:30,1,,,,,,,,EXCLUDED,1,10,9
1458,24581,8:50:00,1,,,,,,,,EXCLUDED,1,10,9
1458,24582,8:50:30,1,,,,,,,,EXCLUDED,1,10,9
1458,24583,8:51:00,1,,,,,,,,EXCLUDED,1,10,9
1458,24584,8:51:30,1,,,,,,,,EXCLUDED,1,10,9
1458,24585,8:52:00,1,,,,,,,,EXCLUDED,1,10,9
1458,24586,8:52:30,1,,,,,,,,EXCLUDED,1,10,9
1458,24587,8:53:00,1,,,,,,,,EXCLUDED,1,10,9
1458,24588,8:53:30,1,,,,,,,,EXCLUDED,1,10,9
1458,24589,8:54:00,1,,,,,,,,EXCLUDED,1,10,9
1458,24590,8:54:30,1,,,,,,,,EXCLUDED,1,10,9
1458,24591,8:55:00,1,,,,,,,,EXCLUDED,1,10,9
1458,24592,8:55:30,1,,,,,,,,EXCLUDED,1,10,9
1458,24593,8:56:00,1,,,,,,,,EXCLUDED,1,10,9
1458,24594,8:56:30,1,,,,,,,,EXCLUDED,1,10,9
1458,24595,8:57:00,1,,,,,,,,EXCLUDED,1,10,9
1458,24596,8:57:30,1,,,,,,,,EXCLUDED,1,10,9
1458,24597,8:58:00,1,,,,,,,,EXCLUDED,1,10,9
1458,24598,8:58:30,1,,,,,,,,EXCLUDED,1,10,9
1458,24599,8:59:00,1,,,,,,,,EXCLUDED,1,10,9
1458,24600,8:59:30,1,,,,,,,,EXCLUDED,1,10,9
1458,24601,9:00:00,1,,,,,,,,EXCLUDED,1,10,9
1458,24602,9:00:30,1,,,,,,,,EXCLUDED,1,10,9
1458,24603,9:01:00,1,,,,,,,,EXCLUDED,1,10,9
1458,24604,9:01:30,1,,,,,,,,EXCLUDED,1,10,9
1458,24605,9:02:00,1,,,,,,,,EXCLUDED,1,10,9
1458,24606,9:02:30,1,,,,,,,,EXCLUDED,1,10,9
1458,24607,9:03:00,1,,,,,,,,EXCLUDED,1,10,9
1458,24608,9:03:30,1,,,,,,,,EXCLUDED,1,10,9
1458,24609,9:04:00,1,,,,,,,,EXCLUDED,1,10,9
1458,24610,9:04:30,1,,,,,,,,EXCLUDED,1,10,9
1458,24611,9:05:00,1,,,,,,,,EXCLUDED,1,10,9
1458,24612,9:05:30,1,,,,,,,,EXCLUDED,1,10,9
1458,24613,9:06:00,1,,,,,,,,EXCLUDED,1,10,9
1458,24614,9:06:30,1,,,,,,,,EXCLUDED,1,10,9
1458,24615,9:07:00,1,,,,,,,,EXCLUDED,1,10,9
1458,24616,9:07:30,1,,,,,,,,EXCLUDED,1,10,9
1458,24617,9:08:00,1,,,,,,,,EXCLUDED,1,10,9
1458,24618,9:08:30,1,,,,,,,,EXCLUDED,1,10,9
1458,24619,9:09:00,1,,,,,,,,EXCLUDED,1,10,9
1458,24620,9:09:30,1,,,,,,,,EXCLUDED,1,10,9
1458,24621,9:10:00,1,,,,,,,,EXCLUDED,1,10,9
1458,24622,9:10:30,1,,,,,,,,EXCLUDED,1,10,9
1458,24623,9:11:00,1,,,,,,,,EXCLUDED,1,10,9
1458,24624,9:11:30,1,,,,,,,,EXCLUDED,1,10,9
1458,24625,9:12:00,1,,,,,,,,EXCLUDED,1,10,9
1458,24626,9:12:30,1,,,,,,,,EXCLUDED,1,10,9
1458,24627,9:13:00,1,,,,,,,,EXCLUDED,1,10,9
1458,24628,9:13:30,1,,,,,,,,EXCLUDED,1,10,9
1458,24629,9:14:00,1,,,,,,,,EXCLUDED,1,10,9
1458,24630,9:14:30,1,,,,,,,,EXCLUDED,1,10,9
1458,24631,9:15:00,1,,,,,,,,EXCLUDED,1,10,9
1458,24632,9:15:30,1,,,,,,,,EXCLUDED,1,10,9
1458,24633,9:16:00,1,,,,,,,,EXCLUDED,1,10,9
1458,24634,9:16:30,1,,,,,,,,EXCLUDED,1,10,9
1458,24635,9:17:00,1,,,,,,,,EXCLUDED,1,10,9
1458,24636,9:17:30,1,,,,,,,,EXCLUDED,1,10,9
1458,24637,9:18:00,1,,,,,,,,EXCLUDED,1,10,9
1458,24638,9:18:30,1,,,,,,,,EXCLUDED,1,10,9
1458,24639,9:19:00,1,,,,,,,,EXCLUDED,1,10,9
1458,24640,9:19:30,1,,,,,,,,EXCLUDED,1,10,9
1458,24641,9:20:00,1,,,,,,,,EXCLUDED,1,10,9
1458,24642,9:20:30,1,,,,,,,,EXCLUDED,1,10,9
1458,24643,9:21:00,1,,,,,,,,EXCLUDED,1,10,9
1458,24644,9:21:30,1,,,,,,,,EXCLUDED,1,10,9
1458,24645,9:22:00,1,,,,,,,,EXCLUDED,1,10,9
1458,24646,9:22:30,1,,,,,,,,EXCLUDED,1,10,9
1458,24647,9:23:00,1,,,,,,,,EXCLUDED,1,10,9
1458,24648,9:23:30,1,,,,,,,,EXCLUDED,1,10,9
1458,24649,9:24:00,1,,,,,,,,EXCLUDED,1,10,9
1458,24650,9:24:30,1,,,,,,,,EXCLUDED,1,10,9
1458,24651,9:25:00,1,,,,,,,,EXCLUDED,1,10,9
1458,24652,9:25:30,1,,,,,,,,EXCLUDED,1,10,9
1458,24653,9:26:00,1,,,,,,,,EXCLUDED,1,10,9
1458,24654,9:26:30,1,,,,,,,,EXCLUDED,1,10,9
1458,24655,9:27:00,1,,,,,,,,EXCLUDED,1,10,9
1458,24656,9:27:30,1,,,,,,,,EXCLUDED,1,10,9
1458,24657,9:28:00,1,,,,,,,,EXCLUDED,1,10,9
1458,24658,9:28:30,1,,,,,,,,EXCLUDED,1,10,9
1458,24659,9:29:00,1,,,,,,,,EXCLUDED,1,10,9
1458,24660,9:29:30,1,,,,,,,,EXCLUDED,1,10,9
1458,24661,9:30:00,1,,,,,,,,EXCLUDED,1,10,9
1458,24662,9:30:30,1,,,,,,,,EXCLUDED,1,10,9
1458,24663,9:31:00,1,,,,,,,,EXCLUDED,1,10,9
1458,24664,9:31:30,1,,,,,,,,EXCLUDED,1,10,9
1458,24665,9:32:00,1,,,,,,,,EXCLUDED,1,10,9
1458,24666,9:32:30,1,,,,,,,,EXCLUDED,1,10,9
1458,24667,9:33:00,1,,,,,,,,EXCLUDED,1,10,9
1458,24668,9:33:30,1,,,,,,,,EXCLUDED,1,10,9
1458,24669,9:34:00,1,,,,,,,,EXCLUDED,1,10,9
1458,24670,9:34:30,1,,,,,,,,EXCLUDED,1,10,9
1458,24671,9:35:00,1,,,,,,,,EXCLUDED,1,10,9
1458,24672,9:35:30,1,,,,,,,,EXCLUDED,1,10,9
1458,24673,9:36:00,1,,,,,,,,EXCLUDED,1,10,9
1458,24674,9:36:30,1,,,,,,,,EXCLUDED,1,10,9
1458,24675,9:37:00,1,,,,,,,,EXCLUDED,1,10,9
1458,24676,9:37:30,1,,,,,,,,EXCLUDED,1,10,9
1458,24677,9:38:00,1,,,,,,,,EXCLUDED,1,10,9
1458,24678,9:38:30,1,,,,,,,,EXCLUDED,1,10,9
1458,24679,9:39:00,1,,,,,,,,EXCLUDED,1,10,9
1458,24680,9:39:30,1,,,,,,,,EXCLUDED,1,10,9
1458,24681,9:40:00,1,,,,,,,,EXCLUDED,1,10,9
1458,24682,9:40:30,1,,,,,,,,EXCLUDED,1,10,9
1458,24683,9:41:00,1,,,,,,,,EXCLUDED,1,10,9
1458,24684,9:41:30,1,,,,,,,,EXCLUDED,1,10,9
1458,24685,9:42:00,1,,,,,,,,EXCLUDED,1,10,9
1458,24686,9:42:30,1,,,,,,,,EXCLUDED,1,10,9
1458,24687,9:43:00,1,,,,,,,,EXCLUDED,1,10,9
1458,24688,9:43:30,1,,,,,,,,EXCLUDED,1,10,9
1458,24689,9:44:00,1,,,,,,,,EXCLUDED,1,10,9
1458,24690,9:44:30,1,,,,,,,,EXCLUDED,1,10,9
1458,24691,9:45:00,1,,,,,,,,EXCLUDED,1,10,9
1458,24692,9:45:30,1,,,,,,,,EXCLUDED,1,10,9
1458,24693,9:46:00,1,,,,,,,,EXCLUDED,1,10,9
1458,24694,9:46:30,1,,,,,,,,EXCLUDED,1,10,9
1458,24695,9:47:00,1,,,,,,,,EXCLUDED,1,10,9
1458,24696,9:47:30,1,,,,,,,,EXCLUDED,1,10,9
1458,24697,9:48:00,1,,,,,,,,EXCLUDED,1,10,9
1458,24698,9:48:30,1,,,,,,,,EXCLUDED,1,10,9
1458,24699,9:49:00,1,,,,,,,,EXCLUDED,1,10,9
1458,24700,9:49:30,1,,,,,,,,EXCLUDED,1,10,9
1458,24701,9:50:00,1,,,,,,,,EXCLUDED,1,10,9
1458,24702,9:50:30,1,,,,,,,,EXCLUDED,1,10,9
1458,24703,9:51:00,1,,,,,,,,EXCLUDED,1,10,9
1458,24704,9:51:30,1,,,,,,,,EXCLUDED,1,10,9
1458,24705,9:52:00,1,,,,,,,,EXCLUDED,1,10,9
1458,24706,9:52:30,1,,,,,,,,EXCLUDED,1,10,9
1458,24707,9:53:00,1,,,,,,,,EXCLUDED,1,10,9
1458,24708,9:53:30,1,,,,,,,,EXCLUDED,1,10,9
1458,24709,9:54:00,1,,,,,,,,EXCLUDED,1,10,9
1458,24710,9:54:30,1,,,,,,,,EXCLUDED,1,10,9
1458,24711,9:55:00,1,,,,,,,,EXCLUDED,1,10,9
1458,24712,9:55:30,1,,,,,,,,EXCLUDED,1,10,9
1458,24713,9:56:00,1,,,,,,,,EXCLUDED,1,10,9
1458,24714,9:56:30,1,,,,,,,,EXCLUDED,1,10,9
1458,24715,9:57:00,1,,,,,,,,EXCLUDED,1,10,9
1458,24716,9:57:30,1,,,,,,,,EXCLUDED,1,10,9
1458,24717,9:58:00,1,,,,,,,,EXCLUDED,1,10,9
1458,24718,9:58:30,1,,,,,,,,EXCLUDED,1,10,9
1458,24719,9:59:00,1,,,,,,,,EXCLUDED,1,10,9
1458,24720,9:59:30,1,,,,,,,,EXCLUDED,1,10,9
1458,24721,10:00:00,1,,,,,,,,EXCLUDED,1,10,9
1458,24722,10:00:30,1,,,,,,,,EXCLUDED,1,10,9
1458,24723,10:01:00,1,,,,,,,,EXCLUDED,1,10,9
1458,24724,10:01:30,1,,,,,,,,EXCLUDED,1,10,9
1458,24725,10:02:00,1,,,,,,,,EXCLUDED,1,10,9
1458,24726,10:02:30,1,,,,,,,,EXCLUDED,1,10,9
1458,24727,10:03:00,1,,,,,,,,EXCLUDED,1,10,9
1458,24728,10:03:30,1,,,,,,,,EXCLUDED,1,10,9
1458,24729,10:04:00,1,,,,,,,,EXCLUDED,1,10,9
1458,24730,10:04:30,1,,,,,,,,EXCLUDED,1,10,9
1458,24731,10:05:00,1,,,,,,,,EXCLUDED,1,10,9
1458,24732,10:05:30,1,,,,,,,,EXCLUDED,1,10,9
1458,24733,10:06:00,1,,,,,,,,EXCLUDED,1,10,9
1458,24734,10:06:30,1,,,,,,,,EXCLUDED,1,10,9
1458,24735,10:07:00,1,,,,,,,,EXCLUDED,1,10,9
1458,24736,10:07:30,1,,,,,,,,EXCLUDED,1,10,9
1458,24737,10:08:00,1,,,,,,,,EXCLUDED,1,10,9
1458,24738,10:08:30,1,,,,,,,,EXCLUDED,1,10,9
1458,24739,10:09:00,1,,,,,,,,EXCLUDED,1,10,9
1458,24740,10:09:30,1,,,,,,,,EXCLUDED,1,10,9
1458,24741,10:10:00,1,,,,,,,,EXCLUDED,1,10,9
1458,24742,10:10:30,1,,,,,,,,EXCLUDED,1,10,9
1458,24743,10:11:00,1,,,,,,,,EXCLUDED,1,10,9
1458,24744,10:11:30,1,,,,,,,,EXCLUDED,1,10,9
1458,24745,10:12:00,1,,,,,,,,EXCLUDED,1,10,9
1458,24746,10:12:30,1,,,,,,,,EXCLUDED,1,10,9
1458,24747,10:13:00,1,,,,,,,,EXCLUDED,1,10,9
1458,24748,10:13:30,1,,,,,,,,EXCLUDED,1,10,9
1458,24749,10:14:00,1,,,,,,,,EXCLUDED,1,10,9
1458,24750,10:14:30,1,,,,,,,,EXCLUDED,1,10,9
1458,24751,10:15:00,1,,,,,,,,EXCLUDED,1,10,9
1458,24752,10:15:30,1,,,,,,,,EXCLUDED,1,10,9
1458,24753,10:16:00,1,,,,,,,,EXCLUDED,1,10,9
1458,24754,10:16:30,1,,,,,,,,EXCLUDED,1,10,9
1458,24755,10:17:00,1,,,,,,,,EXCLUDED,1,10,9
1458,24756,10:17:30,1,,,,,,,,EXCLUDED,1,10,9
1458,24757,10:18:00,1,,,,,,,,EXCLUDED,1,10,9
1458,24758,10:18:30,1,,,,,,,,EXCLUDED,1,10,9
1458,24759,10:19:00,1,,,,,,,,EXCLUDED,1,10,9
1458,24760,10:19:30,1,,,,,,,,EXCLUDED,1,10,9
1458,24761,10:20:00,1,,,,,,,,EXCLUDED,1,10,9
1458,24762,10:20:30,1,,,,,,,,EXCLUDED,1,10,9
1458,24763,10:21:00,1,,,,,,,,EXCLUDED,1,10,9
1458,24764,10:21:30,1,,,,,,,,EXCLUDED,1,10,9
1458,24765,10:22:00,1,,,,,,,,EXCLUDED,1,10,9
1458,24766,10:22:30,1,,,,,,,,EXCLUDED,1,10,9
1458,24767,10:23:00,1,,,,,,,,EXCLUDED,1,10,9
1458,24768,10:23:30,1,,,,,,,,EXCLUDED,1,10,9
1458,24769,10:24:00,1,,,,,,,,EXCLUDED,1,10,9
1458,24770,10:24:30,1,,,,,,,,EXCLUDED,1,10,9
1458,24771,10:25:00,1,,,,,,,,EXCLUDED,1,10,9
1458,24772,10:25:30,1,,,,,,,,EXCLUDED,1,10,9
1458,24773,10:26:00,1,,,,,,,,EXCLUDED,1,10,9
1458,24774,10:26:30,1,,,,,,,,EXCLUDED,1,10,9
1458,24775,10:27:00,1,,,,,,,,EXCLUDED,1,10,9
1458,24776,10:27:30,1,,,,,,,,EXCLUDED,1,10,9
1458,24777,10:28:00,1,,,,,,,,EXCLUDED,1,10,9
1458,24778,10:28:30,1,,,,,,,,EXCLUDED,1,10,9
1458,24779,10:29:00,1,,,,,,,,EXCLUDED,1,10,9
1458,24780,10:29:30,1,,,,,,,,EXCLUDED,1,10,9
1458,24781,10:30:00,1,,,,,,,,EXCLUDED,1,10,9
1458,24782,10:30:30,1,,,,,,,,EXCLUDED,1,10,9
1458,24783,10:31:00,1,,,,,,,,EXCLUDED,1,10,9
1458,24784,10:31:30,1,,,,,,,,EXCLUDED,1,10,9
1458,24785,10:32:00,1,,,,,,,,EXCLUDED,1,10,9
1458,24786,10:32:30,1,,,,,,,,EXCLUDED,1,10,9
1458,24787,10:33:00,1,,,,,,,,EXCLUDED,1,10,9
1458,24788,10:33:30,1,,,,,,,,EXCLUDED,1,10,9
1458,24789,10:34:00,1,,,,,,,,EXCLUDED,1,10,9
1458,24790,10:34:30,1,,,,,,,,EXCLUDED,1,10,9
1458,24791,10:35:00,1,,,,,,,,EXCLUDED,1,10,9
1458,24792,10:35:30,1,,,,,,,,EXCLUDED,1,10,9
1458,24793,10:36:00,1,,,,,,,,EXCLUDED,1,10,9
1458,24794,10:36:30,1,,,,,,,,EXCLUDED,1,10,9
1458,24795,10:37:00,1,,,,,,,,EXCLUDED,1,10,9
1458,24796,10:37:30,1,,,,,,,,EXCLUDED,1,10,9
1458,24797,10:38:00,1,,,,,,,,EXCLUDED,1,10,9
1458,24798,10:38:30,1,,,,,,,,EXCLUDED,1,10,9
1458,24799,10:39:00,1,,,,,,,,EXCLUDED,1,10,9
1458,24800,10:39:30,1,,,,,,,,EXCLUDED,1,10,9
1458,24801,10:40:00,1,,,,,,,,EXCLUDED,1,10,9
1458,24802,10:40:30,1,,,,,,,,EXCLUDED,1,10,9
1458,24803,10:41:00,1,,,,,,,,EXCLUDED,1,10,9
1458,24804,10:41:30,1,,,,,,,,EXCLUDED,1,10,9
1458,24805,10:42:00,1,,,,,,,,EXCLUDED,1,10,9
1458,24806,10:42:30,1,,,,,,,,EXCLUDED,1,10,9
1458,24807,10:43:00,1,,,,,,,,EXCLUDED,1,10,9
1458,24808,10:43:30,1,,,,,,,,EXCLUDED,1,10,9
1458,24809,10:44:00,1,,,,,,,,EXCLUDED,1,10,9
1458,24810,10:44:30,1,,,,,,,,EXCLUDED,1,10,9
1458,24811,10:45:00,1,,,,,,,,EXCLUDED,1,10,9
1458,24812,10:45:30,1,,,,,,,,EXCLUDED,1,10,9
1458,24813,10:46:00,1,,,,,,,,EXCLUDED,1,10,9
1458,24814,10:46:30,1,,,,,,,,EXCLUDED,1,10,9
1458,24815,10:47:00,1,,,,,,,,EXCLUDED,1,10,9
1458,24816,10:47:30,1,,,,,,,,EXCLUDED,1,10,9
1458,24817,10:48:00,1,,,,,,,,EXCLUDED,1,10,9
1458,24818,10:48:30,1,,,,,,,,EXCLUDED,1,10,9
1458,24819,10:49:00,1,,,,,,,,EXCLUDED,1,10,9
1458,24820,10:49:30,1,,,,,,,,EXCLUDED,1,10,9
1458,24821,10:50:00,1,,,,,,,,EXCLUDED,1,10,9
1458,24822,10:50:30,1,,,,,,,,EXCLUDED,1,10,9
1458,24823,10:51:00,1,,,,,,,,EXCLUDED,1,10,9
1458,24824,10:51:30,1,,,,,,,,EXCLUDED,1,10,9
1458,24825,10:52:00,1,,,,,,,,EXCLUDED,1,10,9
1458,24826,10:52:30,1,,,,,,,,EXCLUDED,1,10,9
1458,24827,10:53:00,1,,,,,,,,EXCLUDED,1,10,9
1458,24828,10:53:30,1,,,,,,,,EXCLUDED,1,10,9
1458,24829,10:54:00,1,,,,,,,,EXCLUDED,1,10,9
1458,24830,10:54:30,1,,,,,,,,EXCLUDED,1,10,9
1458,24831,10:55:00,1,,,,,,,,EXCLUDED,1,10,9
1458,24832,10:55:30,1,,,,,,,,EXCLUDED,1,10,9
1458,24833,10:56:00,1,,,,,,,,EXCLUDED,1,10,9
1458,24834,10:56:30,1,,,,,,,,EXCLUDED,1,10,9
1458,24835,10:57:00,1,,,,,,,,EXCLUDED,1,10,9
1458,24836,10:57:30,1,,,,,,,,EXCLUDED,1,10,9
1458,24837,10:58:00,1,,,,,,,,EXCLUDED,1,10,9
1458,24838,10:58:30,1,,,,,,,,EXCLUDED,1,10,9
1458,24839,10:59:00,1,,,,,,,,EXCLUDED,1,10,9
1458,24840,10:59:30,1,,,,,,,,EXCLUDED,1,10,9
1458,24841,11:00:00,1,,,,,,,,EXCLUDED,1,10,9
1458,24842,11:00:30,1,,,,,,,,EXCLUDED,1,10,9
1458,24843,11:01:00,1,,,,,,,,EXCLUDED,1,10,9
1458,24844,11:01:30,1,,,,,,,,EXCLUDED,1,10,9
1458,24845,11:02:00,1,,,,,,,,EXCLUDED,1,10,9
1458,24846,11:02:30,1,,,,,,,,EXCLUDED,1,10,9
1458,24847,11:03:00,1,,,,,,,,EXCLUDED,1,10,9
1458,24848,11:03:30,1,,,,,,,,EXCLUDED,1,10,9
1458,24849,11:04:00,1,,,,,,,,EXCLUDED,1,10,9
1458,24850,11:04:30,1,,,,,,,,EXCLUDED,1,10,9
1458,24851,11:05:00,1,,,,,,,,EXCLUDED,1,10,9
1458,24852,11:05:30,1,,,,,,,,EXCLUDED,1,10,9
1458,24853,11:06:00,1,,,,,,,,EXCLUDED,1,10,9
1458,24854,11:06:30,1,,,,,,,,EXCLUDED,1,10,9
1458,24855,11:07:00,1,,,,,,,,EXCLUDED,1,10,9
1458,24856,11:07:30,1,,,,,,,,EXCLUDED,1,10,9
1458,24857,11:08:00,1,,,,,,,,EXCLUDED,1,10,9
1458,24858,11:08:30,1,,,,,,,,EXCLUDED,1,10,9
1458,24859,11:09:00,1,,,,,,,,EXCLUDED,1,10,9
1458,24860,11:09:30,1,,,,,,,,EXCLUDED,1,10,9
1458,24861,11:10:00,1,,,,,,,,EXCLUDED,1,10,9
1458,24862,11:10:30,1,,,,,,,,EXCLUDED,1,10,9
1458,24863,11:11:00,1,,,,,,,,EXCLUDED,1,10,9
1458,24864,11:11:30,1,,,,,,,,EXCLUDED,1,10,9
1458,24865,11:12:00,1,,,,,,,,EXCLUDED,1,10,9
1458,24866,11:12:30,1,,,,,,,,EXCLUDED,1,10,9
1458,24867,11:13:00,1,,,,,,,,EXCLUDED,1,10,9
1458,24868,11:13:30,1,,,,,,,,EXCLUDED,1,10,9
1458,24869,11:14:00,1,,,,,,,,EXCLUDED,1,10,9
1458,24870,11:14:30,1,,,,,,,,EXCLUDED,1,10,9
1458,24871,11:15:00,1,,,,,,,,EXCLUDED,1,10,9
1458,24872,11:15:30,1,,,,,,,,EXCLUDED,1,10,9
1458,24873,11:16:00,1,,,,,,,,EXCLUDED,1,10,9
1458,24874,11:16:30,1,,,,,,,,EXCLUDED,1,10,9
1458,24875,11:17:00,1,,,,,,,,EXCLUDED,1,10,9
1458,24876,11:17:30,1,,,,,,,,EXCLUDED,1,10,9
1458,24877,11:18:00,1,,,,,,,,EXCLUDED,1,10,9
1458,24878,11:18:30,1,,,,,,,,EXCLUDED,1,10,9
1458,24879,11:19:00,1,,,,,,,,EXCLUDED,1,10,9
1458,24880,11:19:30,1,,,,,,,,EXCLUDED,1,10,9
1458,24881,11:20:00,1,,,,,,,,EXCLUDED,1,10,9
1458,24882,11:20:30,1,,,,,,,,EXCLUDED,1,10,9
1458,24883,11:21:00,1,,,,,,,,EXCLUDED,1,10,9
1458,24884,11:21:30,1,,,,,,,,EXCLUDED,1,10,9
1458,24885,11:22:00,1,,,,,,,,EXCLUDED,1,10,9
1458,24886,11:22:30,1,,,,,,,,EXCLUDED,1,10,9
1458,24887,11:23:00,1,,,,,,,,EXCLUDED,1,10,9
1458,24888,11:23:30,1,,,,,,,,EXCLUDED,1,10,9
1458,24889,11:24:00,1,,,,,,,,EXCLUDED,1,10,9
1458,24890,11:24:30,1,,,,,,,,EXCLUDED,1,10,9
1458,24891,11:25:00,1,,,,,,,,EXCLUDED,1,10,9
1458,24892,11:25:30,1,,,,,,,,EXCLUDED,1,10,9
1458,24893,11:26:00,1,,,,,,,,EXCLUDED,1,10,9
1458,24894,11:26:30,1,,,,,,,,EXCLUDED,1,10,9
1458,24895,11:27:00,1,,,,,,,,EXCLUDED,1,10,9
1458,24896,11:27:30,1,,,,,,,,EXCLUDED,1,10,9
1458,24897,11:28:00,1,,,,,,,,EXCLUDED,1,10,9
1458,24898,11:28:30,1,,,,,,,,EXCLUDED,1,10,9
1458,24899,11:29:00,1,,,,,,,,EXCLUDED,1,10,9
1458,24900,11:29:30,1,,,,,,,,EXCLUDED,1,10,9
1458,24901,11:30:00,1,,,,,,,,EXCLUDED,1,10,9
1458,24902,11:30:30,1,,,,,,,,EXCLUDED,1,10,9
1458,24903,11:31:00,1,,,,,,,,EXCLUDED,1,10,9
1458,24904,11:31:30,1,,,,,,,,EXCLUDED,1,10,9
1458,24905,11:32:00,1,,,,,,,,EXCLUDED,1,10,9
1458,24906,11:32:30,1,,,,,,,,EXCLUDED,1,10,9
1458,24907,11:33:00,1,,,,,,,,EXCLUDED,1,10,9
1458,24908,11:33:30,1,,,,,,,,EXCLUDED,1,10,9
1458,24909,11:34:00,1,,,,,,,,EXCLUDED,1,10,9
1458,24910,11:34:30,1,,,,,,,,EXCLUDED,1,10,9
1458,24911,11:35:00,1,,,,,,,,EXCLUDED,1,10,9
1458,24912,11:35:30,1,,,,,,,,EXCLUDED,1,10,9
1458,24913,11:36:00,1,,,,,,,,EXCLUDED,1,10,9
1458,24914,11:36:30,1,,,,,,,,EXCLUDED,1,10,9
1458,24915,11:37:00,1,,,,,,,,EXCLUDED,1,10,9
1458,24916,11:37:30,1,,,,,,,,EXCLUDED,1,10,9
1458,24917,11:38:00,1,,,,,,,,EXCLUDED,1,10,9
1458,24918,11:38:30,1,,,,,,,,EXCLUDED,1,10,9
1458,24919,11:39:00,1,,,,,,,,EXCLUDED,1,10,9
1458,24920,11:39:30,1,,,,,,,,EXCLUDED,1,10,9
1458,24921,11:40:00,1,,,,,,,,EXCLUDED,1,10,9
1458,24922,11:40:30,1,,,,,,,,EXCLUDED,1,10,9
1458,24923,11:41:00,1,,,,,,,,EXCLUDED,1,10,9
1458,24924,11:41:30,1,,,,,,,,EXCLUDED,1,10,9
1458,24925,11:42:00,1,,,,,,,,EXCLUDED,1,10,9
1458,24926,11:42:30,1,,,,,,,,EXCLUDED,1,10,9
1458,24927,11:43:00,1,,,,,,,,EXCLUDED,1,10,9
1458,24928,11:43:30,1,,,,,,,,EXCLUDED,1,10,9
1458,24929,11:44:00,1,,,,,,,,EXCLUDED,1,10,9
1458,24930,11:44:30,1,,,,,,,,EXCLUDED,1,10,9
1458,24931,11:45:00,1,,,,,,,,EXCLUDED,1,10,9
1458,24932,11:45:30,1,,,,,,,,EXCLUDED,1,10,9
1458,24933,11:46:00,1,,,,,,,,EXCLUDED,1,10,9
1458,24934,11:46:30,1,,,,,,,,EXCLUDED,1,10,9
1458,24935,11:47:00,1,,,,,,,,EXCLUDED,1,10,9
1458,24936,11:47:30,1,,,,,,,,EXCLUDED,1,10,9
1458,24937,11:48:00,1,,,,,,,,EXCLUDED,1,10,9
1458,24938,11:48:30,1,,,,,,,,EXCLUDED,1,10,9
1458,24939,11:49:00,1,,,,,,,,EXCLUDED,1,10,9
1458,24940,11:49:30,1,,,,,,,,EXCLUDED,1,10,9
1458,24941,11:50:00,1,,,,,,,,EXCLUDED,1,10,9
1458,24942,11:50:30,1,,,,,,,,EXCLUDED,1,10,9
1458,24943,11:51:00,1,,,,,,,,EXCLUDED,1,10,9
1458,24944,11:51:30,1,,,,,,,,EXCLUDED,1,10,9
1458,24945,11:52:00,1,,,,,,,,EXCLUDED,1,10,9
1458,24946,11:52:30,1,,,,,,,,EXCLUDED,1,10,9
1458,24947,11:53:00,1,,,,,,,,EXCLUDED,1,10,9
1458,24948,11:53:30,1,,,,,,,,EXCLUDED,1,10,9
1458,24949,11:54:00,1,,,,,,,,EXCLUDED,1,10,9
1458,24950,11:54:30,1,,,,,,,,EXCLUDED,1,10,9
1458,24951,11:55:00,1,,,,,,,,EXCLUDED,1,10,9
1458,24952,11:55:30,1,,,,,,,,EXCLUDED,1,10,9
1458,24953,11:56:00,1,,,,,,,,EXCLUDED,1,10,9
1458,24954,11:56:30,1,,,,,,,,EXCLUDED,1,10,9
1458,24955,11:57:00,1,,,,,,,,EXCLUDED,1,10,9
1458,24956,11:57:30,1,,,,,,,,EXCLUDED,1,10,9
1458,24957,11:58:00,1,,,,,,,,EXCLUDED,1,10,9
1458,24958,11:58:30,1,,,,,,,,EXCLUDED,1,10,9
1458,24959,11:59:00,1,,,,,,,,EXCLUDED,1,10,9
1458,24960,11:59:30,1,,,,,,,,EXCLUDED,1,10,9
1458,24961,12:00:00,1,,,,,,,,EXCLUDED,1,10,10
1458,24962,12:00:30,1,,,,,,,,EXCLUDED,1,10,10
1458,24963,12:01:00,1,,,,,,,,EXCLUDED,1,10,10
1458,24964,12:01:30,1,,,,,,,,EXCLUDED,1,10,10
1458,24965,12:02:00,1,,,,,,,,EXCLUDED,1,10,10
1458,24966,12:02:30,1,,,,,,,,EXCLUDED,1,10,10
1458,24967,12:03:00,1,,,,,,,,EXCLUDED,1,10,10
1458,24968,12:03:30,1,,,,,,,,EXCLUDED,1,10,10
1458,24969,12:04:00,1,,,,,,,,EXCLUDED,1,10,10
1458,24970,12:04:30,1,,,,,,,,EXCLUDED,1,10,10
1458,24971,12:05:00,1,,,,,,,,EXCLUDED,1,10,10
1458,24972,12:05:30,1,,,,,,,,EXCLUDED,1,10,10
1458,24973,12:06:00,1,,,,,,,,EXCLUDED,1,10,10
1458,24974,12:06:30,1,,,,,,,,EXCLUDED,1,10,10
1458,24975,12:07:00,1,,,,,,,,EXCLUDED,1,10,10
1458,24976,12:07:30,1,,,,,,,,EXCLUDED,1,10,10
1458,24977,12:08:00,1,,,,,,,,EXCLUDED,1,10,10
1458,24978,12:08:30,1,,,,,,,,EXCLUDED,1,10,10
1458,24979,12:09:00,1,,,,,,,,EXCLUDED,1,10,10
1458,24980,12:09:30,1,,,,,,,,EXCLUDED,1,10,10
1458,24981,12:10:00,1,,,,,,,,EXCLUDED,1,10,10
1458,24982,12:10:30,1,,,,,,,,EXCLUDED,1,10,10
1458,24983,12:11:00,1,,,,,,,,EXCLUDED,1,10,10
1458,24984,12:11:30,1,,,,,,,,EXCLUDED,1,10,10
1458,24985,12:12:00,1,,,,,,,,EXCLUDED,1,10,10
1458,24986,12:12:30,1,,,,,,,,EXCLUDED,1,10,10
1458,24987,12:13:00,1,,,,,,,,EXCLUDED,1,10,10
1458,24988,12:13:30,1,,,,,,,,EXCLUDED,1,10,10
1458,24989,12:14:00,1,,,,,,,,EXCLUDED,1,10,10
1458,24990,12:14:30,1,,,,,,,,EXCLUDED,1,10,10
1458,24991,12:15:00,1,,,,,,,,EXCLUDED,1,10,10
1458,24992,12:15:30,1,,,,,,,,EXCLUDED,1,10,10
1458,24993,12:16:00,1,,,,,,,,EXCLUDED,1,10,10
1458,24994,12:16:30,1,,,,,,,,EXCLUDED,1,10,10
1458,24995,12:17:00,1,,,,,,,,EXCLUDED,1,10,10
1458,24996,12:17:30,1,,,,,,,,EXCLUDED,1,10,10
1458,24997,12:18:00,1,,,,,,,,EXCLUDED,1,10,10
1458,24998,12:18:30,1,,,,,,,,EXCLUDED,1,10,10
1458,24999,12:19:00,1,,,,,,,,EXCLUDED,1,10,10
1458,25000,12:19:30,1,,,,,,,,EXCLUDED,1,10,10
1458,25001,12:20:00,1,,,,,,,,EXCLUDED,1,10,10
1458,25002,12:20:30,1,,,,,,,,EXCLUDED,1,10,10
1458,25003,12:21:00,1,,,,,,,,EXCLUDED,1,10,10
1458,25004,12:21:30,1,,,,,,,,EXCLUDED,1,10,10
1458,25005,12:22:00,1,,,,,,,,EXCLUDED,1,10,10
1458,25006,12:22:30,1,,,,,,,,EXCLUDED,1,10,10
1458,25007,12:23:00,1,,,,,,,,EXCLUDED,1,10,10
1458,25008,12:23:30,1,,,,,,,,EXCLUDED,1,10,10
1458,25009,12:24:00,1,,,,,,,,EXCLUDED,1,10,10
1458,25010,12:24:30,1,,,,,,,,EXCLUDED,1,10,10
1458,25011,12:25:00,1,,,,,,,,EXCLUDED,1,10,10
1458,25012,12:25:30,1,,,,,,,,EXCLUDED,1,10,10
1458,25013,12:26:00,1,,,,,,,,EXCLUDED,1,10,10
1458,25014,12:26:30,1,,,,,,,,EXCLUDED,1,10,10
1458,25015,12:27:00,1,,,,,,,,EXCLUDED,1,10,10
1458,25016,12:27:30,1,,,,,,,,EXCLUDED,1,10,10
1458,25017,12:28:00,1,,,,,,,,EXCLUDED,1,10,10
1458,25018,12:28:30,1,,,,,,,,EXCLUDED,1,10,10
1458,25019,12:29:00,1,,,,,,,,EXCLUDED,1,10,10
1458,25020,12:29:30,1,,,,,,,,EXCLUDED,1,10,10
1458,25021,12:30:00,1,,,,,,,,EXCLUDED,1,10,10
1458,25022,12:30:30,1,,,,,,,,EXCLUDED,1,10,10
1458,25023,12:31:00,1,,,,,,,,EXCLUDED,1,10,10
1458,25024,12:31:30,1,,,,,,,,EXCLUDED,1,10,10
1458,25025,12:32:00,1,,,,,,,,EXCLUDED,1,10,10
1458,25026,12:32:30,1,,,,,,,,EXCLUDED,1,10,10
1458,25027,12:33:00,1,,,,,,,,EXCLUDED,1,10,10
1458,25028,12:33:30,1,,,,,,,,EXCLUDED,1,10,10
1458,25029,12:34:00,1,,,,,,,,EXCLUDED,1,10,10
1458,25030,12:34:30,1,,,,,,,,EXCLUDED,1,10,10
1458,25031,12:35:00,1,,,,,,,,EXCLUDED,1,10,10
1458,25032,12:35:30,1,,,,,,,,EXCLUDED,1,10,10
1458,25033,12:36:00,1,,,,,,,,EXCLUDED,1,10,10
1458,25034,12:36:30,1,,,,,,,,EXCLUDED,1,10,10
1458,25035,12:37:00,1,,,,,,,,EXCLUDED,1,10,10
1458,25036,12:37:30,1,,,,,,,,EXCLUDED,1,10,10
1458,25037,12:38:00,1,,,,,,,,EXCLUDED,1,10,10
1458,25038,12:38:30,1,,,,,,,,EXCLUDED,1,10,10
1458,25039,12:39:00,1,,,,,,,,EXCLUDED,1,10,10
1458,25040,12:39:30,1,,,,,,,,EXCLUDED,1,10,10
1458,25041,12:40:00,1,,,,,,,,EXCLUDED,1,10,10
1458,25042,12:40:30,1,,,,,,,,EXCLUDED,1,10,10
1458,25043,12:41:00,1,,,,,,,,EXCLUDED,1,10,10
1458,25044,12:41:30,1,,,,,,,,EXCLUDED,1,10,10
1458,25045,12:42:00,1,,,,,,,,EXCLUDED,1,10,10
1458,25046,12:42:30,1,,,,,,,,EXCLUDED,1,10,10
1458,25047,12:43:00,1,,,,,,,,EXCLUDED,1,10,10
1458,25048,12:43:30,1,,,,,,,,EXCLUDED,1,10,10
1458,25049,12:44:00,1,,,,,,,,EXCLUDED,1,10,10
1458,25050,12:44:30,1,,,,,,,,EXCLUDED,1,10,10
1458,25051,12:45:00,1,,,,,,,,EXCLUDED,1,10,10
1458,25052,12:45:30,1,,,,,,,,EXCLUDED,1,10,10
1458,25053,12:46:00,1,,,,,,,,EXCLUDED,1,10,10
1458,25054,12:46:30,1,,,,,,,,EXCLUDED,1,10,10
1458,25055,12:47:00,1,,,,,,,,EXCLUDED,1,10,10
1458,25056,12:47:30,1,,,,,,,,EXCLUDED,1,10,10
1458,25057,12:48:00,1,,,,,,,,EXCLUDED,1,10,10
1458,25058,12:48:30,1,,,,,,,,EXCLUDED,1,10,10
1458,25059,12:49:00,1,,,,,,,,EXCLUDED,1,10,10
1458,25060,12:49:30,1,,,,,,,,EXCLUDED,1,10,10
1458,25061,12:50:00,1,,,,,,,,EXCLUDED,1,10,10
1458,25062,12:50:30,1,,,,,,,,EXCLUDED,1,10,10
1458,25063,12:51:00,1,,,,,,,,EXCLUDED,1,10,10
1458,25064,12:51:30,1,,,,,,,,EXCLUDED,1,10,10
1458,25065,12:52:00,1,,,,,,,,EXCLUDED,1,10,10
1458,25066,12:52:30,1,,,,,,,,EXCLUDED,1,10,10
1458,25067,12:53:00,1,,,,,,,,EXCLUDED,1,10,10
1458,25068,12:53:30,1,,,,,,,,EXCLUDED,1,10,10
1458,25069,12:54:00,1,,,,,,,,EXCLUDED,1,10,10
1458,25070,12:54:30,1,,,,,,,,EXCLUDED,1,10,10
1458,25071,12:55:00,1,,,,,,,,EXCLUDED,1,10,10
1458,25072,12:55:30,1,,,,,,,,EXCLUDED,1,10,10
1458,25073,12:56:00,1,,,,,,,,EXCLUDED,1,10,10
1458,25074,12:56:30,1,,,,,,,,EXCLUDED,1,10,10
1458,25075,12:57:00,1,,,,,,,,EXCLUDED,1,10,10
1458,25076,12:57:30,1,,,,,,,,EXCLUDED,1,10,10
1458,25077,12:58:00,1,,,,,,,,EXCLUDED,1,10,10
1458,25078,12:58:30,1,,,,,,,,EXCLUDED,1,10,10
1458,25079,12:59:00,1,,,,,,,,EXCLUDED,1,10,10
1458,25080,12:59:30,1,,,,,,,,EXCLUDED,1,10,10
1458,25081,13:00:00,1,,,,,,,,EXCLUDED,1,10,10
1458,25082,13:00:30,1,,,,,,,,EXCLUDED,1,10,10
1458,25083,13:01:00,1,,,,,,,,EXCLUDED,1,10,10
1458,25084,13:01:30,1,,,,,,,,EXCLUDED,1,10,10
1458,25085,13:02:00,1,,,,,,,,EXCLUDED,1,10,10
1458,25086,13:02:30,1,,,,,,,,EXCLUDED,1,10,10
1458,25087,13:03:00,1,,,,,,,,EXCLUDED,1,10,10
1458,25088,13:03:30,1,,,,,,,,EXCLUDED,1,10,10
1458,25089,13:04:00,1,,,,,,,,EXCLUDED,1,10,10
1458,25090,13:04:30,1,,,,,,,,EXCLUDED,1,10,10
1458,25091,13:05:00,1,,,,,,,,EXCLUDED,1,10,10
1458,25092,13:05:30,1,,,,,,,,EXCLUDED,1,10,10
1458,25093,13:06:00,1,,,,,,,,EXCLUDED,1,10,10
1458,25094,13:06:30,1,,,,,,,,EXCLUDED,1,10,10
1458,25095,13:07:00,1,,,,,,,,EXCLUDED,1,10,10
1458,25096,13:07:30,1,,,,,,,,EXCLUDED,1,10,10
1458,25097,13:08:00,1,,,,,,,,EXCLUDED,1,10,10
1458,25098,13:08:30,1,,,,,,,,EXCLUDED,1,10,10
1458,25099,13:09:00,1,,,,,,,,EXCLUDED,1,10,10
1458,25100,13:09:30,1,,,,,,,,EXCLUDED,1,10,10
1458,25101,13:10:00,1,,,,,,,,EXCLUDED,1,10,10
1458,25102,13:10:30,1,,,,,,,,EXCLUDED,1,10,10
1458,25103,13:11:00,1,,,,,,,,EXCLUDED,1,10,10
1458,25104,13:11:30,1,,,,,,,,EXCLUDED,1,10,10
1458,25105,13:12:00,1,,,,,,,,EXCLUDED,1,10,10
1458,25106,13:12:30,1,,,,,,,,EXCLUDED,1,10,10
1458,25107,13:13:00,1,,,,,,,,EXCLUDED,1,10,10
1458,25108,13:13:30,1,,,,,,,,EXCLUDED,1,10,10
1458,25109,13:14:00,1,,,,,,,,EXCLUDED,1,10,10
1458,25110,13:14:30,1,,,,,,,,EXCLUDED,1,10,10
1458,25111,13:15:00,1,,,,,,,,EXCLUDED,1,10,10
1458,25112,13:15:30,1,,,,,,,,EXCLUDED,1,10,10
1458,25113,13:16:00,1,,,,,,,,EXCLUDED,1,10,10
1458,25114,13:16:30,1,,,,,,,,EXCLUDED,1,10,10
1458,25115,13:17:00,1,,,,,,,,EXCLUDED,1,10,10
1458,25116,13:17:30,1,,,,,,,,EXCLUDED,1,10,10
1458,25117,13:18:00,1,,,,,,,,EXCLUDED,1,10,10
1458,25118,13:18:30,1,,,,,,,,EXCLUDED,1,10,10
1458,25119,13:19:00,1,,,,,,,,EXCLUDED,1,10,10
1458,25120,13:19:30,1,,,,,,,,EXCLUDED,1,10,10
1458,25121,13:20:00,1,,,,,,,,EXCLUDED,1,10,10
1458,25122,13:20:30,1,,,,,,,,EXCLUDED,1,10,10
1458,25123,13:21:00,1,,,,,,,,EXCLUDED,1,10,10
1458,25124,13:21:30,1,,,,,,,,EXCLUDED,1,10,10
1458,25125,13:22:00,1,,,,,,,,EXCLUDED,1,10,10
1458,25126,13:22:30,1,,,,,,,,EXCLUDED,1,10,10
1458,25127,13:23:00,1,,,,,,,,EXCLUDED,1,10,10
1458,25128,13:23:30,1,,,,,,,,EXCLUDED,1,10,10
1458,25129,13:24:00,1,,,,,,,,EXCLUDED,1,10,10
1458,25130,13:24:30,1,,,,,,,,EXCLUDED,1,10,10
1458,25131,13:25:00,1,,,,,,,,EXCLUDED,1,10,10
1458,25132,13:25:30,1,,,,,,,,EXCLUDED,1,10,10
1458,25133,13:26:00,1,,,,,,,,EXCLUDED,1,10,10
1458,25134,13:26:30,1,,,,,,,,EXCLUDED,1,10,10
1458,25135,13:27:00,1,,,,,,,,EXCLUDED,1,10,10
1458,25136,13:27:30,1,,,,,,,,EXCLUDED,1,10,10
1458,25137,13:28:00,1,,,,,,,,EXCLUDED,1,10,10
1458,25138,13:28:30,1,,,,,,,,EXCLUDED,1,10,10
1458,25139,13:29:00,1,,,,,,,,EXCLUDED,1,10,10
1458,25140,13:29:30,1,,,,,,,,EXCLUDED,1,10,10
1458,25141,13:30:00,1,,,,,,,,EXCLUDED,1,10,10
1458,25142,13:30:30,1,,,,,,,,EXCLUDED,1,10,10
1458,25143,13:31:00,1,,,,,,,,EXCLUDED,1,10,10
1458,25144,13:31:30,1,,,,,,,,EXCLUDED,1,10,10
1458,25145,13:32:00,1,,,,,,,,EXCLUDED,1,10,10
1458,25146,13:32:30,1,,,,,,,,EXCLUDED,1,10,10
1458,25147,13:33:00,1,,,,,,,,EXCLUDED,1,10,10
1458,25148,13:33:30,1,,,,,,,,EXCLUDED,1,10,10
1458,25149,13:34:00,1,,,,,,,,EXCLUDED,1,10,10
1458,25150,13:34:30,1,,,,,,,,EXCLUDED,1,10,10
1458,25151,13:35:00,1,,,,,,,,EXCLUDED,1,10,10
1458,25152,13:35:30,1,,,,,,,,EXCLUDED,1,10,10
1458,25153,13:36:00,1,,,,,,,,EXCLUDED,1,10,10
1458,25154,13:36:30,1,,,,,,,,EXCLUDED,1,10,10
1458,25155,13:37:00,1,,,,,,,,EXCLUDED,1,10,10
1458,25156,13:37:30,1,,,,,,,,EXCLUDED,1,10,10
1458,25157,13:38:00,1,,,,,,,,EXCLUDED,1,10,10
1458,25158,13:38:30,1,,,,,,,,EXCLUDED,1,10,10
1458,25159,13:39:00,1,,,,,,,,EXCLUDED,1,10,10
1458,25160,13:39:30,1,,,,,,,,EXCLUDED,1,10,10
1458,25161,13:40:00,1,,,,,,,,EXCLUDED,1,10,10
1458,25162,13:40:30,1,,,,,,,,EXCLUDED,1,10,10
1458,25163,13:41:00,1,,,,,,,,EXCLUDED,1,10,10
1458,25164,13:41:30,1,,,,,,,,EXCLUDED,1,10,10
1458,25165,13:42:00,1,,,,,,,,EXCLUDED,1,10,10
1458,25166,13:42:30,1,,,,,,,,EXCLUDED,1,10,10
1458,25167,13:43:00,1,,,,,,,,EXCLUDED,1,10,10
1458,25168,13:43:30,1,,,,,,,,EXCLUDED,1,10,10
1458,25169,13:44:00,1,,,,,,,,EXCLUDED,1,10,10
1458,25170,13:44:30,1,,,,,,,,EXCLUDED,1,10,10
1458,25171,13:45:00,1,,,,,,,,EXCLUDED,1,10,10
1458,25172,13:45:30,1,,,,,,,,EXCLUDED,1,10,10
1458,25173,13:46:00,1,,,,,,,,EXCLUDED,1,10,10
1458,25174,13:46:30,1,,,,,,,,EXCLUDED,1,10,10
1458,25175,13:47:00,1,,,,,,,,EXCLUDED,1,10,10
1458,25176,13:47:30,1,,,,,,,,EXCLUDED,1,10,10
1458,25177,13:48:00,1,,,,,,,,EXCLUDED,1,10,10
1458,25178,13:48:30,1,,,,,,,,EXCLUDED,1,10,10
1458,25179,13:49:00,1,,,,,,,,EXCLUDED,1,10,10
1458,25180,13:49:30,1,,,,,,,,EXCLUDED,1,10,10
1458,25181,13:50:00,1,,,,,,,,EXCLUDED,1,10,10
1458,25182,13:50:30,1,,,,,,,,EXCLUDED,1,10,10
1458,25183,13:51:00,1,,,,,,,,EXCLUDED,1,10,10
1458,25184,13:51:30,1,,,,,,,,EXCLUDED,1,10,10
1458,25185,13:52:00,1,,,,,,,,EXCLUDED,1,10,10
1458,25186,13:52:30,1,,,,,,,,EXCLUDED,1,10,10
1458,25187,13:53:00,1,,,,,,,,EXCLUDED,1,10,10
1458,25188,13:53:30,1,,,,,,,,EXCLUDED,1,10,10
1458,25189,13:54:00,1,,,,,,,,EXCLUDED,1,10,10
1458,25190,13:54:30,1,,,,,,,,EXCLUDED,1,10,10
1458,25191,13:55:00,1,,,,,,,,EXCLUDED,1,10,10
1458,25192,13:55:30,1,,,,,,,,EXCLUDED,1,10,10
1458,25193,13:56:00,1,,,,,,,,EXCLUDED,1,10,10
1458,25194,13:56:30,1,,,,,,,,EXCLUDED,1,10,10
1458,25195,13:57:00,1,,,,,,,,EXCLUDED,1,10,10
1458,25196,13:57:30,1,,,,,,,,EXCLUDED,1,10,10
1458,25197,13:58:00,1,,,,,,,,EXCLUDED,1,10,10
1458,25198,13:58:30,1,,,,,,,,EXCLUDED,1,10,10
1458,25199,13:59:00,1,,,,,,,,EXCLUDED,1,10,10
1458,25200,13:59:30,1,,,,,,,,EXCLUDED,1,10,10
1458,25201,14:00:00,1,,,,,,,,EXCLUDED,1,10,10
1458,25202,14:00:30,1,,,,,,,,EXCLUDED,1,10,10
1458,25203,14:01:00,1,,,,,,,,EXCLUDED,1,10,10
1458,25204,14:01:30,1,,,,,,,,EXCLUDED,1,10,10
1458,25205,14:02:00,1,,,,,,,,EXCLUDED,1,10,10
1458,25206,14:02:30,1,,,,,,,,EXCLUDED,1,10,10
1458,25207,14:03:00,1,,,,,,,,EXCLUDED,1,10,10
1458,25208,14:03:30,1,,,,,,,,EXCLUDED,1,10,10
1458,25209,14:04:00,1,,,,,,,,EXCLUDED,1,10,10
1458,25210,14:04:30,1,,,,,,,,EXCLUDED,1,10,10
1458,25211,14:05:00,1,,,,,,,,EXCLUDED,1,10,10
1458,25212,14:05:30,1,,,,,,,,EXCLUDED,1,10,10
1458,25213,14:06:00,1,,,,,,,,EXCLUDED,1,10,10
1458,25214,14:06:30,1,,,,,,,,EXCLUDED,1,10,10
1458,25215,14:07:00,1,,,,,,,,EXCLUDED,1,10,10
1458,25216,14:07:30,1,,,,,,,,EXCLUDED,1,10,10
1458,25217,14:08:00,1,,,,,,,,EXCLUDED,1,10,10
1458,25218,14:08:30,1,,,,,,,,EXCLUDED,1,10,10
1458,25219,14:09:00,1,,,,,,,,EXCLUDED,1,10,10
1458,25220,14:09:30,1,,,,,,,,EXCLUDED,1,10,10
1458,25221,14:10:00,1,,,,,,,,EXCLUDED,1,10,10
1458,25222,14:10:30,1,,,,,,,,EXCLUDED,1,10,10
1458,25223,14:11:00,1,,,,,,,,EXCLUDED,1,10,10
1458,25224,14:11:30,1,,,,,,,,EXCLUDED,1,10,10
1458,25225,14:12:00,1,,,,,,,,EXCLUDED,1,10,10
1458,25226,14:12:30,1,,,,,,,,EXCLUDED,1,10,10
1458,25227,14:13:00,1,,,,,,,,EXCLUDED,1,10,10
1458,25228,14:13:30,1,,,,,,,,EXCLUDED,1,10,10
1458,25229,14:14:00,1,,,,,,,,EXCLUDED,1,10,10
1458,25230,14:14:30,1,,,,,,,,EXCLUDED,1,10,10
1458,25231,14:15:00,1,,,,,,,,EXCLUDED,1,10,10
1458,25232,14:15:30,1,,,,,,,,EXCLUDED,1,10,10
1458,25233,14:16:00,1,,,,,,,,EXCLUDED,1,10,10
1458,25234,14:16:30,1,,,,,,,,EXCLUDED,1,10,10
1458,25235,14:17:00,1,,,,,,,,EXCLUDED,1,10,10
1458,25236,14:17:30,1,,,,,,,,EXCLUDED,1,10,10
1458,25237,14:18:00,1,,,,,,,,EXCLUDED,1,10,10
1458,25238,14:18:30,1,,,,,,,,EXCLUDED,1,10,10
1458,25239,14:19:00,1,,,,,,,,EXCLUDED,1,10,10
1458,25240,14:19:30,1,,,,,,,,EXCLUDED,1,10,10
1458,25241,14:20:00,1,,,,,,,,EXCLUDED,1,10,10
1458,25242,14:20:30,1,,,,,,,,EXCLUDED,1,10,10
1458,25243,14:21:00,1,,,,,,,,EXCLUDED,1,10,10
1458,25244,14:21:30,1,,,,,,,,EXCLUDED,1,10,10
1458,25245,14:22:00,1,,,,,,,,EXCLUDED,1,10,10
1458,25246,14:22:30,1,,,,,,,,EXCLUDED,1,10,10
1458,25247,14:23:00,1,,,,,,,,EXCLUDED,1,10,10
1458,25248,14:23:30,1,,,,,,,,EXCLUDED,1,10,10
1458,25249,14:24:00,1,,,,,,,,EXCLUDED,1,10,10
1458,25250,14:24:30,1,,,,,,,,EXCLUDED,1,10,10
1458,25251,14:25:00,1,,,,,,,,EXCLUDED,1,10,10
1458,25252,14:25:30,1,,,,,,,,EXCLUDED,1,10,10
1458,25253,14:26:00,1,,,,,,,,EXCLUDED,1,10,10
1458,25254,14:26:30,1,,,,,,,,EXCLUDED,1,10,10
1458,25255,14:27:00,1,,,,,,,,EXCLUDED,1,10,10
1458,25256,14:27:30,1,,,,,,,,EXCLUDED,1,10,10
1458,25257,14:28:00,1,,,,,,,,EXCLUDED,1,10,10
1458,25258,14:28:30,1,,,,,,,,EXCLUDED,1,10,10
1458,25259,14:29:00,1,,,,,,,,EXCLUDED,1,10,10
1458,25260,14:29:30,1,,,,,,,,EXCLUDED,1,10,10
1458,25261,14:30:00,1,,,,,,,,EXCLUDED,1,10,10
1458,25262,14:30:30,1,,,,,,,,EXCLUDED,1,10,10
1458,25263,14:31:00,1,,,,,,,,EXCLUDED,1,10,10
1458,25264,14:31:30,1,,,,,,,,EXCLUDED,1,10,10
1458,25265,14:32:00,1,,,,,,,,EXCLUDED,1,10,10
1458,25266,14:32:30,1,,,,,,,,EXCLUDED,1,10,10
1458,25267,14:33:00,1,,,,,,,,EXCLUDED,1,10,10
1458,25268,14:33:30,1,,,,,,,,EXCLUDED,1,10,10
1458,25269,14:34:00,1,,,,,,,,EXCLUDED,1,10,10
1458,25270,14:34:30,1,,,,,,,,EXCLUDED,1,10,10
1458,25271,14:35:00,1,,,,,,,,EXCLUDED,1,10,10
1458,25272,14:35:30,1,,,,,,,,EXCLUDED,1,10,10
1458,25273,14:36:00,1,,,,,,,,EXCLUDED,1,10,10
1458,25274,14:36:30,1,,,,,,,,EXCLUDED,1,10,10
1458,25275,14:37:00,1,,,,,,,,EXCLUDED,1,10,10
1458,25276,14:37:30,1,,,,,,,,EXCLUDED,1,10,10
1458,25277,14:38:00,1,,,,,,,,EXCLUDED,1,10,10
1458,25278,14:38:30,1,,,,,,,,EXCLUDED,1,10,10
1458,25279,14:39:00,1,,,,,,,,EXCLUDED,1,10,10
1458,25280,14:39:30,1,,,,,,,,EXCLUDED,1,10,10
1458,25281,14:40:00,1,,,,,,,,EXCLUDED,1,10,10
1458,25282,14:40:30,1,,,,,,,,EXCLUDED,1,10,10
1458,25283,14:41:00,1,,,,,,,,EXCLUDED,1,10,10
1458,25284,14:41:30,1,,,,,,,,EXCLUDED,1,10,10
1458,25285,14:42:00,1,,,,,,,,EXCLUDED,1,10,10
1458,25286,14:42:30,1,,,,,,,,EXCLUDED,1,10,10
1458,25287,14:43:00,1,,,,,,,,EXCLUDED,1,10,10
1458,25288,14:43:30,1,,,,,,,,EXCLUDED,1,10,10
1458,25289,14:44:00,1,,,,,,,,EXCLUDED,1,10,10
1458,25290,14:44:30,1,,,,,,,,EXCLUDED,1,10,10
1458,25291,14:45:00,1,,,,,,,,EXCLUDED,1,10,10
1458,25292,14:45:30,1,,,,,,,,EXCLUDED,1,10,10
1458,25293,14:46:00,1,,,,,,,,EXCLUDED,1,10,10
1458,25294,14:46:30,1,,,,,,,,EXCLUDED,1,10,10
1458,25295,14:47:00,1,,,,,,,,EXCLUDED,1,10,10
1458,25296,14:47:30,1,,,,,,,,EXCLUDED,1,10,10
1458,25297,14:48:00,1,,,,,,,,EXCLUDED,1,10,10
1458,25298,14:48:30,1,,,,,,,,EXCLUDED,1,10,10
1458,25299,14:49:00,1,,,,,,,,EXCLUDED,1,10,10
1458,25300,14:49:30,1,,,,,,,,EXCLUDED,1,10,10
1458,25301,14:50:00,1,,,,,,,,EXCLUDED,1,10,10
1458,25302,14:50:30,1,,,,,,,,EXCLUDED,1,10,10
1458,25303,14:51:00,1,,,,,,,,EXCLUDED,1,10,10
1458,25304,14:51:30,1,,,,,,,,EXCLUDED,1,10,10
1458,25305,14:52:00,1,,,,,,,,EXCLUDED,1,10,10
1458,25306,14:52:30,1,,,,,,,,EXCLUDED,1,10,10
1458,25307,14:53:00,1,,,,,,,,EXCLUDED,1,10,10
1458,25308,14:53:30,1,,,,,,,,EXCLUDED,1,10,10
1458,25309,14:54:00,1,,,,,,,,EXCLUDED,1,10,10
1458,25310,14:54:30,1,,,,,,,,EXCLUDED,1,10,10
1458,25311,14:55:00,1,,,,,,,,EXCLUDED,1,10,10
1458,25312,14:55:30,1,,,,,,,,EXCLUDED,1,10,10
1458,25313,14:56:00,1,,,,,,,,EXCLUDED,1,10,10
1458,25314,14:56:30,1,,,,,,,,EXCLUDED,1,10,10
1458,25315,14:57:00,1,,,,,,,,EXCLUDED,1,10,10
1458,25316,14:57:30,1,,,,,,,,EXCLUDED,1,10,10
1458,25317,14:58:00,1,,,,,,,,EXCLUDED,1,10,10
1458,25318,14:58:30,1,,,,,,,,EXCLUDED,1,10,10
1458,25319,14:59:00,1,,,,,,,,EXCLUDED,1,10,10
1458,25320,14:59:30,1,,,,,,,,EXCLUDED,1,10,10
1458,25321,15:00:00,1,,,,,,,,EXCLUDED,1,10,10
1458,25322,15:00:30,1,,,,,,,,EXCLUDED,1,10,10
1458,25323,15:01:00,1,,,,,,,,EXCLUDED,1,10,10
1458,25324,15:01:30,1,,,,,,,,EXCLUDED,1,10,10
1458,25325,15:02:00,1,,,,,,,,EXCLUDED,1,10,10
1458,25326,15:02:30,1,,,,,,,,EXCLUDED,1,10,10
1458,25327,15:03:00,1,,,,,,,,EXCLUDED,1,10,10
1458,25328,15:03:30,1,,,,,,,,EXCLUDED,1,10,10
1458,25329,15:04:00,1,,,,,,,,EXCLUDED,1,10,10
1458,25330,15:04:30,1,,,,,,,,EXCLUDED,1,10,10
1458,25331,15:05:00,1,,,,,,,,EXCLUDED,1,10,10
1458,25332,15:05:30,1,,,,,,,,EXCLUDED,1,10,10
1458,25333,15:06:00,1,,,,,,,,EXCLUDED,1,10,10
1458,25334,15:06:30,1,,,,,,,,EXCLUDED,1,10,10
1458,25335,15:07:00,1,,,,,,,,EXCLUDED,1,10,10
1458,25336,15:07:30,1,,,,,,,,EXCLUDED,1,10,10
1458,25337,15:08:00,1,,,,,,,,EXCLUDED,1,10,10
1458,25338,15:08:30,1,,,,,,,,EXCLUDED,1,10,10
1458,25339,15:09:00,1,,,,,,,,EXCLUDED,1,10,10
1458,25340,15:09:30,1,,,,,,,,EXCLUDED,1,10,10
1458,25341,15:10:00,1,,,,,,,,EXCLUDED,1,10,10
1458,25342,15:10:30,1,,,,,,,,EXCLUDED,1,10,10
1458,25343,15:11:00,1,,,,,,,,EXCLUDED,1,10,10
1458,25344,15:11:30,1,,,,,,,,EXCLUDED,1,10,10
1458,25345,15:12:00,1,,,,,,,,EXCLUDED,1,10,10
1458,25346,15:12:30,1,,,,,,,,EXCLUDED,1,10,10
1458,25347,15:13:00,1,,,,,,,,EXCLUDED,1,10,10
1458,25348,15:13:30,1,,,,,,,,EXCLUDED,1,10,10
1458,25349,15:14:00,1,,,,,,,,EXCLUDED,1,10,10
1458,25350,15:14:30,1,,,,,,,,EXCLUDED,1,10,10
1458,25351,15:15:00,1,,,,,,,,EXCLUDED,1,10,10
1458,25352,15:15:30,1,,,,,,,,EXCLUDED,1,10,10
1458,25353,15:16:00,1,,,,,,,,EXCLUDED,1,10,10
1458,25354,15:16:30,1,,,,,,,,EXCLUDED,1,10,10
1458,25355,15:17:00,1,,,,,,,,EXCLUDED,1,10,10
1458,25356,15:17:30,1,,,,,,,,EXCLUDED,1,10,10
1458,25357,15:18:00,1,,,,,,,,EXCLUDED,1,10,10
1458,25358,15:18:30,1,,,,,,,,EXCLUDED,1,10,10
1458,25359,15:19:00,1,,,,,,,,EXCLUDED,1,10,10
1458,25360,15:19:30,1,,,,,,,,EXCLUDED,1,10,10
1458,25361,15:20:00,1,,,,,,,,EXCLUDED,1,10,10
1458,25362,15:20:30,1,,,,,,,,EXCLUDED,1,10,10
1458,25363,15:21:00,1,,,,,,,,EXCLUDED,1,10,10
1458,25364,15:21:30,1,,,,,,,,EXCLUDED,1,10,10
1458,25365,15:22:00,1,,,,,,,,EXCLUDED,1,10,10
1458,25366,15:22:30,1,,,,,,,,EXCLUDED,1,10,10
1458,25367,15:23:00,1,,,,,,,,EXCLUDED,1,10,10
1458,25368,15:23:30,1,,,,,,,,EXCLUDED,1,10,10
1458,25369,15:24:00,1,,,,,,,,EXCLUDED,1,10,10
1458,25370,15:24:30,1,,,,,,,,EXCLUDED,1,10,10
1458,25371,15:25:00,1,,,,,,,,EXCLUDED,1,10,10
1458,25372,15:25:30,1,,,,,,,,EXCLUDED,1,10,10
1458,25373,15:26:00,1,,,,,,,,EXCLUDED,1,10,10
1458,25374,15:26:30,1,,,,,,,,EXCLUDED,1,10,10
1458,25375,15:27:00,1,,,,,,,,EXCLUDED,1,10,10
1458,25376,15:27:30,1,,,,,,,,EXCLUDED,1,10,10
1458,25377,15:28:00,1,,,,,,,,EXCLUDED,1,10,10
1458,25378,15:28:30,1,,,,,,,,EXCLUDED,1,10,10
1458,25379,15:29:00,1,,,,,,,,EXCLUDED,1,10,10
1458,25380,15:29:30,1,,,,,,,,EXCLUDED,1,10,10
1458,25381,15:30:00,1,,,,,,,,EXCLUDED,1,10,10
1458,25382,15:30:30,1,,,,,,,,EXCLUDED,1,10,10
1458,25383,15:31:00,1,,,,,,,,EXCLUDED,1,10,10
1458,25384,15:31:30,1,,,,,,,,EXCLUDED,1,10,10
1458,25385,15:32:00,1,,,,,,,,EXCLUDED,1,10,10
1458,25386,15:32:30,1,,,,,,,,EXCLUDED,1,10,10
1458,25387,15:33:00,1,,,,,,,,EXCLUDED,1,10,10
1458,25388,15:33:30,1,,,,,,,,EXCLUDED,1,10,10
1458,25389,15:34:00,1,,,,,,,,EXCLUDED,1,10,10
1458,25390,15:34:30,1,,,,,,,,EXCLUDED,1,10,10
1458,25391,15:35:00,1,,,,,,,,EXCLUDED,1,10,10
1458,25392,15:35:30,1,,,,,,,,EXCLUDED,1,10,10
1458,25393,15:36:00,1,,,,,,,,EXCLUDED,1,10,10
1458,25394,15:36:30,1,,,,,,,,EXCLUDED,1,10,10
1458,25395,15:37:00,1,,,,,,,,EXCLUDED,1,10,10
1458,25396,15:37:30,1,,,,,,,,EXCLUDED,1,10,10
1458,25397,15:38:00,1,,,,,,,,EXCLUDED,1,10,10
1458,25398,15:38:30,1,,,,,,,,EXCLUDED,1,10,10
1458,25399,15:39:00,1,,,,,,,,EXCLUDED,1,10,10
1458,25400,15:39:30,1,,,,,,,,EXCLUDED,1,10,10
1458,25401,15:40:00,1,,,,,,,,EXCLUDED,1,10,10
1458,25402,15:40:30,1,,,,,,,,EXCLUDED,1,10,10
1458,25403,15:41:00,1,,,,,,,,EXCLUDED,1,10,10
1458,25404,15:41:30,1,,,,,,,,EXCLUDED,1,10,10
1458,25405,15:42:00,1,,,,,,,,EXCLUDED,1,10,10
1458,25406,15:42:30,1,,,,,,,,EXCLUDED,1,10,10
1458,25407,15:43:00,1,,,,,,,,EXCLUDED,1,10,10
1458,25408,15:43:30,1,,,,,,,,EXCLUDED,1,10,10
1458,25409,15:44:00,1,,,,,,,,EXCLUDED,1,10,10
1458,25410,15:44:30,1,,,,,,,,EXCLUDED,1,10,10
1458,25411,15:45:00,1,,,,,,,,EXCLUDED,1,10,10
1458,25412,15:45:30,1,,,,,,,,EXCLUDED,1,10,10
1458,25413,15:46:00,1,,,,,,,,EXCLUDED,1,10,10
1458,25414,15:46:30,1,,,,,,,,EXCLUDED,1,10,10
1458,25415,15:47:00,1,,,,,,,,EXCLUDED,1,10,10
1458,25416,15:47:30,1,,,,,,,,EXCLUDED,1,10,10
1458,25417,15:48:00,1,,,,,,,,EXCLUDED,1,10,10
1458,25418,15:48:30,1,,,,,,,,EXCLUDED,1,10,10
1458,25419,15:49:00,1,,,,,,,,EXCLUDED,1,10,10
1458,25420,15:49:30,1,,,,,,,,EXCLUDED,1,10,10
1458,25421,15:50:00,1,,,,,,,,EXCLUDED,1,10,10
1458,25422,15:50:30,1,,,,,,,,EXCLUDED,1,10,10
1458,25423,15:51:00,1,,,,,,,,EXCLUDED,1,10,10
1458,25424,15:51:30,1,,,,,,,,EXCLUDED,1,10,10
1458,25425,15:52:00,1,,,,,,,,EXCLUDED,1,10,10
1458,25426,15:52:30,1,,,,,,,,EXCLUDED,1,10,10
1458,25427,15:53:00,1,,,,,,,,EXCLUDED,1,10,10
1458,25428,15:53:30,1,,,,,,,,EXCLUDED,1,10,10
1458,25429,15:54:00,1,,,,,,,,EXCLUDED,1,10,10
1458,25430,15:54:30,1,,,,,,,,EXCLUDED,1,10,10
1458,25431,15:55:00,1,,,,,,,,EXCLUDED,1,10,10
1458,25432,15:55:30,1,,,,,,,,EXCLUDED,1,10,10
1458,25433,15:56:00,1,,,,,,,,EXCLUDED,1,10,10
1458,25434,15:56:30,1,,,,,,,,EXCLUDED,1,10,10
1458,25435,15:57:00,1,,,,,,,,EXCLUDED,1,10,10
1458,25436,15:57:30,1,,,,,,,,EXCLUDED,1,10,10
1458,25437,15:58:00,1,,,,,,,,EXCLUDED,1,10,10
1458,25438,15:58:30,1,,,,,,,,EXCLUDED,1,10,10
1458,25439,15:59:00,1,,,,,,,,EXCLUDED,1,10,10
1458,25440,15:59:30,1,,,,,,,,EXCLUDED,1,10,10
1458,25441,16:00:00,1,,,,,,,,EXCLUDED,1,10,10
1458,25442,16:00:30,1,,,,,,,,EXCLUDED,1,10,10
1458,25443,16:01:00,1,,,,,,,,EXCLUDED,1,10,10
1458,25444,16:01:30,1,,,,,,,,EXCLUDED,1,10,10
1458,25445,16:02:00,1,,,,,,,,EXCLUDED,1,10,10
1458,25446,16:02:30,1,,,,,,,,EXCLUDED,1,10,10
1458,25447,16:03:00,1,,,,,,,,EXCLUDED,1,10,10
1458,25448,16:03:30,1,,,,,,,,EXCLUDED,1,10,10
1458,25449,16:04:00,1,,,,,,,,EXCLUDED,1,10,10
1458,25450,16:04:30,1,,,,,,,,EXCLUDED,1,10,10
1458,25451,16:05:00,1,,,,,,,,EXCLUDED,1,10,10
1458,25452,16:05:30,1,,,,,,,,EXCLUDED,1,10,10
1458,25453,16:06:00,1,,,,,,,,EXCLUDED,1,10,10
1458,25454,16:06:30,1,,,,,,,,EXCLUDED,1,10,10
1458,25455,16:07:00,1,,,,,,,,EXCLUDED,1,10,10
1458,25456,16:07:30,1,,,,,,,,EXCLUDED,1,10,10
1458,25457,16:08:00,1,,,,,,,,EXCLUDED,1,10,10
1458,25458,16:08:30,1,,,,,,,,EXCLUDED,1,10,10
1458,25459,16:09:00,1,,,,,,,,EXCLUDED,1,10,10
1458,25460,16:09:30,1,,,,,,,,EXCLUDED,1,10,10
1458,25461,16:10:00,1,,,,,,,,EXCLUDED,1,10,10
1458,25462,16:10:30,1,,,,,,,,EXCLUDED,1,10,10
1458,25463,16:11:00,1,,,,,,,,EXCLUDED,1,10,10
1458,25464,16:11:30,1,,,,,,,,EXCLUDED,1,10,10
1458,25465,16:12:00,1,,,,,,,,EXCLUDED,1,10,10
1458,25466,16:12:30,1,,,,,,,,EXCLUDED,1,10,10
1458,25467,16:13:00,1,,,,,,,,EXCLUDED,1,10,10
1458,25468,16:13:30,1,,,,,,,,EXCLUDED,1,10,10
1458,25469,16:14:00,1,,,,,,,,EXCLUDED,1,10,10
1458,25470,16:14:30,1,,,,,,,,EXCLUDED,1,10,10
1458,25471,16:15:00,1,,,,,,,,EXCLUDED,1,10,10
1458,25472,16:15:30,1,,,,,,,,EXCLUDED,1,10,10
1458,25473,16:16:00,1,,,,,,,,EXCLUDED,1,10,10
1458,25474,16:16:30,1,,,,,,,,EXCLUDED,1,10,10
1458,25475,16:17:00,1,,,,,,,,EXCLUDED,1,10,10
1458,25476,16:17:30,1,,,,,,,,EXCLUDED,1,10,10
1458,25477,16:18:00,1,,,,,,,,EXCLUDED,1,10,10
1458,25478,16:18:30,1,,,,,,,,EXCLUDED,1,10,10
1458,25479,16:19:00,1,,,,,,,,EXCLUDED,1,10,10
1458,25480,16:19:30,1,,,,,,,,EXCLUDED,1,10,10
1458,25481,16:20:00,1,,,,,,,,EXCLUDED,1,10,10
1458,25482,16:20:30,1,,,,,,,,EXCLUDED,1,10,10
1458,25483,16:21:00,1,,,,,,,,EXCLUDED,1,10,10
1458,25484,16:21:30,1,,,,,,,,EXCLUDED,1,10,10
1458,25485,16:22:00,1,,,,,,,,EXCLUDED,1,10,10
1458,25486,16:22:30,1,,,,,,,,EXCLUDED,1,10,10
1458,25487,16:23:00,1,,,,,,,,EXCLUDED,1,10,10
1458,25488,16:23:30,1,,,,,,,,EXCLUDED,1,10,10
1458,25489,16:24:00,1,,,,,,,,EXCLUDED,1,10,10
1458,25490,16:24:30,1,,,,,,,,EXCLUDED,1,10,10
1458,25491,16:25:00,1,,,,,,,,EXCLUDED,1,10,10
1458,25492,16:25:30,1,,,,,,,,EXCLUDED,1,10,10
1458,25493,16:26:00,1,,,,,,,,EXCLUDED,1,10,10
1458,25494,16:26:30,1,,,,,,,,EXCLUDED,1,10,10
1458,25495,16:27:00,1,,,,,,,,EXCLUDED,1,10,10
1458,25496,16:27:30,1,,,,,,,,EXCLUDED,1,10,10
1458,25497,16:28:00,1,,,,,,,,EXCLUDED,1,10,10
1458,25498,16:28:30,1,,,,,,,,EXCLUDED,1,10,10
1458,25499,16:29:00,1,,,,,,,,EXCLUDED,1,10,10
1458,25500,16:29:30,1,,,,,,,,EXCLUDED,1,10,10
1458,25501,16:30:00,1,,,,,,,,EXCLUDED,1,10,10
1458,25502,16:30:30,1,,,,,,,,EXCLUDED,1,10,10
1458,25503,16:31:00,1,,,,,,,,EXCLUDED,1,10,10
1458,25504,16:31:30,1,,,,,,,,EXCLUDED,1,10,10
1458,25505,16:32:00,1,,,,,,,,EXCLUDED,1,10,10
1458,25506,16:32:30,1,,,,,,,,EXCLUDED,1,10,10
1458,25507,16:33:00,1,,,,,,,,EXCLUDED,1,10,10
1458,25508,16:33:30,1,,,,,,,,EXCLUDED,1,10,10
1458,25509,16:34:00,1,,,,,,,,EXCLUDED,1,10,10
1458,25510,16:34:30,1,,,,,,,,EXCLUDED,1,10,10
1458,25511,16:35:00,1,,,,,,,,EXCLUDED,1,10,10
1458,25512,16:35:30,1,,,,,,,,EXCLUDED,1,10,10
1458,25513,16:36:00,1,,,,,,,,EXCLUDED,1,10,10
1458,25514,16:36:30,1,,,,,,,,EXCLUDED,1,10,10
1458,25515,16:37:00,1,,,,,,,,EXCLUDED,1,10,10
1458,25516,16:37:30,1,,,,,,,,EXCLUDED,1,10,10
1458,25517,16:38:00,1,,,,,,,,EXCLUDED,1,10,10
1458,25518,16:38:30,1,,,,,,,,EXCLUDED,1,10,10
1458,25519,16:39:00,1,,,,,,,,EXCLUDED,1,10,10
1458,25520,16:39:30,1,,,,,,,,EXCLUDED,1,10,10
1458,25521,16:40:00,1,,,,,,,,EXCLUDED,1,10,10
1458,25522,16:40:30,1,,,,,,,,EXCLUDED,1,10,10
1458,25523,16:41:00,1,,,,,,,,EXCLUDED,1,10,10
1458,25524,16:41:30,1,,,,,,,,EXCLUDED,1,10,10
1458,25525,16:42:00,1,,,,,,,,EXCLUDED,1,10,10
1458,25526,16:42:30,1,,,,,,,,EXCLUDED,1,10,10
1458,25527,16:43:00,1,,,,,,,,EXCLUDED,1,10,10
1458,25528,16:43:30,1,,,,,,,,EXCLUDED,1,10,10
1458,25529,16:44:00,1,,,,,,,,EXCLUDED,1,10,10
1458,25530,16:44:30,1,,,,,,,,EXCLUDED,1,10,10
1458,25531,16:45:00,1,,,,,,,,EXCLUDED,1,10,10
1458,25532,16:45:30,1,,,,,,,,EXCLUDED,1,10,10
1458,25533,16:46:00,1,,,,,,,,EXCLUDED,1,10,10
1458,25534,16:46:30,1,,,,,,,,EXCLUDED,1,10,10
1458,25535,16:47:00,1,,,,,,,,EXCLUDED,1,10,10
1458,25536,16:47:30,1,,,,,,,,EXCLUDED,1,10,10
1458,25537,16:48:00,1,,,,,,,,EXCLUDED,1,10,10
1458,25538,16:48:30,1,,,,,,,,EXCLUDED,1,10,10
1458,25539,16:49:00,1,,,,,,,,EXCLUDED,1,10,10
1458,25540,16:49:30,1,,,,,,,,EXCLUDED,1,10,10
1458,25541,16:50:00,1,,,,,,,,EXCLUDED,1,10,10
1458,25542,16:50:30,1,,,,,,,,EXCLUDED,1,10,10
1458,25543,16:51:00,1,,,,,,,,EXCLUDED,1,10,10
1458,25544,16:51:30,1,,,,,,,,EXCLUDED,1,10,10
1458,25545,16:52:00,1,,,,,,,,EXCLUDED,1,10,10
1458,25546,16:52:30,1,,,,,,,,EXCLUDED,1,10,10
1458,25547,16:53:00,1,,,,,,,,EXCLUDED,1,10,10
1458,25548,16:53:30,1,,,,,,,,EXCLUDED,1,10,10
1458,25549,16:54:00,1,,,,,,,,EXCLUDED,1,10,10
1458,25550,16:54:30,1,,,,,,,,EXCLUDED,1,10,10
1458,25551,16:55:00,1,,,,,,,,EXCLUDED,1,10,10
1458,25552,16:55:30,1,,,,,,,,EXCLUDED,1,10,10
1458,25553,16:56:00,1,,,,,,,,EXCLUDED,1,10,10
1458,25554,16:56:30,1,,,,,,,,EXCLUDED,1,10,10
1458,25555,16:57:00,1,,,,,,,,EXCLUDED,1,10,10
1458,25556,16:57:30,1,,,,,,,,EXCLUDED,1,10,10
1458,25557,16:58:00,1,,,,,,,,EXCLUDED,1,10,10
1458,25558,16:58:30,1,,,,,,,,EXCLUDED,1,10,10
1458,25559,16:59:00,1,,,,,,,,EXCLUDED,1,10,10
1458,25560,16:59:30,1,,,,,,,,EXCLUDED,1,10,10
1458,25561,17:00:00,1,,,,,,,,EXCLUDED,1,10,10
1458,25562,17:00:30,1,,,,,,,,EXCLUDED,1,10,10
1458,25563,17:01:00,1,,,,,,,,EXCLUDED,1,10,10
1458,25564,17:01:30,1,,,,,,,,EXCLUDED,1,10,10
1458,25565,17:02:00,1,,,,,,,,EXCLUDED,1,10,10
1458,25566,17:02:30,1,,,,,,,,EXCLUDED,1,10,10
1458,25567,17:03:00,1,,,,,,,,EXCLUDED,1,10,10
1458,25568,17:03:30,1,,,,,,,,EXCLUDED,1,10,10
1458,25569,17:04:00,1,,,,,,,,EXCLUDED,1,10,10
1458,25570,17:04:30,1,,,,,,,,EXCLUDED,1,10,10
1458,25571,17:05:00,1,,,,,,,,EXCLUDED,1,10,10
1458,25572,17:05:30,1,,,,,,,,EXCLUDED,1,10,10
1458,25573,17:06:00,1,,,,,,,,EXCLUDED,1,10,10
1458,25574,17:06:30,1,,,,,,,,EXCLUDED,1,10,10
1458,25575,17:07:00,1,,,,,,,,EXCLUDED,1,10,10
1458,25576,17:07:30,1,,,,,,,,EXCLUDED,1,10,10
1458,25577,17:08:00,1,,,,,,,,EXCLUDED,1,10,10
1458,25578,17:08:30,1,,,,,,,,EXCLUDED,1,10,10
1458,25579,17:09:00,1,,,,,,,,EXCLUDED,1,10,10
1458,25580,17:09:30,1,,,,,,,,EXCLUDED,1,10,10
1458,25581,17:10:00,1,,,,,,,,EXCLUDED,1,10,10
1458,25582,17:10:30,1,,,,,,,,EXCLUDED,1,10,10
1458,25583,17:11:00,1,,,,,,,,EXCLUDED,1,10,10
1458,25584,17:11:30,1,,,,,,,,EXCLUDED,1,10,10
1458,25585,17:12:00,1,,,,,,,,EXCLUDED,1,10,10
1458,25586,17:12:30,1,,,,,,,,EXCLUDED,1,10,10
1458,25587,17:13:00,1,,,,,,,,EXCLUDED,1,10,10
1458,25588,17:13:30,1,,,,,,,,EXCLUDED,1,10,10
1458,25589,17:14:00,1,,,,,,,,EXCLUDED,1,10,10
1458,25590,17:14:30,1,,,,,,,,EXCLUDED,1,10,10
1458,25591,17:15:00,1,,,,,,,,EXCLUDED,1,10,10
1458,25592,17:15:30,1,,,,,,,,EXCLUDED,1,10,10
1458,25593,17:16:00,1,,,,,,,,EXCLUDED,1,10,10
1458,25594,17:16:30,1,,,,,,,,EXCLUDED,1,10,10
1458,25595,17:17:00,1,,,,,,,,EXCLUDED,1,10,10
1458,25596,17:17:30,1,,,,,,,,EXCLUDED,1,10,10
1458,25597,17:18:00,1,,,,,,,,EXCLUDED,1,10,10
1458,25598,17:18:30,1,,,,,,,,EXCLUDED,1,10,10
1458,25599,17:19:00,1,,,,,,,,EXCLUDED,1,10,10
1458,25600,17:19:30,1,,,,,,,,EXCLUDED,1,10,10
1458,25601,17:20:00,1,,,,,,,,EXCLUDED,1,10,10
1458,25602,17:20:30,1,,,,,,,,EXCLUDED,1,10,10
1458,25603,17:21:00,1,,,,,,,,EXCLUDED,1,10,10
1458,25604,17:21:30,1,,,,,,,,EXCLUDED,1,10,10
1458,25605,17:22:00,1,,,,,,,,EXCLUDED,1,10,10
1458,25606,17:22:30,1,,,,,,,,EXCLUDED,1,10,10
1458,25607,17:23:00,1,,,,,,,,EXCLUDED,1,10,10
1458,25608,17:23:30,1,,,,,,,,EXCLUDED,1,10,10
1458,25609,17:24:00,1,,,,,,,,EXCLUDED,1,10,10
1458,25610,17:24:30,1,,,,,,,,EXCLUDED,1,10,10
1458,25611,17:25:00,1,,,,,,,,EXCLUDED,1,10,10
1458,25612,17:25:30,1,,,,,,,,EXCLUDED,1,10,10
1458,25613,17:26:00,1,,,,,,,,EXCLUDED,1,10,10
1458,25614,17:26:30,1,,,,,,,,EXCLUDED,1,10,10
1458,25615,17:27:00,1,,,,,,,,EXCLUDED,1,10,10
1458,25616,17:27:30,1,,,,,,,,EXCLUDED,1,10,10
1458,25617,17:28:00,1,,,,,,,,EXCLUDED,1,10,10
1458,25618,17:28:30,1,,,,,,,,EXCLUDED,1,10,10
1458,25619,17:29:00,1,,,,,,,,EXCLUDED,1,10,10
1458,25620,17:29:30,1,,,,,,,,EXCLUDED,1,10,10
1458,25621,17:30:00,1,,,,,,,,EXCLUDED,1,10,10
1458,25622,17:30:30,1,,,,,,,,EXCLUDED,1,10,10
1458,25623,17:31:00,1,,,,,,,,EXCLUDED,1,10,10
1458,25624,17:31:30,1,,,,,,,,EXCLUDED,1,10,10
1458,25625,17:32:00,1,,,,,,,,EXCLUDED,1,10,10
1458,25626,17:32:30,1,,,,,,,,EXCLUDED,1,10,10
1458,25627,17:33:00,1,,,,,,,,EXCLUDED,1,10,10
1458,25628,17:33:30,1,,,,,,,,EXCLUDED,1,10,10
1458,25629,17:34:00,1,,,,,,,,EXCLUDED,1,10,10
1458,25630,17:34:30,1,,,,,,,,EXCLUDED,1,10,10
1458,25631,17:35:00,1,,,,,,,,EXCLUDED,1,10,10
1458,25632,17:35:30,1,,,,,,,,EXCLUDED,1,10,10
1458,25633,17:36:00,1,,,,,,,,EXCLUDED,1,10,10
1458,25634,17:36:30,1,,,,,,,,EXCLUDED,1,10,10
1458,25635,17:37:00,1,,,,,,,,EXCLUDED,1,10,10
1458,25636,17:37:30,1,,,,,,,,EXCLUDED,1,10,10
1458,25637,17:38:00,1,,,,,,,,EXCLUDED,1,10,10
1458,25638,17:38:30,1,,,,,,,,EXCLUDED,1,10,10
1458,25639,17:39:00,1,,,,,,,,EXCLUDED,1,10,10
1458,25640,17:39:30,1,,,,,,,,EXCLUDED,1,10,10
1458,25641,17:40:00,1,,,,,,,,EXCLUDED,1,10,10
1458,25642,17:40:30,1,,,,,,,,EXCLUDED,1,10,10
1458,25643,17:41:00,1,,,,,,,,EXCLUDED,1,10,10
1458,25644,17:41:30,1,,,,,,,,EXCLUDED,1,10,10
1458,25645,17:42:00,1,,,,,,,,EXCLUDED,1,10,10
1458,25646,17:42:30,1,,,,,,,,EXCLUDED,1,10,10
1458,25647,17:43:00,1,,,,,,,,EXCLUDED,1,10,10
1458,25648,17:43:30,1,,,,,,,,EXCLUDED,1,10,10
1458,25649,17:44:00,1,,,,,,,,EXCLUDED,1,10,10
1458,25650,17:44:30,1,,,,,,,,EXCLUDED,1,10,10
1458,25651,17:45:00,1,,,,,,,,EXCLUDED,1,10,10
1458,25652,17:45:30,1,,,,,,,,EXCLUDED,1,10,10
1458,25653,17:46:00,1,,,,,,,,EXCLUDED,1,10,10
1458,25654,17:46:30,1,,,,,,,,EXCLUDED,1,10,10
1458,25655,17:47:00,1,,,,,,,,EXCLUDED,1,10,10
1458,25656,17:47:30,1,,,,,,,,EXCLUDED,1,10,10
1458,25657,17:48:00,1,,,,,,,,EXCLUDED,1,10,10
1458,25658,17:48:30,1,,,,,,,,EXCLUDED,1,10,10
1458,25659,17:49:00,1,,,,,,,,EXCLUDED,1,10,10
1458,25660,17:49:30,1,,,,,,,,EXCLUDED,1,10,10
1458,25661,17:50:00,1,,,,,,,,EXCLUDED,1,10,10
1458,25662,17:50:30,1,,,,,,,,EXCLUDED,1,10,10
1458,25663,17:51:00,1,,,,,,,,EXCLUDED,1,10,10
1458,25664,17:51:30,1,,,,,,,,EXCLUDED,1,10,10
1458,25665,17:52:00,1,,,,,,,,EXCLUDED,1,10,10
1458,25666,17:52:30,1,,,,,,,,EXCLUDED,1,10,10
1458,25667,17:53:00,1,,,,,,,,EXCLUDED,1,10,10
1458,25668,17:53:30,1,,,,,,,,EXCLUDED,1,10,10
1458,25669,17:54:00,1,,,,,,,,EXCLUDED,1,10,10
1458,25670,17:54:30,1,,,,,,,,EXCLUDED,1,10,10
1458,25671,17:55:00,1,,,,,,,,EXCLUDED,1,10,10
1458,25672,17:55:30,1,,,,,,,,EXCLUDED,1,10,10
1458,25673,17:56:00,1,,,,,,,,EXCLUDED,1,10,10
1458,25674,17:56:30,1,,,,,,,,EXCLUDED,1,10,10
1458,25675,17:57:00,1,,,,,,,,EXCLUDED,1,10,10
1458,25676,17:57:30,1,,,,,,,,EXCLUDED,1,10,10
1458,25677,17:58:00,1,,,,,,,,EXCLUDED,1,10,10
1458,25678,17:58:30,1,,,,,,,,EXCLUDED,1,10,10
1458,25679,17:59:00,1,,,,,,,,EXCLUDED,1,10,10
1458,25680,17:59:30,1,,,,,,,,EXCLUDED,1,10,10
1458,25681,18:00:00,1,,,,,,,,EXCLUDED,1,10,10
1458,25682,18:00:30,1,,,,,,,,EXCLUDED,1,10,10
1458,25683,18:01:00,1,,,,,,,,EXCLUDED,1,10,10
1458,25684,18:01:30,1,,,,,,,,EXCLUDED,1,10,10
1458,25685,18:02:00,1,,,,,,,,EXCLUDED,1,10,10
1458,25686,18:02:30,1,,,,,,,,EXCLUDED,1,10,10
1458,25687,18:03:00,1,,,,,,,,EXCLUDED,1,10,10
1458,25688,18:03:30,1,,,,,,,,EXCLUDED,1,10,10
1458,25689,18:04:00,1,,,,,,,,EXCLUDED,1,10,10
1458,25690,18:04:30,1,,,,,,,,EXCLUDED,1,10,10
1458,25691,18:05:00,1,,,,,,,,EXCLUDED,1,10,10
1458,25692,18:05:30,1,,,,,,,,EXCLUDED,1,10,10
1458,25693,18:06:00,1,,,,,,,,EXCLUDED,1,10,10
1458,25694,18:06:30,1,,,,,,,,EXCLUDED,1,10,10
1458,25695,18:07:00,1,,,,,,,,EXCLUDED,1,10,10
1458,25696,18:07:30,1,,,,,,,,EXCLUDED,1,10,10
1458,25697,18:08:00,1,,,,,,,,EXCLUDED,1,10,10
1458,25698,18:08:30,1,,,,,,,,EXCLUDED,1,10,10
1458,25699,18:09:00,1,,,,,,,,EXCLUDED,1,10,10
1458,25700,18:09:30,1,,,,,,,,EXCLUDED,1,10,10
1458,25701,18:10:00,1,,,,,,,,EXCLUDED,1,10,10
1458,25702,18:10:30,1,,,,,,,,EXCLUDED,1,10,10
1458,25703,18:11:00,1,,,,,,,,EXCLUDED,1,10,10
1458,25704,18:11:30,1,,,,,,,,EXCLUDED,1,10,10
1458,25705,18:12:00,1,,,,,,,,EXCLUDED,1,10,10
1458,25706,18:12:30,1,,,,,,,,EXCLUDED,1,10,10
1458,25707,18:13:00,1,,,,,,,,EXCLUDED,1,10,10
1458,25708,18:13:30,1,,,,,,,,EXCLUDED,1,10,10
1458,25709,18:14:00,1,,,,,,,,EXCLUDED,1,10,10
1458,25710,18:14:30,1,,,,,,,,EXCLUDED,1,10,10
1458,25711,18:15:00,1,,,,,,,,EXCLUDED,1,10,10
1458,25712,18:15:30,1,,,,,,,,EXCLUDED,1,10,10
1458,25713,18:16:00,1,,,,,,,,EXCLUDED,1,10,10
1458,25714,18:16:30,1,,,,,,,,EXCLUDED,1,10,10
1458,25715,18:17:00,1,,,,,,,,EXCLUDED,1,10,10
1458,25716,18:17:30,1,,,,,,,,EXCLUDED,1,10,10
1458,25717,18:18:00,1,,,,,,,,EXCLUDED,1,10,10
1458,25718,18:18:30,1,,,,,,,,EXCLUDED,1,10,10
1458,25719,18:19:00,1,,,,,,,,EXCLUDED,1,10,10
1458,25720,18:19:30,1,,,,,,,,EXCLUDED,1,10,10
1458,25721,18:20:00,1,,,,,,,,EXCLUDED,1,10,10
1458,25722,18:20:30,1,,,,,,,,EXCLUDED,1,10,10
1458,25723,18:21:00,1,,,,,,,,EXCLUDED,1,10,10
1458,25724,18:21:30,1,,,,,,,,EXCLUDED,1,10,10
1458,25725,18:22:00,1,,,,,,,,EXCLUDED,1,10,10
1458,25726,18:22:30,1,,,,,,,,EXCLUDED,1,10,10
1458,25727,18:23:00,1,,,,,,,,EXCLUDED,1,10,10
1458,25728,18:23:30,1,,,,,,,,EXCLUDED,1,10,10
1458,25729,18:24:00,1,,,,,,,,EXCLUDED,1,10,10
1458,25730,18:24:30,1,,,,,,,,EXCLUDED,1,10,10
1458,25731,18:25:00,1,,,,,,,,EXCLUDED,1,10,10
1458,25732,18:25:30,1,,,,,,,,EXCLUDED,1,10,10
1458,25733,18:26:00,1,,,,,,,,EXCLUDED,1,10,10
1458,25734,18:26:30,1,,,,,,,,EXCLUDED,1,10,10
1458,25735,18:27:00,1,,,,,,,,EXCLUDED,1,10,10
1458,25736,18:27:30,1,,,,,,,,EXCLUDED,1,10,10
1458,25737,18:28:00,1,,,,,,,,EXCLUDED,1,10,10
1458,25738,18:28:30,1,,,,,,,,EXCLUDED,1,10,10
1458,25739,18:29:00,1,,,,,,,,EXCLUDED,1,10,10
1458,25740,18:29:30,1,,,,,,,,EXCLUDED,1,10,10
1458,25741,18:30:00,1,,,,,,,,EXCLUDED,1,10,10
1458,25742,18:30:30,1,,,,,,,,EXCLUDED,1,10,10
1458,25743,18:31:00,1,,,,,,,,EXCLUDED,1,10,10
1458,25744,18:31:30,1,,,,,,,,EXCLUDED,1,10,10
1458,25745,18:32:00,1,,,,,,,,EXCLUDED,1,10,10
1458,25746,18:32:30,1,,,,,,,,EXCLUDED,1,10,10
1458,25747,18:33:00,1,,,,,,,,EXCLUDED,1,10,10
1458,25748,18:33:30,1,,,,,,,,EXCLUDED,1,10,10
1458,25749,18:34:00,1,,,,,,,,EXCLUDED,1,10,10
1458,25750,18:34:30,1,,,,,,,,EXCLUDED,1,10,10
1458,25751,18:35:00,1,,,,,,,,EXCLUDED,1,10,10
1458,25752,18:35:30,1,,,,,,,,EXCLUDED,1,10,10
1458,25753,18:36:00,1,,,,,,,,EXCLUDED,1,10,10
1458,25754,18:36:30,1,,,,,,,,EXCLUDED,1,10,10
1458,25755,18:37:00,1,,,,,,,,EXCLUDED,1,10,10
1458,25756,18:37:30,1,,,,,,,,EXCLUDED,1,10,10
1458,25757,18:38:00,1,,,,,,,,EXCLUDED,1,10,10
1458,25758,18:38:30,1,,,,,,,,EXCLUDED,1,10,10
1458,25759,18:39:00,1,,,,,,,,EXCLUDED,1,10,10
1458,25760,18:39:30,1,,,,,,,,EXCLUDED,1,10,10
1458,25761,18:40:00,1,,,,,,,,EXCLUDED,1,10,10
1458,25762,18:40:30,1,,,,,,,,EXCLUDED,1,10,10
1458,25763,18:41:00,1,,,,,,,,EXCLUDED,1,10,10
1458,25764,18:41:30,1,,,,,,,,EXCLUDED,1,10,10
1458,25765,18:42:00,1,,,,,,,,EXCLUDED,1,10,10
1458,25766,18:42:30,1,,,,,,,,EXCLUDED,1,10,10
1458,25767,18:43:00,1,,,,,,,,EXCLUDED,1,10,10
1458,25768,18:43:30,1,,,,,,,,EXCLUDED,1,10,10
1458,25769,18:44:00,1,,,,,,,,EXCLUDED,1,10,10
1458,25770,18:44:30,1,,,,,,,,EXCLUDED,1,10,10
1458,25771,18:45:00,1,,,,,,,,EXCLUDED,1,10,10
1458,25772,18:45:30,1,,,,,,,,EXCLUDED,1,10,10
1458,25773,18:46:00,1,,,,,,,,EXCLUDED,1,10,10
1458,25774,18:46:30,1,,,,,,,,EXCLUDED,1,10,10
1458,25775,18:47:00,1,,,,,,,,EXCLUDED,1,10,10
1458,25776,18:47:30,1,,,,,,,,EXCLUDED,1,10,10
1458,25777,18:48:00,1,,,,,,,,EXCLUDED,1,10,10
1458,25778,18:48:30,1,,,,,,,,EXCLUDED,1,10,10
1458,25779,18:49:00,1,,,,,,,,EXCLUDED,1,10,10
1458,25780,18:49:30,1,,,,,,,,EXCLUDED,1,10,10
1458,25781,18:50:00,1,,,,,,,,EXCLUDED,1,10,10
1458,25782,18:50:30,1,,,,,,,,EXCLUDED,1,10,10
1458,25783,18:51:00,1,,,,,,,,EXCLUDED,1,10,10
1458,25784,18:51:30,1,,,,,,,,EXCLUDED,1,10,10
1458,25785,18:52:00,1,,,,,,,,EXCLUDED,1,10,10
1458,25786,18:52:30,1,,,,,,,,EXCLUDED,1,10,10
1458,25787,18:53:00,1,,,,,,,,EXCLUDED,1,10,10
1458,25788,18:53:30,1,,,,,,,,EXCLUDED,1,10,10
1458,25789,18:54:00,1,,,,,,,,EXCLUDED,1,10,10
1458,25790,18:54:30,1,,,,,,,,EXCLUDED,1,10,10
1458,25791,18:55:00,1,,,,,,,,EXCLUDED,1,10,10
1458,25792,18:55:30,1,,,,,,,,EXCLUDED,1,10,10
1458,25793,18:56:00,1,,,,,,,,EXCLUDED,1,10,10
1458,25794,18:56:30,1,,,,,,,,EXCLUDED,1,10,10
1458,25795,18:57:00,1,,,,,,,,EXCLUDED,1,10,10
1458,25796,18:57:30,1,,,,,,,,EXCLUDED,1,10,10
1458,25797,18:58:00,1,,,,,,,,EXCLUDED,1,10,10
1458,25798,18:58:30,1,,,,,,,,EXCLUDED,1,10,10
1458,25799,18:59:00,1,,,,,,,,EXCLUDED,1,10,10
1458,25800,18:59:30,1,,,,,,,,EXCLUDED,1,10,10
1458,25801,19:00:00,1,,,,,,,,EXCLUDED,1,10,10
1458,25802,19:00:30,1,,,,,,,,EXCLUDED,1,10,10
1458,25803,19:01:00,1,,,,,,,,EXCLUDED,1,10,10
1458,25804,19:01:30,1,,,,,,,,EXCLUDED,1,10,10
1458,25805,19:02:00,1,,,,,,,,EXCLUDED,1,10,10
1458,25806,19:02:30,1,,,,,,,,EXCLUDED,1,10,10
1458,25807,19:03:00,1,,,,,,,,EXCLUDED,1,10,10
1458,25808,19:03:30,1,,,,,,,,EXCLUDED,1,10,10
1458,25809,19:04:00,1,,,,,,,,EXCLUDED,1,10,10
1458,25810,19:04:30,1,,,,,,,,EXCLUDED,1,10,10
1458,25811,19:05:00,1,,,,,,,,EXCLUDED,1,10,10
1458,25812,19:05:30,1,,,,,,,,EXCLUDED,1,10,10
1458,25813,19:06:00,1,,,,,,,,EXCLUDED,1,10,10
1458,25814,19:06:30,1,,,,,,,,EXCLUDED,1,10,10
1458,25815,19:07:00,1,,,,,,,,EXCLUDED,1,10,10
1458,25816,19:07:30,1,,,,,,,,EXCLUDED,1,10,10
1458,25817,19:08:00,1,,,,,,,,EXCLUDED,1,10,10
1458,25818,19:08:30,1,,,,,,,,EXCLUDED,1,10,10
1458,25819,19:09:00,1,,,,,,,,EXCLUDED,1,10,10
1458,25820,19:09:30,1,,,,,,,,EXCLUDED,1,10,10
1458,25821,19:10:00,1,,,,,,,,EXCLUDED,1,10,10
1458,25822,19:10:30,1,,,,,,,,EXCLUDED,1,10,10
1458,25823,19:11:00,1,,,,,,,,EXCLUDED,1,10,10
1458,25824,19:11:30,1,,,,,,,,EXCLUDED,1,10,10
1458,25825,19:12:00,1,,,,,,,,EXCLUDED,1,10,10
1458,25826,19:12:30,1,,,,,,,,EXCLUDED,1,10,10
1458,25827,19:13:00,1,,,,,,,,EXCLUDED,1,10,10
1458,25828,19:13:30,1,,,,,,,,EXCLUDED,1,10,10
1458,25829,19:14:00,1,,,,,,,,EXCLUDED,1,10,10
1458,25830,19:14:30,1,,,,,,,,EXCLUDED,1,10,10
1458,25831,19:15:00,1,,,,,,,,EXCLUDED,1,10,10
1458,25832,19:15:30,1,,,,,,,,EXCLUDED,1,10,10
1458,25833,19:16:00,1,,,,,,,,EXCLUDED,1,10,10
1458,25834,19:16:30,1,,,,,,,,EXCLUDED,1,10,10
1458,25835,19:17:00,1,,,,,,,,EXCLUDED,1,10,10
1458,25836,19:17:30,1,,,,,,,,EXCLUDED,1,10,10
1458,25837,19:18:00,1,,,,,,,,EXCLUDED,1,10,10
1458,25838,19:18:30,1,,,,,,,,EXCLUDED,1,10,10
1458,25839,19:19:00,1,,,,,,,,EXCLUDED,1,10,10
1458,25840,19:19:30,1,,,,,,,,EXCLUDED,1,10,10
1458,25841,19:20:00,1,,,,,,,,EXCLUDED,1,10,10
1458,25842,19:20:30,1,,,,,,,,EXCLUDED,1,10,10
1458,25843,19:21:00,1,,,,,,,,EXCLUDED,1,10,10
1458,25844,19:21:30,1,,,,,,,,EXCLUDED,1,10,10
1458,25845,19:22:00,1,,,,,,,,EXCLUDED,1,10,10
1458,25846,19:22:30,1,,,,,,,,EXCLUDED,1,10,10
1458,25847,19:23:00,1,,,,,,,,EXCLUDED,1,10,10
1458,25848,19:23:30,1,,,,,,,,EXCLUDED,1,10,10
1458,25849,19:24:00,1,,,,,,,,EXCLUDED,1,10,10
1458,25850,19:24:30,1,,,,,,,,EXCLUDED,1,10,10
1458,25851,19:25:00,1,,,,,,,,EXCLUDED,1,10,10
1458,25852,19:25:30,1,,,,,,,,EXCLUDED,1,10,10
1458,25853,19:26:00,1,,,,,,,,EXCLUDED,1,10,10
1458,25854,19:26:30,1,,,,,,,,EXCLUDED,1,10,10
1458,25855,19:27:00,1,,,,,,,,EXCLUDED,1,10,10
1458,25856,19:27:30,1,,,,,,,,EXCLUDED,1,10,10
1458,25857,19:28:00,1,,,,,,,,EXCLUDED,1,10,10
1458,25858,19:28:30,1,,,,,,,,EXCLUDED,1,10,10
1458,25859,19:29:00,1,,,,,,,,EXCLUDED,1,10,10
1458,25860,19:29:30,1,,,,,,,,EXCLUDED,1,10,10
1458,25861,19:30:00,1,,,,,,,,EXCLUDED,1,10,10
1458,25862,19:30:30,1,,,,,,,,EXCLUDED,1,10,10
1458,25863,19:31:00,1,,,,,,,,EXCLUDED,1,10,10
1458,25864,19:31:30,1,,,,,,,,EXCLUDED,1,10,10
1458,25865,19:32:00,1,,,,,,,,EXCLUDED,1,10,10
1458,25866,19:32:30,1,,,,,,,,EXCLUDED,1,10,10
1458,25867,19:33:00,1,,,,,,,,EXCLUDED,1,10,10
1458,25868,19:33:30,1,,,,,,,,EXCLUDED,1,10,10
1458,25869,19:34:00,1,,,,,,,,EXCLUDED,1,10,10
1458,25870,19:34:30,1,,,,,,,,EXCLUDED,1,10,10
1458,25871,19:35:00,1,,,,,,,,EXCLUDED,1,10,10
1458,25872,19:35:30,1,,,,,,,,EXCLUDED,1,10,10
1458,25873,19:36:00,1,,,,,,,,EXCLUDED,1,10,10
1458,25874,19:36:30,1,,,,,,,,EXCLUDED,1,10,10
1458,25875,19:37:00,1,,,,,,,,EXCLUDED,1,10,10
1458,25876,19:37:30,1,,,,,,,,EXCLUDED,1,10,10
1458,25877,19:38:00,1,,,,,,,,EXCLUDED,1,10,10
1458,25878,19:38:30,1,,,,,,,,EXCLUDED,1,10,10
1458,25879,19:39:00,1,,,,,,,,EXCLUDED,1,10,10
1458,25880,19:39:30,1,,,,,,,,EXCLUDED,1,10,10
1458,25881,19:40:00,1,,,,,,,,EXCLUDED,1,10,10
1458,25882,19:40:30,1,,,,,,,,EXCLUDED,1,10,10
1458,25883,19:41:00,1,,,,,,,,EXCLUDED,1,10,10
1458,25884,19:41:30,1,,,,,,,,EXCLUDED,1,10,10
1458,25885,19:42:00,1,,,,,,,,EXCLUDED,1,10,10
1458,25886,19:42:30,1,,,,,,,,EXCLUDED,1,10,10
1458,25887,19:43:00,1,,,,,,,,EXCLUDED,1,10,10
1458,25888,19:43:30,1,,,,,,,,EXCLUDED,1,10,10
1458,25889,19:44:00,1,,,,,,,,EXCLUDED,1,10,10
1458,25890,19:44:30,1,,,,,,,,EXCLUDED,1,10,10
1458,25891,19:45:00,1,,,,,,,,EXCLUDED,1,10,10
1458,25892,19:45:30,1,,,,,,,,EXCLUDED,1,10,10
1458,25893,19:46:00,1,,,,,,,,EXCLUDED,1,10,10
1458,25894,19:46:30,1,,,,,,,,EXCLUDED,1,10,10
1458,25895,19:47:00,1,,,,,,,,EXCLUDED,1,10,10
1458,25896,19:47:30,1,,,,,,,,EXCLUDED,1,10,10
1458,25897,19:48:00,1,,,,,,,,EXCLUDED,1,10,10
1458,25898,19:48:30,1,,,,,,,,EXCLUDED,1,10,10
1458,25899,19:49:00,1,,,,,,,,EXCLUDED,1,10,10
1458,25900,19:49:30,1,,,,,,,,EXCLUDED,1,10,10
1458,25901,19:50:00,1,,,,,,,,EXCLUDED,1,10,10
1458,25902,19:50:30,1,,,,,,,,EXCLUDED,1,10,10
1458,25903,19:51:00,1,,,,,,,,EXCLUDED,1,10,10
1458,25904,19:51:30,1,,,,,,,,EXCLUDED,1,10,10
1458,25905,19:52:00,1,,,,,,,,EXCLUDED,1,10,10
1458,25906,19:52:30,1,,,,,,,,EXCLUDED,1,10,10
1458,25907,19:53:00,1,,,,,,,,EXCLUDED,1,10,10
1458,25908,19:53:30,1,,,,,,,,EXCLUDED,1,10,10
1458,25909,19:54:00,1,,,,,,,,EXCLUDED,1,10,10
1458,25910,19:54:30,1,,,,,,,,EXCLUDED,1,10,10
1458,25911,19:55:00,1,,,,,,,,EXCLUDED,1,10,10
1458,25912,19:55:30,1,,,,,,,,EXCLUDED,1,10,10
1458,25913,19:56:00,1,,,,,,,,EXCLUDED,1,10,10
1458,25914,19:56:30,1,,,,,,,,EXCLUDED,1,10,10
1458,25915,19:57:00,1,,,,,,,,EXCLUDED,1,10,10
1458,25916,19:57:30,1,,,,,,,,EXCLUDED,1,10,10
1458,25917,19:58:00,1,,,,,,,,EXCLUDED,1,10,10
1458,25918,19:58:30,1,,,,,,,,EXCLUDED,1,10,10
1458,25919,19:59:00,1,,,,,,,,EXCLUDED,1,10,10
1458,25920,19:59:30,1,,,,,,,,EXCLUDED,1,10,10
1458,25921,20:00:00,1,,,,,,,,EXCLUDED,1,10,10
1458,25922,20:00:30,1,,,,,,,,EXCLUDED,1,10,10
1458,25923,20:01:00,1,,,,,,,,EXCLUDED,1,10,10
1458,25924,20:01:30,1,,,,,,,,EXCLUDED,1,10,10
1458,25925,20:02:00,1,,,,,,,,EXCLUDED,1,10,10
1458,25926,20:02:30,1,,,,,,,,EXCLUDED,1,10,10
1458,25927,20:03:00,1,,,,,,,,EXCLUDED,1,10,10
1458,25928,20:03:30,1,,,,,,,,EXCLUDED,1,10,10
1458,25929,20:04:00,1,,,,,,,,EXCLUDED,1,10,10
1458,25930,20:04:30,1,,,,,,,,EXCLUDED,1,10,10
1458,25931,20:05:00,1,,,,,,,,EXCLUDED,1,10,10
1458,25932,20:05:30,1,,,,,,,,EXCLUDED,1,10,10
1458,25933,20:06:00,1,,,,,,,,EXCLUDED,1,10,10
1458,25934,20:06:30,1,,,,,,,,EXCLUDED,1,10,10
1458,25935,20:07:00,1,,,,,,,,EXCLUDED,1,10,10
1458,25936,20:07:30,1,,,,,,,,EXCLUDED,1,10,10
1458,25937,20:08:00,1,,,,,,,,EXCLUDED,1,10,10
1458,25938,20:08:30,1,,,,,,,,EXCLUDED,1,10,10
1458,25939,20:09:00,1,,,,,,,,EXCLUDED,1,10,10
1458,25940,20:09:30,1,,,,,,,,EXCLUDED,1,10,10
1458,25941,20:10:00,1,,,,,,,,EXCLUDED,1,10,10
1458,25942,20:10:30,1,,,,,,,,EXCLUDED,1,10,10
1458,25943,20:11:00,1,,,,,,,,EXCLUDED,1,10,10
1458,25944,20:11:30,1,,,,,,,,EXCLUDED,1,10,10
1458,25945,20:12:00,1,,,,,,,,EXCLUDED,1,10,10
1458,25946,20:12:30,1,,,,,,,,EXCLUDED,1,10,10
1458,25947,20:13:00,1,,,,,,,,EXCLUDED,1,10,10
1458,25948,20:13:30,1,,,,,,,,EXCLUDED,1,10,10
1458,25949,20:14:00,1,,,,,,,,EXCLUDED,1,10,10
1458,25950,20:14:30,1,,,,,,,,EXCLUDED,1,10,10
1458,25951,20:15:00,1,,,,,,,,EXCLUDED,1,10,10
1458,25952,20:15:30,1,,,,,,,,EXCLUDED,1,10,10
1458,25953,20:16:00,1,,,,,,,,EXCLUDED,1,10,10
1458,25954,20:16:30,1,,,,,,,,EXCLUDED,1,10,10
1458,25955,20:17:00,1,,,,,,,,EXCLUDED,1,10,10
1458,25956,20:17:30,1,,,,,,,,EXCLUDED,1,10,10
1458,25957,20:18:00,1,,,,,,,,EXCLUDED,1,10,10
1458,25958,20:18:30,1,,,,,,,,EXCLUDED,1,10,10
1458,25959,20:19:00,1,,,,,,,,EXCLUDED,1,10,10
1458,25960,20:19:30,1,,,,,,,,EXCLUDED,1,10,10
1458,25961,20:20:00,1,,,,,,,,EXCLUDED,1,10,10
1458,25962,20:20:30,1,,,,,,,,EXCLUDED,1,10,10
1458,25963,20:21:00,1,,,,,,,,EXCLUDED,1,10,10
1458,25964,20:21:30,1,,,,,,,,EXCLUDED,1,10,10
1458,25965,20:22:00,1,,,,,,,,EXCLUDED,1,10,10
1458,25966,20:22:30,1,,,,,,,,EXCLUDED,1,10,10
1458,25967,20:23:00,1,,,,,,,,EXCLUDED,1,10,10
1458,25968,20:23:30,1,,,,,,,,EXCLUDED,1,10,10
1458,25969,20:24:00,1,,,,,,,,EXCLUDED,1,10,10
1458,25970,20:24:30,1,,,,,,,,EXCLUDED,1,10,10
1458,25971,20:25:00,1,,,,,,,,EXCLUDED,1,10,10
1458,25972,20:25:30,1,,,,,,,,EXCLUDED,1,10,10
1458,25973,20:26:00,1,,,,,,,,EXCLUDED,1,10,10
1458,25974,20:26:30,1,,,,,,,,EXCLUDED,1,10,10
1458,25975,20:27:00,1,,,,,,,,EXCLUDED,1,10,10
1458,25976,20:27:30,1,,,,,,,,EXCLUDED,1,10,10
1458,25977,20:28:00,1,,,,,,,,EXCLUDED,1,10,10
1458,25978,20:28:30,1,,,,,,,,EXCLUDED,1,10,10
1458,25979,20:29:00,1,,,,,,,,EXCLUDED,1,10,10
1458,25980,20:29:30,1,,,,,,,,EXCLUDED,1,10,10
1458,25981,20:30:00,1,,,,,,,,EXCLUDED,1,10,10
1458,25982,20:30:30,1,,,,,,,,EXCLUDED,1,10,10
1458,25983,20:31:00,1,,,,,,,,EXCLUDED,1,10,10
1458,25984,20:31:30,1,,,,,,,,EXCLUDED,1,10,10
1458,25985,20:32:00,1,,,,,,,,EXCLUDED,1,10,10
1458,25986,20:32:30,1,,,,,,,,EXCLUDED,1,10,10
1458,25987,20:33:00,1,,,,,,,,EXCLUDED,1,10,10
1458,25988,20:33:30,1,,,,,,,,EXCLUDED,1,10,10
1458,25989,20:34:00,1,,,,,,,,EXCLUDED,1,10,10
1458,25990,20:34:30,1,,,,,,,,EXCLUDED,1,10,10
1458,25991,20:35:00,1,,,,,,,,EXCLUDED,1,10,10
1458,25992,20:35:30,1,,,,,,,,EXCLUDED,1,10,10
1458,25993,20:36:00,1,,,,,,,,EXCLUDED,1,10,10
1458,25994,20:36:30,1,,,,,,,,EXCLUDED,1,10,10
1458,25995,20:37:00,1,,,,,,,,EXCLUDED,1,10,10
1458,25996,20:37:30,1,,,,,,,,EXCLUDED,1,10,10
1458,25997,20:38:00,1,,,,,,,,EXCLUDED,1,10,10
1458,25998,20:38:30,1,,,,,,,,EXCLUDED,1,10,10
1458,25999,20:39:00,1,,,,,,,,EXCLUDED,1,10,10
1458,26000,20:39:30,1,,,,,,,,EXCLUDED,1,10,10
1458,26001,20:40:00,1,,,,,,,,EXCLUDED,1,10,10
1458,26002,20:40:30,1,,,,,,,,EXCLUDED,1,10,10
1458,26003,20:41:00,1,,,,,,,,EXCLUDED,1,10,10
1458,26004,20:41:30,1,,,,,,,,EXCLUDED,1,10,10
1458,26005,20:42:00,1,,,,,,,,EXCLUDED,1,10,10
1458,26006,20:42:30,1,,,,,,,,EXCLUDED,1,10,10
1458,26007,20:43:00,1,,,,,,,,EXCLUDED,1,10,10
1458,26008,20:43:30,1,,,,,,,,EXCLUDED,1,10,10
1458,26009,20:44:00,1,,,,,,,,EXCLUDED,1,10,10
1458,26010,20:44:30,1,,,,,,,,EXCLUDED,1,10,10
1458,26011,20:45:00,1,,,,,,,,EXCLUDED,1,10,10
1458,26012,20:45:30,1,,,,,,,,EXCLUDED,1,10,10
1458,26013,20:46:00,1,,,,,,,,EXCLUDED,1,10,10
1458,26014,20:46:30,1,,,,,,,,EXCLUDED,1,10,10
1458,26015,20:47:00,1,,,,,,,,EXCLUDED,1,10,10
1458,26016,20:47:30,1,,,,,,,,EXCLUDED,1,10,10
1458,26017,20:48:00,1,,,,,,,,EXCLUDED,1,10,10
1458,26018,20:48:30,1,,,,,,,,EXCLUDED,1,10,10
1458,26019,20:49:00,1,,,,,,,,EXCLUDED,1,10,10
1458,26020,20:49:30,1,,,,,,,,EXCLUDED,1,10,10
1458,26021,20:50:00,1,,,,,,,,EXCLUDED,1,10,10
1458,26022,20:50:30,1,,,,,,,,EXCLUDED,1,10,10
1458,26023,20:51:00,1,,,,,,,,EXCLUDED,1,10,10
1458,26024,20:51:30,1,,,,,,,,EXCLUDED,1,10,10
1458,26025,20:52:00,1,,,,,,,,EXCLUDED,1,10,10
1458,26026,20:52:30,1,,,,,,,,EXCLUDED,1,10,10
1458,26027,20:53:00,1,,,,,,,,EXCLUDED,1,10,10
1458,26028,20:53:30,1,,,,,,,,EXCLUDED,1,10,10
1458,26029,20:54:00,1,,,,,,,,EXCLUDED,1,10,10
1458,26030,20:54:30,1,,,,,,,,EXCLUDED,1,10,10
1458,26031,20:55:00,1,,,,,,,,EXCLUDED,1,10,10
1458,26032,20:55:30,1,,,,,,,,EXCLUDED,1,10,10
1458,26033,20:56:00,1,,,,,,,,EXCLUDED,1,10,10
1458,26034,20:56:30,1,,,,,,,,EXCLUDED,1,10,10
1458,26035,20:57:00,1,,,,,,,,EXCLUDED,1,10,10
1458,26036,20:57:30,1,,,,,,,,EXCLUDED,1,10,10
1458,26037,20:58:00,1,,,,,,,,EXCLUDED,1,10,10
1458,26038,20:58:30,1,,,,,,,,EXCLUDED,1,10,10
1458,26039,20:59:00,1,,,,,,,,EXCLUDED,1,10,10
1458,26040,20:59:30,1,,,,,,,,EXCLUDED,1,10,10
1458,26041,21:00:00,1,,,,,,,,EXCLUDED,1,10,10
1458,26042,21:00:30,1,,,,,,,,EXCLUDED,1,10,10
1458,26043,21:01:00,1,,,,,,,,EXCLUDED,1,10,10
1458,26044,21:01:30,1,,,,,,,,EXCLUDED,1,10,10
1458,26045,21:02:00,1,,,,,,,,EXCLUDED,1,10,10
1458,26046,21:02:30,1,,,,,,,,EXCLUDED,1,10,10
1458,26047,21:03:00,1,,,,,,,,EXCLUDED,1,10,10
1458,26048,21:03:30,1,,,,,,,,EXCLUDED,1,10,10
1458,26049,21:04:00,1,,,,,,,,EXCLUDED,1,10,10
1458,26050,21:04:30,1,,,,,,,,EXCLUDED,1,10,10
1458,26051,21:05:00,1,,,,,,,,EXCLUDED,1,10,10
1458,26052,21:05:30,1,,,,,,,,EXCLUDED,1,10,10
1458,26053,21:06:00,1,,,,,,,,EXCLUDED,1,10,10
1458,26054,21:06:30,1,,,,,,,,EXCLUDED,1,10,10
1458,26055,21:07:00,1,,,,,,,,EXCLUDED,1,10,10
1458,26056,21:07:30,1,,,,,,,,EXCLUDED,1,10,10
1458,26057,21:08:00,1,,,,,,,,EXCLUDED,1,10,10
1458,26058,21:08:30,1,,,,,,,,EXCLUDED,1,10,10
1458,26059,21:09:00,1,,,,,,,,EXCLUDED,1,10,10
1458,26060,21:09:30,1,,,,,,,,EXCLUDED,1,10,10
1458,26061,21:10:00,1,,,,,,,,EXCLUDED,1,10,10
1458,26062,21:10:30,1,,,,,,,,EXCLUDED,1,10,10
1458,26063,21:11:00,1,,,,,,,,EXCLUDED,1,10,10
1458,26064,21:11:30,1,,,,,,,,EXCLUDED,1,10,10
1458,26065,21:12:00,1,,,,,,,,EXCLUDED,1,10,10
1458,26066,21:12:30,1,,,,,,,,EXCLUDED,1,10,10
1458,26067,21:13:00,1,,,,,,,,EXCLUDED,1,10,10
1458,26068,21:13:30,1,,,,,,,,EXCLUDED,1,10,10
1458,26069,21:14:00,1,,,,,,,,EXCLUDED,1,10,10
1458,26070,21:14:30,1,,,,,,,,EXCLUDED,1,10,10
1458,26071,21:15:00,1,,,,,,,,EXCLUDED,1,10,10
1458,26072,21:15:30,1,,,,,,,,EXCLUDED,1,10,10
1458,26073,21:16:00,1,,,,,,,,EXCLUDED,1,10,10
1458,26074,21:16:30,1,,,,,,,,EXCLUDED,1,10,10
1458,26075,21:17:00,1,,,,,,,,EXCLUDED,1,10,10
1458,26076,21:17:30,1,,,,,,,,EXCLUDED,1,10,10
1458,26077,21:18:00,1,,,,,,,,EXCLUDED,1,10,10
1458,26078,21:18:30,1,,,,,,,,EXCLUDED,1,10,10
1458,26079,21:19:00,1,,,,,,,,EXCLUDED,1,10,10
1458,26080,21:19:30,1,,,,,,,,EXCLUDED,1,10,10
1458,26081,21:20:00,1,,,,,,,,EXCLUDED,1,10,10
1458,26082,21:20:30,1,,,,,,,,EXCLUDED,1,10,10
1458,26083,21:21:00,1,,,,,,,,EXCLUDED,1,10,10
1458,26084,21:21:30,1,,,,,,,,EXCLUDED,1,10,10
1458,26085,21:22:00,1,,,,,,,,EXCLUDED,1,10,10
1458,26086,21:22:30,1,,,,,,,,EXCLUDED,1,10,10
1458,26087,21:23:00,1,,,,,,,,EXCLUDED,1,10,10
1458,26088,21:23:30,1,,,,,,,,EXCLUDED,1,10,10
1458,26089,21:24:00,1,,,,,,,,EXCLUDED,1,10,10
1458,26090,21:24:30,1,,,,,,,,EXCLUDED,1,10,10
1458,26091,21:25:00,1,,,,,,,,EXCLUDED,1,10,10
1458,26092,21:25:30,1,,,,,,,,EXCLUDED,1,10,10
1458,26093,21:26:00,1,,,,,,,,EXCLUDED,1,10,10
1458,26094,21:26:30,1,,,,,,,,EXCLUDED,1,10,10
1458,26095,21:27:00,1,,,,,,,,EXCLUDED,1,10,10
1458,26096,21:27:30,1,,,,,,,,EXCLUDED,1,10,10
1458,26097,21:28:00,1,,,,,,,,EXCLUDED,1,10,10
1458,26098,21:28:30,1,,,,,,,,EXCLUDED,1,10,10
1458,26099,21:29:00,1,,,,,,,,EXCLUDED,1,10,10
1458,26100,21:29:30,1,,,,,,,,EXCLUDED,1,10,10
1458,26101,21:30:00,1,,,,,,,,EXCLUDED,1,10,10
1458,26102,21:30:30,1,,,,,,,,EXCLUDED,1,10,10
1458,26103,21:31:00,1,,,,,,,,EXCLUDED,1,10,10
1458,26104,21:31:30,1,,,,,,,,EXCLUDED,1,10,10
1458,26105,21:32:00,1,,,,,,,,EXCLUDED,1,10,10
1458,26106,21:32:30,1,,,,,,,,EXCLUDED,1,10,10
1458,26107,21:33:00,1,,,,,,,,EXCLUDED,1,10,10
1458,26108,21:33:30,1,,,,,,,,EXCLUDED,1,10,10
1458,26109,21:34:00,1,,,,,,,,EXCLUDED,1,10,10
1458,26110,21:34:30,1,,,,,,,,EXCLUDED,1,10,10
1458,26111,21:35:00,1,,,,,,,,EXCLUDED,1,10,10
1458,26112,21:35:30,1,,,,,,,,EXCLUDED,1,10,10
1458,26113,21:36:00,1,,,,,,,,EXCLUDED,1,10,10
1458,26114,21:36:30,1,,,,,,,,EXCLUDED,1,10,10
1458,26115,21:37:00,1,,,,,,,,EXCLUDED,1,10,10
1458,26116,21:37:30,1,,,,,,,,EXCLUDED,1,10,10
1458,26117,21:38:00,1,,,,,,,,EXCLUDED,1,10,10
1458,26118,21:38:30,1,,,,,,,,EXCLUDED,1,10,10
1458,26119,21:39:00,1,,,,,,,,EXCLUDED,1,10,10
1458,26120,21:39:30,1,,,,,,,,EXCLUDED,1,10,10
1458,26121,21:40:00,1,,,,,,,,EXCLUDED,1,10,10
1458,26122,21:40:30,1,,,,,,,,EXCLUDED,1,10,10
1458,26123,21:41:00,1,,,,,,,,EXCLUDED,1,10,10
1458,26124,21:41:30,1,,,,,,,,EXCLUDED,1,10,10
1458,26125,21:42:00,1,,,,,,,,EXCLUDED,1,10,10
1458,26126,21:42:30,1,,,,,,,,EXCLUDED,1,10,10
1458,26127,21:43:00,1,,,,,,,,EXCLUDED,1,10,10
1458,26128,21:43:30,1,,,,,,,,EXCLUDED,1,10,10
1458,26129,21:44:00,1,,,,,,,,EXCLUDED,1,10,10
1458,26130,21:44:30,1,,,,,,,,EXCLUDED,1,10,10
1458,26131,21:45:00,1,,,,,,,,EXCLUDED,1,10,10
1458,26132,21:45:30,1,,,,,,,,EXCLUDED,1,10,10
1458,26133,21:46:00,1,,,,,,,,EXCLUDED,1,10,10
1458,26134,21:46:30,1,,,,,,,,EXCLUDED,1,10,10
1458,26135,21:47:00,1,,,,,,,,EXCLUDED,1,10,10
1458,26136,21:47:30,1,,,,,,,,EXCLUDED,1,10,10
1458,26137,21:48:00,1,,,,,,,,EXCLUDED,1,10,10
1458,26138,21:48:30,1,,,,,,,,EXCLUDED,1,10,10
1458,26139,21:49:00,1,,,,,,,,EXCLUDED,1,10,10
1458,26140,21:49:30,1,,,,,,,,EXCLUDED,1,10,10
1458,26141,21:50:00,1,,,,,,,,EXCLUDED,1,10,10
1458,26142,21:50:30,1,,,,,,,,EXCLUDED,1,10,10
1458,26143,21:51:00,1,,,,,,,,EXCLUDED,1,10,10
1458,26144,21:51:30,1,,,,,,,,EXCLUDED,1,10,10
1458,26145,21:52:00,1,,,,,,,,EXCLUDED,1,10,10
1458,26146,21:52:30,1,,,,,,,,EXCLUDED,1,10,10
1458,26147,21:53:00,1,,,,,,,,EXCLUDED,1,10,10
1458,26148,21:53:30,1,,,,,,,,EXCLUDED,1,10,10
1458,26149,21:54:00,1,,,,,,,,EXCLUDED,1,10,10
1458,26150,21:54:30,1,,,,,,,,EXCLUDED,1,10,10
1458,26151,21:55:00,1,,,,,,,,EXCLUDED,1,10,10
1458,26152,21:55:30,1,,,,,,,,EXCLUDED,1,10,10
1458,26153,21:56:00,1,,,,,,,,EXCLUDED,1,10,10
1458,26154,21:56:30,1,,,,,,,,EXCLUDED,1,10,10
1458,26155,21:57:00,1,,,,,,,,EXCLUDED,1,10,10
1458,26156,21:57:30,1,,,,,,,,EXCLUDED,1,10,10
1458,26157,21:58:00,1,,,,,,,,EXCLUDED,1,10,10
1458,26158,21:58:30,1,,,,,,,,EXCLUDED,1,10,10
1458,26159,21:59:00,1,,,,,,,,EXCLUDED,1,10,10
1458,26160,21:59:30,1,,,,,,,,EXCLUDED,1,10,10
1458,26161,22:00:00,1,,,,,,,,EXCLUDED,1,10,10
1458,26162,22:00:30,1,,,,,,,,EXCLUDED,1,10,10
1458,26163,22:01:00,1,,,,,,,,EXCLUDED,1,10,10
1458,26164,22:01:30,1,,,,,,,,EXCLUDED,1,10,10
1458,26165,22:02:00,1,,,,,,,,EXCLUDED,1,10,10
1458,26166,22:02:30,1,,,,,,,,EXCLUDED,1,10,10
1458,26167,22:03:00,1,,,,,,,,EXCLUDED,1,10,10
1458,26168,22:03:30,1,,,,,,,,EXCLUDED,1,10,10
1458,26169,22:04:00,1,,,,,,,,EXCLUDED,1,10,10
1458,26170,22:04:30,1,,,,,,,,EXCLUDED,1,10,10
1458,26171,22:05:00,1,,,,,,,,EXCLUDED,1,10,10
1458,26172,22:05:30,1,,,,,,,,EXCLUDED,1,10,10
1458,26173,22:06:00,1,,,,,,,,EXCLUDED,1,10,10
1458,26174,22:06:30,1,,,,,,,,EXCLUDED,1,10,10
1458,26175,22:07:00,1,,,,,,,,EXCLUDED,1,10,10
1458,26176,22:07:30,1,,,,,,,,EXCLUDED,1,10,10
1458,26177,22:08:00,1,,,,,,,,EXCLUDED,1,10,10
1458,26178,22:08:30,1,,,,,,,,EXCLUDED,1,10,10
1458,26179,22:09:00,1,,,,,,,,EXCLUDED,1,10,10
1458,26180,22:09:30,1,,,,,,,,EXCLUDED,1,10,10
1458,26181,22:10:00,1,,,,,,,,EXCLUDED,1,10,10
1458,26182,22:10:30,1,,,,,,,,EXCLUDED,1,10,10
1458,26183,22:11:00,1,,,,,,,,EXCLUDED,1,10,10
1458,26184,22:11:30,1,,,,,,,,EXCLUDED,1,10,10
1458,26185,22:12:00,1,,,,,,,,EXCLUDED,1,10,10
1458,26186,22:12:30,1,,,,,,,,EXCLUDED,1,10,10
1458,26187,22:13:00,1,,,,,,,,EXCLUDED,1,10,10
1458,26188,22:13:30,1,,,,,,,,EXCLUDED,1,10,10
1458,26189,22:14:00,1,,,,,,,,EXCLUDED,1,10,10
1458,26190,22:14:30,1,,,,,,,,EXCLUDED,1,10,10
1458,26191,22:15:00,1,,,,,,,,EXCLUDED,1,10,10
1458,26192,22:15:30,1,,,,,,,,EXCLUDED,1,10,10
1458,26193,22:16:00,1,,,,,,,,EXCLUDED,1,10,10
1458,26194,22:16:30,1,,,,,,,,EXCLUDED,1,10,10
1458,26195,22:17:00,1,,,,,,,,EXCLUDED,1,10,10
1458,26196,22:17:30,1,,,,,,,,EXCLUDED,1,10,10
1458,26197,22:18:00,1,,,,,,,,EXCLUDED,1,10,10
1458,26198,22:18:30,1,,,,,,,,EXCLUDED,1,10,10
1458,26199,22:19:00,1,,,,,,,,EXCLUDED,1,10,10
1458,26200,22:19:30,1,,,,,,,,EXCLUDED,1,10,10
1458,26201,22:20:00,1,,,,,,,,EXCLUDED,1,10,10
1458,26202,22:20:30,1,,,,,,,,EXCLUDED,1,10,10
1458,26203,22:21:00,1,,,,,,,,EXCLUDED,1,10,10
1458,26204,22:21:30,1,,,,,,,,EXCLUDED,1,10,10
1458,26205,22:22:00,1,,,,,,,,EXCLUDED,1,10,10
1458,26206,22:22:30,1,,,,,,,,EXCLUDED,1,10,10
1458,26207,22:23:00,1,,,,,,,,EXCLUDED,1,10,10
1458,26208,22:23:30,1,,,,,,,,EXCLUDED,1,10,10
1458,26209,22:24:00,1,,,,,,,,EXCLUDED,1,10,10
1458,26210,22:24:30,1,,,,,,,,EXCLUDED,1,10,10
1458,26211,22:25:00,1,,,,,,,,EXCLUDED,1,10,10
1458,26212,22:25:30,1,,,,,,,,EXCLUDED,1,10,10
1458,26213,22:26:00,1,,,,,,,,EXCLUDED,1,10,10
1458,26214,22:26:30,1,,,,,,,,EXCLUDED,1,10,10
1458,26215,22:27:00,1,,,,,,,,EXCLUDED,1,10,10
1458,26216,22:27:30,1,,,,,,,,EXCLUDED,1,10,10
1458,26217,22:28:00,1,,,,,,,,EXCLUDED,1,10,10
1458,26218,22:28:30,1,,,,,,,,EXCLUDED,1,10,10
1458,26219,22:29:00,1,,,,,,,,EXCLUDED,1,10,10
1458,26220,22:29:30,1,,,,,,,,EXCLUDED,1,10,10
1458,26221,22:30:00,1,,,,,,,,EXCLUDED,1,10,10
1458,26222,22:30:30,1,,,,,,,,EXCLUDED,1,10,10
1458,26223,22:31:00,1,,,,,,,,EXCLUDED,1,10,10
1458,26224,22:31:30,1,,,,,,,,EXCLUDED,1,10,10
1458,26225,22:32:00,1,,,,,,,,EXCLUDED,1,10,10
1458,26226,22:32:30,1,,,,,,,,EXCLUDED,1,10,10
1458,26227,22:33:00,1,,,,,,,,EXCLUDED,1,10,10
1458,26228,22:33:30,1,,,,,,,,EXCLUDED,1,10,10
1458,26229,22:34:00,1,,,,,,,,EXCLUDED,1,10,10
1458,26230,22:34:30,1,,,,,,,,EXCLUDED,1,10,10
1458,26231,22:35:00,1,,,,,,,,EXCLUDED,1,10,10
1458,26232,22:35:30,1,,,,,,,,EXCLUDED,1,10,10
1458,26233,22:36:00,1,,,,,,,,EXCLUDED,1,10,10
1458,26234,22:36:30,1,,,,,,,,EXCLUDED,1,10,10
1458,26235,22:37:00,1,,,,,,,,EXCLUDED,1,10,10
1458,26236,22:37:30,1,,,,,,,,EXCLUDED,1,10,10
1458,26237,22:38:00,1,,,,,,,,EXCLUDED,1,10,10
1458,26238,22:38:30,1,,,,,,,,EXCLUDED,1,10,10
1458,26239,22:39:00,1,,,,,,,,EXCLUDED,1,10,10
1458,26240,22:39:30,1,,,,,,,,EXCLUDED,1,10,10
1458,26241,22:40:00,1,,,,,,,,EXCLUDED,1,10,10
1458,26242,22:40:30,1,,,,,,,,EXCLUDED,1,10,10
1458,26243,22:41:00,1,,,,,,,,EXCLUDED,1,10,10
1458,26244,22:41:30,1,,,,,,,,EXCLUDED,1,10,10
1458,26245,22:42:00,1,,,,,,,,EXCLUDED,1,10,10
1458,26246,22:42:30,1,,,,,,,,EXCLUDED,1,10,10
1458,26247,22:43:00,1,,,,,,,,EXCLUDED,1,10,10
1458,26248,22:43:30,1,,,,,,,,EXCLUDED,1,10,10
1458,26249,22:44:00,1,,,,,,,,EXCLUDED,1,10,10
1458,26250,22:44:30,1,,,,,,,,EXCLUDED,1,10,10
1458,26251,22:45:00,1,,,,,,,,EXCLUDED,1,10,10
1458,26252,22:45:30,1,,,,,,,,EXCLUDED,1,10,10
1458,26253,22:46:00,1,,,,,,,,EXCLUDED,1,10,10
1458,26254,22:46:30,1,,,,,,,,EXCLUDED,1,10,10
1458,26255,22:47:00,1,,,,,,,,EXCLUDED,1,10,10
1458,26256,22:47:30,1,,,,,,,,EXCLUDED,1,10,10
1458,26257,22:48:00,1,,,,,,,,EXCLUDED,1,10,10
1458,26258,22:48:30,1,,,,,,,,EXCLUDED,1,10,10
1458,26259,22:49:00,1,,,,,,,,EXCLUDED,1,10,10
1458,26260,22:49:30,1,,,,,,,,EXCLUDED,1,10,10
1458,26261,22:50:00,1,,,,,,,,EXCLUDED,1,10,10
1458,26262,22:50:30,1,,,,,,,,EXCLUDED,1,10,10
1458,26263,22:51:00,1,,,,,,,,EXCLUDED,1,10,10
1458,26264,22:51:30,1,,,,,,,,EXCLUDED,1,10,10
1458,26265,22:52:00,1,,,,,,,,EXCLUDED,1,10,10
1458,26266,22:52:30,1,,,,,,,,EXCLUDED,1,10,10
1458,26267,22:53:00,1,,,,,,,,EXCLUDED,1,10,10
1458,26268,22:53:30,1,,,,,,,,EXCLUDED,1,10,10
1458,26269,22:54:00,1,,,,,,,,EXCLUDED,1,10,10
1458,26270,22:54:30,1,,,,,,,,EXCLUDED,1,10,10
1458,26271,22:55:00,1,,,,,,,,EXCLUDED,1,10,10
1458,26272,22:55:30,1,,,,,,,,EXCLUDED,1,10,10
1458,26273,22:56:00,1,,,,,,,,EXCLUDED,1,10,10
1458,26274,22:56:30,1,,,,,,,,EXCLUDED,1,10,10
1458,26275,22:57:00,1,,,,,,,,EXCLUDED,1,10,10
1458,26276,22:57:30,1,,,,,,,,EXCLUDED,1,10,10
1458,26277,22:58:00,1,,,,,,,,EXCLUDED,1,10,10
1458,26278,22:58:30,1,,,,,,,,EXCLUDED,1,10,10
1458,26279,22:59:00,1,,,,,,,,EXCLUDED,1,10,10
1458,26280,22:59:30,1,,,,,,,,EXCLUDED,1,10,10
1458,26281,23:00:00,1,,,,,,,,EXCLUDED,1,10,10
1458,26282,23:00:30,1,,,,,,,,EXCLUDED,1,10,10
1458,26283,23:01:00,1,,,,,,,,EXCLUDED,1,10,10
1458,26284,23:01:30,1,,,,,,,,EXCLUDED,1,10,10
1458,26285,23:02:00,1,,,,,,,,EXCLUDED,1,10,10
1458,26286,23:02:30,1,,,,,,,,EXCLUDED,1,10,10
1458,26287,23:03:00,1,,,,,,,,EXCLUDED,1,10,10
1458,26288,23:03:30,1,,,,,,,,EXCLUDED,1,10,10
1458,26289,23:04:00,1,,,,,,,,EXCLUDED,1,10,10
1458,26290,23:04:30,1,,,,,,,,EXCLUDED,1,10,10
1458,26291,23:05:00,1,,,,,,,,EXCLUDED,1,10,10
1458,26292,23:05:30,1,,,,,,,,EXCLUDED,1,10,10
1458,26293,23:06:00,1,,,,,,,,EXCLUDED,1,10,10
1458,26294,23:06:30,1,,,,,,,,EXCLUDED,1,10,10
1458,26295,23:07:00,1,,,,,,,,EXCLUDED,1,10,10
1458,26296,23:07:30,1,,,,,,,,EXCLUDED,1,10,10
1458,26297,23:08:00,1,,,,,,,,EXCLUDED,1,10,10
1458,26298,23:08:30,1,,,,,,,,EXCLUDED,1,10,10
1458,26299,23:09:00,1,,,,,,,,EXCLUDED,1,10,10
1458,26300,23:09:30,1,,,,,,,,EXCLUDED,1,10,10
1458,26301,23:10:00,1,,,,,,,,EXCLUDED,1,10,10
1458,26302,23:10:30,1,,,,,,,,EXCLUDED,1,10,10
1458,26303,23:11:00,1,,,,,,,,EXCLUDED,1,10,10
1458,26304,23:11:30,1,,,,,,,,EXCLUDED,1,10,10
1458,26305,23:12:00,1,,,,,,,,EXCLUDED,1,10,10
1458,26306,23:12:30,1,,,,,,,,EXCLUDED,1,10,10
1458,26307,23:13:00,1,,,,,,,,EXCLUDED,1,10,10
1458,26308,23:13:30,1,,,,,,,,EXCLUDED,1,10,10
1458,26309,23:14:00,1,,,,,,,,EXCLUDED,1,10,10
1458,26310,23:14:30,1,,,,,,,,EXCLUDED,1,10,10
1458,26311,23:15:00,1,,,,,,,,EXCLUDED,1,10,10
1458,26312,23:15:30,1,,,,,,,,EXCLUDED,1,10,10
1458,26313,23:16:00,1,,,,,,,,EXCLUDED,1,10,10
1458,26314,23:16:30,1,,,,,,,,EXCLUDED,1,10,10
1458,26315,23:17:00,1,,,,,,,,EXCLUDED,1,10,10
1458,26316,23:17:30,1,,,,,,,,EXCLUDED,1,10,10
1458,26317,23:18:00,1,,,,,,,,EXCLUDED,1,10,10
1458,26318,23:18:30,1,,,,,,,,EXCLUDED,1,10,10
1458,26319,23:19:00,1,,,,,,,,EXCLUDED,1,10,10
1458,26320,23:19:30,1,,,,,,,,EXCLUDED,1,10,10
1458,26321,23:20:00,1,,,,,,,,EXCLUDED,1,10,10
1458,26322,23:20:30,1,,,,,,,,EXCLUDED,1,10,10
1458,26323,23:21:00,1,,,,,,,,EXCLUDED,1,10,10
1458,26324,23:21:30,1,,,,,,,,EXCLUDED,1,10,10
1458,26325,23:22:00,1,,,,,,,,EXCLUDED,1,10,10
1458,26326,23:22:30,1,,,,,,,,EXCLUDED,1,10,10
1458,26327,23:23:00,1,,,,,,,,EXCLUDED,1,10,10
1458,26328,23:23:30,1,,,,,,,,EXCLUDED,1,10,10
1458,26329,23:24:00,1,,,,,,,,EXCLUDED,1,10,10
1458,26330,23:24:30,1,,,,,,,,EXCLUDED,1,10,10
1458,26331,23:25:00,1,,,,,,,,EXCLUDED,1,10,10
1458,26332,23:25:30,1,,,,,,,,EXCLUDED,1,10,10
1458,26333,23:26:00,1,,,,,,,,EXCLUDED,1,10,10
1458,26334,23:26:30,1,,,,,,,,EXCLUDED,1,10,10
1458,26335,23:27:00,1,,,,,,,,EXCLUDED,1,10,10
1458,26336,23:27:30,1,,,,,,,,EXCLUDED,1,10,10
1458,26337,23:28:00,1,,,,,,,,EXCLUDED,1,10,10
1458,26338,23:28:30,1,,,,,,,,EXCLUDED,1,10,10
1458,26339,23:29:00,1,,,,,,,,EXCLUDED,1,10,10
1458,26340,23:29:30,1,,,,,,,,EXCLUDED,1,10,10
1458,26341,23:30:00,1,,,,,,,,EXCLUDED,1,10,10
1458,26342,23:30:30,1,,,,,,,,EXCLUDED,1,10,10
1458,26343,23:31:00,1,,,,,,,,EXCLUDED,1,10,10
1458,26344,23:31:30,1,,,,,,,,EXCLUDED,1,10,10
1458,26345,23:32:00,1,,,,,,,,EXCLUDED,1,10,10
1458,26346,23:32:30,1,,,,,,,,EXCLUDED,1,10,10
1458,26347,23:33:00,1,,,,,,,,EXCLUDED,1,10,10
1458,26348,23:33:30,1,,,,,,,,EXCLUDED,1,10,10
1458,26349,23:34:00,1,,,,,,,,EXCLUDED,1,10,10
1458,26350,23:34:30,1,,,,,,,,EXCLUDED,1,10,10
1458,26351,23:35:00,1,,,,,,,,EXCLUDED,1,10,10
1458,26352,23:35:30,1,,,,,,,,EXCLUDED,1,10,10
1458,26353,23:36:00,1,,,,,,,,EXCLUDED,1,10,10
1458,26354,23:36:30,1,,,,,,,,EXCLUDED,1,10,10
1458,26355,23:37:00,1,,,,,,,,EXCLUDED,1,10,10
1458,26356,23:37:30,1,,,,,,,,EXCLUDED,1,10,10
1458,26357,23:38:00,1,,,,,,,,EXCLUDED,1,10,10
1458,26358,23:38:30,1,,,,,,,,EXCLUDED,1,10,10
1458,26359,23:39:00,1,,,,,,,,EXCLUDED,1,10,10
1458,26360,23:39:30,1,,,,,,,,EXCLUDED,1,10,10
1458,26361,23:40:00,1,,,,,,,,EXCLUDED,1,10,10
1458,26362,23:40:30,1,,,,,,,,EXCLUDED,1,10,10
1458,26363,23:41:00,1,,,,,,,,EXCLUDED,1,10,10
1458,26364,23:41:30,1,,,,,,,,EXCLUDED,1,10,10
1458,26365,23:42:00,1,,,,,,,,EXCLUDED,1,10,10
1458,26366,23:42:30,1,,,,,,,,EXCLUDED,1,10,10
1458,26367,23:43:00,1,,,,,,,,EXCLUDED,1,10,10
1458,26368,23:43:30,1,,,,,,,,EXCLUDED,1,10,10
1458,26369,23:44:00,1,,,,,,,,EXCLUDED,1,10,10
1458,26370,23:44:30,1,,,,,,,,EXCLUDED,1,10,10
1458,26371,23:45:00,1,,,,,,,,EXCLUDED,1,10,10
1458,26372,23:45:30,1,,,,,,,,EXCLUDED,1,10,10
1458,26373,23:46:00,1,,,,,,,,EXCLUDED,1,10,10
1458,26374,23:46:30,1,,,,,,,,EXCLUDED,1,10,10
1458,26375,23:47:00,1,,,,,,,,EXCLUDED,1,10,10
1458,26376,23:47:30,1,,,,,,,,EXCLUDED,1,10,10
1458,26377,23:48:00,1,,,,,,,,EXCLUDED,1,10,10
1458,26378,23:48:30,1,,,,,,,,EXCLUDED,1,10,10
1458,26379,23:49:00,1,,,,,,,,EXCLUDED,1,10,10
1458,26380,23:49:30,1,,,,,,,,EXCLUDED,1,10,10
1458,26381,23:50:00,1,,,,,,,,EXCLUDED,1,10,10
1458,26382,23:50:30,1,,,,,,,,EXCLUDED,1,10,10
1458,26383,23:51:00,1,,,,,,,,EXCLUDED,1,10,10
1458,26384,23:51:30,1,,,,,,,,EXCLUDED,1,10,10
1458,26385,23:52:00,1,,,,,,,,EXCLUDED,1,10,10
1458,26386,23:52:30,1,,,,,,,,EXCLUDED,1,10,10
1458,26387,23:53:00,1,,,,,,,,EXCLUDED,1,10,10
1458,26388,23:53:30,1,,,,,,,,EXCLUDED,1,10,10
1458,26389,23:54:00,1,,,,,,,,EXCLUDED,1,10,10
1458,26390,23:54:30,1,,,,,,,,EXCLUDED,1,10,10
1458,26391,23:55:00,1,,,,,,,,EXCLUDED,1,10,10
1458,26392,23:55:30,1,,,,,,,,EXCLUDED,1,10,10
1458,26393,23:56:00,1,,,,,,,,EXCLUDED,1,10,10
1458,26394,23:56:30,1,,,,,,,,EXCLUDED,1,10,10
1458,26395,23:57:00,1,,,,,,,,EXCLUDED,1,10,10
1458,26396,23:57:30,1,,,,,,,,EXCLUDED,1,10,10
1458,26397,23:58:00,1,,,,,,,,EXCLUDED,1,10,10
1458,26398,23:58:30,1,,,,,,,,EXCLUDED,1,10,10
1458,26399,23:59:00,1,,,,,,,,EXCLUDED,1,10,10
1458,26400,23:59:30,1,,,,,,,,EXCLUDED,1,10,10
1458,26401,0:00:00,1,,,,,,,,EXCLUDED,2,11,10
1458,26402,0:00:30,1,,,,,,,,EXCLUDED,2,11,10
1458,26403,0:01:00,1,,,,,,,,EXCLUDED,2,11,10
1458,26404,0:01:30,1,,,,,,,,EXCLUDED,2,11,10
1458,26405,0:02:00,1,,,,,,,,EXCLUDED,2,11,10
1458,26406,0:02:30,1,,,,,,,,EXCLUDED,2,11,10
1458,26407,0:03:00,1,,,,,,,,EXCLUDED,2,11,10
1458,26408,0:03:30,1,,,,,,,,EXCLUDED,2,11,10
1458,26409,0:04:00,1,,,,,,,,EXCLUDED,2,11,10
1458,26410,0:04:30,1,,,,,,,,EXCLUDED,2,11,10
1458,26411,0:05:00,1,,,,,,,,EXCLUDED,2,11,10
1458,26412,0:05:30,1,,,,,,,,EXCLUDED,2,11,10
1458,26413,0:06:00,1,,,,,,,,EXCLUDED,2,11,10
1458,26414,0:06:30,1,,,,,,,,EXCLUDED,2,11,10
1458,26415,0:07:00,1,,,,,,,,EXCLUDED,2,11,10
1458,26416,0:07:30,1,,,,,,,,EXCLUDED,2,11,10
1458,26417,0:08:00,1,,,,,,,,EXCLUDED,2,11,10
1458,26418,0:08:30,1,,,,,,,,EXCLUDED,2,11,10
1458,26419,0:09:00,1,,,,,,,,EXCLUDED,2,11,10
1458,26420,0:09:30,1,,,,,,,,EXCLUDED,2,11,10
1458,26421,0:10:00,1,,,,,,,,EXCLUDED,2,11,10
1458,26422,0:10:30,1,,,,,,,,EXCLUDED,2,11,10
1458,26423,0:11:00,1,,,,,,,,EXCLUDED,2,11,10
1458,26424,0:11:30,1,,,,,,,,EXCLUDED,2,11,10
1458,26425,0:12:00,1,,,,,,,,EXCLUDED,2,11,10
1458,26426,0:12:30,1,,,,,,,,EXCLUDED,2,11,10
1458,26427,0:13:00,1,,,,,,,,EXCLUDED,2,11,10
1458,26428,0:13:30,1,,,,,,,,EXCLUDED,2,11,10
1458,26429,0:14:00,1,,,,,,,,EXCLUDED,2,11,10
1458,26430,0:14:30,1,,,,,,,,EXCLUDED,2,11,10
1458,26431,0:15:00,1,,,,,,,,EXCLUDED,2,11,10
1458,26432,0:15:30,1,,,,,,,,EXCLUDED,2,11,10
1458,26433,0:16:00,1,,,,,,,,EXCLUDED,2,11,10
1458,26434,0:16:30,1,,,,,,,,EXCLUDED,2,11,10
1458,26435,0:17:00,1,,,,,,,,EXCLUDED,2,11,10
1458,26436,0:17:30,1,,,,,,,,EXCLUDED,2,11,10
1458,26437,0:18:00,1,,,,,,,,EXCLUDED,2,11,10
1458,26438,0:18:30,1,,,,,,,,EXCLUDED,2,11,10
1458,26439,0:19:00,1,,,,,,,,EXCLUDED,2,11,10
1458,26440,0:19:30,1,,,,,,,,EXCLUDED,2,11,10
1458,26441,0:20:00,1,,,,,,,,EXCLUDED,2,11,10
1458,26442,0:20:30,1,,,,,,,,EXCLUDED,2,11,10
1458,26443,0:21:00,1,,,,,,,,EXCLUDED,2,11,10
1458,26444,0:21:30,1,,,,,,,,EXCLUDED,2,11,10
1458,26445,0:22:00,1,,,,,,,,EXCLUDED,2,11,10
1458,26446,0:22:30,1,,,,,,,,EXCLUDED,2,11,10
1458,26447,0:23:00,1,,,,,,,,EXCLUDED,2,11,10
1458,26448,0:23:30,1,,,,,,,,EXCLUDED,2,11,10
1458,26449,0:24:00,1,,,,,,,,EXCLUDED,2,11,10
1458,26450,0:24:30,1,,,,,,,,EXCLUDED,2,11,10
1458,26451,0:25:00,1,,,,,,,,EXCLUDED,2,11,10
1458,26452,0:25:30,1,,,,,,,,EXCLUDED,2,11,10
1458,26453,0:26:00,1,,,,,,,,EXCLUDED,2,11,10
1458,26454,0:26:30,1,,,,,,,,EXCLUDED,2,11,10
1458,26455,0:27:00,1,,,,,,,,EXCLUDED,2,11,10
1458,26456,0:27:30,1,,,,,,,,EXCLUDED,2,11,10
1458,26457,0:28:00,1,,,,,,,,EXCLUDED,2,11,10
1458,26458,0:28:30,1,,,,,,,,EXCLUDED,2,11,10
1458,26459,0:29:00,1,,,,,,,,EXCLUDED,2,11,10
1458,26460,0:29:30,1,,,,,,,,EXCLUDED,2,11,10
1458,26461,0:30:00,1,,,,,,,,EXCLUDED,2,11,10
1458,26462,0:30:30,1,,,,,,,,EXCLUDED,2,11,10
1458,26463,0:31:00,1,,,,,,,,EXCLUDED,2,11,10
1458,26464,0:31:30,1,,,,,,,,EXCLUDED,2,11,10
1458,26465,0:32:00,1,,,,,,,,EXCLUDED,2,11,10
1458,26466,0:32:30,1,,,,,,,,EXCLUDED,2,11,10
1458,26467,0:33:00,1,,,,,,,,EXCLUDED,2,11,10
1458,26468,0:33:30,1,,,,,,,,EXCLUDED,2,11,10
1458,26469,0:34:00,1,,,,,,,,EXCLUDED,2,11,10
1458,26470,0:34:30,1,,,,,,,,EXCLUDED,2,11,10
1458,26471,0:35:00,1,,,,,,,,EXCLUDED,2,11,10
1458,26472,0:35:30,1,,,,,,,,EXCLUDED,2,11,10
1458,26473,0:36:00,1,,,,,,,,EXCLUDED,2,11,10
1458,26474,0:36:30,1,,,,,,,,EXCLUDED,2,11,10
1458,26475,0:37:00,1,,,,,,,,EXCLUDED,2,11,10
1458,26476,0:37:30,1,,,,,,,,EXCLUDED,2,11,10
1458,26477,0:38:00,1,,,,,,,,EXCLUDED,2,11,10
1458,26478,0:38:30,1,,,,,,,,EXCLUDED,2,11,10
1458,26479,0:39:00,1,,,,,,,,EXCLUDED,2,11,10
1458,26480,0:39:30,1,,,,,,,,EXCLUDED,2,11,10
1458,26481,0:40:00,1,,,,,,,,EXCLUDED,2,11,10
1458,26482,0:40:30,1,,,,,,,,EXCLUDED,2,11,10
1458,26483,0:41:00,1,,,,,,,,EXCLUDED,2,11,10
1458,26484,0:41:30,1,,,,,,,,EXCLUDED,2,11,10
1458,26485,0:42:00,1,,,,,,,,EXCLUDED,2,11,10
1458,26486,0:42:30,1,,,,,,,,EXCLUDED,2,11,10
1458,26487,0:43:00,1,,,,,,,,EXCLUDED,2,11,10
1458,26488,0:43:30,1,,,,,,,,EXCLUDED,2,11,10
1458,26489,0:44:00,1,,,,,,,,EXCLUDED,2,11,10
1458,26490,0:44:30,1,,,,,,,,EXCLUDED,2,11,10
1458,26491,0:45:00,1,,,,,,,,EXCLUDED,2,11,10
1458,26492,0:45:30,1,,,,,,,,EXCLUDED,2,11,10
1458,26493,0:46:00,1,,,,,,,,EXCLUDED,2,11,10
1458,26494,0:46:30,1,,,,,,,,EXCLUDED,2,11,10
1458,26495,0:47:00,1,,,,,,,,EXCLUDED,2,11,10
1458,26496,0:47:30,1,,,,,,,,EXCLUDED,2,11,10
1458,26497,0:48:00,1,,,,,,,,EXCLUDED,2,11,10
1458,26498,0:48:30,1,,,,,,,,EXCLUDED,2,11,10
1458,26499,0:49:00,1,,,,,,,,EXCLUDED,2,11,10
1458,26500,0:49:30,1,,,,,,,,EXCLUDED,2,11,10
1458,26501,0:50:00,1,,,,,,,,EXCLUDED,2,11,10
1458,26502,0:50:30,1,,,,,,,,EXCLUDED,2,11,10
1458,26503,0:51:00,1,,,,,,,,EXCLUDED,2,11,10
1458,26504,0:51:30,1,,,,,,,,EXCLUDED,2,11,10
1458,26505,0:52:00,1,,,,,,,,EXCLUDED,2,11,10
1458,26506,0:52:30,1,,,,,,,,EXCLUDED,2,11,10
1458,26507,0:53:00,1,,,,,,,,EXCLUDED,2,11,10
1458,26508,0:53:30,1,,,,,,,,EXCLUDED,2,11,10
1458,26509,0:54:00,1,,,,,,,,EXCLUDED,2,11,10
1458,26510,0:54:30,1,,,,,,,,EXCLUDED,2,11,10
1458,26511,0:55:00,1,,,,,,,,EXCLUDED,2,11,10
1458,26512,0:55:30,1,,,,,,,,EXCLUDED,2,11,10
1458,26513,0:56:00,1,,,,,,,,EXCLUDED,2,11,10
1458,26514,0:56:30,1,,,,,,,,EXCLUDED,2,11,10
1458,26515,0:57:00,1,,,,,,,,EXCLUDED,2,11,10
1458,26516,0:57:30,1,,,,,,,,EXCLUDED,2,11,10
1458,26517,0:58:00,1,,,,,,,,EXCLUDED,2,11,10
1458,26518,0:58:30,1,,,,,,,,EXCLUDED,2,11,10
1458,26519,0:59:00,1,,,,,,,,EXCLUDED,2,11,10
1458,26520,0:59:30,1,,,,,,,,EXCLUDED,2,11,10
1458,26521,1:00:00,1,,,,,,,,EXCLUDED,2,11,10
1458,26522,1:00:30,1,,,,,,,,EXCLUDED,2,11,10
1458,26523,1:01:00,1,,,,,,,,EXCLUDED,2,11,10
1458,26524,1:01:30,1,,,,,,,,EXCLUDED,2,11,10
1458,26525,1:02:00,1,,,,,,,,EXCLUDED,2,11,10
1458,26526,1:02:30,1,,,,,,,,EXCLUDED,2,11,10
1458,26527,1:03:00,1,,,,,,,,EXCLUDED,2,11,10
1458,26528,1:03:30,1,,,,,,,,EXCLUDED,2,11,10
1458,26529,1:04:00,1,,,,,,,,EXCLUDED,2,11,10
1458,26530,1:04:30,1,,,,,,,,EXCLUDED,2,11,10
1458,26531,1:05:00,1,,,,,,,,EXCLUDED,2,11,10
1458,26532,1:05:30,1,,,,,,,,EXCLUDED,2,11,10
1458,26533,1:06:00,1,,,,,,,,EXCLUDED,2,11,10
1458,26534,1:06:30,1,,,,,,,,EXCLUDED,2,11,10
1458,26535,1:07:00,1,,,,,,,,EXCLUDED,2,11,10
1458,26536,1:07:30,1,,,,,,,,EXCLUDED,2,11,10
1458,26537,1:08:00,1,,,,,,,,EXCLUDED,2,11,10
1458,26538,1:08:30,1,,,,,,,,EXCLUDED,2,11,10
1458,26539,1:09:00,1,,,,,,,,EXCLUDED,2,11,10
1458,26540,1:09:30,1,,,,,,,,EXCLUDED,2,11,10
1458,26541,1:10:00,1,,,,,,,,EXCLUDED,2,11,10
1458,26542,1:10:30,1,,,,,,,,EXCLUDED,2,11,10
1458,26543,1:11:00,1,,,,,,,,EXCLUDED,2,11,10
1458,26544,1:11:30,1,,,,,,,,EXCLUDED,2,11,10
1458,26545,1:12:00,1,,,,,,,,EXCLUDED,2,11,10
1458,26546,1:12:30,1,,,,,,,,EXCLUDED,2,11,10
1458,26547,1:13:00,1,,,,,,,,EXCLUDED,2,11,10
1458,26548,1:13:30,1,,,,,,,,EXCLUDED,2,11,10
1458,26549,1:14:00,1,,,,,,,,EXCLUDED,2,11,10
1458,26550,1:14:30,1,,,,,,,,EXCLUDED,2,11,10
1458,26551,1:15:00,1,,,,,,,,EXCLUDED,2,11,10
1458,26552,1:15:30,1,,,,,,,,EXCLUDED,2,11,10
1458,26553,1:16:00,1,,,,,,,,EXCLUDED,2,11,10
1458,26554,1:16:30,1,,,,,,,,EXCLUDED,2,11,10
1458,26555,1:17:00,1,,,,,,,,EXCLUDED,2,11,10
1458,26556,1:17:30,1,,,,,,,,EXCLUDED,2,11,10
1458,26557,1:18:00,1,,,,,,,,EXCLUDED,2,11,10
1458,26558,1:18:30,1,,,,,,,,EXCLUDED,2,11,10
1458,26559,1:19:00,1,,,,,,,,EXCLUDED,2,11,10
1458,26560,1:19:30,1,,,,,,,,EXCLUDED,2,11,10
1458,26561,1:20:00,1,,,,,,,,EXCLUDED,2,11,10
1458,26562,1:20:30,1,,,,,,,,EXCLUDED,2,11,10
1458,26563,1:21:00,1,,,,,,,,EXCLUDED,2,11,10
1458,26564,1:21:30,1,,,,,,,,EXCLUDED,2,11,10
1458,26565,1:22:00,1,,,,,,,,EXCLUDED,2,11,10
1458,26566,1:22:30,1,,,,,,,,EXCLUDED,2,11,10
1458,26567,1:23:00,1,,,,,,,,EXCLUDED,2,11,10
1458,26568,1:23:30,1,,,,,,,,EXCLUDED,2,11,10
1458,26569,1:24:00,1,,,,,,,,EXCLUDED,2,11,10
1458,26570,1:24:30,1,,,,,,,,EXCLUDED,2,11,10
1458,26571,1:25:00,1,,,,,,,,EXCLUDED,2,11,10
1458,26572,1:25:30,1,,,,,,,,EXCLUDED,2,11,10
1458,26573,1:26:00,1,,,,,,,,EXCLUDED,2,11,10
1458,26574,1:26:30,1,,,,,,,,EXCLUDED,2,11,10
1458,26575,1:27:00,1,,,,,,,,EXCLUDED,2,11,10
1458,26576,1:27:30,1,,,,,,,,EXCLUDED,2,11,10
1458,26577,1:28:00,1,,,,,,,,EXCLUDED,2,11,10
1458,26578,1:28:30,1,,,,,,,,EXCLUDED,2,11,10
1458,26579,1:29:00,1,,,,,,,,EXCLUDED,2,11,10
1458,26580,1:29:30,1,,,,,,,,EXCLUDED,2,11,10
1458,26581,1:30:00,1,,,,,,,,EXCLUDED,2,11,10
1458,26582,1:30:30,1,,,,,,,,EXCLUDED,2,11,10
1458,26583,1:31:00,1,,,,,,,,EXCLUDED,2,11,10
1458,26584,1:31:30,1,,,,,,,,EXCLUDED,2,11,10
1458,26585,1:32:00,1,,,,,,,,EXCLUDED,2,11,10
1458,26586,1:32:30,1,,,,,,,,EXCLUDED,2,11,10
1458,26587,1:33:00,1,,,,,,,,EXCLUDED,2,11,10
1458,26588,1:33:30,1,,,,,,,,EXCLUDED,2,11,10
1458,26589,1:34:00,1,,,,,,,,EXCLUDED,2,11,10
1458,26590,1:34:30,1,,,,,,,,EXCLUDED,2,11,10
1458,26591,1:35:00,1,,,,,,,,EXCLUDED,2,11,10
1458,26592,1:35:30,1,,,,,,,,EXCLUDED,2,11,10
1458,26593,1:36:00,1,,,,,,,,EXCLUDED,2,11,10
1458,26594,1:36:30,1,,,,,,,,EXCLUDED,2,11,10
1458,26595,1:37:00,1,,,,,,,,EXCLUDED,2,11,10
1458,26596,1:37:30,1,,,,,,,,EXCLUDED,2,11,10
1458,26597,1:38:00,1,,,,,,,,EXCLUDED,2,11,10
1458,26598,1:38:30,1,,,,,,,,EXCLUDED,2,11,10
1458,26599,1:39:00,1,,,,,,,,EXCLUDED,2,11,10
1458,26600,1:39:30,1,,,,,,,,EXCLUDED,2,11,10
1458,26601,1:40:00,1,,,,,,,,EXCLUDED,2,11,10
1458,26602,1:40:30,1,,,,,,,,EXCLUDED,2,11,10
1458,26603,1:41:00,1,,,,,,,,EXCLUDED,2,11,10
1458,26604,1:41:30,1,,,,,,,,EXCLUDED,2,11,10
1458,26605,1:42:00,1,,,,,,,,EXCLUDED,2,11,10
1458,26606,1:42:30,1,,,,,,,,EXCLUDED,2,11,10
1458,26607,1:43:00,1,,,,,,,,EXCLUDED,2,11,10
1458,26608,1:43:30,1,,,,,,,,EXCLUDED,2,11,10
1458,26609,1:44:00,1,,,,,,,,EXCLUDED,2,11,10
1458,26610,1:44:30,1,,,,,,,,EXCLUDED,2,11,10
1458,26611,1:45:00,1,,,,,,,,EXCLUDED,2,11,10
1458,26612,1:45:30,1,,,,,,,,EXCLUDED,2,11,10
1458,26613,1:46:00,1,,,,,,,,EXCLUDED,2,11,10
1458,26614,1:46:30,1,,,,,,,,EXCLUDED,2,11,10
1458,26615,1:47:00,1,,,,,,,,EXCLUDED,2,11,10
1458,26616,1:47:30,1,,,,,,,,EXCLUDED,2,11,10
1458,26617,1:48:00,1,,,,,,,,EXCLUDED,2,11,10
1458,26618,1:48:30,1,,,,,,,,EXCLUDED,2,11,10
1458,26619,1:49:00,1,,,,,,,,EXCLUDED,2,11,10
1458,26620,1:49:30,1,,,,,,,,EXCLUDED,2,11,10
1458,26621,1:50:00,1,,,,,,,,EXCLUDED,2,11,10
1458,26622,1:50:30,1,,,,,,,,EXCLUDED,2,11,10
1458,26623,1:51:00,1,,,,,,,,EXCLUDED,2,11,10
1458,26624,1:51:30,1,,,,,,,,EXCLUDED,2,11,10
1458,26625,1:52:00,1,,,,,,,,EXCLUDED,2,11,10
1458,26626,1:52:30,1,,,,,,,,EXCLUDED,2,11,10
1458,26627,1:53:00,1,,,,,,,,EXCLUDED,2,11,10
1458,26628,1:53:30,1,,,,,,,,EXCLUDED,2,11,10
1458,26629,1:54:00,1,,,,,,,,EXCLUDED,2,11,10
1458,26630,1:54:30,1,,,,,,,,EXCLUDED,2,11,10
1458,26631,1:55:00,1,,,,,,,,EXCLUDED,2,11,10
1458,26632,1:55:30,1,,,,,,,,EXCLUDED,2,11,10
1458,26633,1:56:00,1,,,,,,,,EXCLUDED,2,11,10
1458,26634,1:56:30,1,,,,,,,,EXCLUDED,2,11,10
1458,26635,1:57:00,1,,,,,,,,EXCLUDED,2,11,10
1458,26636,1:57:30,1,,,,,,,,EXCLUDED,2,11,10
1458,26637,1:58:00,1,,,,,,,,EXCLUDED,2,11,10
1458,26638,1:58:30,1,,,,,,,,EXCLUDED,2,11,10
1458,26639,1:59:00,1,,,,,,,,EXCLUDED,2,11,10
1458,26640,1:59:30,1,,,,,,,,EXCLUDED,2,11,10
1458,26641,2:00:00,1,,,,,,,,EXCLUDED,2,11,10
1458,26642,2:00:30,1,,,,,,,,EXCLUDED,2,11,10
1458,26643,2:01:00,1,,,,,,,,EXCLUDED,2,11,10
1458,26644,2:01:30,1,,,,,,,,EXCLUDED,2,11,10
1458,26645,2:02:00,1,,,,,,,,EXCLUDED,2,11,10
1458,26646,2:02:30,1,,,,,,,,EXCLUDED,2,11,10
1458,26647,2:03:00,1,,,,,,,,EXCLUDED,2,11,10
1458,26648,2:03:30,1,,,,,,,,EXCLUDED,2,11,10
1458,26649,2:04:00,1,,,,,,,,EXCLUDED,2,11,10
1458,26650,2:04:30,1,,,,,,,,EXCLUDED,2,11,10
1458,26651,2:05:00,1,,,,,,,,EXCLUDED,2,11,10
1458,26652,2:05:30,1,,,,,,,,EXCLUDED,2,11,10
1458,26653,2:06:00,1,,,,,,,,EXCLUDED,2,11,10
1458,26654,2:06:30,1,,,,,,,,EXCLUDED,2,11,10
1458,26655,2:07:00,1,,,,,,,,EXCLUDED,2,11,10
1458,26656,2:07:30,1,,,,,,,,EXCLUDED,2,11,10
1458,26657,2:08:00,1,,,,,,,,EXCLUDED,2,11,10
1458,26658,2:08:30,1,,,,,,,,EXCLUDED,2,11,10
1458,26659,2:09:00,1,,,,,,,,EXCLUDED,2,11,10
1458,26660,2:09:30,1,,,,,,,,EXCLUDED,2,11,10
1458,26661,2:10:00,1,,,,,,,,EXCLUDED,2,11,10
1458,26662,2:10:30,1,,,,,,,,EXCLUDED,2,11,10
1458,26663,2:11:00,1,,,,,,,,EXCLUDED,2,11,10
1458,26664,2:11:30,1,,,,,,,,EXCLUDED,2,11,10
1458,26665,2:12:00,1,,,,,,,,EXCLUDED,2,11,10
1458,26666,2:12:30,1,,,,,,,,EXCLUDED,2,11,10
1458,26667,2:13:00,1,,,,,,,,EXCLUDED,2,11,10
1458,26668,2:13:30,1,,,,,,,,EXCLUDED,2,11,10
1458,26669,2:14:00,1,,,,,,,,EXCLUDED,2,11,10
1458,26670,2:14:30,1,,,,,,,,EXCLUDED,2,11,10
1458,26671,2:15:00,1,,,,,,,,EXCLUDED,2,11,10
1458,26672,2:15:30,1,,,,,,,,EXCLUDED,2,11,10
1458,26673,2:16:00,1,,,,,,,,EXCLUDED,2,11,10
1458,26674,2:16:30,1,,,,,,,,EXCLUDED,2,11,10
1458,26675,2:17:00,1,,,,,,,,EXCLUDED,2,11,10
1458,26676,2:17:30,1,,,,,,,,EXCLUDED,2,11,10
1458,26677,2:18:00,1,,,,,,,,EXCLUDED,2,11,10
1458,26678,2:18:30,1,,,,,,,,EXCLUDED,2,11,10
1458,26679,2:19:00,1,,,,,,,,EXCLUDED,2,11,10
1458,26680,2:19:30,1,,,,,,,,EXCLUDED,2,11,10
1458,26681,2:20:00,1,,,,,,,,EXCLUDED,2,11,10
1458,26682,2:20:30,1,,,,,,,,EXCLUDED,2,11,10
1458,26683,2:21:00,1,,,,,,,,EXCLUDED,2,11,10
1458,26684,2:21:30,1,,,,,,,,EXCLUDED,2,11,10
1458,26685,2:22:00,1,,,,,,,,EXCLUDED,2,11,10
1458,26686,2:22:30,1,,,,,,,,EXCLUDED,2,11,10
1458,26687,2:23:00,1,,,,,,,,EXCLUDED,2,11,10
1458,26688,2:23:30,1,,,,,,,,EXCLUDED,2,11,10
1458,26689,2:24:00,1,,,,,,,,EXCLUDED,2,11,10
1458,26690,2:24:30,1,,,,,,,,EXCLUDED,2,11,10
1458,26691,2:25:00,1,,,,,,,,EXCLUDED,2,11,10
1458,26692,2:25:30,1,,,,,,,,EXCLUDED,2,11,10
1458,26693,2:26:00,1,,,,,,,,EXCLUDED,2,11,10
1458,26694,2:26:30,1,,,,,,,,EXCLUDED,2,11,10
1458,26695,2:27:00,1,,,,,,,,EXCLUDED,2,11,10
1458,26696,2:27:30,1,,,,,,,,EXCLUDED,2,11,10
1458,26697,2:28:00,1,,,,,,,,EXCLUDED,2,11,10
1458,26698,2:28:30,1,,,,,,,,EXCLUDED,2,11,10
1458,26699,2:29:00,1,,,,,,,,EXCLUDED,2,11,10
1458,26700,2:29:30,1,,,,,,,,EXCLUDED,2,11,10
1458,26701,2:30:00,1,,,,,,,,EXCLUDED,2,11,10
1458,26702,2:30:30,1,,,,,,,,EXCLUDED,2,11,10
1458,26703,2:31:00,1,,,,,,,,EXCLUDED,2,11,10
1458,26704,2:31:30,1,,,,,,,,EXCLUDED,2,11,10
1458,26705,2:32:00,1,,,,,,,,EXCLUDED,2,11,10
1458,26706,2:32:30,1,,,,,,,,EXCLUDED,2,11,10
1458,26707,2:33:00,1,,,,,,,,EXCLUDED,2,11,10
1458,26708,2:33:30,1,,,,,,,,EXCLUDED,2,11,10
1458,26709,2:34:00,1,,,,,,,,EXCLUDED,2,11,10
1458,26710,2:34:30,1,,,,,,,,EXCLUDED,2,11,10
1458,26711,2:35:00,1,,,,,,,,EXCLUDED,2,11,10
1458,26712,2:35:30,1,,,,,,,,EXCLUDED,2,11,10
1458,26713,2:36:00,1,,,,,,,,EXCLUDED,2,11,10
1458,26714,2:36:30,1,,,,,,,,EXCLUDED,2,11,10
1458,26715,2:37:00,1,,,,,,,,EXCLUDED,2,11,10
1458,26716,2:37:30,1,,,,,,,,EXCLUDED,2,11,10
1458,26717,2:38:00,1,,,,,,,,EXCLUDED,2,11,10
1458,26718,2:38:30,1,,,,,,,,EXCLUDED,2,11,10
1458,26719,2:39:00,1,,,,,,,,EXCLUDED,2,11,10
1458,26720,2:39:30,1,,,,,,,,EXCLUDED,2,11,10
1458,26721,2:40:00,1,,,,,,,,EXCLUDED,2,11,10
1458,26722,2:40:30,1,,,,,,,,EXCLUDED,2,11,10
1458,26723,2:41:00,1,,,,,,,,EXCLUDED,2,11,10
1458,26724,2:41:30,1,,,,,,,,EXCLUDED,2,11,10
1458,26725,2:42:00,1,,,,,,,,EXCLUDED,2,11,10
1458,26726,2:42:30,1,,,,,,,,EXCLUDED,2,11,10
1458,26727,2:43:00,1,,,,,,,,EXCLUDED,2,11,10
1458,26728,2:43:30,1,,,,,,,,EXCLUDED,2,11,10
1458,26729,2:44:00,1,,,,,,,,EXCLUDED,2,11,10
1458,26730,2:44:30,1,,,,,,,,EXCLUDED,2,11,10
1458,26731,2:45:00,1,,,,,,,,EXCLUDED,2,11,10
1458,26732,2:45:30,1,,,,,,,,EXCLUDED,2,11,10
1458,26733,2:46:00,1,,,,,,,,EXCLUDED,2,11,10
1458,26734,2:46:30,1,,,,,,,,EXCLUDED,2,11,10
1458,26735,2:47:00,1,,,,,,,,EXCLUDED,2,11,10
1458,26736,2:47:30,1,,,,,,,,EXCLUDED,2,11,10
1458,26737,2:48:00,1,,,,,,,,EXCLUDED,2,11,10
1458,26738,2:48:30,1,,,,,,,,EXCLUDED,2,11,10
1458,26739,2:49:00,1,,,,,,,,EXCLUDED,2,11,10
1458,26740,2:49:30,1,,,,,,,,EXCLUDED,2,11,10
1458,26741,2:50:00,1,,,,,,,,EXCLUDED,2,11,10
1458,26742,2:50:30,1,,,,,,,,EXCLUDED,2,11,10
1458,26743,2:51:00,1,,,,,,,,EXCLUDED,2,11,10
1458,26744,2:51:30,1,,,,,,,,EXCLUDED,2,11,10
1458,26745,2:52:00,1,,,,,,,,EXCLUDED,2,11,10
1458,26746,2:52:30,1,,,,,,,,EXCLUDED,2,11,10
1458,26747,2:53:00,1,,,,,,,,EXCLUDED,2,11,10
1458,26748,2:53:30,1,,,,,,,,EXCLUDED,2,11,10
1458,26749,2:54:00,1,,,,,,,,EXCLUDED,2,11,10
1458,26750,2:54:30,1,,,,,,,,EXCLUDED,2,11,10
1458,26751,2:55:00,1,,,,,,,,EXCLUDED,2,11,10
1458,26752,2:55:30,1,,,,,,,,EXCLUDED,2,11,10
1458,26753,2:56:00,1,,,,,,,,EXCLUDED,2,11,10
1458,26754,2:56:30,1,,,,,,,,EXCLUDED,2,11,10
1458,26755,2:57:00,1,,,,,,,,EXCLUDED,2,11,10
1458,26756,2:57:30,1,,,,,,,,EXCLUDED,2,11,10
1458,26757,2:58:00,1,,,,,,,,EXCLUDED,2,11,10
1458,26758,2:58:30,1,,,,,,,,EXCLUDED,2,11,10
1458,26759,2:59:00,1,,,,,,,,EXCLUDED,2,11,10
1458,26760,2:59:30,1,,,,,,,,EXCLUDED,2,11,10
1458,26761,3:00:00,1,,,,,,,,EXCLUDED,2,11,10
1458,26762,3:00:30,1,,,,,,,,EXCLUDED,2,11,10
1458,26763,3:01:00,1,,,,,,,,EXCLUDED,2,11,10
1458,26764,3:01:30,1,,,,,,,,EXCLUDED,2,11,10
1458,26765,3:02:00,1,,,,,,,,EXCLUDED,2,11,10
1458,26766,3:02:30,1,,,,,,,,EXCLUDED,2,11,10
1458,26767,3:03:00,1,,,,,,,,EXCLUDED,2,11,10
1458,26768,3:03:30,1,,,,,,,,EXCLUDED,2,11,10
1458,26769,3:04:00,1,,,,,,,,EXCLUDED,2,11,10
1458,26770,3:04:30,1,,,,,,,,EXCLUDED,2,11,10
1458,26771,3:05:00,1,,,,,,,,EXCLUDED,2,11,10
1458,26772,3:05:30,1,,,,,,,,EXCLUDED,2,11,10
1458,26773,3:06:00,1,,,,,,,,EXCLUDED,2,11,10
1458,26774,3:06:30,1,,,,,,,,EXCLUDED,2,11,10
1458,26775,3:07:00,1,,,,,,,,EXCLUDED,2,11,10
1458,26776,3:07:30,1,,,,,,,,EXCLUDED,2,11,10
1458,26777,3:08:00,1,,,,,,,,EXCLUDED,2,11,10
1458,26778,3:08:30,1,,,,,,,,EXCLUDED,2,11,10
1458,26779,3:09:00,1,,,,,,,,EXCLUDED,2,11,10
1458,26780,3:09:30,1,,,,,,,,EXCLUDED,2,11,10
1458,26781,3:10:00,1,,,,,,,,EXCLUDED,2,11,10
1458,26782,3:10:30,1,,,,,,,,EXCLUDED,2,11,10
1458,26783,3:11:00,1,,,,,,,,EXCLUDED,2,11,10
1458,26784,3:11:30,1,,,,,,,,EXCLUDED,2,11,10
1458,26785,3:12:00,1,,,,,,,,EXCLUDED,2,11,10
1458,26786,3:12:30,1,,,,,,,,EXCLUDED,2,11,10
1458,26787,3:13:00,1,,,,,,,,EXCLUDED,2,11,10
1458,26788,3:13:30,1,,,,,,,,EXCLUDED,2,11,10
1458,26789,3:14:00,1,,,,,,,,EXCLUDED,2,11,10
1458,26790,3:14:30,1,,,,,,,,EXCLUDED,2,11,10
1458,26791,3:15:00,1,,,,,,,,EXCLUDED,2,11,10
1458,26792,3:15:30,1,,,,,,,,EXCLUDED,2,11,10
1458,26793,3:16:00,1,,,,,,,,EXCLUDED,2,11,10
1458,26794,3:16:30,1,,,,,,,,EXCLUDED,2,11,10
1458,26795,3:17:00,1,,,,,,,,EXCLUDED,2,11,10
1458,26796,3:17:30,1,,,,,,,,EXCLUDED,2,11,10
1458,26797,3:18:00,1,,,,,,,,EXCLUDED,2,11,10
1458,26798,3:18:30,1,,,,,,,,EXCLUDED,2,11,10
1458,26799,3:19:00,1,,,,,,,,EXCLUDED,2,11,10
1458,26800,3:19:30,1,,,,,,,,EXCLUDED,2,11,10
1458,26801,3:20:00,1,,,,,,,,EXCLUDED,2,11,10
1458,26802,3:20:30,1,,,,,,,,EXCLUDED,2,11,10
1458,26803,3:21:00,1,,,,,,,,EXCLUDED,2,11,10
1458,26804,3:21:30,1,,,,,,,,EXCLUDED,2,11,10
1458,26805,3:22:00,1,,,,,,,,EXCLUDED,2,11,10
1458,26806,3:22:30,1,,,,,,,,EXCLUDED,2,11,10
1458,26807,3:23:00,1,,,,,,,,EXCLUDED,2,11,10
1458,26808,3:23:30,1,,,,,,,,EXCLUDED,2,11,10
1458,26809,3:24:00,1,,,,,,,,EXCLUDED,2,11,10
1458,26810,3:24:30,1,,,,,,,,EXCLUDED,2,11,10
1458,26811,3:25:00,1,,,,,,,,EXCLUDED,2,11,10
1458,26812,3:25:30,1,,,,,,,,EXCLUDED,2,11,10
1458,26813,3:26:00,1,,,,,,,,EXCLUDED,2,11,10
1458,26814,3:26:30,1,,,,,,,,EXCLUDED,2,11,10
1458,26815,3:27:00,1,,,,,,,,EXCLUDED,2,11,10
1458,26816,3:27:30,1,,,,,,,,EXCLUDED,2,11,10
1458,26817,3:28:00,1,,,,,,,,EXCLUDED,2,11,10
1458,26818,3:28:30,1,,,,,,,,EXCLUDED,2,11,10
1458,26819,3:29:00,1,,,,,,,,EXCLUDED,2,11,10
1458,26820,3:29:30,1,,,,,,,,EXCLUDED,2,11,10
1458,26821,3:30:00,1,,,,,,,,EXCLUDED,2,11,10
1458,26822,3:30:30,1,,,,,,,,EXCLUDED,2,11,10
1458,26823,3:31:00,1,,,,,,,,EXCLUDED,2,11,10
1458,26824,3:31:30,1,,,,,,,,EXCLUDED,2,11,10
1458,26825,3:32:00,1,,,,,,,,EXCLUDED,2,11,10
1458,26826,3:32:30,1,,,,,,,,EXCLUDED,2,11,10
1458,26827,3:33:00,1,,,,,,,,EXCLUDED,2,11,10
1458,26828,3:33:30,1,,,,,,,,EXCLUDED,2,11,10
1458,26829,3:34:00,1,,,,,,,,EXCLUDED,2,11,10
1458,26830,3:34:30,1,,,,,,,,EXCLUDED,2,11,10
1458,26831,3:35:00,1,,,,,,,,EXCLUDED,2,11,10
1458,26832,3:35:30,1,,,,,,,,EXCLUDED,2,11,10
1458,26833,3:36:00,1,,,,,,,,EXCLUDED,2,11,10
1458,26834,3:36:30,1,,,,,,,,EXCLUDED,2,11,10
1458,26835,3:37:00,1,,,,,,,,EXCLUDED,2,11,10
1458,26836,3:37:30,1,,,,,,,,EXCLUDED,2,11,10
1458,26837,3:38:00,1,,,,,,,,EXCLUDED,2,11,10
1458,26838,3:38:30,1,,,,,,,,EXCLUDED,2,11,10
1458,26839,3:39:00,1,,,,,,,,EXCLUDED,2,11,10
1458,26840,3:39:30,1,,,,,,,,EXCLUDED,2,11,10
1458,26841,3:40:00,1,,,,,,,,EXCLUDED,2,11,10
1458,26842,3:40:30,1,,,,,,,,EXCLUDED,2,11,10
1458,26843,3:41:00,1,,,,,,,,EXCLUDED,2,11,10
1458,26844,3:41:30,1,,,,,,,,EXCLUDED,2,11,10
1458,26845,3:42:00,1,,,,,,,,EXCLUDED,2,11,10
1458,26846,3:42:30,1,,,,,,,,EXCLUDED,2,11,10
1458,26847,3:43:00,1,,,,,,,,EXCLUDED,2,11,10
1458,26848,3:43:30,1,,,,,,,,EXCLUDED,2,11,10
1458,26849,3:44:00,1,,,,,,,,EXCLUDED,2,11,10
1458,26850,3:44:30,1,,,,,,,,EXCLUDED,2,11,10
1458,26851,3:45:00,1,,,,,,,,EXCLUDED,2,11,10
1458,26852,3:45:30,1,,,,,,,,EXCLUDED,2,11,10
1458,26853,3:46:00,1,,,,,,,,EXCLUDED,2,11,10
1458,26854,3:46:30,1,,,,,,,,EXCLUDED,2,11,10
1458,26855,3:47:00,1,,,,,,,,EXCLUDED,2,11,10
1458,26856,3:47:30,1,,,,,,,,EXCLUDED,2,11,10
1458,26857,3:48:00,1,,,,,,,,EXCLUDED,2,11,10
1458,26858,3:48:30,1,,,,,,,,EXCLUDED,2,11,10
1458,26859,3:49:00,1,,,,,,,,EXCLUDED,2,11,10
1458,26860,3:49:30,1,,,,,,,,EXCLUDED,2,11,10
1458,26861,3:50:00,1,,,,,,,,EXCLUDED,2,11,10
1458,26862,3:50:30,1,,,,,,,,EXCLUDED,2,11,10
1458,26863,3:51:00,1,,,,,,,,EXCLUDED,2,11,10
1458,26864,3:51:30,1,,,,,,,,EXCLUDED,2,11,10
1458,26865,3:52:00,1,,,,,,,,EXCLUDED,2,11,10
1458,26866,3:52:30,1,,,,,,,,EXCLUDED,2,11,10
1458,26867,3:53:00,1,,,,,,,,EXCLUDED,2,11,10
1458,26868,3:53:30,1,,,,,,,,EXCLUDED,2,11,10
1458,26869,3:54:00,1,,,,,,,,EXCLUDED,2,11,10
1458,26870,3:54:30,1,,,,,,,,EXCLUDED,2,11,10
1458,26871,3:55:00,1,,,,,,,,EXCLUDED,2,11,10
1458,26872,3:55:30,1,,,,,,,,EXCLUDED,2,11,10
1458,26873,3:56:00,1,,,,,,,,EXCLUDED,2,11,10
1458,26874,3:56:30,1,,,,,,,,EXCLUDED,2,11,10
1458,26875,3:57:00,1,,,,,,,,EXCLUDED,2,11,10
1458,26876,3:57:30,1,,,,,,,,EXCLUDED,2,11,10
1458,26877,3:58:00,1,,,,,,,,EXCLUDED,2,11,10
1458,26878,3:58:30,1,,,,,,,,EXCLUDED,2,11,10
1458,26879,3:59:00,1,,,,,,,,EXCLUDED,2,11,10
1458,26880,3:59:30,1,,,,,,,,EXCLUDED,2,11,10
1458,26881,4:00:00,1,,,,,,,,EXCLUDED,2,11,10
1458,26882,4:00:30,1,,,,,,,,EXCLUDED,2,11,10
1458,26883,4:01:00,1,,,,,,,,EXCLUDED,2,11,10
1458,26884,4:01:30,1,,,,,,,,EXCLUDED,2,11,10
1458,26885,4:02:00,1,,,,,,,,EXCLUDED,2,11,10
1458,26886,4:02:30,1,,,,,,,,EXCLUDED,2,11,10
1458,26887,4:03:00,1,,,,,,,,EXCLUDED,2,11,10
1458,26888,4:03:30,1,,,,,,,,EXCLUDED,2,11,10
1458,26889,4:04:00,1,,,,,,,,EXCLUDED,2,11,10
1458,26890,4:04:30,1,,,,,,,,EXCLUDED,2,11,10
1458,26891,4:05:00,1,,,,,,,,EXCLUDED,2,11,10
1458,26892,4:05:30,1,,,,,,,,EXCLUDED,2,11,10
1458,26893,4:06:00,1,,,,,,,,EXCLUDED,2,11,10
1458,26894,4:06:30,1,,,,,,,,EXCLUDED,2,11,10
1458,26895,4:07:00,1,,,,,,,,EXCLUDED,2,11,10
1458,26896,4:07:30,1,,,,,,,,EXCLUDED,2,11,10
1458,26897,4:08:00,1,,,,,,,,EXCLUDED,2,11,10
1458,26898,4:08:30,1,,,,,,,,EXCLUDED,2,11,10
1458,26899,4:09:00,1,,,,,,,,EXCLUDED,2,11,10
1458,26900,4:09:30,1,,,,,,,,EXCLUDED,2,11,10
1458,26901,4:10:00,1,,,,,,,,EXCLUDED,2,11,10
1458,26902,4:10:30,1,,,,,,,,EXCLUDED,2,11,10
1458,26903,4:11:00,1,,,,,,,,EXCLUDED,2,11,10
1458,26904,4:11:30,1,,,,,,,,EXCLUDED,2,11,10
1458,26905,4:12:00,1,,,,,,,,EXCLUDED,2,11,10
1458,26906,4:12:30,1,,,,,,,,EXCLUDED,2,11,10
1458,26907,4:13:00,1,,,,,,,,EXCLUDED,2,11,10
1458,26908,4:13:30,1,,,,,,,,EXCLUDED,2,11,10
1458,26909,4:14:00,1,,,,,,,,EXCLUDED,2,11,10
1458,26910,4:14:30,1,,,,,,,,EXCLUDED,2,11,10
1458,26911,4:15:00,1,,,,,,,,EXCLUDED,2,11,10
1458,26912,4:15:30,1,,,,,,,,EXCLUDED,2,11,10
1458,26913,4:16:00,1,,,,,,,,EXCLUDED,2,11,10
1458,26914,4:16:30,1,,,,,,,,EXCLUDED,2,11,10
1458,26915,4:17:00,1,,,,,,,,EXCLUDED,2,11,10
1458,26916,4:17:30,1,,,,,,,,EXCLUDED,2,11,10
1458,26917,4:18:00,1,,,,,,,,EXCLUDED,2,11,10
1458,26918,4:18:30,1,,,,,,,,EXCLUDED,2,11,10
1458,26919,4:19:00,1,,,,,,,,EXCLUDED,2,11,10
1458,26920,4:19:30,1,,,,,,,,EXCLUDED,2,11,10
1458,26921,4:20:00,1,,,,,,,,EXCLUDED,2,11,10
1458,26922,4:20:30,1,,,,,,,,EXCLUDED,2,11,10
1458,26923,4:21:00,1,,,,,,,,EXCLUDED,2,11,10
1458,26924,4:21:30,1,,,,,,,,EXCLUDED,2,11,10
1458,26925,4:22:00,1,,,,,,,,EXCLUDED,2,11,10
1458,26926,4:22:30,1,,,,,,,,EXCLUDED,2,11,10
1458,26927,4:23:00,1,,,,,,,,EXCLUDED,2,11,10
1458,26928,4:23:30,1,,,,,,,,EXCLUDED,2,11,10
1458,26929,4:24:00,1,,,,,,,,EXCLUDED,2,11,10
1458,26930,4:24:30,1,,,,,,,,EXCLUDED,2,11,10
1458,26931,4:25:00,1,,,,,,,,EXCLUDED,2,11,10
1458,26932,4:25:30,1,,,,,,,,EXCLUDED,2,11,10
1458,26933,4:26:00,1,,,,,,,,EXCLUDED,2,11,10
1458,26934,4:26:30,1,,,,,,,,EXCLUDED,2,11,10
1458,26935,4:27:00,1,,,,,,,,EXCLUDED,2,11,10
1458,26936,4:27:30,1,,,,,,,,EXCLUDED,2,11,10
1458,26937,4:28:00,1,,,,,,,,EXCLUDED,2,11,10
1458,26938,4:28:30,1,,,,,,,,EXCLUDED,2,11,10
1458,26939,4:29:00,1,,,,,,,,EXCLUDED,2,11,10
1458,26940,4:29:30,1,,,,,,,,EXCLUDED,2,11,10
1458,26941,4:30:00,1,,,,,,,,EXCLUDED,2,11,10
1458,26942,4:30:30,1,,,,,,,,EXCLUDED,2,11,10
1458,26943,4:31:00,1,,,,,,,,EXCLUDED,2,11,10
1458,26944,4:31:30,1,,,,,,,,EXCLUDED,2,11,10
1458,26945,4:32:00,1,,,,,,,,EXCLUDED,2,11,10
1458,26946,4:32:30,1,,,,,,,,EXCLUDED,2,11,10
1458,26947,4:33:00,1,,,,,,,,EXCLUDED,2,11,10
1458,26948,4:33:30,1,,,,,,,,EXCLUDED,2,11,10
1458,26949,4:34:00,1,,,,,,,,EXCLUDED,2,11,10
1458,26950,4:34:30,1,,,,,,,,EXCLUDED,2,11,10
1458,26951,4:35:00,1,,,,,,,,EXCLUDED,2,11,10
1458,26952,4:35:30,1,,,,,,,,EXCLUDED,2,11,10
1458,26953,4:36:00,1,,,,,,,,EXCLUDED,2,11,10
1458,26954,4:36:30,1,,,,,,,,EXCLUDED,2,11,10
1458,26955,4:37:00,1,,,,,,,,EXCLUDED,2,11,10
1458,26956,4:37:30,1,,,,,,,,EXCLUDED,2,11,10
1458,26957,4:38:00,1,,,,,,,,EXCLUDED,2,11,10
1458,26958,4:38:30,1,,,,,,,,EXCLUDED,2,11,10
1458,26959,4:39:00,1,,,,,,,,EXCLUDED,2,11,10
1458,26960,4:39:30,1,,,,,,,,EXCLUDED,2,11,10
1458,26961,4:40:00,1,,,,,,,,EXCLUDED,2,11,10
1458,26962,4:40:30,1,,,,,,,,EXCLUDED,2,11,10
1458,26963,4:41:00,1,,,,,,,,EXCLUDED,2,11,10
1458,26964,4:41:30,1,,,,,,,,EXCLUDED,2,11,10
1458,26965,4:42:00,1,,,,,,,,EXCLUDED,2,11,10
1458,26966,4:42:30,1,,,,,,,,EXCLUDED,2,11,10
1458,26967,4:43:00,1,,,,,,,,EXCLUDED,2,11,10
1458,26968,4:43:30,1,,,,,,,,EXCLUDED,2,11,10
1458,26969,4:44:00,1,,,,,,,,EXCLUDED,2,11,10
1458,26970,4:44:30,1,,,,,,,,EXCLUDED,2,11,10
1458,26971,4:45:00,1,,,,,,,,EXCLUDED,2,11,10
1458,26972,4:45:30,1,,,,,,,,EXCLUDED,2,11,10
1458,26973,4:46:00,1,,,,,,,,EXCLUDED,2,11,10
1458,26974,4:46:30,1,,,,,,,,EXCLUDED,2,11,10
1458,26975,4:47:00,1,,,,,,,,EXCLUDED,2,11,10
1458,26976,4:47:30,1,,,,,,,,EXCLUDED,2,11,10
1458,26977,4:48:00,1,,,,,,,,EXCLUDED,2,11,10
1458,26978,4:48:30,1,,,,,,,,EXCLUDED,2,11,10
1458,26979,4:49:00,1,,,,,,,,EXCLUDED,2,11,10
1458,26980,4:49:30,1,,,,,,,,EXCLUDED,2,11,10
1458,26981,4:50:00,1,,,,,,,,EXCLUDED,2,11,10
1458,26982,4:50:30,1,,,,,,,,EXCLUDED,2,11,10
1458,26983,4:51:00,1,,,,,,,,EXCLUDED,2,11,10
1458,26984,4:51:30,1,,,,,,,,EXCLUDED,2,11,10
1458,26985,4:52:00,1,,,,,,,,EXCLUDED,2,11,10
1458,26986,4:52:30,1,,,,,,,,EXCLUDED,2,11,10
1458,26987,4:53:00,1,,,,,,,,EXCLUDED,2,11,10
1458,26988,4:53:30,1,,,,,,,,EXCLUDED,2,11,10
1458,26989,4:54:00,1,,,,,,,,EXCLUDED,2,11,10
1458,26990,4:54:30,1,,,,,,,,EXCLUDED,2,11,10
1458,26991,4:55:00,1,,,,,,,,EXCLUDED,2,11,10
1458,26992,4:55:30,1,,,,,,,,EXCLUDED,2,11,10
1458,26993,4:56:00,1,,,,,,,,EXCLUDED,2,11,10
1458,26994,4:56:30,1,,,,,,,,EXCLUDED,2,11,10
1458,26995,4:57:00,1,,,,,,,,EXCLUDED,2,11,10
1458,26996,4:57:30,1,,,,,,,,EXCLUDED,2,11,10
1458,26997,4:58:00,1,,,,,,,,EXCLUDED,2,11,10
1458,26998,4:58:30,1,,,,,,,,EXCLUDED,2,11,10
1458,26999,4:59:00,1,,,,,,,,EXCLUDED,2,11,10
1458,27000,4:59:30,1,,,,,,,,EXCLUDED,2,11,10
1458,27001,5:00:00,1,,,,,,,,EXCLUDED,2,11,10
1458,27002,5:00:30,1,,,,,,,,EXCLUDED,2,11,10
1458,27003,5:01:00,1,,,,,,,,EXCLUDED,2,11,10
1458,27004,5:01:30,1,,,,,,,,EXCLUDED,2,11,10
1458,27005,5:02:00,1,,,,,,,,EXCLUDED,2,11,10
1458,27006,5:02:30,1,,,,,,,,EXCLUDED,2,11,10
1458,27007,5:03:00,1,,,,,,,,EXCLUDED,2,11,10
1458,27008,5:03:30,1,,,,,,,,EXCLUDED,2,11,10
1458,27009,5:04:00,1,,,,,,,,EXCLUDED,2,11,10
1458,27010,5:04:30,1,,,,,,,,EXCLUDED,2,11,10
1458,27011,5:05:00,1,,,,,,,,EXCLUDED,2,11,10
1458,27012,5:05:30,1,,,,,,,,EXCLUDED,2,11,10
1458,27013,5:06:00,1,,,,,,,,EXCLUDED,2,11,10
1458,27014,5:06:30,1,,,,,,,,EXCLUDED,2,11,10
1458,27015,5:07:00,1,,,,,,,,EXCLUDED,2,11,10
1458,27016,5:07:30,1,,,,,,,,EXCLUDED,2,11,10
1458,27017,5:08:00,1,,,,,,,,EXCLUDED,2,11,10
1458,27018,5:08:30,1,,,,,,,,EXCLUDED,2,11,10
1458,27019,5:09:00,1,,,,,,,,EXCLUDED,2,11,10
1458,27020,5:09:30,1,,,,,,,,EXCLUDED,2,11,10
1458,27021,5:10:00,1,,,,,,,,EXCLUDED,2,11,10
1458,27022,5:10:30,1,,,,,,,,EXCLUDED,2,11,10
1458,27023,5:11:00,1,,,,,,,,EXCLUDED,2,11,10
1458,27024,5:11:30,1,,,,,,,,EXCLUDED,2,11,10
1458,27025,5:12:00,1,,,,,,,,EXCLUDED,2,11,10
1458,27026,5:12:30,1,,,,,,,,EXCLUDED,2,11,10
1458,27027,5:13:00,1,,,,,,,,EXCLUDED,2,11,10
1458,27028,5:13:30,1,,,,,,,,EXCLUDED,2,11,10
1458,27029,5:14:00,1,,,,,,,,EXCLUDED,2,11,10
1458,27030,5:14:30,1,,,,,,,,EXCLUDED,2,11,10
1458,27031,5:15:00,1,,,,,,,,EXCLUDED,2,11,10
1458,27032,5:15:30,1,,,,,,,,EXCLUDED,2,11,10
1458,27033,5:16:00,1,,,,,,,,EXCLUDED,2,11,10
1458,27034,5:16:30,1,,,,,,,,EXCLUDED,2,11,10
1458,27035,5:17:00,1,,,,,,,,EXCLUDED,2,11,10
1458,27036,5:17:30,1,,,,,,,,EXCLUDED,2,11,10
1458,27037,5:18:00,1,,,,,,,,EXCLUDED,2,11,10
1458,27038,5:18:30,1,,,,,,,,EXCLUDED,2,11,10
1458,27039,5:19:00,1,,,,,,,,EXCLUDED,2,11,10
1458,27040,5:19:30,1,,,,,,,,EXCLUDED,2,11,10
1458,27041,5:20:00,1,,,,,,,,EXCLUDED,2,11,10
1458,27042,5:20:30,1,,,,,,,,EXCLUDED,2,11,10
1458,27043,5:21:00,1,,,,,,,,EXCLUDED,2,11,10
1458,27044,5:21:30,1,,,,,,,,EXCLUDED,2,11,10
1458,27045,5:22:00,1,,,,,,,,EXCLUDED,2,11,10
1458,27046,5:22:30,1,,,,,,,,EXCLUDED,2,11,10
1458,27047,5:23:00,1,,,,,,,,EXCLUDED,2,11,10
1458,27048,5:23:30,1,,,,,,,,EXCLUDED,2,11,10
1458,27049,5:24:00,1,,,,,,,,EXCLUDED,2,11,10
1458,27050,5:24:30,1,,,,,,,,EXCLUDED,2,11,10
1458,27051,5:25:00,1,,,,,,,,EXCLUDED,2,11,10
1458,27052,5:25:30,1,,,,,,,,EXCLUDED,2,11,10
1458,27053,5:26:00,1,,,,,,,,EXCLUDED,2,11,10
1458,27054,5:26:30,1,,,,,,,,EXCLUDED,2,11,10
1458,27055,5:27:00,1,,,,,,,,EXCLUDED,2,11,10
1458,27056,5:27:30,1,,,,,,,,EXCLUDED,2,11,10
1458,27057,5:28:00,1,,,,,,,,EXCLUDED,2,11,10
1458,27058,5:28:30,1,,,,,,,,EXCLUDED,2,11,10
1458,27059,5:29:00,1,,,,,,,,EXCLUDED,2,11,10
1458,27060,5:29:30,1,,,,,,,,EXCLUDED,2,11,10
1458,27061,5:30:00,1,,,,,,,,EXCLUDED,2,11,10
1458,27062,5:30:30,1,,,,,,,,EXCLUDED,2,11,10
1458,27063,5:31:00,1,,,,,,,,EXCLUDED,2,11,10
1458,27064,5:31:30,1,,,,,,,,EXCLUDED,2,11,10
1458,27065,5:32:00,1,,,,,,,,EXCLUDED,2,11,10
1458,27066,5:32:30,1,,,,,,,,EXCLUDED,2,11,10
1458,27067,5:33:00,1,,,,,,,,EXCLUDED,2,11,10
1458,27068,5:33:30,1,,,,,,,,EXCLUDED,2,11,10
1458,27069,5:34:00,1,,,,,,,,EXCLUDED,2,11,10
1458,27070,5:34:30,1,,,,,,,,EXCLUDED,2,11,10
1458,27071,5:35:00,1,,,,,,,,EXCLUDED,2,11,10
1458,27072,5:35:30,1,,,,,,,,EXCLUDED,2,11,10
1458,27073,5:36:00,1,,,,,,,,EXCLUDED,2,11,10
1458,27074,5:36:30,1,,,,,,,,EXCLUDED,2,11,10
1458,27075,5:37:00,1,,,,,,,,EXCLUDED,2,11,10
1458,27076,5:37:30,1,,,,,,,,EXCLUDED,2,11,10
1458,27077,5:38:00,1,,,,,,,,EXCLUDED,2,11,10
1458,27078,5:38:30,1,,,,,,,,EXCLUDED,2,11,10
1458,27079,5:39:00,1,,,,,,,,EXCLUDED,2,11,10
1458,27080,5:39:30,1,,,,,,,,EXCLUDED,2,11,10
1458,27081,5:40:00,1,,,,,,,,EXCLUDED,2,11,10
1458,27082,5:40:30,1,,,,,,,,EXCLUDED,2,11,10
1458,27083,5:41:00,1,,,,,,,,EXCLUDED,2,11,10
1458,27084,5:41:30,1,,,,,,,,EXCLUDED,2,11,10
1458,27085,5:42:00,1,,,,,,,,EXCLUDED,2,11,10
1458,27086,5:42:30,1,,,,,,,,EXCLUDED,2,11,10
1458,27087,5:43:00,1,,,,,,,,EXCLUDED,2,11,10
1458,27088,5:43:30,1,,,,,,,,EXCLUDED,2,11,10
1458,27089,5:44:00,1,,,,,,,,EXCLUDED,2,11,10
1458,27090,5:44:30,1,,,,,,,,EXCLUDED,2,11,10
1458,27091,5:45:00,1,,,,,,,,EXCLUDED,2,11,10
1458,27092,5:45:30,1,,,,,,,,EXCLUDED,2,11,10
1458,27093,5:46:00,1,,,,,,,,EXCLUDED,2,11,10
1458,27094,5:46:30,1,,,,,,,,EXCLUDED,2,11,10
1458,27095,5:47:00,1,,,,,,,,EXCLUDED,2,11,10
1458,27096,5:47:30,1,,,,,,,,EXCLUDED,2,11,10
1458,27097,5:48:00,1,,,,,,,,EXCLUDED,2,11,10
1458,27098,5:48:30,1,,,,,,,,EXCLUDED,2,11,10
1458,27099,5:49:00,1,,,,,,,,EXCLUDED,2,11,10
1458,27100,5:49:30,1,,,,,,,,EXCLUDED,2,11,10
1458,27101,5:50:00,1,,,,,,,,EXCLUDED,2,11,10
1458,27102,5:50:30,1,,,,,,,,EXCLUDED,2,11,10
1458,27103,5:51:00,1,,,,,,,,EXCLUDED,2,11,10
1458,27104,5:51:30,1,,,,,,,,EXCLUDED,2,11,10
1458,27105,5:52:00,1,,,,,,,,EXCLUDED,2,11,10
1458,27106,5:52:30,1,,,,,,,,EXCLUDED,2,11,10
1458,27107,5:53:00,1,,,,,,,,EXCLUDED,2,11,10
1458,27108,5:53:30,1,,,,,,,,EXCLUDED,2,11,10
1458,27109,5:54:00,1,,,,,,,,EXCLUDED,2,11,10
1458,27110,5:54:30,1,,,,,,,,EXCLUDED,2,11,10
1458,27111,5:55:00,1,,,,,,,,EXCLUDED,2,11,10
1458,27112,5:55:30,1,,,,,,,,EXCLUDED,2,11,10
1458,27113,5:56:00,1,,,,,,,,EXCLUDED,2,11,10
1458,27114,5:56:30,1,,,,,,,,EXCLUDED,2,11,10
1458,27115,5:57:00,1,,,,,,,,EXCLUDED,2,11,10
1458,27116,5:57:30,1,,,,,,,,EXCLUDED,2,11,10
1458,27117,5:58:00,1,,,,,,,,EXCLUDED,2,11,10
1458,27118,5:58:30,1,,,,,,,,EXCLUDED,2,11,10
1458,27119,5:59:00,1,,,,,,,,EXCLUDED,2,11,10
1458,27120,5:59:30,1,,,,,,,,EXCLUDED,2,11,10
1458,27121,6:00:00,1,,,,,,,,EXCLUDED,2,11,10
1458,27122,6:00:30,1,,,,,,,,EXCLUDED,2,11,10
1458,27123,6:01:00,1,,,,,,,,EXCLUDED,2,11,10
1458,27124,6:01:30,1,,,,,,,,EXCLUDED,2,11,10
1458,27125,6:02:00,1,,,,,,,,EXCLUDED,2,11,10
1458,27126,6:02:30,1,,,,,,,,EXCLUDED,2,11,10
1458,27127,6:03:00,1,,,,,,,,EXCLUDED,2,11,10
1458,27128,6:03:30,1,,,,,,,,EXCLUDED,2,11,10
1458,27129,6:04:00,1,,,,,,,,EXCLUDED,2,11,10
1458,27130,6:04:30,1,,,,,,,,EXCLUDED,2,11,10
1458,27131,6:05:00,1,,,,,,,,EXCLUDED,2,11,10
1458,27132,6:05:30,1,,,,,,,,EXCLUDED,2,11,10
1458,27133,6:06:00,1,,,,,,,,EXCLUDED,2,11,10
1458,27134,6:06:30,1,,,,,,,,EXCLUDED,2,11,10
1458,27135,6:07:00,1,,,,,,,,EXCLUDED,2,11,10
1458,27136,6:07:30,1,,,,,,,,EXCLUDED,2,11,10
1458,27137,6:08:00,1,,,,,,,,EXCLUDED,2,11,10
1458,27138,6:08:30,1,,,,,,,,EXCLUDED,2,11,10
1458,27139,6:09:00,1,,,,,,,,EXCLUDED,2,11,10
1458,27140,6:09:30,1,,,,,,,,EXCLUDED,2,11,10
1458,27141,6:10:00,1,,,,,,,,EXCLUDED,2,11,10
1458,27142,6:10:30,1,,,,,,,,EXCLUDED,2,11,10
1458,27143,6:11:00,1,,,,,,,,EXCLUDED,2,11,10
1458,27144,6:11:30,1,,,,,,,,EXCLUDED,2,11,10
1458,27145,6:12:00,1,,,,,,,,EXCLUDED,2,11,10
1458,27146,6:12:30,1,,,,,,,,EXCLUDED,2,11,10
1458,27147,6:13:00,1,,,,,,,,EXCLUDED,2,11,10
1458,27148,6:13:30,1,,,,,,,,EXCLUDED,2,11,10
1458,27149,6:14:00,1,,,,,,,,EXCLUDED,2,11,10
1458,27150,6:14:30,1,,,,,,,,EXCLUDED,2,11,10
1458,27151,6:15:00,1,,,,,,,,EXCLUDED,2,11,10
1458,27152,6:15:30,1,,,,,,,,EXCLUDED,2,11,10
1458,27153,6:16:00,1,,,,,,,,EXCLUDED,2,11,10
1458,27154,6:16:30,1,,,,,,,,EXCLUDED,2,11,10
1458,27155,6:17:00,1,,,,,,,,EXCLUDED,2,11,10
1458,27156,6:17:30,1,,,,,,,,EXCLUDED,2,11,10
1458,27157,6:18:00,1,,,,,,,,EXCLUDED,2,11,10
1458,27158,6:18:30,1,,,,,,,,EXCLUDED,2,11,10
1458,27159,6:19:00,1,,,,,,,,EXCLUDED,2,11,10
1458,27160,6:19:30,1,,,,,,,,EXCLUDED,2,11,10
1458,27161,6:20:00,1,,,,,,,,EXCLUDED,2,11,10
1458,27162,6:20:30,1,,,,,,,,EXCLUDED,2,11,10
1458,27163,6:21:00,1,,,,,,,,EXCLUDED,2,11,10
1458,27164,6:21:30,1,,,,,,,,EXCLUDED,2,11,10
1458,27165,6:22:00,1,,,,,,,,EXCLUDED,2,11,10
1458,27166,6:22:30,1,,,,,,,,EXCLUDED,2,11,10
1458,27167,6:23:00,1,,,,,,,,EXCLUDED,2,11,10
1458,27168,6:23:30,1,,,,,,,,EXCLUDED,2,11,10
1458,27169,6:24:00,1,,,,,,,,EXCLUDED,2,11,10
1458,27170,6:24:30,1,,,,,,,,EXCLUDED,2,11,10
1458,27171,6:25:00,1,,,,,,,,EXCLUDED,2,11,10
1458,27172,6:25:30,1,,,,,,,,EXCLUDED,2,11,10
1458,27173,6:26:00,1,,,,,,,,EXCLUDED,2,11,10
1458,27174,6:26:30,1,,,,,,,,EXCLUDED,2,11,10
1458,27175,6:27:00,1,,,,,,,,EXCLUDED,2,11,10
1458,27176,6:27:30,1,,,,,,,,EXCLUDED,2,11,10
1458,27177,6:28:00,1,,,,,,,,EXCLUDED,2,11,10
1458,27178,6:28:30,1,,,,,,,,EXCLUDED,2,11,10
1458,27179,6:29:00,1,,,,,,,,EXCLUDED,2,11,10
1458,27180,6:29:30,1,,,,,,,,EXCLUDED,2,11,10
1458,27181,6:30:00,1,,,,,,,,EXCLUDED,2,11,10
1458,27182,6:30:30,1,,,,,,,,EXCLUDED,2,11,10
1458,27183,6:31:00,1,,,,,,,,EXCLUDED,2,11,10
1458,27184,6:31:30,1,,,,,,,,EXCLUDED,2,11,10
1458,27185,6:32:00,1,,,,,,,,EXCLUDED,2,11,10
1458,27186,6:32:30,1,,,,,,,,EXCLUDED,2,11,10
1458,27187,6:33:00,1,,,,,,,,EXCLUDED,2,11,10
1458,27188,6:33:30,1,,,,,,,,EXCLUDED,2,11,10
1458,27189,6:34:00,1,,,,,,,,EXCLUDED,2,11,10
1458,27190,6:34:30,1,,,,,,,,EXCLUDED,2,11,10
1458,27191,6:35:00,1,,,,,,,,EXCLUDED,2,11,10
1458,27192,6:35:30,1,,,,,,,,EXCLUDED,2,11,10
1458,27193,6:36:00,1,,,,,,,,EXCLUDED,2,11,10
1458,27194,6:36:30,1,,,,,,,,EXCLUDED,2,11,10
1458,27195,6:37:00,1,,,,,,,,EXCLUDED,2,11,10
1458,27196,6:37:30,1,,,,,,,,EXCLUDED,2,11,10
1458,27197,6:38:00,1,,,,,,,,EXCLUDED,2,11,10
1458,27198,6:38:30,1,,,,,,,,EXCLUDED,2,11,10
1458,27199,6:39:00,1,,,,,,,,EXCLUDED,2,11,10
1458,27200,6:39:30,1,,,,,,,,EXCLUDED,2,11,10
1458,27201,6:40:00,1,,,,,,,,EXCLUDED,2,11,10
1458,27202,6:40:30,1,,,,,,,,EXCLUDED,2,11,10
1458,27203,6:41:00,1,,,,,,,,EXCLUDED,2,11,10
1458,27204,6:41:30,1,,,,,,,,EXCLUDED,2,11,10
1458,27205,6:42:00,1,,,,,,,,EXCLUDED,2,11,10
1458,27206,6:42:30,1,,,,,,,,EXCLUDED,2,11,10
1458,27207,6:43:00,1,,,,,,,,EXCLUDED,2,11,10
1458,27208,6:43:30,1,,,,,,,,EXCLUDED,2,11,10
1458,27209,6:44:00,1,,,,,,,,EXCLUDED,2,11,10
1458,27210,6:44:30,1,,,,,,,,EXCLUDED,2,11,10
1458,27211,6:45:00,1,,,,,,,,EXCLUDED,2,11,10
1458,27212,6:45:30,1,,,,,,,,EXCLUDED,2,11,10
1458,27213,6:46:00,1,,,,,,,,EXCLUDED,2,11,10
1458,27214,6:46:30,1,,,,,,,,EXCLUDED,2,11,10
1458,27215,6:47:00,1,,,,,,,,EXCLUDED,2,11,10
1458,27216,6:47:30,1,,,,,,,,EXCLUDED,2,11,10
1458,27217,6:48:00,1,,,,,,,,EXCLUDED,2,11,10
1458,27218,6:48:30,1,,,,,,,,EXCLUDED,2,11,10
1458,27219,6:49:00,1,,,,,,,,EXCLUDED,2,11,10
1458,27220,6:49:30,1,,,,,,,,EXCLUDED,2,11,10
1458,27221,6:50:00,1,,,,,,,,EXCLUDED,2,11,10
1458,27222,6:50:30,1,,,,,,,,EXCLUDED,2,11,10
1458,27223,6:51:00,1,,,,,,,,EXCLUDED,2,11,10
1458,27224,6:51:30,1,,,,,,,,EXCLUDED,2,11,10
1458,27225,6:52:00,1,,,,,,,,EXCLUDED,2,11,10
1458,27226,6:52:30,1,,,,,,,,EXCLUDED,2,11,10
1458,27227,6:53:00,1,,,,,,,,EXCLUDED,2,11,10
1458,27228,6:53:30,1,,,,,,,,EXCLUDED,2,11,10
1458,27229,6:54:00,1,,,,,,,,EXCLUDED,2,11,10
1458,27230,6:54:30,1,,,,,,,,EXCLUDED,2,11,10
1458,27231,6:55:00,1,,,,,,,,EXCLUDED,2,11,10
1458,27232,6:55:30,1,,,,,,,,EXCLUDED,2,11,10
1458,27233,6:56:00,1,,,,,,,,EXCLUDED,2,11,10
1458,27234,6:56:30,1,,,,,,,,EXCLUDED,2,11,10
1458,27235,6:57:00,1,,,,,,,,EXCLUDED,2,11,10
1458,27236,6:57:30,1,,,,,,,,EXCLUDED,2,11,10
1458,27237,6:58:00,1,,,,,,,,EXCLUDED,2,11,10
1458,27238,6:58:30,1,,,,,,,,EXCLUDED,2,11,10
1458,27239,6:59:00,1,,,,,,,,EXCLUDED,2,11,10
1458,27240,6:59:30,1,,,,,,,,EXCLUDED,2,11,10
1458,27241,7:00:00,1,,,,,,,,EXCLUDED,2,11,10
1458,27242,7:00:30,1,,,,,,,,EXCLUDED,2,11,10
1458,27243,7:01:00,1,,,,,,,,EXCLUDED,2,11,10
1458,27244,7:01:30,1,,,,,,,,EXCLUDED,2,11,10
1458,27245,7:02:00,1,,,,,,,,EXCLUDED,2,11,10
1458,27246,7:02:30,1,,,,,,,,EXCLUDED,2,11,10
1458,27247,7:03:00,1,,,,,,,,EXCLUDED,2,11,10
1458,27248,7:03:30,1,,,,,,,,EXCLUDED,2,11,10
1458,27249,7:04:00,1,,,,,,,,EXCLUDED,2,11,10
1458,27250,7:04:30,1,,,,,,,,EXCLUDED,2,11,10
1458,27251,7:05:00,1,,,,,,,,EXCLUDED,2,11,10
1458,27252,7:05:30,1,,,,,,,,EXCLUDED,2,11,10
1458,27253,7:06:00,1,,,,,,,,EXCLUDED,2,11,10
1458,27254,7:06:30,1,,,,,,,,EXCLUDED,2,11,10
1458,27255,7:07:00,1,,,,,,,,EXCLUDED,2,11,10
1458,27256,7:07:30,1,,,,,,,,EXCLUDED,2,11,10
1458,27257,7:08:00,1,,,,,,,,EXCLUDED,2,11,10
1458,27258,7:08:30,1,,,,,,,,EXCLUDED,2,11,10
1458,27259,7:09:00,1,,,,,,,,EXCLUDED,2,11,10
1458,27260,7:09:30,1,,,,,,,,EXCLUDED,2,11,10
1458,27261,7:10:00,1,,,,,,,,EXCLUDED,2,11,10
1458,27262,7:10:30,1,,,,,,,,EXCLUDED,2,11,10
1458,27263,7:11:00,1,,,,,,,,EXCLUDED,2,11,10
1458,27264,7:11:30,1,,,,,,,,EXCLUDED,2,11,10
1458,27265,7:12:00,1,,,,,,,,EXCLUDED,2,11,10
1458,27266,7:12:30,1,,,,,,,,EXCLUDED,2,11,10
1458,27267,7:13:00,1,,,,,,,,EXCLUDED,2,11,10
1458,27268,7:13:30,1,,,,,,,,EXCLUDED,2,11,10
1458,27269,7:14:00,1,,,,,,,,EXCLUDED,2,11,10
1458,27270,7:14:30,1,,,,,,,,EXCLUDED,2,11,10
1458,27271,7:15:00,1,,,,,,,,EXCLUDED,2,11,10
1458,27272,7:15:30,1,,,,,,,,EXCLUDED,2,11,10
1458,27273,7:16:00,1,,,,,,,,EXCLUDED,2,11,10
1458,27274,7:16:30,1,,,,,,,,EXCLUDED,2,11,10
1458,27275,7:17:00,1,,,,,,,,EXCLUDED,2,11,10
1458,27276,7:17:30,1,,,,,,,,EXCLUDED,2,11,10
1458,27277,7:18:00,1,,,,,,,,EXCLUDED,2,11,10
1458,27278,7:18:30,1,,,,,,,,EXCLUDED,2,11,10
1458,27279,7:19:00,1,,,,,,,,EXCLUDED,2,11,10
1458,27280,7:19:30,1,,,,,,,,EXCLUDED,2,11,10
1458,27281,7:20:00,1,,,,,,,,EXCLUDED,2,11,10
1458,27282,7:20:30,1,,,,,,,,EXCLUDED,2,11,10
1458,27283,7:21:00,1,,,,,,,,EXCLUDED,2,11,10
1458,27284,7:21:30,1,,,,,,,,EXCLUDED,2,11,10
1458,27285,7:22:00,1,,,,,,,,EXCLUDED,2,11,10
1458,27286,7:22:30,1,,,,,,,,EXCLUDED,2,11,10
1458,27287,7:23:00,1,,,,,,,,EXCLUDED,2,11,10
1458,27288,7:23:30,1,,,,,,,,EXCLUDED,2,11,10
1458,27289,7:24:00,1,,,,,,,,EXCLUDED,2,11,10
1458,27290,7:24:30,1,,,,,,,,EXCLUDED,2,11,10
1458,27291,7:25:00,1,,,,,,,,EXCLUDED,2,11,10
1458,27292,7:25:30,1,,,,,,,,EXCLUDED,2,11,10
1458,27293,7:26:00,1,,,,,,,,EXCLUDED,2,11,10
1458,27294,7:26:30,1,,,,,,,,EXCLUDED,2,11,10
1458,27295,7:27:00,1,,,,,,,,EXCLUDED,2,11,10
1458,27296,7:27:30,1,,,,,,,,EXCLUDED,2,11,10
1458,27297,7:28:00,1,,,,,,,,EXCLUDED,2,11,10
1458,27298,7:28:30,1,,,,,,,,EXCLUDED,2,11,10
1458,27299,7:29:00,1,,,,,,,,EXCLUDED,2,11,10
1458,27300,7:29:30,1,,,,,,,,EXCLUDED,2,11,10
1458,27301,7:30:00,1,,,,,,,,EXCLUDED,2,11,10
1458,27302,7:30:30,1,,,,,,,,EXCLUDED,2,11,10
1458,27303,7:31:00,1,,,,,,,,EXCLUDED,2,11,10
1458,27304,7:31:30,1,,,,,,,,EXCLUDED,2,11,10
1458,27305,7:32:00,1,,,,,,,,EXCLUDED,2,11,10
1458,27306,7:32:30,1,,,,,,,,EXCLUDED,2,11,10
1458,27307,7:33:00,1,,,,,,,,EXCLUDED,2,11,10
1458,27308,7:33:30,1,,,,,,,,EXCLUDED,2,11,10
1458,27309,7:34:00,1,,,,,,,,EXCLUDED,2,11,10
1458,27310,7:34:30,1,,,,,,,,EXCLUDED,2,11,10
1458,27311,7:35:00,1,,,,,,,,EXCLUDED,2,11,10
1458,27312,7:35:30,1,,,,,,,,EXCLUDED,2,11,10
1458,27313,7:36:00,1,,,,,,,,EXCLUDED,2,11,10
1458,27314,7:36:30,1,,,,,,,,EXCLUDED,2,11,10
1458,27315,7:37:00,1,,,,,,,,EXCLUDED,2,11,10
1458,27316,7:37:30,1,,,,,,,,EXCLUDED,2,11,10
1458,27317,7:38:00,1,,,,,,,,EXCLUDED,2,11,10
1458,27318,7:38:30,1,,,,,,,,EXCLUDED,2,11,10
1458,27319,7:39:00,1,,,,,,,,EXCLUDED,2,11,10
1458,27320,7:39:30,1,,,,,,,,EXCLUDED,2,11,10
1458,27321,7:40:00,1,,,,,,,,EXCLUDED,2,11,10
1458,27322,7:40:30,1,,,,,,,,EXCLUDED,2,11,10
1458,27323,7:41:00,1,,,,,,,,EXCLUDED,2,11,10
1458,27324,7:41:30,1,,,,,,,,EXCLUDED,2,11,10
1458,27325,7:42:00,1,,,,,,,,EXCLUDED,2,11,10
1458,27326,7:42:30,1,,,,,,,,EXCLUDED,2,11,10
1458,27327,7:43:00,1,,,,,,,,EXCLUDED,2,11,10
1458,27328,7:43:30,1,,,,,,,,EXCLUDED,2,11,10
1458,27329,7:44:00,1,,,,,,,,EXCLUDED,2,11,10
1458,27330,7:44:30,1,,,,,,,,EXCLUDED,2,11,10
1458,27331,7:45:00,1,,,,,,,,EXCLUDED,2,11,10
1458,27332,7:45:30,1,,,,,,,,EXCLUDED,2,11,10
1458,27333,7:46:00,1,,,,,,,,EXCLUDED,2,11,10
1458,27334,7:46:30,1,,,,,,,,EXCLUDED,2,11,10
1458,27335,7:47:00,1,,,,,,,,EXCLUDED,2,11,10
1458,27336,7:47:30,1,,,,,,,,EXCLUDED,2,11,10
1458,27337,7:48:00,1,,,,,,,,EXCLUDED,2,11,10
1458,27338,7:48:30,1,,,,,,,,EXCLUDED,2,11,10
1458,27339,7:49:00,1,,,,,,,,EXCLUDED,2,11,10
1458,27340,7:49:30,1,,,,,,,,EXCLUDED,2,11,10
1458,27341,7:50:00,1,,,,,,,,EXCLUDED,2,11,10
1458,27342,7:50:30,1,,,,,,,,EXCLUDED,2,11,10
1458,27343,7:51:00,1,,,,,,,,EXCLUDED,2,11,10
1458,27344,7:51:30,1,,,,,,,,EXCLUDED,2,11,10
1458,27345,7:52:00,1,,,,,,,,EXCLUDED,2,11,10
1458,27346,7:52:30,1,,,,,,,,EXCLUDED,2,11,10
1458,27347,7:53:00,1,,,,,,,,EXCLUDED,2,11,10
1458,27348,7:53:30,1,,,,,,,,EXCLUDED,2,11,10
1458,27349,7:54:00,1,,,,,,,,EXCLUDED,2,11,10
1458,27350,7:54:30,1,,,,,,,,EXCLUDED,2,11,10
1458,27351,7:55:00,1,,,,,,,,EXCLUDED,2,11,10
1458,27352,7:55:30,1,,,,,,,,EXCLUDED,2,11,10
1458,27353,7:56:00,1,,,,,,,,EXCLUDED,2,11,10
1458,27354,7:56:30,1,,,,,,,,EXCLUDED,2,11,10
1458,27355,7:57:00,1,,,,,,,,EXCLUDED,2,11,10
1458,27356,7:57:30,1,,,,,,,,EXCLUDED,2,11,10
1458,27357,7:58:00,1,,,,,,,,EXCLUDED,2,11,10
1458,27358,7:58:30,1,,,,,,,,EXCLUDED,2,11,10
1458,27359,7:59:00,1,,,,,,,,EXCLUDED,2,11,10
1458,27360,7:59:30,1,,,,,,,,EXCLUDED,2,11,10
1458,27361,8:00:00,1,,,,,,,,EXCLUDED,2,11,10
1458,27362,8:00:30,1,,,,,,,,EXCLUDED,2,11,10
1458,27363,8:01:00,1,,,,,,,,EXCLUDED,2,11,10
1458,27364,8:01:30,1,,,,,,,,EXCLUDED,2,11,10
1458,27365,8:02:00,1,,,,,,,,EXCLUDED,2,11,10
1458,27366,8:02:30,1,,,,,,,,EXCLUDED,2,11,10
1458,27367,8:03:00,1,,,,,,,,EXCLUDED,2,11,10
1458,27368,8:03:30,1,,,,,,,,EXCLUDED,2,11,10
1458,27369,8:04:00,1,,,,,,,,EXCLUDED,2,11,10
1458,27370,8:04:30,1,,,,,,,,EXCLUDED,2,11,10
1458,27371,8:05:00,1,,,,,,,,EXCLUDED,2,11,10
1458,27372,8:05:30,1,,,,,,,,EXCLUDED,2,11,10
1458,27373,8:06:00,1,,,,,,,,EXCLUDED,2,11,10
1458,27374,8:06:30,1,,,,,,,,EXCLUDED,2,11,10
1458,27375,8:07:00,1,,,,,,,,EXCLUDED,2,11,10
1458,27376,8:07:30,1,,,,,,,,EXCLUDED,2,11,10
1458,27377,8:08:00,1,,,,,,,,EXCLUDED,2,11,10
1458,27378,8:08:30,1,,,,,,,,EXCLUDED,2,11,10
1458,27379,8:09:00,1,,,,,,,,EXCLUDED,2,11,10
1458,27380,8:09:30,1,,,,,,,,EXCLUDED,2,11,10
1458,27381,8:10:00,1,,,,,,,,EXCLUDED,2,11,10
1458,27382,8:10:30,1,,,,,,,,EXCLUDED,2,11,10
1458,27383,8:11:00,1,,,,,,,,EXCLUDED,2,11,10
1458,27384,8:11:30,1,,,,,,,,EXCLUDED,2,11,10
1458,27385,8:12:00,1,,,,,,,,EXCLUDED,2,11,10
1458,27386,8:12:30,1,,,,,,,,EXCLUDED,2,11,10
1458,27387,8:13:00,1,,,,,,,,EXCLUDED,2,11,10
1458,27388,8:13:30,1,,,,,,,,EXCLUDED,2,11,10
1458,27389,8:14:00,1,,,,,,,,EXCLUDED,2,11,10
1458,27390,8:14:30,1,,,,,,,,EXCLUDED,2,11,10
1458,27391,8:15:00,1,,,,,,,,EXCLUDED,2,11,10
1458,27392,8:15:30,1,,,,,,,,EXCLUDED,2,11,10
1458,27393,8:16:00,1,,,,,,,,EXCLUDED,2,11,10
1458,27394,8:16:30,1,,,,,,,,EXCLUDED,2,11,10
1458,27395,8:17:00,1,,,,,,,,EXCLUDED,2,11,10
1458,27396,8:17:30,1,,,,,,,,EXCLUDED,2,11,10
1458,27397,8:18:00,1,,,,,,,,EXCLUDED,2,11,10
1458,27398,8:18:30,1,,,,,,,,EXCLUDED,2,11,10
1458,27399,8:19:00,1,,,,,,,,EXCLUDED,2,11,10
1458,27400,8:19:30,1,,,,,,,,EXCLUDED,2,11,10
1458,27401,8:20:00,1,,,,,,,,EXCLUDED,2,11,10
1458,27402,8:20:30,1,,,,,,,,EXCLUDED,2,11,10
1458,27403,8:21:00,1,,,,,,,,EXCLUDED,2,11,10
1458,27404,8:21:30,1,,,,,,,,EXCLUDED,2,11,10
1458,27405,8:22:00,1,,,,,,,,EXCLUDED,2,11,10
1458,27406,8:22:30,1,,,,,,,,EXCLUDED,2,11,10
1458,27407,8:23:00,1,,,,,,,,EXCLUDED,2,11,10
1458,27408,8:23:30,1,,,,,,,,EXCLUDED,2,11,10
1458,27409,8:24:00,1,,,,,,,,EXCLUDED,2,11,10
1458,27410,8:24:30,1,,,,,,,,EXCLUDED,2,11,10
1458,27411,8:25:00,1,,,,,,,,EXCLUDED,2,11,10
1458,27412,8:25:30,1,,,,,,,,EXCLUDED,2,11,10
1458,27413,8:26:00,1,,,,,,,,EXCLUDED,2,11,10
1458,27414,8:26:30,1,,,,,,,,EXCLUDED,2,11,10
1458,27415,8:27:00,1,,,,,,,,EXCLUDED,2,11,10
1458,27416,8:27:30,1,,,,,,,,EXCLUDED,2,11,10
1458,27417,8:28:00,1,,,,,,,,EXCLUDED,2,11,10
1458,27418,8:28:30,1,,,,,,,,EXCLUDED,2,11,10
1458,27419,8:29:00,1,,,,,,,,EXCLUDED,2,11,10
1458,27420,8:29:30,1,,,,,,,,EXCLUDED,2,11,10
